F	適合慶生辦活動的環境/是個讓女生拍照的好地方/氣氛真的很讚/包廂裡面沒有廁所是有一點不方便/價位中上還可以接受/人多的話會更划算/點歌介面用的不是很習慣需要研究一下/可以請店家佈置後面的英文字唷/
F	價位真的頗貴/裝潢很浮誇/餐點送的蠻慢的/偶爾來一次還行
E	真的再也不想去/新的一年來這/就碰到這種事/覺得自己超衰/和友人進去這裡唱歌後/我們同時二人的手機後置鏡頭內的感光元件都被包廂內的led投射燈損害/Apple原廠/一般手機行/檢修都說明是照射到某光束導致感光元件問題損害/我一直有在拍照/所以有照片證明進去前無事/進去唱歌後出來相機就壞了/出現紫點紫斑/其他網友也有在這發生過相關事情/基本上所有相機鏡頭都很有可能被強光照射後損害/Sing/go應該提醒顧客/以及注意自己用的燈光問題/但沒有/只說沒發生過這種事/今天要不是我跟友人都同時壞了/才知道最大可能是singgo裡的投射燈光/後續處理也一直推託/沒什麼意願要處理的感覺/只能自認倒霉/來到這唱歌真的要小心/我自己是不會在來了/免得還要在花冤枉錢修手機鏡頭/
E	第一次吃到冰冰的薯條/我們等了一個小時才來/竟然是冰的/彭大海追問了三次都說還在熱/要了帳單/半個小時才拿來/而且還算那半個小時的費用/服務遭到極點/杯子都有吐的味道/以後不會再來了/管理有問題/
F	環境新穎乾淨有造型/走道蠻好拍照的/整體來說還不錯/地理位子比較遠了一點/手機點歌的部分可以再優化/有些歌機器有但是手機點歌卻沒有/然而升降Key系統也需要再優化/上一首歌調整後/下一首歌還要按回原Key/不然會照舊上首歌調整過的Key/有點麻煩/應該要自動回到原Key/
F	聚會歡樂的好場所/餐點好吃只是上菜速度偏慢/水煮魚及水煮牛裡面的豆芽菜太多會讓人以為是在吃水煮豆芽菜/歌單比較舊/其他都很棒
E	午後的價格還可以/但環境不是很好/廁所是共用的/感覺貴公司並沒有落實菸害防制/沙發上有幾個被菸頭燙過的痕跡/然後使用的塑膠杯看起來很髒/不如直接給一次性紙杯使用/疫情期間沒有辦法/另外麥克風也沒有給套子使用/在這種疫情環境下/衛生清潔應該要做的更足/這樣的環境讓人有點憂慮/會擔心疫情擴散的人可以再三思/或者是貴公司改善這點
E	抱歉這邊點歌系統真的很爛/上面升降key跟音量大小聲都是裝飾/根本不能調/整個6個小時被音響超大聲轟炸耳朵/球池的球/還有旁邊的抱枕看起來都沒有更換/就算不更換至少也要洗乾淨/唯獨燈光氣氛真的很適合網美去朝聖
F	平日下午去很划算/炸物好吃/整體感受很好/唯獨點歌系統不大好用/例/用歌手名去找不到的歌/但在排行榜裡看到該歌手在歌手名找不到的歌/外語歌/日文/韓文/英文/太少/
F	超貼心/升等特大包廂/服務超好/
F	第一次看到這麼像有舞台感覺唱歌的地方/全部都是金子的感覺很漂亮很有質感/唱歌慶生慶功首選地點/大推/
E	除了貴到靠北以外/其他都還不錯/很浮誇/光線很強硬很難拍/但信義店公關非常美而且很積極在送優惠卷/音響我覺得跟星聚典唱起來類似/屬於比較赤裸那種/偶爾慶生來一下是可以/
F	1/地點很夯/停車叫車都方便/2/大包廂音效超好/有的還有些信義區景觀/而且竟然包廂還配個服務員/3/點唱機器有點不容易/原音切換不穩定/4/晚一點其他樓層夜店的噪音會傳上來/那棟的餐廳也有一樣的問題
E	包廂氣氛很華麗/走道非常有夜店風/適合喜歡FANCY的派對動物/訂了小包廂/適合4/6人/嘗試用手機掃碼點歌/系統有點難用/常卡住/且無法查詢已點播的歌曲/而且當天出現好幾次原本要唱的歌被咖掉/不知道是系統延宕還是怎樣/需要重新點歌有點掃興/點歌系統真的有很大的進步空間/曲風多元/很多抖音歌曲及英文歌曲/但也沒想像中那麼多就是了/包廂內的音響設備也蠻糟糕的/常常出現雜音/餐點部份還不錯吃的/點餐式/整體來說環境有很棒的派對氛圍/但唱下來價格偏高/
F	2021/11/28/18/09今天來唱/2個人唱2小時要1706/還扣500上次生日送的卷了/我覺得太貴了/還好服務人員幫我算最優惠的方式/所以還蠻划算/2020/10月/信義區的包廂/唱歌/原來這麼高檔/沒有煙味/麥克風/讚/服務人員有耐心/
E	原本在11/10就已經在/line上預約/並且對方也回應預約成功/但等到12/30去現場才發現/根本沒有預約到/詢問現場人員/人員也只是表示上面那個人不是公司員工/無言到極點/所以你們員工教育訓練有問題嗎/超級莫名其妙/還沒有進去歡唱就一肚子氣外加掃興/然後被安排的包廂也不是我原本要的/感覺還更小/也沒有什麼所謂的補償措施/第一次去就有這種體驗/不會再去第二次了/
F	小包廂可以坐5/6人沒問題/麥克風音效非常棒/餐點也算好吃/服務也不錯/期待下次再訪/
F	/以下是主管打過來關心後的評論/剛剛店家主管打電話來/是一位郭姓小姐/承諾我會改善整體環境/尤其是口罩的部分/態度跟處理方式令我滿意/我覺得如果沒有口罩沒戴好的部分/整體而言這家店/歌曲新/環境好/氣氛佳/壽星前往消費/還會有工作人員穿著太空服/跟壽星玩遊戲/這樣的服務/是值得給五星的/我等等會改成五星/也請看到我評論的網友/如果你們前往消費/店家服務人員依然口罩沒戴好/煩請跟我說一下/我再改回一星/感恩/以下是稍早不開心的評論/唱了一肚子火/首先/排骨飯的配菜酸掉/店家幫我們重新做一份/這就算了/店員進來幫我們服務/口罩有戴沒戴一樣/每個人都露出鼻子/每個服務人員都這樣/跟其中一個講了/後來來的一樣沒戴好/還有一個服務人員/為了跟我們解釋餐點/整個把口罩拿下來/最後的費用還算錯/我們差點買了不應該買的瓶裝綠茶/服務人員的態度都很好/但是防疫觀念太差/只能給一星/白白浪費這個漂亮的唱歌環境
F	很多歌的地方/第一次去還遇到警察臨檢
E	麥克風效果不太優/迴音也太大/看得到窗外的景跟裝潢是賣點/本來很期待有很多大陸歌曲可以唱其實也不多/去過就好
E	包廂內沒廁所有點麻煩/點歌是蠻方便/小菜也不錯/包廂內還有遊戲機/但整體價格偏高/停車是算方便
F	SingGo/台北唱歌據點比較高端一點的選擇/有大中小包廂/但都偏小/整體氣氛更Fancy/燈光打得更聲色/適合走台步/也很適合辦拍照用的派對吧/比起星據點之類的有比較多附加趣味/點歌的機器也完全不一樣/有很多抖音歌/熱門歌曲的排名好像常常會看不懂/但那個點歌機器其實UIUX做的不是非常好/但是手機也可以點歌蠻方便的/包廂都會有骰盅/還有快打遊戲機/無聊的時候可以炒熱氣氛/食物也不錯/滷味拼盤是熱的/每次都會點/
F	以太空為主題設計的KTV/一踏入就充滿科技感/拍起來燈光很炫/此次消費為最大的包廂/往外看是微風南山和101/餐點以KTV來講算是好吃/歌曲種類多/還可以直接掃QR/code用手機點歌/算是滿意的消費經驗/
F	中包廂不大/但整體感覺蠻新/炸物好吃/湯串也好吃/滷味普通
F	Pub感十足/有分別兩棟的包廂可以訂/如需要球池等等的需求要先預定/音效與喇叭輸出不錯/但歌曲真的太少/適合練歌/不適合狂唱/餐飲偏貴建議自帶外食/
E	看到前面很多評價都說服務態度很差/但就我這次去的當下其實我覺得服務都還不錯/上餐速度也頗快/按服務鈴也都很快就有服務人員會提供協助/很多也都會笑笑的跟你說話/並沒有臉臭或是不耐煩/都滿親切的/服務態度我願意給3/4顆星/但價格真的讓我給不下去/或許是因為該地段的店租貴所以價格才這麼高/跟一般常見的KTV來比的確是很美很漂亮/但似乎只有部分包廂適合拍照/好像包廂大小有差/重點還是對於KTV來說我覺得價格太高了/不是有點/CP值真的是滿低的/去消費之前可能真的要有/充足的/心理準備/
E	Nightclub/style/KTV/flamboyant/decoration/is/very/suitable/for/taking/photos/The/box/has/a/variety/of/drinking/entertainment/props/The/prices/of/the/songs/drinks/and/food/were/not/cheap/but/the/food/was/delicious/and/unexpected/夜店風格的/KTV/裝飾浮誇很適合拍照/包廂還有準備各種喝酒娛樂道具/店內唱歌/酒水和食物價格不便宜/不過食物蠻好吃的/有出乎意料之外/
F	服務人員的態度非常好有禮貌/包廂也很漂亮/希望每位客人都能好好並溫柔的善待他們/謝謝你們帶給我這麼愉快的歡唱時光
E	有使以來去過最爛的一間/服務人員連價位都講得不清不楚/包廂地板髒的可怕/還很滑/而且包廂裡面還很臭/點歌系統也超爛/真的是一間爛又很糟糕的ktv
F	跨年早上大家都喝醉/短頭髮女生店員很貼心/服務很棒/辛苦了/各位新年快樂
E	裝潢真的很讚/燈光效果會讓人覺得很像在開party/以KTV功能來說/第一只有一個面板可以操控及點歌/第二沒有調key的功能/第三點這次去歌單會莫名刪光已點曲目/第四裡面很多抖音歌然後字體是簡字/所以整體來說多人約唱/主目標喝酒玩遊戲的話還滿適合的/唱歌就期望別太高了/
E	酒很難喝/千萬不要點/大概只剩拍照用/服務鈴有跟沒有一樣/響了五分鐘都沒有人來/跑到櫃檯詢問也是隔了很久才過來/而且服務鈴的聲音非常吵/公關跟服務生都不太禮貌也不親切/食物也非常不OK/歌曲不充足/看的出來有些是非正版/不確定/唯幾項可取的地方只剩硬體設備蠻不錯的/勉強給到一顆星只有這個優點了
F	生日趴踢辦在這/感覺挺不錯的/服務人員態度親切/店內硬體設備裝潢都很好拍照/是個不錯網美必備的地點/但是可惜的是麥克風的收音問題/以及螢幕會自動不見的狀況/讓人覺得掃興/希望貴公司務必改進會更好/大致上都還不錯/餐點也算好吃的/推薦水煮牛肉/好吃/還有口水雞也不錯/那在飲品部分特別一提的是有珍珠奶茶/感覺也挺喜歡的/分享給下次要去的朋友們/
F	第一次來sing/go/聚唱派對/這裡真的太適合朋友聚會了/而且喜歡拍照的大家一定要來這邊拍一下/不論是燈光效果還是背景都很適合拍出一張網美照/這裡消費偏高不過蠻值得的/音響設備都很不錯/
F	看網路上差評很多本來怕怕的/但全程體驗不論服務/包廂/餐點/音效品質都很不錯/CP值蠻高的/應該是店家有誠意/認真在改善/少給一顆星是因為新歌和英文歌少/有點可惜/
E	音響設備跟環境氣氛都不錯/進入包廂前的走廊也很適合網美照/包廂內充滿紙醉金迷的絢麗感/炸物拼盤真的比錢櫃/星聚點好吃太多了/服務生態度也很不錯/美中不足的是/選了VIP包廂/一進門都是蚊蠅/塑膠的威士忌杯都是刮痕/而且沒洗乾淨/Shot裡面都油油的還有口紅殘渣/希望下次去能看到衛生品質提升
F	第一次來/喇叭和整體的確比較好/餐點味/還有川菜可以選/唱歌又多一個選擇了
F	裝潢很浮誇/很美/
F	已二訪/裝潢很新穎特別/有許多其他ktv沒有的歌/如/抖音/唯一可惜的是目前不能調key/推薦大家來唱歌唷/
F	兩家店的服務都很好/裝潢以及食物也無可挑剔/來這邊都是拍照不是唱歌xD/這邊點歌系統跟歌單比較不如其他連鎖KTV/但是那個場地真的超棒/
F	硬體設備我覺得比錢X/星XX/好太多了/平日來唱真的便宜又划算/
F	炒牛河好好吃/還有太空人可以抽扭蛋送優惠卷
E	包廂清潔要再加加油/倒是會有SG進來暖場很特別/
E	本來抱著期待想去見識一下跟平常去的差在哪/結果很失望/房間的燈光設計感覺很廉價/音響也很不怎麼樣/點歌系統/平板跟網頁/都超難用/使用者介面設計的很不友善還很多bug/餐點的部分點了套餐/熱炒的料理裡面都沒幾塊肉/內容物用洋蔥/豆芽來充數/菜很鹹白飯很晚才來/這就算了/白飯煮的還很難吃/啊/還有一開始竟然沒有水/講了好多次才送進來/我一直以為一進包廂就有一壺水是標配/服務態度算可以/本來想給一顆星/但會幫忙慶生還附贈太空人蠻可愛的/雖然我們其實不想放生日快樂歌/想要放慶祝/不知道他們的sop能不能不要這麼死/另外中途點了可樂點到都唱完了還沒有送來/不知道是太忙還是忘了/
E	點歌系統真的很差/帳單務必自己算過一次
F	很漂亮的包廂/麥克風很好
F	音質不錯但回音有點太大/唱歌地點新選擇
E	還蠻好唱的/吃的還不錯/但是有點貴
E	環境很酷炫/但大包廂的音質麥克風實在不行/一直出現噪音以及高屏率的共鳴音/非常刺耳/食物上味道也不好吃/
F	5/4晚上和朋友去慶生/下午本人親自將蛋糕先拿去冰也再三確認留下聯絡資訊大名電話及包廂/甚至前一天還有打電話去確認過是否能冰蛋糕/結果晚上要慶生時卻說蛋糕不見了/剛開始找不到的時候有工作人員態度蠻差的還質疑我是不是真的有來冰蛋糕/讓人心情很糟/花了一個月去準備的特製蛋糕就這樣隨便被弄丟/居然還被質疑/整個心情都糟透了/最後有幫忙調監視器/發現是別的時間就已經送錯給其他包廂的客人/雖然有進行賠償/但還是讓人感覺很差勁/五星評價是因為推薦siusiu幫忙處理事情解決方法很棒/中間出差錯後處理善後得當讓人心情有比較好過/但是這次的經驗很失望/也很不喜歡某個女服務生對我們的態度/對這次經驗只會給1星/
E	這是一間來過一次就不會再繼續光臨的店/如果愛當網美跟愛拍照的話/可能適合來/消費方式也沒說的很明白/服務生送酒水真的很慢/根本像是人手不足的店/起初打電話問包廂時/一直強調滿包/結果去到現場/空包廂都在養蚊子/也不見得人潮多/廁所更不用說了/如果今天是喝酒醉要跑廁所/真的會差點跌死在那/設計不良的地板還多了個小階梯/這真的蠻危險的/酒醉的人若神智恍惚/八成不是滑倒不然就摔倒吧/對/店外觀的確讓人驚艷/但真的很踩雷又貴/點歌系統跟服務也沒錢櫃跟星據點好/這價錢真的去錢櫃還比較值得/裝潢搞噱頭的店是很不錯/但服務就算了/説滿包卻沒啥人開包/還說要提前3個禮拜才訂的包廂/這真的蠻傻眼/反正經驗就是個下次不會再去的店/
E	本來聽說很不錯/非常期待去唱/但唱完覺得過譽了/其實真的沒有太多特別可以點的歌曲/說真的其他家的歌還比較多/點歌機制/手機操作的使用者體驗也更好/還有站立式麥克風聲音真的太小/幾乎無法使用/另外餐點是最令人失望的/每一道菜/都像在吃蔥/蒜/洋蔥/辣椒/花生等配料/真正的主食一人吃不到一口就沒了/比如宮保雞丁/不只沒有雞丁/裡面大概只有七個蝦球/剩下一大盤都是配料/寧願賣貴一點/也不要這種濫竽充數/沒有誠意的餐點/讓人吃不飽/也不想再點/一顆星給幫我慶生的太空人/很可愛/但除此之外希望可以更優化/
E	第一次去消費/訂的是特大包/球池/一進去超失望/第一次看到特大包那麼小/然後還要容納15個人/完全沒辦法/再來是球池的部分/滿心期待的要進去拍照/結果超級髒/自行帶酒水服務人員也沒告知清楚/電話跟現場都確認過一支500元/當天帶1/8ml的酒進包廂之後/服務人員才告知/這樣的容量收費可能不一樣哦/真的很傻眼/20歲生日辦在這裡/真的是失望透頂/最後結帳價格也頗驚人/覺得這樣的環境空間完全跟價錢無法劃上等號/相同金額/在其他ktv/應該會更加盡興
E	之前來消費過一次覺得還不錯/價格是高了點/但當時有辦會員卡/這次要慶生挑週二會員五折優惠來/一開始店員推薦說15/18有998的優惠/低消比會員優惠划算哦/我們就問那998之後可以續唱798五折嗎/一開始說可以/等到六點的時候居然說不行/如果要續的話就要先結掉剛剛998/低消/然後用798再重新開一次包廂但是要重點低消/我們就問那可以讓我們切一下蛋糕就好/店員說不行/所以只好續一個小時重新點低消/整體消費比一開始就用會員五折來說貴了不少/服務我們的女店員雖然一開始說錯哪個划算/但是服務還不錯/只是後來去問櫃台女店員態度就差很多/可能比較資深/而且很多歌一直被吃歌/因為公司常常大型店聚/都去錢櫃或星聚點/整體的cp值高很多/
E	如果只是為了拍美照發ig炫耀可以來/裝潢很炫/認真想唱歌吃吃喝喝玩樂/建議不要來/完全不值這個價/服務員一個一個搞不清楚狀況/一問三不知/內部溝通非常有問題/一個月前就訂好的晚上6/00的VIP特大包廂/為了避免等餐久候5/30提前打電話訂餐/客服竟說查不到我的訂位/確認多次才找到訂位/提前訂餐時詢問餐點份量大小/說他也不清楚/到現場後一道菜都沒上/訂12人只給10個餐盤叉子/詢問現場服務生餐點為何沒出/給我回答/我不知道/我剛交班/哇你剛交班搞不清楚狀況是我的問題嗎/餐點一直等到6/30才上/上的還是我們現場點的餐/啊我提前打電話訂餐訂心酸的/因為有點湯類所以請服務生補碗給我們/拿了兩個碗進來/兩個/哈囉我們12人耶/總之整體上餐都慢到爆炸/連點個酒水類都可以等個15/20分鐘/我不理解/另外VIP特大包廂只給兩支麥/多要一支還不行理由是他們沒有備用的麥/每個包廂固定配2支/真的很棒/另外才剛進包廂就被問預計唱到幾點/定了時間後就不能續唱因為要接後面的客人/這操作我不懂/事後結帳和主管反應得到的回覆是/可以招待我們一盤水果/我來你KTV特別來吃水果/來回盧小/就當我盧小吧/很多次才勉強給我們幾盤餐點免費招待/總之真心大開眼界/這個價位這個服務這個操作/大家自己評估看看吧/只是喜歡拍照的歡迎來花大錢拍照/喔對了/點歌機超鳥的/一顆星是給忙碌的服務生/因爲內部溝通不佳導致忙得要死還被我盧小
E	一開始拿進來的麥克風都沒電/換了2之後/其中一支唱了3首歌後又沒電/麥克風的音質普通/椅子有幾個被香菸燒破的破洞/以上是缺點也影響歡唱品質與心情/包廂有特色/餐點口味中上/
E	服務親切周到/音響設備很好/下午時段價錢很優惠CP值高/但我們這間立麥壞掉/後來服務員有來修好/點歌系統用起來不直觀而且會跳歌/手機點歌點餐超難用/清潔的部分也可以再加強/服務員會在時段內進來推銷佔用到唱歌時間/整體而言經驗還可以/會再來
F	環境服務給推
E	今天5/1剛剛跟朋友去辦會員卡/櫃臺小姐摔到我朋友的手機/一句道歉都沒說那就算了/後來活動內容聽不太懂想跟她確認清楚/可是一臉不耐煩的表情/如果不想上班那就回家去/沒必要擺臉色給我們看/我們沒有欠妳/事情已經投訴到你們經理那裡去了/但是經理的回覆是/摔到的當下因為看我們沒有反應/所以他沒有道歉/可是依照常理推斷/摔倒別人的手機第一反應不就是道歉嗎/你的員工給你這個理由/你不覺得很瞎嗎/而且/不是我們沒有反應/是櫃臺小姐不知道用mic在跟誰吵架/叫某一位同仁去櫃臺拿東西/根本沒注意到我們/我看過你們的負評/10篇裡面有9篇都是反應態度差/你們底下的留言回覆全都是複製貼上/而且只有2種版本/1個有公司電話/另一個沒有/只是複製貼上而已/完全不是針對發生的事情下去做檢討和改進/完全沒有誠意/給1星都嫌多/
E	我覺得滿糟糕的/__/我們訂包廂的時候有再三確認過內容/結果到場給我們不同包廂/整個傻眼/櫃台人員請主管出來還是說規定就是怎樣怎樣的/然後還說跟我們約定的那個工作人員還沒上班之類的/結果給我們超小的包廂真的很小/10個人屁股黏屁股坐超擠的那種/然後投影幕超大的欸/每首歌都會黑頻當機至少一次/喔還有/服務生送水把水推翻在地上/把叉子弄掉/是在哈囉/真心覺得以後只會去永春站那間/
E	週五的晚上去消費/點歌系統很爛/唱完一首歌結束又會自動重播一次/每次按掉卡歌很麻煩/還有有些歌點了都沒有進到系統裡都唱不到/音響品質不優/按服務鈴包廂內會一直逼逼叫/偏偏服務人員都很久才會來包廂服務所以很影響唱歌/點餐都過很久才上/不知道是否人手不足/說是網美ＫＴＶ給人拍照/但覺得適合拍照的走道卻放著垃圾推車完全沒地方藏/連拍的慾望都沒有/說已經是最大包廂了坐了１０個大人４個小孩/大概都４/５歲/卻很壅擠/價格完全不值得/不推薦
F	設備好/食物讚/服務佳
F	包廂很美/生日還有特別服務/
E	覺得少有心意/想嘗鮮的人可能會跟我一樣/價格在精華地段/貴也不是沒道理/但總之消費一次就不會來了/點歌超麻煩/只有一台機器/介面有很不人性化/查詢歌手/黃鴻升/打了注音ㄏㄏㄕ/也跳不出來/好幾個歌手都是這樣/體驗完畢/一星感受/
E	點歌系統非常爛/手機點歌更爛/常當機/無法確認到底點了哪些歌/切換歌曲效果時還會靜音/搞死人啊/套餐CP低到可以/騙盤子的/水煮牛真的沒幾片肉/剩下都豆芽菜/白飯還捨不得給到套餐的量/哇/料這樣/白飯不給不就餓死/好吃料少就算了/但就沒有好吃/相比之下錢櫃真的美食天堂/
F	前台服務員Wendy態度十分親切/說明優惠內容也非常清楚/包廂環境新穎裝潢很獨特/讓人很享受在這唱歌的感覺/
E	蠻不值得去的/1/廁所非常髒/馬桶裡不是屎就是尿/不然就是沒有衛生紙/三間廁所全中也是不容易/2/點歌系統非常難用/歌也少的可以/3/感覺是想模仿大陸的KTV但是非常不到位/如果真的想唱歌的建議還是錢櫃星聚點/如果想看看大陸風格KTV可以來被虧金一下/4/外頭網美拍拍照片/音樂燈光隧道很可以/5/炸物不錯吃/6/服務也不錯/但重點是唱歌/所以不論約什麼絕不會來第二次/消費方式跟後續帳單會有落差/大家要自己核對好金額
E	完全不會來第二次的店cp值極低/點歌系統超難用/點的歌會不見/用插歌的也會再不見/唱到一半還會沒畫面/這麼貴系統頻頻出問題/除了設計漂亮/其他只能用糟糕形容
E	整體而言唯一優點就是包廂沒有菸味/原本很期待包廂內的球池/結果一去就給錯包廂/反映後雖然要幫我們升級包廂/但過程中的消費感受很差/服務生一問三不知什麼都回答不出來/詢問消費相關事宜都不清楚都要轉頭找救兵/酒水飲料沒很特別很還好/餐點量少又貴走精緻路線/我們整場13個人卻只有2隻麥克風/聲音質量也普普/因為人多詢問可否多增加麥克風/服務人員說麥克風是配好的每個包廂都只有兩隻/所以無論大小包廂都只有兩隻麥克風/希望貴公司可以多考慮增設麥克風這部分/點歌系統也很當當的/很多都是中國抖音歌/總之整體消費感受很差/是不會讓人想二訪的店/但還是請貴公司多增加服務人員的教育訓練/不要讓未熟悉流程的人直接上線/這只會徒增擾人感受
F	Allen服務員態度十分親切/說明優惠內容也非常清楚/包廂環境新穎裝潢很獨特/讓人很享受在這唱歌的感覺/
E	包廂菸味很重/沒有確實做好清潔除臭就開給客人/廁所髒/馬桶蓋跟馬桶size很不合/標榜川味餐點幾乎都是辣的/不喜辣的要注意/調酒長得跟網站圖差很多/味道很怪/不推/KTV最重要的點歌系統超難用/找不到歌的話建議先開kkbox看排行榜再點還比較快/手機掃碼點歌遙控更是難用/還以為是測試版/歌難點就算了/歌曲數量也不多/倒是有不少不認識的中國歌手跟歌曲/消費金額偏高/比較適合拍照打卡/但如果只想吃飯唱歌的/建議可以再衡量/
F	櫃檯戴眼鏡的小姐姐/噴酒精的時候面帶微笑很親切/酒精噴的量也很夠/能夠讓我雙手都確實消毒/相信貴店防疫一定做的很好/讓我能夠安心消費/
F	很棒的KTV/自從來這邊唱歌後就不再去x櫃了/音響品質差太多/而且平日可以用很多優惠跟折扣/超便宜/我都跟超正公關Lily訂位/剛好跟我同名/大家下次要來也可以找她喔/ig搜尋singgo_lily
E	服務有夠沒效率/一壺奶茶跟一盤水餃6/30叫/中間千呼萬喚沒人甩我們/到了9/00才吃到/廁所很髒地板很濕/包廂很小/麥克風很臭/音效很差/唱到一半還會斷訊/唱歌聚會選好樂迪都比這優秀/又貴又沒品質/給兩分是食物說實在挺好吃的/其他真是一星都不想給/
E	以為服務跟餐食都會比錢櫃好很多/沒想到服務品質不好連酒杯都不乾淨跟別說餐食了/要求換杯子還動作很慢/給了小費才開始有服務/還是應該去錢櫃歡唱/
F	適合拍照/好喜歡服務生臭臉/辛苦了
E	點歌系統難用/一堆沒聽過的中國歌或歌手
E	食物太爛了吧/一開始點了八人組合餐/還問白飯要不要全上怕你們不吃/水煮牛/水煮魚都是豆芽菜/其他餐點不是吃到洋蔥就是花生/這種東西誰想配來吃/問了店員/說料就這些嗎/她還說對啊/一顆星給太空人電源
E	給一顆星都嫌太多/第一/包廂沒廁所/第二/送餐有夠慢/等了快30分鐘/我們都在裡面快渴死/烏龍茶還沒送來/第三/服務鈴跟bbcall一樣/根本完全沒人服務/還要跑去櫃檯找人/第四/包廂沒有遙控器/要卡歌還要跑去螢幕前面/第五/cp值超低/一個人加點餐/炸拼盤/水餃/烏龍茶/大約1800/在錢櫃都能點好幾碗牛肉麵/最後烏龍茶後來來了/超苦超難喝/
E	服務態度太爛了/完全不推/工作人員也是都狀況外/最後一首歌還沒唱完/就進來包廂說時間到了/趕我們走/重點音效很差/
F	抽到Sing/Go平日午後包廂費1折的優惠券但是用不到/期限到3/12/若有需要的人請加line/QR/code聯絡/謝謝/
E	1/服務生態度非常糟/2/衛生不佳/球池裡的球黏黏的/拍完照就馬上起來完全不想久留/3/歌曲中斷兩三次/要請服務生來修/很佔時間/非常不推/
E	去一次不會再去第二次的ktv/硬體設備沒話說/很適合拍照/很漂亮/但服務有待加強/軟體設備完全不好用/手機掃瑪叫歌叫餐問題一堆/建議還是出去找服務員比較快/設備聲音還要叫服務員進來調好幾次音響設備/根本無法用他們說的手機設定/還是網頁版/跑掉要再從新掃瑪/送餐送酒速度非常慢/手機店點會點不到或重複下單3/4次但速度還是很慢/送來的啤酒速度慢/沒付冰塊/盒子還有嘔吐味/整體來說/處了適合拍照/軟體服務爛到爆/
F	第一次來消費很幸運坐到能看到夜景的小包廂/餐點品項豐富品質也在水準之上/服務生貼心的介紹優惠方案cp值佳/很棒的唱歌體驗有機會會再來消費/
E	上次來唱花了不少錢/這幾天電話告知有免費的2小可以來唱/打電話預約即可/結果到現場每個店員都詢問兌換卷呢/你們自己電話告知打電話預約即可的/也沒人給我們兌換卷/哪來的兌換券請問/這就算了/一進到包廂都是嘔吐味/然後點了食物/一小時都沒來/中間服務鈴也是按了很多次/都過很久才來/結果最後在要離場15分鐘前食物才來/我們只好用匆忙的趕快吃完/中途點歌系統也是一直當機/光當機重新開機就不知道花了多久/最後結帳/我們消費金額是200多/然後服務費也要200多/總金額400多/那請問當初說有免費2小可以唱是在話術/詢問才知道/包廂服務費跟個人服務費都要/重點是我們事先有打電話詢問是否要額外的費用/也跟我們說只要一個人99低消及個人10/服務費/根本沒提及要包廂服務費/雖然最後沒收包廂服務費/但態度真的很差/中間詢問也都不太回/問有沒有發票也裝沒聽到/好像我們要凹你們一樣/明明是你們自己告知有誤/員工訓練不足/更何況此優惠是你們自己給予的/卻以這樣的方式要賺取額外的錢/這跟欺騙有什麼兩樣/真的是很不好的經驗/也不用打電話去反應吧/打電話去也是同樣的員工做回應/那這些人來評論/你們店家也沒有想改善的意思/大概只會用罐頭訊息回覆大家
E	此店稱為/KTV/但音響/麥克風/點歌系統卻非常糟糕/歌單不齊全/消費價格偏高/硬體設備卻如此不堪/這間店不值得這個價格/也或許是我去之前太期待/可以在裝潢漂亮的地方好好唱歌/去了之後才發現/裝潢漂亮是事實/但是好好唱歌別想了/這是我第一次來也會是最後一次/未來唱歌我還是要去錢櫃/
E	雖然硬體裝潢還不錯但整個服務品質跟人員都令人傻眼/我們帶蛋糕去要幫朋友慶生/請服務人員幫忙先冰/再等時機跟他們拿蛋糕/他們卻堅持要由他們拿進來/到底為什麼啊/買單時服務生進來問我們要買到一點還是兩點/我們說一點/結果一點整時/系統還在播歌/我們也還在唱/竟然直接衝進來/開著大門/像圍事一樣稍息站在門口嘴裡大聲喊著/你們時間到了請離場/有一點的預約客要進包廂了/我們說讓我們唱完這首啊/他依然堅持再重複一次不讓我們唱完/必須立刻離場/這到底是什麼邏輯/問題點1/買單時如果我們說買到兩點的話要怎麼離場/問題點2/系統不關閉/繼續放歌/人員卻不讓我們唱完整首/強制我們離場/
E	要開瓶費沒關係/喝威士忌沒有玻璃杯只有塑膠杯/還超級髒/有口紅印/到底這家業者有沒有衛生概念/完全不推薦/
E	裝潢浮誇大概是唯一的優點/但還要小心不要跌倒/包廂的小舞台跟廁所都有微妙小高低差/有低消但點什麼沒有什麼/也不一次說完/服務生來來回回一直進出包廂/點個熱水/每次問每次都說好/又不送/在進包廂兩個小時後終於送來/點歌系統會默默地跳過歌曲/不知道到底是有什麼神奇的魔咒/
E	如果壽星是你仇人/那麼這裡絕對是你辦生日的不二選擇/第一/點歌系統常當機/不是無法調音量/就是一次點了十首/你可以瘋狂點/煎熬/壽星應該會馬上崩潰/建議不要同一招點餐/不然分擔帳單會換你/煎熬/第二/漸進式的體驗/第一次啤酒送來底盤充滿嘔吐味/第二次竟然啤酒底盤的燈打開了/第三次除了打燈外/還多了冰塊裝飾/次次充滿驚喜/第三/超驚豔的美食體驗/這裡的食物非常講究/所有食材應該都是現點現殺/所以理解一道美味食物要一小時上菜/也是十分合理的/你可以等/但壽星肚子餓/第四/塑膠做的服務鈴/有時有用有時沒用/第五/十分真誠的服務/什麼裝腔作勢的服務員最討厭了/一臉老子今天夜班的不爽神情毫不遮掩的流露/讓人肅然起敬/第六/貼心的催促離場/一開始因為系統問題浪費了20分鐘/明明是買到1/30/在1/17分就進來提醒/這是最後一首歌嘍/你們已經超時5分鐘/結果是服務員自己搞錯時間了/絕對是服務員怕我們夜深了回家危險/真貼心/以上還有太多驚喜的小細節/就留給後面勇者慢慢發掘吧/真的是太讚了啦/
E	一顆星都不想給/門口人員態度很差是被倒會還是家裡有死人/裡頭服務生很親切但效率非常爛忘東忘西/硬體設備不錯就適合拍照/但點歌系統很爛/設計很不人性化/奇怪的排行/一堆中國歌/有時點不進去有時重複兩三次/總之評價那麼高是因為打五星有送奶茶/不可能為了奶茶出賣良心啦
E	非常爛/爛到爆/1/剛開始給錯包廂/我們發現後竟想用招待果汁敷衍過去/2/貴婦價錢/貧窮體驗/餐點非常難吃又貴就算了/12個人只給2隻麥克風/椅子也不夠大家一起坐/總之/此生不想再踏進/
E	包廂超小/點餐點歌系統不Ok/服務速度慢/一開始連水也沒有/很雞肋的球池佔空間/但餐點還不錯吃
E	點歌系統非常不穩定/點進去的歌很多都沒有播出/用手機點歌的也是/服務面板操作也不是user/friendly/價格偏貴/當初是朋友說這裡可以拍很多網美照去嚐鮮/結果小包廂其實沒什麼特別的/食物和飲品都非常普通/應該不會再來
E	裝潢非常奢華/但/請注意/帳單會灌水/帳單會灌水/帳單會灌水/結帳請注意帳單金額/我們離開後才發現帳單被灌水33/千萬小心/刷卡還拿錯卡給我簽/真的傻眼/事後一句道歉也沒有/
E	沒有遙控器/小包廂裝潢也沒比較特別/貴就算了/餐點普通/茶很難喝/都快給壽星下跪道歉了/建議還是去錢櫃好樂迪
E	點歌機難用/分類不清楚/常找不到歌手或歌曲/持女神卡或優惠券的注意一下/說包廂費打一折或是折價券可無限張數使用/結果結帳時服務費是用/原包廂費/計價而不是折扣後剩餘的包廂費計價/用低折扣騙人去消費/招待的東西服務費照計/舉例招待498的水果/一樣收你50元服務費/所以不要以為招待就免錢/帳單灌水很多/不老實的店家以後不會再去/
E	真的爛到無言以對/一顆星都不想給/台北去過最爛的KTV/原來台北除了敦南錢櫃以外/還有包廂裡沒廁所的/重點是包廂還小到不行/然後服務人員從櫃檯到包廂全部都態度差到爆/沒人指引包廂/也都沒人要來說明介紹/點歌系統也爛/反正無一處優點/還/很/貴/
E	設備超爛/包廂裡沒廁所/要用手機點歌/大家記得自備行動電源/點歌頁面很爛/使用上非常困難/櫃檯態度差/服務生速度慢/然後會問你們要不要幫忙評五星/會送一壺奶茶
E	當天進場櫃檯實名制一個高高的領檯不知道態度在差什麼/這種完全不知道自己該做什麼的領檯不該在這上班真的很糟糕/只是在錢包找駕照後面也沒人/就開始擺臉色摔東西/我們全部人都被這櫃檯舉動嚇到/
E	1/按服務鈴響的竟然是包廂裡的面板/要響到服務生來才行/服務鈴不是應該是要響給服務生聽的嗎/2/酒類消費較高/3/酒跟食物都普通/4/歌曲不能調大小聲也不能升降key/5/點歌面板離座位有段距離/點擊會lag/打開點歌QRCode掃描完還關不起來/6/有朋友用手機點的歌完全沒送到系統裡/真的普
F	餐點好吃/音響很讚
E	低消一杯茶等了超過一個小時都要走了還沒送來/服務鈴按了兩次/結帳時還要算沒有喝到的低消跟服務費/給要光臨的朋友參考/
E	1/雖然音響品質不錯/第一次唱到沒有辦法升降key的ktv/連遊覽車都可以升降key/2/點用塔香三杯雞/雞肉內部仍然是冰的/口味方面不多做評論但份量的確是有點出乎意料的少/舉例來說/黑胡椒牛肉一份內含四片肉片/剛好一人一片/3/所有點歌/切歌操作只能使用牆上的觸控螢幕/離座位有一點距離/必須起身才能使用到/雖然點餐的ipad內有相關功能但操作時並沒有任何反應/較像是裝飾/4/整體上來說/覺得不太像是來到KTV而是來到motel/或許不要叫做KTV改叫派對空間之類的/有附設歌唱功能應會反而成為加分的選項/也不會吸引到原本就是想要好好唱歌但徹底敗興而歸的人/5/門口設立了金屬探測器/所以整個消費開始之前就先被嗶嗶一波/是在哈囉/6/消費三小時/兩支麥克風各換了一次電池/7/包廂沒有附設電話/所以若有服務需求只有使用服務鈴一途/不過神奇的地方是/按下服務鈴後/嗶嗶聲大作的是包廂內的控制面板/因此一直到服務生終於有空來包廂之前/不太知道要怎麼好好唱歌/可以參考一般服務場所/通知鈴聲響起的是服務生待命區而不是正在消費中的包廂內/8/許多評論提到服務態度不好/實際消費後覺得並不是服務態度的問題/而是人手不足或是員工訓練不足等原因/導致讓人覺得沒有在適當的時候獲得該有的服務/大致上是這樣/建議大家不要把這裡當成KTV消費起來會比較舒服/
E	硬體設備還不錯/但點歌系統很糟/QR/CODE根本無法掃/歌唱到快結束想切歌的時候會切到好幾首後面沒唱到的歌/然後餐點頗貴
E	一開始點歌板有問題無法點/研究很久/後來朋友按錯電腦重開/服務生處理速度慢/花了半個多快一小時才可以唱/也沒有抵銷時數/點歌卡歌沒遙控器都要跑過去/點餐也一小時才到/比較高價服務卻不等值/
E	在一樓拉夜店客人進來消費/說很便宜很划算進來吃東西喝酒/進來一開始就點了五碗牛肉麵/過一個半小時只來一碗/總共消費兩小時/多的時間算誰的/
E	Ya/來踩雷了/結果是核彈/服務態度極差/各位夥伴們去的時候記得要看清楚帳單/很重要/要說三次/看清楚帳單/看清楚帳單/看清楚帳單/會灌水的/櫃檯講不出所以來/就直接嗆說/不然我退你/P/S/不要開車/因為不能抵停車費/2021/01/11/業主表示/罐頭訊息/
E	除了裝潢好能辦趴踢以外/真的想不到有什麼優點/建議單純想唱歌的體驗一次就夠/這裡的消費金額真的貴到極致/未來就算再抽到更多折抵卷都不會再來了/服務態度很不好也沒介紹/歌很難點又一直故障卡歌的/唱到一半說有活動送歡樂壺/中間一直催一直問/等到結束的時候/飲料都還沒有送來/如果這麼不想送/不如不要辦活動就好
E	看到這個評論請去星聚點/花了快三萬VIP包廂總共只有兩隻麥/還一直沒電/服務人員沒有交接/說好十五分鐘上蛋糕/等了兩個小時還沒來/找不到服務人員/按了服務鈴沒人回應/還要自己走到外面跟安管講/一開始進包也沒有服務人員跟我們確定主客跟點酒/還要走到外面找他們跟他們在外面點/酒也超久才來/中間跟服務人員說先買單/給了兩萬八說再加一小/最後進來跟我說只能唱到三點/我們12進場/我說低消一萬/包廂一小兩千多/我給你兩萬八/你跟我說只能唱到三點/真的是VIP級的待遇欸/
E	1/員工訓練有待加強/2/問酒水消費方式不知道/3/歡唱券如何使用也不清楚/服務人員到前台詢問/但過了兩小時還沒消息/3/酒水飲品在點餐後約一小時才送來/且是我們主動詢問後才送來/4/餐點也是/六道菜大概在唱歌後一小時才送來/第一道跟最後一道差了至少一小時/最後一道菜服務人員端上桌時竟還反問我們/有點這道吧/難道服務人員沒辦法先行確認/5/服務人員提醒消費時間已快結束/但餐點就還沒上齊啊/6/加點一壺果汁/從頭到尾沒來/大概是這樣/去過之後就知道為什麼不少人給一星/
F	裝潢很棒/硬體尚可/威士忌很烈/餐點因為喝醉都覺得好吃/老闆出錢所以整晚都覺得很chill/還有一個優點就是別的包廂都有妹
F	服務員都很可愛/很熱心的幫忙拍照/拍的照片也非常好看/過了很愉悅的一個下午/五星給Willy/
E	很大隻最胖那個女的不知道態度再差什麼意思的/好像別人把她東西吃掉一樣
E	爛死了下次根本不會想去/服務生很瞎/還插錯蠟燭/要放影片還說不行真的有夠爛/又貴/還不如去錢櫃/服務生態度也沒有很好
F	服務人員態度超級好/價錢合理/超喜歡來這裡唱歌/優惠又多/
E	裝潢好看但只能看/沒地方擺包包場地又小還硬塞飛鏢空間/服務人員搞不清狀況/不主動/臉還很臭/是不是都工讀生/大陸點歌系統很難用還當機/錢買的到評價/買不到實際體驗/網美很笨拍完照可能還會再去/所以市場定位就是網美吃到飽嗎/
F	環境不錯/體驗很佳
E	免費兩小時的兌換券實際需要花差不多400/在入場前應該先行告知消費模式/服務人員訓練真的有待加強/
E	應該是不會再去/這種地方不是我這種窮人可以去消費的/一個小時1700豪可怕/然後時間到了沒關係/你服務生可以好好說我們時間到了/不用我們還在唱歌你直接說我們時間到了一句都不能唱/什麼鬼/爛死了
F	讚讚/音質麥克風超級好/
E	點歌機直接暈開/像是壞掉的畫面/按服務鈴超吵/邊唱歌都聽的到鈴在響/服務員少到以為沒有/點酒要去外面的櫃檯/只有兩隻麥/風景好但是服務跟硬體完全撐不起來主在裝逼的格調
E	態度一個比一個還差/尤其是站櫃檯綁馬尾戴眼鏡的女的/詢問事情看都不看一眼/非常沒禮貌
E	神級爛/然後神貴/去一次後悔一次/折價卷直接丟垃圾桶/硬體設備問題一堆/時間還沒到就收桌/還把酒灑在我朋友腳上/說後面有客人在等了/上樓大廳一位客人都沒有/
E	訂位人員超不專業/一下說中包能坐到12位/換ㄧ個人又變只能坐到八位/只想靠裝潢就要有客人我看還是算了
E	服務鈴按完要等好久才有人員來/一開始進去麥克風就沒電/而且光等服務人員來再把設備弄好半小時就過去了/實在是很糟糕的體驗
E	空調超爛/超熱/調到最低溫/然後說不能調最低溫16度/要調18度/結果/室內溫度從23變24/說要幫忙換包廂/最後以訂位很滿說不能換/要等/洗手間指示也不清不楚/絕對不推薦/也不會想再來
F	裝潢很不錯/而且也有很多網路上流行的歌/在其他地方唱不到的/
E	超級不ok/消費超貴/動作超慢/佈置竟然收3500才幾顆氣球而已/音響設備也不好/到底在貴什麼意思/
E	只有裝潢強/Cp值低/食物份量小/麥克風跟音樂音量無法調整/超過兩個人唱整個空間就震耳欲聾到耳朵很痛/不是個人主關感受/現場多人都開始用手摀住耳朵/點歌排行跟台灣脫節/應該是中國的系統/操作不順暢/無法升降key
F	環境整潔大方/公關服務良好/唱歌/開心/
E	打過去講訂位的事/對方叫我稍等一會/結果直接被放置Play數分鐘/頂級的服務態度值得一顆星
F	服務好/氣氛佳
F	包廂內有很不喜歡的味道/但是我給5顆星/環境蠻乾淨的/有禁菸所以對沒抽煙的感覺不錯
F	包廂很漂亮/服務很好
F	都很棒/可惜有煙味扣了一顆星/喜歡奶精味的魔性奶茶控/可以點來喝喝看/
F	非常有水凖的現代化ktv裝修設計非常有特色設備也很新/而且東西也很好吃/有點小貴但是絕對值得你來/
E	餐點慢/送酒慢/設備還怪怪的/投影畫面出不來/連因為店家缺失而招待的餐點到最後也沒送上/留著前線人員在著急/也不見主管出來幫忙/
F	很新潮的KTV/包廂都超好拍照的/麥克風拉很遠都還能收到音/唱起來超輕鬆阿/
E	光是看到店家對於各種留言都用同一個罐頭訊息來呼攏/就能了解店家對於發生狀況的處理態度了
F	設備好/防疫做得很徹底/
E	設備不好/音響也不佳/一直沒電/進包廂基本配備也沒有/價格偏貴/不會再來
F	包廂氣氛超棒/餐點好吃/跟家人朋友度過愉快的相聚時間
F	慶生一定要來這裡啊/
E	包廂有個很奇怪的味道/衛生不好/服務也不專業/只適合拍照的網美來
F	人員服務優質/包廂華麗音質佳/KTV首推/
F	很美/音場超好/
F	裝潢很酷很新穎/很多好吃美食
F	服務態度很好/餐點好吃/奶茶超好喝/音效也很棒/
E	重看不重用/服務生如同虛設/服務費不如繳稅/餐點酒水8個小時內會上桌
F	氣氛很好環境也很ok/每次與朋友聚會的好地方
E	音響及mic效果很棒/但歌單少了點/訂位可以找公關Sem服務佳/
F	每間包廂都不一樣好像在夜店的感覺/水煮牛肉超好吃的/超推
F	包廂好漂亮ㄛ/可以自放歌好棒
F	環境好/服務業很好/價錢透明/很適合朋友聚會
F	燈光美氣氛佳
E	拜託不要想不開去那邊唱歌/慶生辦活動/去星x點x櫃這種比較不會被氣到
E	服務生態度很差/環境不乾淨/在廁所看到好幾隻蟑螂/
E	歡唱遇臨檢/工作人員的態度比警察還無理/整個敗興而歸/安管到底是在跩三小
F	好棒/好開心/讚啦
F	歡迎大家一起來/
E	來給一堆卷/打電話問又說不能一起用/給這麼多意義在哪
F	這邊的安管好帥/而且最年輕那個沒女朋友呦
E	你們工作人員真的很扯/也不確認電話對不對/別人的訂位一直打到我手機確認/我不給你們一星真的對不起自己
F	/
F	比一般的錢櫃那些高檔舒適多了/非常滿意
F	包廂真的美而且東西超好吃/點歌可以用手機/超方便
F	包廂很棒服務很好/服務員很貼心
F	帥炸了小寶/東西又好吃服務又好/重點再說一次小寶超帥/_/
F	場地舒適服務很好/公關哲緯招待水果盤讓人驚艷/以後一定會再來/
F	CP值很高/音響很好/裝修也很新/是開趴的好選擇
F	東西蠻好吃/裝潢很好/歌很多/下次還會來/
E	送冰塊送酒都超慢/插歌系統也爛又貴/大不如去星聚點
F	包廂很棒還有電動可以玩/乾淨服務很好
E	太貴/音響不佳/許多曲目缺乏/裝潢普通/
F	Bill人帥服務佳/是個很棒的體驗
F	服務很棒很有氣氛/適合喝酒狂歡/信義區首選/下次還會再來
F	包廂新潮/餐點好吃/有別以往的ktv體驗/
F	服務很棒/還有太空人慶生
F	好棒歐/超酷炫的包廂/很親切的服務/
F	網路點歌跟遙控超方便/
F	服務好/包廂漂亮/裝潢美/東西好吃
F	唱歌喝酒很不錯的地方/讚讚/
F	氣氛超棒
F	食物可加強/希望下次送上來的食物是熱騰騰的
E	服務人員太少/點吃的和點酒都太久/真的不是很好/
F	超推薦/服務親切/包廂很適合女生拍/
F	Sing/go/歌很多/音質好/空調系統也不錯/
F	很多別的KTV沒有的國外歌曲/
F	包廂很不一樣/拍照大於唱歌/
F	裝潢很酷/人員很親切/下次還要再來
F	五星送飲料
F	服務很好/氣氛很喜歡/下次還好再來
F	快來唱歌/
F	假日下午場超划算/服務超好/
E	保安很跩又沒禮貌/覺得在這裏工作很囂張
F	超級好玩/
F	包廂很有特色/餐酒多種選擇
F	公館很nice
E	有電動不錯/但廁所要跑到外面
F	太讚啦/氣氛超棒/酒也很讚
F	/
F	很棒的環境
F	黃子倫服務員/親切溫和/非常棒/
F	環境很棒音質非常好/
F	哇/好有情調喔/超棒
E	來兩次都當機40分鐘/系統爆爛無誤
F	服務好/歡唱氣氛加
F	包間很漂亮/有和宇宙人合影
F	裝潢漂亮/
F	氣氛不錯/
F	超浮誇超美/以後都要來這了哈哈/
F	環境好/聲效佳/下次還會來/
F	服務很好/音響很好/推薦/
F	音響很好
F	這裡也太美好夢幻/感謝Iven幫忙訂位
F	換歌快速/服務即時/
F	氣氛好/音質超棒的/
F	黃姓服務生服務周到帥氣
F	環境清潔/人員服務親切
F	讚哦
F	服務優良/已經二訪了/
F	環境超棒/直得來
F	太棒/了/快來哦/
F	服務超好/包廂超帥
F	很不錯的地方/大推薦/
F	設備新/環境佳/很有特色
F	玩瘋了的地方
F	服務超好人員素質超高讚讚
F	服務生都很帥/眼睛很舒服
F	應有盡有的酒店式ktv/讚/
F	設備新穎/特別/下次在帶朋友來
F	太優秀了/無論是硬體跟軟體/
F	好棒棒/東西好好吃/小寶好帥/服務很棒
F	讚
F	餐點好吃服務好
F	讚
F	包廂很美東西好吃/
F	音響很棒/歌曲也豐富/
F	服務很好
F	很棒的設備體驗/
F	餐點好吃/氣氛很好
F	第一次感覺很讚
F	燈光美氣氛佳
F	非常棒的地方/適合朋友聚會/
F	感覺/值得再來/
F	包廂超讚
F	讚
F	讚啦
F	裝潢超讚氣氛超好
F	燈光美氣氛佳
F	非常fancy/東西非常好吃
F	服務超好的/環境棒
F	台灣終於有像樣的KTV了/感動/
F	很適合聚會/辦生日
F	設備新穎/服務親切/推
F	很棒/安管很會拍/
F	很不錯
E	真的超爛中之爛/不要來
F	氣氛很好/適合慶生
E	地板黏黏的/衛生堪慮
F	服務良好
F	很棒設備很好
F	服務特別親切/wendy
E	裝潢勉強/其他都爛爆了
F	包廂美/隔音好/
F	氣氛很棒/音效很好/
E	真的是怪甲騙幹/
F	很不錯
F	這裡超棒/喜歡這裡的氣氛
F	包廂很美
F	新潮/酷炫/很棒的聚會場所
F	設備齊全/主題好
F	服務好/好拍照
F	裝潢很讚/很新
F	唱歌的好地點
F	設備好/服務好/
F	空間寬敞/服務優質
F	公關Sem很讚/
F	來唱歌找小寶/
F	服務超好
F	氣氛好服務好/
F	超美音質超好
F	裝潢很酷
F	唱歌的新選擇/
F	裝潢讚
F	讚/
F	服務很棒
F	服務很棒
F	氣氛超好/
F	漂亮/收音不錯
F	讚/
F	讚讚讚/推推
F	服務超棒/
E	真的爛
F	讚
F	讚
F	肚子好餓
F	服務很好
F	場地很好
F	午後聚會/
F	/
F	讚讚讚/好地方
F	讚ㄛ
E	糟糕的服務品質
E	大陸人/
F	讚
F	讚
F	讚
F	讚
F	豪華/歌新
F	太強大
E	無言二字
F	雪媽屌
F	/
F	/
F	裝潢很夜店
F	服務很好/環境也很不錯/還有太空人巡房/好可愛
F	唱起來就對了啦/點歌超方便
F	I/love/the/atmoshpere/as/well/as/the/location/101/my/fav/place/when/i/want/to/have/KTV/with/friends/and/beloved/one/
F	寬敞的空間/友善的員工/我們玩得很開心/但沒有/blackpink/或/snoop/dogg/如何/為什麼/
F	玩得開心的好地方/
F	很好玩/可唱歌可玩/
F	好嗨唷/
F	非常好/
F	很棒的地方/
E	糟糕的經歷/我將朋友帶到這裡過生日/我們被告知晚上的總費用為1600/直到我們離開時/我們才被告知實際上是每小時1/700/因為沒有告訴我們更正信息/所以我只是要求略微降低價格/但他們拒絕了/當我們只是要求他們了解我們的情況時/工作人員對我們非常無禮/我感覺好像我們處在黑手黨的境地/我的朋友們甚至感到眼淚都非常不舒服/絕對覺得我們在利用自己的國籍/此外/對於英語歌手來說/英語音樂的歌曲選擇無論如何都是非常糟糕的/並且經常被錯誤地翻譯/您最好在其他任何地方度過一個夜晚/
F	球池包/
F	偉大的/
F	讚讚贊/
F	很漂亮/很像到外太空/
F	很棒的地方/
F	好棒/
F	Yuna很棒/人超好/
F	/
F	今晚玩得很開心/謝謝/
F	很漂亮/非常好拍照/
F	aNueNue/尾牙/after/Sing/Go/Party/
F	歌曲很多/很棒/推/
