D	/啊/愛店愛店/比藏壽司好吃多啦/自從有了壽司郎後就不會去吃藏壽司了/也比Hama好太多了/開在公館更是一大福音/終於不用仔跑到北車館前路吃了/公館店稍微避開下課時間其實都會有位子/5/00去吃還行/5/30人潮就會開始湧現/壽司郎永遠的第一名就是這個醬燒干貝/干貝雖然偶爾品質有點浮動/但整體都是偏鮮甜/每次來吃都要點個2盤/松葉蟹軍艦也推薦/但可能有些人不喜歡那個蟹膏味/個人是覺得整個一起走下去味道不會太重/炙燒鮮蝦也是從一開始吃到現在/品質都很穩定/鹹香鹹香的好棒/因為不吃生食所以熟食幾乎都吃過/天婦羅系列也都好吃/蝦子很新鮮/花ㄓ非常大塊/很有飽足感/之前還有昂貴的80元草蝦/朋友說北寄貝風味特殊/每次都覺得紅得好鮮豔/朋友也推薦鮭魚刺身/很新鮮好吃/可惜海帶蠻難吃的哈哈/私心很愛焙茶牛奶冰淇淋/焙茶味不會到很重/跟牛奶配起來非常搭/推推
D	食材很像在日本/所以比爭鮮貴/但是一分錢/一分貨/茶跟日本一樣/炸物也很不錯現點現炸/雙淇淋好吃/價錢跟日本差不多/所以要吃的好吃到飽一個人要600元以上/
D	每次想吃都滿滿人的壽司郎終於吃到了/建議大家先用app取號/才不會等太久/現場抽號碼牌的話人多的時候/因為等待的空間沒有很大會覺得有一點擠/簡單推薦私人爆推/剩下留給大家去開箱/第一名推爆/赤蝦系列/每一隻都好大隻好新鮮/蝦尾輕輕撥一下就跟蝦肉分離了/鮪魚厚切腹肉很有誠意真的很厚切/有比x/鮮最低貴10塊卻有很超值的感受/一入口魚肉就化開了/花枝握壽中間夾了月桂葉/不喜歡月桂的抽掉就好了/花枝滿新鮮的/甜點爆炸激推/焦糖奶油千層/巧克力蛋糕/怕甜的完全不需要擔心/我覺得完全是被壽司店耽誤的甜點/一定要吃呀/飲料點了芭樂奇異果汁/很像現打的但也不確定是不是總之非常好喝非常解膩/另外一個口味是芭樂鳳梨/這一次沒有訂點/非常期待下次開箱/炸物拼盤有一點失望因為價位是一盤80元/稍微有油耗味/另外特別扣分是南瓜/超級薄超級薄的薄/像南瓜紙/已附照片/
C	吃過很多間分店/唯獨這間公館店的冰淇淋少到不行/圖片三層/實際送來少的可憐/然後40/再來雨天人多/人員忙碌可以體諒/用餐時間90分鐘變成60分鐘就算了/餐點品質也是很差/炸物系列的壽司都是溫溫的根本不像馬上做出來的/
C	記得下載app/現場排要一個多小時/海膽拌麵/140/約吃五口就沒了/所以加點雞白湯拉麵/120/第一次吃海膽/吃不出好壞/只覺得鹹鹹的/之後又點了海膽壽司/40/感覺有點像蛤蠣/基本上如果味覺和我一樣差的建議找別家吃吃/沒吃飽/等一下來去吃麥仔煎好了
D	今天的飯太鬆軟/用手拿著會鬆掉/生魚片品質還可以/價錢不便宜
D	蒜香花枝天婦羅握壽司NT/40/一定要用點的吃熱騰騰現炸的/配上那個醬和美乃滋/超愛/一盤NT/60的三種蝦也很不錯
D	品項蠻多/點餐送餐的方式特別/減少很多不必要的人與人的接觸/食材新鮮/但是部分產品價格偏高/整體用餐環境乾淨明亮/
D	好吃一直吃/服務品質都有到位/特別推每次必點/炙燒三貫/貝柱茶碗蒸/炸蝦盤/40元的冰淇淋/整盤的冰淇淋融化很難吃/可以加一點抹茶粉進去跟麵茶異曲同工
D	窗明几淨/兒童安全座椅設計頗佳/非常穩固/不知為何鮪魚大腹肉吃起來沒那麼美味了/但是炸鮪魚跟生鮭還是不賴/個人評價遠勝藏壽司
D	蝦子很甜/生魚片類也很新鮮/都會回點/但覺得醋飯普通/
C	實在不好吃耶/鮭魚/扇貝都不鮮甜/點兩盤就想放棄了/想給兩顆心因為台北就不要求那麼高好了/但入座時看到筷子用免洗就想給0顆打入黑名單/so/平均一顆/好想念爸爸在時去基隆坎仔頂買鮭魚自己切的生魚片/最後試一盤鮭魚握壽失/喝茶好了/
C	刺身/冰淇淋跟可樂餅好吃符合價格/但是炙燒沒一個好吃的/有些握壽司也普通/吃完小過敏/懷疑有些不夠新鮮/
D	不要人太多的時候去/食材份量多/好吃/藏壽司片精緻多樣化/而壽司郎是份量多/想吃鮭魚和蝦推薦壽司郎/想吃鮪魚還是要吃藏壽司
D	先說幾個感想/每次中午去公館分店沒有一次不用排隊的XDD/人很多/壽司郎排隊技巧大概就是能多早APP取號多早取/即使晚現場報到/還是有可能比早現場到的人先進場/疫情期間雖然用餐多隔板不是很方便/但防疫措施做得還不錯/全面改成壽司點餐送到/比較衛生/0904到訪這次去桌子有點沒擦乾淨/有頭髮/吃過壽司郎3/4次/覺得壽司郎品質還算穩定/是滿安全的選擇/覺得期間限定真的有比較新鮮好吃/吃自己喜歡的就好/金盤不一定比紅盤好吃/每個人口味不同/真不知道為什麼台灣這麼多人喜歡吃鮭魚壽司/就真的還好而已/推/炙燒赤蝦/40元/1貫/焦香氣讓人欲罷不能/赤蝦大隻/肉質新鮮/肥厚/赤蝦也不錯/炙燒比目魚鰭邊/40元/1貫/肥肥的油花炙燒後搭紫蘇真的超讚/日本產大竹莢魚/40元/2貫/要不是期間限定/沒想到會去試竹莢魚/開了另一個世界/竹莢魚肉質新鮮/原來口感是那麼的富含水分Q彈/而且有夠大片/炙燒上等星鰻/60元/1貫/原來星鰻的肉質是可以這麼鬆鬆軟綿/入口時還帶點微溫/應該剛炙燒好的/期間限定的極上黑鮪魚赤身反而很普/金盤的真鯛也不太合口味/松葉蟹腳倒是可以試試
D	距離上一次吃壽司郎/好像是兩三年前/推薦吃鰤魚握壽司/獨特香氣/感覺好像有點淡淡的梅子香/圖片是鮪魚中腹/很像西瓜肉/我都是說好像在吃西瓜壽司/入口即化/只用舌頭就化開了/味道沒有鮭魚甜/但有牠自己的風采/用餐環境乾淨又明亮/只是芥末很小一包/
D	生意好到誇張/要有先預約但還是要多等半小時的心理準備/離捷運站很近算是蠻方便的
D	從2022年1月5日起/有鮪魚大腹/海膽海苔/每盤只要40元/是期間限定/超值/我今天中午就吃了27盤/讚/
D	壽司味道還不錯/另外還有多種的熱副食供選擇/天氣冷不想吃壽司的時候也可以考慮/
D	跟家人吃過幾次/就台灣的迴轉壽司來說/還算不錯/但是鮭魚片的魚脂香不足/我們家人很愛吃鮭魚/但是覺得不怎麼好/大致上OK/花枝握壽司/蝦子三貫/中腹鮪魚泥是有水準的/不過種類品項變化少/吃過幾次就膩了/認真的説/我去沖繩美國村/大阪的迴轉壽司都很不錯/希望能加強種類和品質/
C	今天下午吃的時候來了一盤有頭髮的炙燒起司鮭魚/不只一根/而且還是卷卷的/本來想說餐飲業可能在所難免/按了服務鈴想反應/但卻等了很久/服務生來了之後/也沒有說一句表示道歉的話/只拿了盤子說幫我換一盤就走了/但又只是再一次的等待而已/最後我也不想吃要結帳/同一個服務生來了/也沒有再跟我確認要換來的那一盤的狀況/只說了多少錢就走了/雖然最後再次跟結帳櫃檯反應/但對於事情當下的感受是沒辦法改變了/因為這件事對於壽司郎的服務覺得相當失望/如果想要有好一點的服務體驗/建議前往別間或別的品牌/至少不會被服務生冷漠以待QQ
D	拉麵好好吃/湯好濃郁/是在台北吃過最好吃的拉麵/生魚片就中規中矩/防疫情間兩個人去必須坐不同桌
D	壽司郎還用多說嗎/之前鮭魚之亂刷爆媒體版面的日本迴轉壽司/以價位來說/餐點品質真的是不錯/鮭魚跟干貝的表現都很到位/
C	味道很不新鮮/干貝跟醃製鮪魚/吃下去會想吐出來/但礙於禮貌還是硬吞下去/比爭鮮的品質還差/價位還想跟藏壽司一樣/沒有專門的碟子放芥末/沒有味增湯/完全不知道自己在吃什麼東西
D	不定期推出期間限定的壽司/今天在真鯛裡面吃到魚刺/希望以後處理魚上面可以再多注意一些喔/
D	過去只吃過藏壽司/在看完Joeman的壽司對決後第一次來壽司郎/真的非常讓人驚艷耶/新鮮/好吃/但我還是覺得稍微有一點點貴/偶爾來吃很不錯
D	生魚片/魚卵的顏色飽和的很不真實/芒果冰跟哈密瓜冰味道都很濃郁/有時間限制實在無法吃的很盡興
D	食物選擇相當多元/味道都不錯/上菜也很迅速/只是價格偏高/
D	1/App先預約/提醒後報到/當天晚上2100時/約等10分鐘/要注意入口是在world/gym那裡/有手扶梯/2/二訪/一樣App預約/等10分鐘/推薦濃海膽麵/有加紫蘇/不愛的不要點/3/三訪/App預約4人桌/到現場吧台有位子/直接入座/現在疫情期間/全部點餐式/這次覺得干貝好吃/甜點選了哈密瓜冰/好吃/
C	推薦指數/0/美味指數/0/出餐速度/0/外帶/外送指數/0/包裝/0/因個人口感及體驗不同/僅供顧客及店家業主參考/Info/很久沒有吃過如此令人髮指的食物了/握壽司飯小的有如一塊橡皮擦/甚至10個有8個筷子一夾就斷/味道非常普通/真的寧願買便利商店冷藏的壽司/一整個賣相極差就像是大雜燴一般臨亂/叉燒豚骨拉麵也是很驚人/湯像醬一樣黏稠/味道感覺就像是丟了一塊味增醬/也不給你攪拌均勻的樣子/整體口感非常的不好/包裝也很厲害/醬油芥末黏超死/開封口也是/開個壽司剪刀剪來剪去的非常繁雜/紙盒四角易軟爛/最可怕的就是味增湯/有如一大匙醬油般的可怕驚人/且有一股像是尿騷味的味道/也無備註欄可以填寫不附加/根本就是添加困擾/一打開氣味撲鼻直接拿去倒掉/光味道就真的很不佳/顏色賣相更不用說了/可以形容是今晚的夢魘/我不是什麼美食家/但幾乎三餐外食/真的奉勸別花錢踩雷給自己找麻煩/還壞了食慾/一般知名連鎖壽司/居酒屋都勝過此味/
D	壽司新鮮好吃/可以嚐嚐黑鮪魚大腹/很特別的美味/
D	跟藏壽司比/覺得另一間比較好吃/但炸蝦好吃
D	訂位APP方便/壽司好吃選擇多/
D	疫情開放內用/看到服務人員消毒桌面/隔板/椅子/才請我們入座/看到隔壁桌離場/也是大陣仗的清潔消毒/在這非常時期/不得不外食的我們/感覺很安心/
D	以平板點餐再傳送桌前/算是很特別的方式/偠位上/在迴轉壽司中算是普通/餐點上還可以/握壽司的米粒很容易散掉/或是米飲上的肉很容易翻落/炸物很油/有點難下嚥/
D	第一次吃壽司郎/真的很讓我驚訝欸/真得很好吃
D	壽司郎甜點都好好吃/不太敢吃生魚片/的我每次都是去那邊吃甜點/而且這裡炙燒生魚片的口味很多/還有我最愛的鮭魚軟/不敢吃生魚片壽司的福音/不過服務品質有點不一
D	5點多來/不用排隊就有位子/壽司的部分/只要是有夾紫蘇葉的/生魚片的味道都會被紫蘇的味道蓋過/有點可惜/熟食的話/今天點了綜合天婦羅/熱騰騰的很好吃/
D	5點前到/沒人/好好享受一個人的晚餐/就跟一般的壽司郎一樣服務/品質/
D	壽司不錯/巧克力蛋糕很驚艷/還有松葉蟹也很新鮮
C	公館捷運一號出口出來往左邊走一小段可以看到通往二樓的入口/平日晚上/20/33抽號碼牌/20/56才入座/行動支付只有ApplePay/Samsung/Pay/Google/Pay/但在座位結帳數盤子時詢問店員/卻說有LinePay/到櫃台才發現沒有/有電子發票/可存載具/沒有額外服務費/根據Google上的評價篩選了一些不ok的沒有點/但還是有點到雷/以下簡單歸類一下/好吃/甜蝦/有紫蘇葉的品項/紫蘇花枝/碟魚緣紫蘇握/大干貝/松葉蟹軍艦/北寄貝/鮭魚茶碗蒸/有鮭魚卵/但一份80略貴/普通/鮪魚肚/鮭魚起司/一般蝦子握壽司/炙燒類都普/蛤蜊味增湯/很普/不ok/海膽/很腥/甜蝦軍艦/解凍不完全/沙沙的口感/甜蝦很冰/等待時間太長/可以不用特別來吃/人到20/30之後還很多/轉盤蠻酷的/有上下兩道/分一般迴轉壽司轉盤跟平板點餐的送餐轉盤/刺身種類太少/希望可以增加刺身的選擇/集點卡的集點制度有點荒謬/居然是一人一張集點卡/不能合併使用/300元才一點/
D	壽司郎真的是迴轉壽司第一名/建議大家一定要先手機抽號碼牌再前往不然會等很久/炙燒系列也不會太生/可以上fb看最近有什麼期間限定的品項/綠茶粉真的超好喝/跟每一種壽司都很搭/一定要喝三杯以上
D	貢獻一下外帶的份量比對圖/雖然已經有心理準備了/但還是比想像中的小一些/外送有在碗上面放一個保冷的東西/但東西拿到的時候常溫狀/吃起來倒是還好沒有怪味/只是沒有冰冰的不太習慣/整體來說還是覺得滿意/能吃到生魚片是感動的/女生一碗雖然小但還是能果腹/但不會有飽的感覺/味噌湯就是很少/很鹹/不知道是不是怕灑出來讓你自己對水/但加水之後不好喝/
D	好き/鱈魚子美乃滋搞屁/超愛/前後點了五盤夠證明我的愛嗎/
D	站前旗艦店/公館店/中和環球/中華店/台灣疫情後的生意大不如前/中午尖峰時段也坐不滿/
C	失望透頂/強打優惠的海膽海苔包海膽是碎碎拼湊的/極上鮪魚大腹更是比圖片小一半/其它的握壽司上的生魚片更是薄到可透光/特別是花枝/魚側/飯也是鬆鬆散散的/不及格/份量適合小學生吃/嚴格來說只有60元的握壽司還可以/例如鰤魚和鮮蝦三貫/這邊不是日本/我知道/但也不能搞的像國產一樣/二人花800元真的不值得/
C	吃完有點虛空感/沒有cp/旁邊是夜市/吃第二攤可以來/給三分是因為茶碗蒸跟麵有干貝
D	迴轉壽司的王者/推薦起司炙燒鮭魚/入口即化
D	為了響應已經結束的鮭魚之亂/跑來吃一下壽司/鮭魚果然還是要季節限定才好吃啊/鮪魚/干貝/炸蝦依舊美味/推一個/
D	17/30前來/原以為要排隊卻有位置/終於能一探就竟/與一條通相比非常類似/都有夠熱且很嫩的茶碗蒸/壽司郎有較多的食材/干貝x2/小荀塊x2/蝦仁x1等/但一個80元/其他吃起來就比一條通稍高一些價位/當然爭鮮價位更低/cp值就看你的口感與口袋了/
C	疫情期間大家都能互相體諒/因此用外送的方式支持喜愛的店家/壽司郎的外帶價格/仍比一般日式壽司高出很多/但叫了外送後真的有傻眼到/1/包裝非常簡陋/2/味噌湯居然沒裝滿/1/2/3/沒有任何保冷物品/綜合以上/覺得若是以這樣的品質呈現/或許疫情間的外送價格可以下修調整/否則消費者會很難接受
C	生意很好建議先app訂位/大致滿意但壽司米飯非常黏/幾乎一半的壽司都有黏在盤子上的問題/上配料多次一出輸送帶就已落在盤子上/服務人員未到時間就急告知有無要繼續點餐及使用已拆封免洗筷/用餐體驗很差/
D	星期日下午1/00左右/排隊的人很踴躍/有許多優惠餐點很划算/
D	今日帶小孩來吃壽司/一開始發生了小插曲/但後續店長與店員的處理方式讓用餐變得更愉悅/食材非常新鮮可口/每個月餐點上都會有新的小變化/是個人每個月都會至少來光顧1/2次以上的口袋名單/謝謝
D	離捷運超近/推薦用APP提前幾天預約/很方便/是在台北想吃迴轉壽司的首選/從去年秋天吃到現在/對於食材品質一直覺得滿棒的/不過一開始很驚豔的脆薯/今年以來不知道是怎麼了/已經連續點了兩次/都遇到炸過頭/太硬不好吃的狀況/而且分量也縮水很多/近期大概不會再點/想吃炸物的話推天婦羅/
C	已經用APP預約訂位了8位/後來現場安排2位及6位分開坐/然而6位的位置事實上應該是4位的位置/所以位置非常的擠/在座位的安排上給人很不舒服的感覺/時間一到就來趕人/吃完後覺得跟爭鮮沒什麼兩樣/價位確比爭鮮貴很多/另外/餐廳的整潔及動線都很糟糕/筷子竟然是一根根拆掉的竹筷/若包裝一雙雙還不會覺得很噁心/拆掉變成一根根的放在盒子裡彷彿是用過的回收/觀感不佳/然後我媽媽還在餐廳跌倒/也沒有服務人員前來關心/應該不會再來第二次了/
C	週五晚餐時段前往/非常多人/海鮮很新鮮/可是來不及退冰/飯的調味也可以/可是來不及乘涼/壽司入口是溫感的飯配上很冰的海鮮/牙齒略有敏感/炸南瓜除了沒有南瓜香甜的味道/麵衣相當的油膩/
D	因為不用排隊而感到開心/就算點餐/上菜也很快/算是新鮮好吃的/茶碗蒸裡面很多料/炸物也不會油油膩膩/熱熱的很好吃/用餐時間一小時綽綽有/
D	炙燒明太子鮭魚/相當juicy/油脂量適中滋潤口腔/口感滑嫩搭配醋飯真滴不錯/會想來第二盤的口味/
D	到達時間約晚上9點/約等待10分鐘後入座/這家日本連鎖壽司來台展店/聽說口評不錯/故來嚐鮮/首先服務人員態度跟熟悉度都有一定水準/餐點部份/透過點餐系統下單到送達也算蠻快的/海帶湯雖特別/但是口感跟蟹肉茶碗蒸一樣都有偏鹹情況/刺身選擇性不多/反倒是握壽司洋洋灑灑很多種選擇/包括鴨肉/鯖魚押/蝦類握壽司都很鮮甜/另外天婦羅與炸筊白筍也不錯/佐料包含生芥末跟醬油也來自日本產地/可見這家壽司店的用心/整體來說/人員專業服務度/餐廳整潔/用餐環境/價位/餐點新鮮度都應可拿四星水準/
D	平日中午用餐/12/00前現場候位蠻快就有位置的/不然記得用app先訂位/鮭魚三貫/鮮蝦三貫/炙燒三貫都滿好吃的/推薦可以試試看/另外推薦炙燒鮭魚肚跟甜蝦軍艦/是溫熱的唷/
D	疫情期間用點餐的方式/然後輸送帶送來/小孩覺得很好玩/座位本來也就有分隔/不過餐桌已經不大/加上隔板就更小/二級期間不能預約/等待時間大概45分鐘喔/吃完可以集點轉扭蛋也是吸引小孩去的原因
D	服務員親切店鋪乾淨/食材新鮮上餐快速
D	今天是帶著輪椅長者的初體驗/到訪前有先用電話詢問過是否有電梯/對方也很耐心的回答/快中午12點的時候/到了壽司郎的樓下後找不到他說的服務鈴/本人因開刀所以不能眼鏡的800度近視者/於是又打電話過去說找不到服務鈴/對方說稍等會有人來帶我們/與上通電話一樣的男聲音/過了一會手扶梯來了一位個子嬌小的年輕女生引領我們去做電梯及明確的指引路線帶我們進店內/座位安排上/應該就是接我電話的那位有耐心男生/因為我說長者不方便下輪椅/幫我們安排了吧台作為並移除一張椅子/結帳完跟櫃檯的個子高挑女生講需要坐電梯/這位高挑的年輕女生立馬用內線告知同事後引領我們到電梯/並且帶我們到一樓的外面才離開/無敵親切/真的非常感謝今天服務到我們的這三位親切又熱心的年輕人/讓輪椅長者有個愉快的中午用餐經驗/其實至公館店開幕已經來了數次的我/開幕黑鮪魚優惠/螃蟹季/章魚軟絲季/etc/餐點上一直都很滿意/完美cp值/但第一次讓我想留下滿分評論/是因為真的想感謝他們的服務/
C	之前大多是去館前/今天第一次來公館店/吃的差不多時/點了個期間限定熊本竹莢魚跟草蝦天婦羅/結果/咦/我怎麼不記得剛剛menu上是長這樣/是太幼嫩所以不好成形嗎/還是太珍貴所以我拿到特別的部位嗎/不管如何先分辨一下兩片魚肉吧/瞧這特別的模樣/我還以為是我昨天偷吃過的/再看看草蝦天婦羅/雖然是金盤/但我印象中的口感是值得的/不過咦/蝦頭呢/這時配上金盤突然感覺有些荒謬/怎麼辦/再瞧瞧那盤特別的限定版竹莢魚/好吧/決定叫服務生來/服務生說/因為蝦頭破損了所以沒有/我問/意思是我這隻的蝦頭爛了所以才沒有/服務生說是/聽到這/我說我兩盤都要換/過了一下/服務生端著同一盤蝦身回來了/表示竹莢魚等等會送來/然後另外再送一個蝦頭來/嗯/所以貴公司是覺得我愛吃蝦頭嗎/不管蝦頭是爛了還是破損/有沒有可能是因為這隻蝦的品質/鮮度/比較差/這個金盤商品所要賣給客人的品質/外觀/體驗有達到嗎/為了不讓這盤成廢料/寧願偷另個蝦頭來/而且還不怕讓客人知道/加上這好特別的限定版竹莢魚/這時只覺得/該當作廢料的麻煩不要拿出來賣/某些分店賣不起的商品麻煩也不要放在menu上/噢/新的竹莢魚送來了/看起來很正常/正常到讓人覺得該發火/天婦羅也吃了/可能是心理因素影響吧/口感的確差了點/走出店外/突然想起/對了/也沒看到天婦羅的藻鹽呢/
C	集點可以換代幣來扭蛋/但我明明是選夏目友人的機台/可是扭出來卻是隔壁寶可夢的東西而且還是最醜的/所以機台上面掛的內容都是假的/
D	陸陸續續吃了幾次/個人覺得比藏壽司好吃一些/比爭鮮好吃非常多/吃了這家後幾乎沒再訪過爭鮮/比較可惜的點是選項還是偏少/常常吃的可能就那幾項/不過還是真的很好吃啦
D	/簡單心得/店內動線清楚明亮/店員服務熱忱親切有禮/每次來都高朋滿座入場排隊/建議可以使用APP預約會方便更快/入座前通道上有冰水需自取/另外還有濕紙巾及醬料盤/個人比較推薦做吧台/不用等太久加上拿取食物一目了然很方便/食材上都很新鮮也可以點平板螢幕送達/個人覺得蠻不錯的/有提供其他醬料/哇沙米要台上自行拿取/另外的七味粉可以用叫的/用餐環境乾淨/食材也沒有等待太久的問題/每一項餐點路過都很吸引人拿/選擇很多/我很喜歡/下次還會再來/大推/備註/人潮很多/用餐時間請自行斟酌等待時間/推薦菜單/鮮蝦3貫/60/清甜不膩口三種鮮蝦一次品嚐值得入口/期間限定/蘿蔔泥炙烤鮭魚肚/40/鮭魚搭配清香蘿蔔泥吃下很清爽/炙燒羅勒鮭魚/40/羅勒的香氣十足一口咬下滿滿都是滋味/炙燒起司鮮蝦/40/起司搭配鮮蝦非常對味/吃完還想再吃/極上蟹肉棒/40/鮮甜的蟹肉搭配上醬料一口滿足實在對味/牛肉加蛋豆皮壽司/60/加上內料的蛋豆皮壽司吃起來風味十足很飽足/雙貝柱茶碗蒸/80/吃過目前最滿意的茶碗蒸/內容料完全大方不小氣/值得點來品嚐/牛肉烏龍麵/100/濃郁湯頭搭配香彈可口的烏龍麵及軟嫩牛肉/吃了真的讓人覺得驚豔/只是湯喝多了會有點鹹膩/因為我不是重口味的吧/但是整體上來說我真的給上滿分了/芒果雪花冰/100/要價100的冰品內容物完全不輸市面/大顆的芒果粒及滿滿的淋料外加一球香郁濃醇的牛奶香草冰淇淋/吃完心花怒放/備註/以上純屬個人意見包括圖片僅供參考/嚴禁盜用/資料來源/網路/使用代步/自己騎車/付費資訊/提供刷卡/現金/還可以集點他們家的商品/最近到訪日/2021/10/30
C	點了天婦羅炸物拼盤/每個麵衣都油膩膩/底下一堆油/
D	菜單常常會有變化/很喜歡他有很多非海鮮類的食物/拉麵/炸物/牛肉壽司等等/特別推薦拉麵/吃過雞鹽跟豚骨都很不錯/
C	新鮮度來說沒問題/但以Cp值來說不行/40元60元80元可能都只有一盤/基本上以生食壽司居多種類也比藏壽司少炙燒系列一定也是藏壽司完勝/如果要吃頂級生魚片當然也都是去吃點菜的日本料理更爽/集點制度更扯/300元集一點/ㄧ人一天最多一點/兩人吃600元也會是一人一張集點卡分別一點/超傻眼的制度呵呵/唯一可以拿來說嘴的應該是烏龍麵吧/冷麵夠冷湯頭夠好烏龍麵夠Q/吃完第一次莫名空虛哈哈
D	2022/01/31第一次來用餐/覺得食材新鮮美味/另外覺得驚艷的是拉麵/不輸一般的拉麵店/真心覺得不愧是傳說中日系迴轉壽司的一哥/
D	壽司組成比藏壽司有特色/這個分店最好用APP預約/屬於熱門點/覺得平時沒是自己來吃吃也挺不錯的/
C	壽司/普通/芥末小小一包滿可愛的/有很多壽司角色很可愛/超級不推薦蛤蜊湯/覺得食材沒有很新鮮/以cp質來說比較推薦爭鮮XDD
D	60塊盤的鮭魚/還有80塊盤的黑鮪魚/好吃/漂亮的油花
D	超級名店/假日來店等待約20分鐘可以排到位/食物本身都是好吃的/拉麵也非常可口/唯獨壽司郎的醬料口味都很重很鹹/吃完一餐後總覺得口很渴/吃壽司時不如不要加醬料/
C	店員介紹很像復讀機/霹靂啪啦唸完根本沒聽懂/茶水不熱/壽司相較其他分店品質較差/油炸的含油/吃起來很油膩
D	餐點好吃/喜歡赤蝦/他偏三分熟/軟軟的吃到蝦子的鮮甜/還不知道北寄貝/於是點來吃看看/他帶有另一種獨特的甜味
D	第一次來吃/食材新鮮/份量也不錯/吃的滿足/除了在旋轉的壽司盤之外/也可以透過桌上的平板點餐/點餐的餐點會透過專屬特急列車軌道直接送達座位/出餐速度很快/冰淇淋/天婦羅/茶碗蒸超乎期待/天婦羅我覺得粉衣非常好吃/蝦子很有蝦味/栗子南瓜非常的甜/魚肉很香/但沒有天婦羅醬可以配/有點可惜/茶碗蒸很嫩基本/裡面有很多蟹肉還有一塊應該是類似貝的東西/覺得料好實在/60元有2/3隻超大的蝦子/不錯/桌上免費的抹茶粉也很好喝/薑/芥末/醬油也都蠻有水準/比較失望的是胡麻豆腐/芝麻的味道有點怪/口感也不是很優/轉盤上的魚其實有些油花不是很漂亮/差距有點大/吃的時候可以挑一下/星期六中午12點左右來不用排隊/人潮還好
D	基本上壽司郎還是有它非常的高標準/即使之前發生了衛生管理的問題/但是整體來說我還是覺得它非常的不錯/我想說說幾個我覺得可以更改進的點/首先是我認為有加飯的壽司太多了/反過來說就是沒有含飯的餐點太少/吃到後來我覺得整個肚子都是飯/非常的飽/再者/我認為軍艦系列的都還是不錯的/更特別的是巨大生蝦一直都是我愛死了壽司郎的最大的理由/限制吧台客人有點餐的分數上限設定/讓我感覺莫名其妙/幫我要點簡單的鹽包還有胡椒包/各兩包就已經達上限了/傻眼/味噌湯確實非常的難喝/除了鹹味之外/沒有一絲味曾的甘甜/烤牛肉真的不要點了/因為整個粗糙到不行/倒不如吃生牛肉/還不用卡牙/整片的明太子的握壽司真的太過分的鹹了/可以切小份點/而希望不是為了銷貨而這樣的呈現手法/Anyway/領郎滿目的選擇/只可惜限時竟然只有六十分鐘的限制/確實是可惜了/一點都無法鬆懈的趕進度就是了/
D	現在比較不需要排隊還不錯/店員也算親切/三貫祭強推蝦子/但據說好評如潮/27日要結束/軍艦捲完全不推/單點的烏賊肉比較厚/三貫的肉較薄/也都好吃/每個壽司的飯都多到飽/不得不放棄很多飯團/覺得會天打雷劈/店員說/下次不吃飯/可以做特製/但希望這個可以在平板上註明/
C	公館店的員工訓練需要加強/送錯餐又算錯錢/用機台點餐連續送錯兩次餐/點了炙烤半生鮪魚/結果來的是完全沒有炙燒過的鮪魚/點了軍艦鮪魚/結果來的是不明蝦卵/結帳的時候/店員還算錯盤數/當下因為店員已經按結帳/也沒有服務鈴可以按/只好到櫃檯找人/說到櫃檯時會幫我扣掉/結果也沒有/要不是結帳時我有開口問/就被多收錢了/最後壽司飯太鬆散了/一夾就都散掉了/不只一盤/全部都是這種狀況
D	壽司吃起來新鮮/不會有冷凍魚的那種沙沙口感/拉麵很推/愛吃拉麵的要點看看/茶真的也蠻好喝的/整體是一間會想再訪的店
D	覺得壽司種類有比藏壽司多/芥末是用袋裝的有點不環保/服務生說話超級快/很像複讀機器/平日來不太需要等/餐點也做的很快/整體上還算不錯的用餐體驗/
D	用餐時間人潮多/可能需要等待/迴轉壽司該有的選項差不多都有/也都有推薦品的小DM刺激點單/送餐速度很快/這次用餐有送錯餐的狀況/感謝店員幫忙換餐/這次終於集到扭蛋幣了/店員也會提醒這次是便當帶/真的要換嗎/
C	只能說這裡的餐具都非常的髒/衛生紙擦了又擦還是出現很多髒污/筷子上也有許多碎屑/湯匙更是慘不忍睹/生魚片的盤子也都是油的/在吃飯前花了10分鐘整理餐具/有跟服務人員反應過了/希望壽司郎能夠改進/
C	衝著在公館新分店開幕/沒有事先預約/星期六早上11/30準時到門口/原本以為位在學生族大本營的公館分店/會大排長龍/沒想到前面大約7/8組客人入場後/也很順利的入座/下次如果APP沒預約到可以開店時候來吃/位在公館站1號出口二樓/店面跟其他分店比起來不算特別大/公館店的食物基本上口味一樣/不過品管感覺可以再好一點/生魚片的厚度不一/有些生魚片邊緣還有奇怪的鋸齒狀/可能是刀子不夠利/還有就是沒有海膽包飯/
D	繼續吃壽司/現在已經要排隊了/青甘很棒
D	簡單記錄一下心得/海鮮都還不錯/穩穩的/鹽燒牛肉乾到刮喉嚨/不推/或者我運氣很差/海膽下午才有/失策/服務神好/要我一大早這麼有朝氣我做不到/10/30的公館/不會有人/技術上來說包場了/一個人吃/其實也沒有那麼孤單/我飽的要命也不到500
C	醋飯還是熱的/鮪魚的味道非常奇怪/吃了一口就不敢再吃了/鮭魚握壽司的鮭魚根本看不出來是鮭魚/口感也很糟糕
D	40元總類滿多的/整體價格還可以接受/豚骨拉麵的湯很濃郁/炸蝦還不錯/排吧檯位置可能比較快
D	環境還不錯/蠻新的/吧台的位置是兩個兩個隔開的/比較不會和陌生人一起坐/廁所也不錯/但只有一個洗手台/有時候要等蠻久的
C	免洗竹筷/油膩的碗盤/有異味的茶水/品質不佳的生魚片/貴店的品質十分堪憂
D	在公館新開的壽司郎/有App可先預約/因為是假日來吃所以還要要再等70分鐘以上才有位置/炸物的壽司及炙燒起司鮭魚都很好吃/
C	用Uber/eat/叫/160豐盛海鮮丼飯/以及價值/60/只有五分滿及三顆蛤蠣的蛤蠣味增湯/加免費五分滿味增湯/貴公司公館店店員在幹嘛/湯水成本很高是不是/你用一個成本2元的碗拿來裝5分滿的湯到底多欠高調/
D	食材新鮮/不過魚肉厚度跟站前店有薄一些/部分季節限定的壽司也沒有提供
D	品質還是不錯的/但是/真的等好久啊/線上排隊了/到現場還加等快兩小時/帶著小孩一起等真是太辛苦了/這家分店的桌位太少了/比較不適合一家子來造訪/對了/新品海膽海苔包很不錯喔/
C	迴轉盤上一直幾乎都只有芥末/完全變成螢幕點餐/喪失迴轉壽司的樂趣/除了北海道貝柱等少數較符合照片內容/味道還不錯外/不少生魚片/蟹腳/炸物等/都大幅縮水/圖文不符/口味也不行/個人不是很推薦
D	每次都人很多/建議可以先預約抽號碼牌/但很好吃/服務人員態度也都很棒/
D	榮登愛店之一/不過假日跟連假期間最好不要去/以免等太久/大甜蝦/炙燒三貫/大海螺/炙燒花枝天婦羅/鰤魚腹握壽司很讚/平日去很舒服/魚料品質也好/捷運站出來1分鐘就到/非常方便/
D	交通方便就在捷運公館站樓上/連平日下午現場排隊也很多人/建議先下載官方APP預約訂位/服務人員會依盤子顏色來計價/紅盤/40/銀盤/60/金盤/80/免收服務費/用餐限時60分鐘/推薦蝦子/貝類/炙燒系列/鮭魚親子茶碗蒸料多也很好吃
C	2020/12/20三訪/平板點餐送來的肉都明顯比迴轉台上的小一號/而且東倒西歪的/肉整個從飯上跌下來還有斷掉的也好意思送來/怎樣是因為是用點餐機點的我們也不能不要是嗎/然後整個盤子都是油的/二訪是衝著有海膽才來的/但是味道實在不怎樣/吃下來有點失望/
C	第一次用UberEATS叫外送雙人360的餐/用一般便當盒/壽司全部擠在一起/連基本的保冷都沒做到/湯一半/湯碗跟盒子做的比夜市10元的還差/但卻又收費很高/很糟糕/
D	服務很好/每樣都好吃/帶幼兒來/只能點生魚片以外的/
D	服務不錯/偶爾會有菜單以外的壽司出現在迴轉帶上/想吃的時候已經很飽/結果沒吃到有點可惜/
C	這天為我們服務的員工感覺耐心度不是很好/解說速度很快/有一種急著想要離開的感覺/根本聽不懂她到底在講什麼/有一道餐點/麻辣肉醬拉麵/真的很雷/送上來麵是結成一團/又因為湯頭不夠熱/反而吃起來很油膩感/
D	選擇多樣化/隨著分店的增加/用餐排隊時間縮短了/食材新鮮出餐快速/是用餐的好選擇/
D	座位比較小/但是壽司品項多元好吃/大推薦生拌鮭魚軍艦/生拌鮪魚軍艦/炙燒上等星鰻/炙燒鰭緣吃起來有點油膩/絕對不要吃納豆壽司/味道奇怪有一種泡過咖啡的苦味/
D	壽司跟炸物都很好吃/但是比起之前去過的同間連鎖店面/這間環境很普通/沒有乾淨舒適的感覺/桌面上少了一些東西/平版有之前使用者留下的痕跡/下次要再吃/會選別間/
D	今天送來蝦殼三貫/甜度恰到好處/不會有腥味/能在大台北內陸中吃到這麼好吃的海鮮/真的很幸福/原來山中的孩子也能吃到海裡的鹽味/此處的蝦殼堪稱蝦中之王/
C	迴轉壽司/我還是覺得壽司郎是跟日本味道最無差別的/所以目前要吃平價握壽司/我首選會是他/只是APP平日七點訂位要九點才能吃/假日五點也是九點/但現場等只要15分鐘/覺得APP的存在好像失去了意義
D	一個人吃也不會很奇怪/想吃什麼就拿什麼/500元左右就吃得很飽了/我最喜歡炸蝦壽司/真的炸物很好吃/
D	真的好吃/但有時人潮多要等很久/大約平日快八點了來還需要等大約15分鐘/但今天吃到好像有一批的飯剛煮出來還溫溫的而且有點硬QQ/不太OK/三貫蝦很好吃喔/用平板點也非常方便/
C	整體環境乾淨度不佳/一坐定時/平板非常髒/有茶粉什麼的/按服務鈴也等滿久/
D	服務親切/上菜速度快/餐點新鮮美味/用餐環境舒適/以平價迴轉壽司來說/這樣的價格經濟實惠/
D	座位舒適/壽司也蠻新鮮/期間限定蠻意外的好吃
D	公館捷運站出來就到了/握壽司CP值很高/唯一缺點就是要等很久/建議網路先抽號碼牌/甜點也很棒
C	壽司包裝超級難開/握壽司米料分離/醬油/芥末超小包/很難開/味噌湯外溢/這次的體驗讓人失望/與在日本吃到的感覺全然不同
C	/我知道可能是為了防疫改放竹筷子/不過已經拆開的竹筷子/似乎也沒防疫的作用/加上竹筷子本身有一個味道/讓壽司整個味道怪怪的/希望可換種別的形式提供/還有湯匙放走廊的前面也太麻煩/我看一堆人都像我們一樣問湯匙在哪裡
D	一樣是4個人用餐/但坐位跟藏壽司比起來略為擁擠/吃過的盤子放在桌上很佔地方/強烈建議要用APP預約/用餐時間可是長長的排隊人龍
C	離峰時段用餐/點餐機一直顯示忙碌無法點餐/覺得食材都縮水了/厚度也比以前薄
C	第一次去壽司郎/桌上沒小垃圾桶讓人丟垃圾/反而造成桌上髒亂又只限時一小時用餐/很趕/疫情期間/也沒用酒精槍消毒座位/桌面/只用電解水擦桌子/實在不會想再光顧/
D	我覺得是帶娃去吃飯的好地方/主要壽司店很熱鬧所以聲音比較大/所以小小孩叫都沒人聽見/兒童椅很乾淨看起來很新
D	優勢/飯好吃的平價連鎖壽司店/各項食材皆俱一定水準/也有方便預約座位的APP可以利用/4顆星奉上/
D	新品的竹筴魚和辣味噌拉麵好吃/
D	第一次剛開幕覺得服務挺亂糟糟的/第二次再訪/覺得服務生真的超有禮貌/新品東西很多的那個壽司就是拍照拍一拍就好/味道很一言難盡/因為根本沒辦法一次吃到所有的東西啊/
C	10/6/21未來我不會點酥炸章魚/蒸蛋要點
C	在此店真的體驗感很差/花錢還吃到不好吃真的會怒/握壽司上的生魚片比姆指大小還小片/很多最基本的鮭魚調味上都很多餘/炙燒調味都比爭鮮還難吃/不知道是不是疫情關係/桌上沒有醬料碟也沒有垃圾桶/跟店員詢問要醬油碟子/店員回/現在提倡跟日本吃法一樣/會把醬料直接滴在壽司上食用/所以不會提供醬料碟喔/我聽到這回答/想說可能真的自己孤陋寡聞/但是我一轉頭/別桌客人就是有阿/直到去倒冰水才發現有醬料碟/那我很不懂店員是不想拿給我還是/
D	東西好吃/位置舒適/但份量跟價格比起來/還是算小貴
C	覺得炙燒鮭魚類ok/其他普普/重點平日中午沒什麼人/但app能選擇預約的時段很少/超詭異欸
C	平常我都是吃中華店/這次第一次在公館店用餐/也第一次碰到這種情況/鮪魚特別不好吃/醃製鮪魚明明已經是醃製的卻還有腥味/蔥花鮪魚我在中華店吃都有麻油香但這家沒有以外/魚香跟綿密感覺全無/帶有微微魚腥味/我只感覺到我吃的是冰箱拿出來的死魚/最先是同行的友人吃銀盤的三隻蝦組合/就跟店員反應說蝦子臭臭的/現場已有請服務人員檢查/服務人員也已按標準程序處理好了/之後我才點鮪魚/就是上面所說的/才覺得鮪魚不行/但當下沒在反應給店員/反正這次的用餐經驗意外的不好/但這次吃下來還是有好吃的/鰻魚/60一貫/口齒留香/紫蘇烏賊/40兩貫/紫蘇愛好者必點/之前有紫蘇花枝的/但這次去沒有了/可惜/玉米的話美乃滋是日式酸酸的那種/我還是喜歡台式甜甜美乃滋/市場賣一個/10元的那種/冰淇淋/60好吃啊/是自然牛奶的味道/喜歡吃冰的或甜點的推推/甜蝦美乃滋一樣好吃/但出餐感覺的出很趕/很常外觀母湯/但中華店也會這樣/公館店的座位特別窄/客人又特別多/感覺一整個很擠/廁所大/上午使用能有大大又乾淨的廁所就是開心/免治馬桶功能很正常/
D	算是不需要等太久的壽司郎/餐點中上/但迴轉壽司不知是怎樣/幾乎每家餐具都洗不乾淨/大家可以學泰國/拿個杯子裝熱水洗餐具跟杯子/
C	味道普通/覺得爭鮮比較划算
D	壽司郎先用app訂位/到現場無需等太久/位置也舒適/服務人員都很好/重點是就迴轉壽司來講/不需要吃爭X了/真是福音/
D	禮拜天中午一點到/等了大概二十分鐘/一個人吃了快五百塊/整個大滿足/吃爆蝦蝦
D	壽司好吃/天婦羅口感酥脆美味/雞白湯拉麵的湯頭不輸給拉麵店喔
D	喜歡兩人一格的吧檯座位/可以好好聊天/東西蠻好吃的服務人員也很貼心/結束出餐前會先廣播告知/讓大家做最後一次點餐/
D	第二次來/中午來坐到採光好的一邊/人不像晚餐時多/環境舒適/餐點跟以往一樣表現在水準之上/服務人員態度佳/
C	味噌湯很多餘/然後外送基本上沒保冷效果
D	和三盆冰淇淋很香濃好吃/鮪魚大腹有些有筋/其他壽司則是正常發揮
D	用餐環境乾淨舒適/服務態度也好/壽司比爭ㄨ好吃/但是米飯握的不夠紮實/味增湯/拉麵好食也好小一碗/價位比一般偏高/口袋要深才能吃飽飽
D	好吃/但網路預約還要在現場等超過一個小時/所以扣一顆星/可樂超有氣/大推/
C	我很喜歡壽司郎的食物/菜單/服務也一直都不錯/但今年疫情後再開門/去了三次都覺得服務態度變得很差/服務人員常常臭臉/只是帶位/算盤等基本服務/服務人員的態度莫名讓人覺得有點緊張/深怕讓她又更不開心/然後線上抽號碼的app後台可能要更新/比如常常停留在還要50分鐘/停在這停30分鐘/然後忽然減少到5分鐘/總之非常的不準/穩定度很低/
C	鮪魚中腹的品質非常好/醋漬鯖魚腥而不肥/醋飯黏而不Q/常常會沾在盤子上/
C	餐點種類多樣/特別/食材搭配都不錯/但環境跟餐具實在是有點悲劇/而且是沒有潔癖的人都有點不舒服的那種/之前還傳出其他分店有老鼠的新聞/看到現場實在是不意外/感覺要再調整台灣店鋪的整潔標準跟SOP欸
D	預約前往真是方便/較有閒情精選餐點/吃的滿意又飽足/
C	餐點普通就是平價壽司/但炸蝦酪梨卷實際與圖片差很大/實物上酪梨就是那一小點綠色/圖片上酪梨比/元/字還大/跟店員反應只得到制式回覆/
C	預約外帶/現場人很多/一團混亂/服務人員狀況外而且沒有熱忱/日本服務業來到台灣/只顧賺錢/服務水平如此之低/訂購三人套餐/價錢就是一人價錢乘三/也沒比較便宜/薑也是只給一小坨/以後就分開訂三份就好了/如果以後還會去的話/最糟的是wasabi跟醬油完全沒給/還好冰箱內還有上次藏壽司多給的/不然還不知道如何吃/上次透過UE訂外帶/店員說要自己打電話另外訂才能集點/今天又說外帶都不能集點/都是你們說了算/
D	防疫期間/外帶原價/用foodpanda外帶自取/還比較划算/
D	食材新鮮/炸物熱食上來時都是熱騰騰的很讚/雖然人有點多/但先從app抽號碼牌也可以減少等待時間/熱門時段點單上餐速度會稍慢/但能接受也可以理解/不喜歡等待可以避開週末熱門時段
C	防疫破口壽司狼/衛生堪憂/座位桌子底下有兩個蝦頭沒清理/杯子/湯匙沒洗乾淨/都有殘留物/防疫隔板上都是前不知道幾位客人噴的醬油/表示根本沒有擦拭啊/送上來的鮭魚壽司盤子上有殘留鮭魚塊/冰淇淋盤子也有魚肉塊/甜蝦美乃滋的海苔是軟的/軟的/軟的/感受真的非常不好/吃過那麼多家壽司郎就這間最糟糕
C	爛死了/點拉麵等超久送來麵跟肉是冷的/是把拉麵當壽司做嗎/然後壽司的飯一夾就散/完全沒捏緊/是有多缺料/酪梨還沒熟就拿來做/咬下去是硬的/沒有料就不要開放好嗎/
D	食材新鮮/味道鮮美
C	不會再選此分店消費/一入坐桌子很濕/應該不是酒精/酒精不會這麼濕/消毒水應該也不可能/這麼濕客人豈不是把消毒水吃下肚/醬油空了/小湯匙空都沒補/還以為要在公用區拿/結果沒有/原來是沒補/扭蛋機很多台都空了也沒有補/應要貼此台已空的字樣提醒/下面扭蛋機根本看不出是有還空了/我是因為投了代幣後發現沒有東西掉出來才知道空了/整個白兌換/總之服務態度ok/但整理凖備工作做得很爛
D	店面位於二樓/如行動不方便需要電梯的可能比較麻煩/需先詢問店家/跟其他分店比感覺桌面比較小一些/店員服務都不錯/門口等待區域較小/抓好預約時間會比較不需要等待/
C	餐點還可以/位置小坐起來不舒服/老人家需要協助上下樓/服務人員反應慢/這樣對傷殘人員是不友善的環境
C	生意很好/用餐限定一小時/想要享受慢食和喝一杯的食客/口手要快一點/
C	如同個人一貫信念/飢餓行銷的店只能一分/單點200元的鮭魚套餐要等半小時/五星級飯店也沒這麼大牌
C	帶位人員較忙/建議需多次確認/避免因不明原因安排而導致等待時間超長/
C	當天遇到冷氣故障/邊流汗邊吃/只有兩台臨時送風機應急/只有靠近機器附近座位勉強不流汗/吃兩盤後受不了/趕緊換座位/但仍然很熱/這種情況我覺得要/減少顧客數量確保用餐品質/不然一群人擠在狹小的座位區/直接扣一百分/迴轉道上的壽司似乎沒在更新/有一盤鮭魚卵軍艦不僅倒塌甚至外觀明顯不新鮮卻也沒更換/所以我全部都用指定點餐/位子沒有垃圾放置處/餐盤要自己疊好方便計價/卻也很佔位/本來滿心期待/但滿失望/基本款正常發揮/最好吃的是鹽味蝦那款我覺得/附上照片/干貝很甜給過/五種海鮮握壽司吃不出層次/最後/冷氣壞掉就趕緊換一家吧/
D	覺得很好笑來留言一下/坐進位置時找不到醬油碟/帶位的服務生跟我們說現在疫情緣故/推廣日本壽司郎的吃法/希望民眾直接將醬油滴在壽司上面/結果吃了許久/後方的先生向服務生要一個碟子/竟然就要到了XD
C	壽司跟其他分店相比品質差很多/坐吧臺服務員上飲料直接從邊邊放上桌/一句話都沒說
D	解饞的好地方/但是其實就別太在意所謂的壽司定義/
D	愛店/因為地緣關係/偶爾打打牙祭來點個幾盤很適合/
C	App取號後/看到預計等候時間剩10分鐘/就趕快到現場報到/結果到現場又罰站了一小時/眼看螢幕上顯示我們的號碼就快到了/但是前面取號的人一出現/我們又被往後面推/所以只要號碼在前面/即使現場報到已經過號了/還是可以立刻進去不用等/這個候位機制真的怪怪的/感覺對已經現場報到的人不是很友善啊/看病過號的都要等三位不是嗎/
D	現點現做/新鮮又快速/服務好/價格合理/比起另外幾間知名/藏xx/爭x/HxMx/連鎖壽司店/我更喜歡這裡的餐點與服務
D	推炙燒起司系列壽司/蛤蠣味增湯/布丁/也很優/集點一人只能集一點唷
C	綜合天婦羅太油/不清爽/用餐後覺得不太舒服/其他的還可以/
C	這間餐廳根本防疫破口吧/實聯制要入坐才掃/在櫃台前群聚等的一小時都不算/等外帶跟等內用的一堆人擠在前面/亂到不行/還沒吃到一小時就一直來問還有沒有要點/一直想趕客人/食材也沒以前好吃/結帳的妹妹焦慮到不行/桌號牌都給她了/還口氣很差的問說你們桌號呢/發現在自己手上後連不好意思都沒說/疫情前每個禮拜會去一次/但是這次應該是今年最後一次
D	連鎖店品質有相當的口碑/有兩人不受干擾的用餐空間是貼心之處/相較其他分店/這家的等候時間似乎稍短/人潮眾多的假日可以試著預約這間分店/
D	壽司郎介紹/進入先候位/等待/入坐/入坐後有旋轉軌道在妳面前跑/看到你想吃的就拿下來/有分盤子顏色定價錢/40元/60元/80元/限定期間的有/醬烤日本產貝柱60元/羅勒洋蔥煙燻生鮭40元/炙燒赤蝦40元/山葵秋葵鰻魚60元/醃漬鮭魚親子60元/醃漬烏賊40元/蟹肉軍艦40元/黑鮪魚中腹60元/烏魚子真雕120元/莫札瑞拉起司青醬鮭魚60/現在開始說感想/哇莎米的部分太小包很不好擠/但是品質優等/醬油也剛剛好/壽司/部分個人最愛貝柱一口氣吃了四盤再來就是鮮蝦三貫/這樣吃下來也差不多飽了/口感超級新鮮中帶有海鮮應該有的甜味/推薦
C	去過很多家分店/就只有這家的店員會讓客人自己去找座位/然後座位周邊環境真的有夠髒/我以後寧願跑遠一點也不會再來公館店了/然後小小質疑一下這家的豆皮壽司長的很奇怪/作法真的沒有問題嗎/
C	壽司有刺/桌子沒收乾淨/垃圾都還在桌上角落/雖然服務員有幫忙收但還是沾到/心情很差
D	等後時間稍久/位子比較少/建議預約前往/餐點就是壽司郎的味道
C	2021/8/29中午到店內用/用餐時有隔板很好/但看別桌翻桌清潔時/14/15/16桌都一樣/隔板取下放椅子/然後桌子只擦拭未用酒精殺菌/擦完桌子直接把隔板放回桌子/隔板完全沒有清潔/有點噁心/
D	/男廁的感應式水龍頭可能要調整一下設定/每個人洗完手/水都還一直流/有點浪費水喔/也希望芥末能夠改成瓶裝的/每次看到好幾包芥末塑膠垃圾都覺得對環境不太好
D	拉麵雖然是小碗的但味道還可以還有小肉片讚讚
D	CP值很高/非常令人驚艷/人很多/建議非尖峰用餐時間前往
D	今天帶1歲小童去店內用餐/湯匙和襪子掉在地上/有一位男店員主動幫忙撿起來/還幫忙我們洗寶寶餐具/謝謝他的幫忙/人很好/
C	平板點餐送的速度沒有很快/紫蘇配壽司很好吃/
D	曾經/有三個月/一週吃一次/但這次卻是隔了2個月才吃/為什麼/今天杯子拿下來是濕的/這是我拿下後的下面那個/就知道我杯子內側有多濕/
D	以同類型的壽司店來說沒有任何突出的地方/而且菜單上沒有味噌湯/
D	壽司的品質一直都很不錯/定期推出的新品也增加口味上的變化/整體來說/是比藏壽司還大推的迴轉壽司店/
D	每週都會帶家人小孩照訪/每次都吃的很開心/惟果汁現在縮水成好小杯/
C	服務人員態度佳/握壽司的飯容易散掉或掉粒/有的非常鹹/炙燒系列太油/炸天婦羅油未瀝乾/吃完也覺得膩/綠茶粉罐/罐口都是茶粉/觀感不好/昨日才吃過藏壽司/免不了的會比較二個品牌/
D	推推/天婦羅/白色螺肉握壽司/紅白檸檬扇貝/熱茶
D	這次來好多東西想吃啊/不過我腸胃炎不能吃QQ
C	好不容易等了快1hr/下一號就換我們/下一秒櫃檯小妹看到熟客/也不到在開心什麼/然後直接跳過我們叫下一號/平板呼叫的餐點竟會少送/食材吃起來感覺沒有以前新鮮/菜色也不像以前常變化行銷/加油好嗎
C	外帶點給小朋友的食物都沒有出餐/也沒有提前告知/造成巨大的困擾/集點政策也因為開放內用而取消/小朋友非常失望/サービスの品質も良くない/残念のお店です/
D	食物超級美味/期間限定品項cp值很高/私心推薦醬烤干貝/鮪魚大腹/大草蝦天婦羅/整體店面相較於台北車站的店面稍小一點/吧台座位和大桌子的比例差不多/交通位置方便適合學生下課來吃一波/更多食物照/instagram/update_foodiary
D	不管冬天夏天/壽司郎都能穩定提供美味的壽司/副餐和熱茶/而且下午不休息/
C	帶位都不會/態度很差/說優先帶我們六位/結果直接帶下一組六位客人/詢問了卻還不清楚我們幾位/
C	吃起來沒有很新鮮/是在吃粗飽的/比較好吃的就大切鮭魚/炙燒的吃幾個就很膩
C	上禮拜去店面現點取餐/櫃檯的女店員拿出菜單/而我習慣性維持疫情前的習慣說/我要外帶/女店員愣了幾秒/然後轉頭跟旁邊的同事大聲笑說/欸她說要外帶欸哈哈哈哈/小姐妳的客戶還在妳前面欸/這樣嘲笑會不會太過分/該位公館店員工素質爛到不行
D	非常愉快的用餐經驗/前一天晚上先下載APP/申請註冊並完成預約/當天系統自動提前半小時提醒/服務人員態度好/環境乾淨/餐點美味/我們依個人喜好點餐/出餐速度適中/邊吃邊點剛剛好/不會浪費/吃的滿足/
D	大推鮮蝦三貫跟干貝/CP值高又好吃到掉淚
D	壽司種類很多/鮪魚的口感非常好/推薦鮪魚中腹
D	好吃/只是假日人多/等待的時間有點久
D	除了某些品項價格稍貴/東西好吃/服務人員態度也好
D	覺得比藏壽司要來得好吃/沒有扭蛋遊戲比較集幾盤才能抽的壓力/_/預約較好約/跟其他的日本來台展店的連鎖迴轉壽司比/CP值較高/
D	天婦羅壽司系列意外好吃/拉麵基本沒有CP值/可以略過/
D	推鮪魚大腹/赤蝦/蒜香花枝天婦羅/茶碗蒸/覺得比藏壽司好吃/
C	不知為啥來吃幾次/都覺得這家品質比其他壽司郎差/尤其是生食的部分
D	東西大部分都不錯吃/用餐時間限一個小時/建議先用手機預約或抽號碼牌避免現場等候過久/消費300元以上能獲得一個章/集滿三個章可以兌換一個代幣去轉扭蛋/
D	偶爾來一下/拉麵一碗/12貫壽司/420
D	每次必點一品三蝦/干貝/炸物/芒果冰意外的好好吃
D	不錯吃的迴轉壽司店
D	食材新鮮好吃/種類也非常多/但價格偏高
C	週日滿滿人潮/排了一個多小時後終於排到位子/要用餐的人建議選擇吧台區位子/會比較快一點/帶位時發現座位區地上一坨飯/牙籤紙套/反應後服務人員只用衛生紙擦掉大坨的飯/且這些東西在我們吃完飯也一直留在那邊/如圖片/帶位就座後發現桌上有明顯油漬及醬油痕跡/但服務生跟我說是用酒精擦後還沒乾/這蠻明顯是髒污/可能人多忙碌漏掉/但硬凹就不太對了/雖然壽司味道還不錯/但這樣的衛生管理真不敢恭維/
D	除了抹茶蛋糕卷太甜/其他東西都還ok/但結帳很慢/排了長長的人
D	期間限定/海鮮總匯真的豐富/鮭魚3貫好吃/醬燒銀鱈推薦/花枝魷魚3貫普普
C	東西沒有不好吃/但防疫期間體驗很差/請先把那個站不穩的防疫隔板換掉我再評論/
D	鴨賞不錯/豬五花還好/茶碗蒸很推/蟹膏雖然顏色很迷/但是味道很棒/香氣濃厚/
D	每次有新品推出/就來報到/極上鮪魚大腹/鮟鱇魚肝軍艦/豪華干貝/都好好吃喔/
C	這品質堪憂阿/這些東倒西歪的壽司在迴轉台上轉了好幾圈/完全沒有工作人員要處理/
D	位於交通便利之處/搭乘捷運可從公館站下車/在大樓的二樓/壽司新鮮好吃/但最驚艷的是哈密瓜雪花冰/
D	第一次來/很好吃/下次還會再來喔
D	經濟實惠的握壽司餐廳/
D	壽司的米飯很不錯/比其他同業好/各種品項都有一定的水準/雪花冰要點
D	外帶的味噌湯也太少/打開就這樣/只有不到半碗/壽司好吃/可惜不叫鮭魚
C	疫情期間只能外送或外帶/我是外送要取餐/但取餐等了半個小時/在我之後來的六七個人都拿走了/我也一直詢問是否準備好了/但是得到的回覆只有/快好了/到後來才有員工在櫃台旁的辦公室發現我的單子的那張清單/但餐點不知道跑去哪/所以去廚房幫我看看準備好了沒/是假的嗎/
C	比中和環球店不新鮮很多
D	服務生亞璇親切態度極佳/5星/ᴗ/
D	還不錯/點生魚片/有點小片/鰻魚和鮭魚握壽司挺好的/
C	初二來用餐品質下降/老顧客了味道有變/
D	熟食蠻多/對比較不吃生食的我還蠻友善的
C	用ubereats/叫餐點來吃/請問沒有醬油沒有哇沙米怎麼吃/
D	40元的鮪魚大腹/非常值得吃/80元的黑鮪魚大腹比較油/會在嘴巴融化/
D	新鮮/好吃/食材有多樣選擇/一早來吃都沒人/但吃完12點結帳時門外已爆滿/不是很喜歡吃壽司/但吃完的感覺是比爭鮮好/至少食物選擇多就贏了/甜點類/都不錯吃/吃壽司有咖啡喝很特別/個人會有食物過敏的體質/唯一感覺有問題的是湯類/喝完非常口渴/味精/小缺點是桌面沒有小垃圾桶/吃完產生的垃圾桶並沒有服務生會特別過來收/人多來吃又點很多就會發現此缺點/
D	吃過最棒的壽司郎/每個餐點都沒讓人失望
C	藏壽司很早就開放APP預約了/壽司郎怎麼APP還沒開放預約/只能現場取號等待/不是更造成群聚嗎/昨天打電話去壽司郎問至少20組在現場等
D	比較好吃的分店之一/
D	壽司新鮮好吃CP值高/超級推/但拿鐵千萬不要點/一人喝不到五口就沒了/整/杯/都/是/冰/塊/是在哈囉/
D	CP值高/種類多/好吃/連甜點冰品都好吃/但人很多
C	吃完疊盤子的時候發現每個盤子都好油/芥末超難開/味噌湯不好喝
C	cp值跟爭鮮比起來差蠻多的/鮭魚握壽司吃起來跟爭鮮差不多卻貴了一倍/而且請人幫忙說要收個用不到的碗/給的回答是那些要算錢不能收/結果結帳的時候問服務人員卻又說那些不用算錢/搞不懂那麼大間的連鎖幫忙收拾一下很困難嗎
C	用uber叫貴也就算了/吃完後拉個三天到現在菊花見紅苦不堪言/貴店對食材的把握及處理還有待加強
C	花枝很硬/有些迴轉帶上的壽司魚料都掉下來了
D	中午早點去用餐比較不用排隊/
D	防疫做的很好/每人一隔板/迴轉壽司也改成現點現做/防疫期間降低傳染風險
C	整體吃下來/只有茶碗蒸有記憶/覺得北車分店的比較好吃
D	三貫季的炙燒三貫/鮭魚三貫/炙燒鮭魚三貫都很棒/鮮度都有到標準/最喜歡大切生鮭/鮪魚大腹/炙燒干貝/壽司郎的鮭魚絕對大贏藏壽司
D	食材新鮮/美味可口/服務態度親切/效率佳/_/
C	跟其他家壽司郎比/品質比較差/生魚片都切好小
D	疫情期間/防疫也做得很好/服務跟餐點維持一樣的好/吃完來碗冰將將好
D	整體還可以/但現在不提供醬油碟不太方便
C	整間店都沒客人/等個餐點還要很久/問服務生還愛理不理的/不建議去
C	出餐速度有夠慢/店內客人都消化不了了/還接熊貓/嚴重影響用餐品質
D	冰品還不錯/價位較其他品牌連鎖店/藏壽司和爭鮮/來得高/但口味卻沒有其他家好/個人觀感/
D	商品種類多/嚐起來也很新鮮/點餐方式現代化/蠻有趣的/
D	環境整潔明亮/小缺點是用餐時間限制60分鐘/
D	好吃/現場要排隊等待/所以建議先電話預約囉/
D	心目中第一名的連鎖壽司/
D	下課總要去吃一下生魚片的吧
C	在現場抽號碼牌等了快一小時/眼看著號碼本來要到了/卻一直被剛到的手機預約插隊進來/請問現場等的客人時間比較多嗎/
D	生蝦子握壽司很好吃/蝦子本身沒有腥味/而且很甜
C	1101219中午到公館店/深嘆服務品質快速下降/玷污日本品牌名聲/忘了初衷
C	今天的外帶晚餐/花了600元但體驗很差/尤其是鮭魚味道很腥而且肉質很不新鮮/以後也不會外帶/
D	公館捷運站樓上/服務員熱情親切/環境乾淨/舒適/座位區具隱密感/點餐便利/送餐快速/壽司新鮮味美/種類多且現做/拉麵湯頭鮮美/但份量稍稍少了些
C	東西多/CP值不錯/但結帳員/大概心情不好/態度不好
D	口味有點重/但很滿足/肉厚有口感
D	最近新開幕/味道跟其他分店無異/顧客好像都是附近的學生
D	獨立座位舒坦/品項選擇多樣/口味都很鮮美/服務很好/
D	常常吃壽司郎/這間分店的湯匙沒有洗乾淨
D	覺得比爭鮮好吃/不過只能用餐一小時覺得有點短
C	特地下午來吃/居然沒有天婦羅綜合拼盤/等了好久都寫準備中/為了綜合拼盤來的卻沒供應/超級失望/
D	高cp值壽司
D	等待空間較小/每次去人都很多/建議先預約再到場/
D	握壽司的完整度尚有進步空間的/
C	1/使用APP訂位明明是顯示8/30/8/45報到/但在時間內到達現場也無視我給的訂位顯示/直接叫我們坐旁邊等/也沒有給號碼牌之類的/待遇跟沒訂位直接上來的一樣/雖然沒有等很久/但我提早訂位的意義是什麼/感覺很不好/2/一入坐桌子上邊邊有長頭髮及用過的衛生紙/3/上面沒有杯子而按服務鈴/服務員有道歉也態度親切/但後來拿了整盤杯子過來/很尷尬的在桌邊和我乾瞪眼/我也只能幫他接過放上去/4/點兩盤人氣炙烤三貫/一盤干貝是整顆一盤是半顆/也不是那個半顆的干貝比較大才切半顆/兩盤比對就是一樣大小的干貝一盤切半顆一盤是完整整顆/給人的觀感極差/按服務鈴反應後也只是道歉拿走/不久後直接用鏈送過來而已/沒有其他解釋的嗎/5/點兩盤炸花枝天婦羅握壽司/其中一貫中間內容物是生的/生得太誇張/顏色是呈現半透明/到底/也不想再按服務鈴了/真的就很想趕快吃完走人/喔/再順帶一提/請服務員送過來的胡椒粉包跟鹽包/整個都是油的/難開就算了/好不容易開完手指也都是油哈/再再提一個好了/送過來的壽司盤底部也都是油的/每拿一次手就要擦一擦濕紙巾/真的傻爆眼的一餐真好笑喔/真的是吃不到一小時的一餐怎麼能發生那麼多爛事/是這家分店比較特殊嗎/加油吧/壽司郎還是很好吃的/但我想不會再來這間分店用餐/當然/短時間內都不想在壽司郎用餐了/
C	我覺得壽司真的很好吃/本來也很常跟朋友一起來吃/但今天晚上結帳的時候遇到態度真的超兇而且超沒禮貌的店員/人很多也不想耽誤其他客人所以算了/心裡還是覺得被兇的莫名其妙/但我絕對再也不會來吃了/要吃也會換去其他家吃/壽司郎史上最糟用餐經驗/
D	播報員勇氣可嘉/五顆星是送給你的/
C	其實我很喜歡壽司郎跟藏壽司/剛開幕的時候都讓我很驚艷也非常常來/上週公館店是我第一次造訪/跟友人吃了大約30幾盤以上/很喜歡壽司郎的我竟然會認為今天點的只有鮪魚大腹跟中腹是新鮮的/其餘鮭魚跟貝類都有放久的海鮮味/然後最扯的是壽司郎我最愛的一道蒜味炸花枝壽司點過後大概20秒就送上來竟然是涼的跟軟的/不能接受的點是/盤子上有很多污垢看起來像是沒有洗乾淨的/原本我以為是壽司的調味料沾到/結果抬起來看背面/超級髒/一間連鎖日本評選為第一名的迴轉壽司/不應該有這種失誤吧/反正公館店是不會再去了/一星是給鮪魚真的非常好吃
D	高CP值的美味壽司/可以APP先訂位抽號碼牌再去/一定要配一杯啤酒
C	和牛壽司又貴又普/其他壽司的部分別家分店比較好吃
C	2021/01/21/11AM/13桌/肉還不錯/飯之間的空氣感不錯/芥末與醬也不錯/一進去櫃檯完全沒人/現場配料/餐具等配置非常不人性化/或應說不友善/很難理解我現在可以做什麼/店內的喇叭放出的音樂或音效都非常刺耳/喇叭品質很爛/轉盤上很多壽司都東倒西歪/也沒有藏壽司或爭鮮那種蓋子/看起來無論心理或生理層面都感到難受/不知道垃圾要丟哪/點餐人員連續兩次在我前後的客人附近接受點餐/當客人/取消/或/不取消/餐點時/那名人員會提高分貝對著對講機大喊/客人不取消了喔/x/1/3次/或/客人取消了/x/1/3次/每一次吶喊都會提高分貝/在每一個單字上加重語氣/如/客人取/消/了/很明顯地想要製造讓人不悅的心理創傷/雖然我只是旁聽者/我依然在這裡決定了要離開這家店/結帳前我似乎被強加了一套勞動義務/要把餐盤移到走道邊/臨桌結算人員沒提醒離開時要帶牌子/一開始也有說過第一次來/導致結帳時還要再走回去拿牌子才能結帳/然而牌子與結帳完成與否沒有任何關係/
C	不喜歡用木頭筷/也不喜歡沒有提供乾衛生紙/連薑片也沒有
D	壽司郎魚肉蠻新鮮的/但是可能因為是機器握的壽司/有時候我一夾握壽司飯就散掉了/
D	如果在吃飯時間去的話最好先用app預約
C	1/店非常小/擁擠/2/用點餐機點竟然會掉單/3/壽司的飯都捏不好/細細碎碎/一夾就掉/吃起來真的很煩躁/4/去過其他店吃過鮭魚大小都算中上/真的覺得公館店的鮭魚大小特別小/跟爭鮮的差不多小/總結這個CP值不如去吃爭鮮/以後再也不會光臨公館店
C	沒內用了也能搞錯餐點/員工素質有待提升
D	點餐方便迅速/餐點多樣選擇/用餐環境不受干擾/不錯的選擇
C	系統時間有問題你要先講/一小時前看時間剩50分鐘一小時後看變還要65分鐘/鮭魚不只是會洄游還會時光回溯嗎/入座似乎也不照序號/只為了讓鮭魚們排更久的隊伍/今天沒能力辦活動就不要亂辦/自以為很會行銷讓客人體驗有夠差/被知道同行者有鮭魚後態度大轉變/把鮭魚/集中座位在壽司軌道下游/並且一入座五分鐘機台就限制不能點壽司/跟刺身類食物/阿我進來壽司郎是要吃拉麵/跟蛋糕/嗎/時不時系統停止下訂單/如果是內外場人手問題/昨天就該發現/並從預約時控制人數/雖然吃到免費的壽司/很爽/但完全不能認同店家的態度/相較之下其他分店態度良好/這家店完全把鮭魚看成敵人在對待/今天出這個活動是你們的老闆/做的要死要活卻不能加薪就去找上司算帳好嗎/不會再吃這間店了/相信大家的體驗跟我相近/經過這次之後/公館壽司郎變成免費送我才想吃的餐廳
C	外帶餐點顯示已可以取餐/到現場等卻說員工按錯當場才開始做/造成/室內多人群聚/需要大大改進
D	公館好吃的日本料理店
D	很好吃/只是坐位有點小
C	在來客人多時/大排人龍那種/食物口感品質不穩定/炸物明顯有油耗味/多次回溫炸的可能/尤其是炸天婦羅/另外需特別注意的是點餐Pad的腳架區塊有陳年污溝/底座區應該都沒擦拭清潔過更別說是消毒了/疫情期間應該特別注意/去了3次不同的四人桌都有同樣的衛生問題/
D	炙燒系列都好吃/茶碗蒸好吃
D	行/安康魚肝可以/松葉蟹蟹膏也ok/赤蝦也不錯
C	環境真的不太乾淨/桌上很多垢和掉落的渣/餐盤也沒洗淨/有個櫃檯服務員態度超差的/安排帶位有問題/看評論已經不少人反應了/但壽司郎似乎不處理也不改善/不會想來這家光顧了
D	好鹹/從鮭魚壽司到茶碗蒸都好鹹/尤其是蝦卵壽司/鹹的像剛從海裡撈出來的一樣/相較之下醬油只是添個香氣罷了/
D	還不錯/但藏壽司似乎樣式更多/
C	連一顆星都不值/外帶壽司依照店員告知時間來取餐又多等了10分鐘/還是我提醒才倉促出餐/現場候位也不需要等這麼久/不遵守時間跟信用/觀感很差不會再光顧
D	好吃/東西新鮮/服務也很好
C	大排長龍/但還是把人都趕在外面群聚/店員叫你出去的時候還會對你大吼/服務態度真的扯
D	食材新鮮/也不需等候太久入坐/用餐環境舒適乾淨/不錯吃/但是外帶壽司有很空虛的感覺
C	環境很髒亂/大門口玻璃非常骯髒/點餐電腦上面都黏黏的/倒水的出水口都是污漬/第一次到這裏用餐/環境就會讓人感覺過程很不舒服/服務人員散漫不客氣更令人傻眼/很多海鮮都有腥味/吃起來很反胃/用餐不到20分鐘就馬上離開了/建議愛乾淨的人不要來這邊用餐/
C	臺北目前用餐過的壽司郎/環境衛生最差的一家/可能因為過年期間食材供應問題/提供的海鮮部位也較不優/炸品相較於其他家稍油/
C	服務態度不好/和服務人員要衛生紙既然跟我說廁所裡有
D	防疫期間大桌上限兩位客人/吧台小桌上限一位客人
D	新品海膽拌麵麵Q彈/海膽醬汁鮮甜/整體好吃份量十足/鮭魚刺身非常鮮甜/最後點餐到晚上十點
D	鮪魚口味都很棒/每次來都有送消費券/雖然只有20元/大多數海鮮都不能吃的我/也有不少肉類和蔬菜的選擇/而且常常可以期待限定商品和甜點
C	去吃每盤都是現點/但明明點很多炙燒卻都是冰的/而且回家之後狂拉肚子/吃過其他家分店也不會這樣/衛生真的要改進/
D	整體品質還不錯/雖然海膽個人覺得還是有點腥但其他壽司品項都OK/店內服務也蠻積極的/
C	本來很喜歡/但上周去領了號碼牌/結果預估時間從20分鐘跳到十分鐘/接著要跳到40/60/120分鐘/明明我們也才兩個人/小姐現場說吧檯位子有空位/不給現場那麼多有預約的客人進去/卻是開放給剛到也沒抽牌的兩組客人/希望能加強貴公司抽號系統/不然當客人是白癡嗎/說時間到了叫你來然後又給你跳時間跳號
C	鮪魚中腹的顏色不對/也完全沒油脂/海膽是臭的/苦的/第一次在美麗華店吃這2樣也是/味增湯/茶碗蒸口味都偏鹹/鮭魚腹/蝦三貫/干貝還不錯/如果等級高一點的食材只能有這種水平/建議不如不要賣/免得讓人誤會這些食材原本就是這種味道/
D	芒果冰的芒果珍珠蠻甜的/壽司很新鮮/很好吃
D	目前來臺灣的日系連鎖迴轉壽司品牌吃的最喜歡的一家/基本上每個月都會來吃一次解癮/東西種類繁多/季節菜色有變化/每月都有新品推出/
C	食物以連鎖壽司店來講很好吃/但來了很多次/服務越來越兩光/櫃檯有客人在等桌/也有客人要結帳/竟然可以在旁邊聊天讓人等快2分鐘/來了以後帶錯位/帶到沒有壽司可以拿的位置/換位置後沒有抹茶粉/筷子剩一雙/小湯匙空的/外場都沒有員工訓練嗎/這種服務品質到底是怎樣/
D	林冠X服務員服務一級棒/有問題都非常耐心處理
D	壽司還是好吃/而且集點還有妞蛋喔
C	店還是有差異嗎/吃過中華店很多次/北車也吃過一次/公館店品質上/飯捏太鬆一夾就散掉/飯口感也比較乾/而魚肉的大小也有差/還是喜歡中華店的品質/
C	不知怎麼沒有向藏壽司/百八魚場/等日系連瑣店的入場需量體温與酒精手部清潔防疫措施/服務人員聚集聊天/真虧了/鲑魚/的行銷/
D	家族聚餐也粉方便/地點好餐點優/
D	環境不錯明亮/間隔距離恰好不會太擠/點餐上菜很快/食材新鮮/抹茶好喝喝了好幾杯/服務員不錯/唯一挑剔/一盤便宜5/10元/對小資人更吃得起更多囉/希望店家有優惠價/更吸引客來品嚐好吃握壽司/
C	這間店品管嚴重有問題/上週去吃/點了酪梨炸蝦卷/裡面沒有酪梨/我以為菜單改了/沒多想就吃了/後來再看菜單/上面確實是有寫酪梨/原以為是廚房忘了包/便想算了/隔週回訪了/點了同品項/發現還是沒放酪梨/我詢問服人員/她拿了我的那盤沒有酪梨的炸蝦卷說要問內場/幾分鐘後回來/跟我說晚點會再補一份給我/之後來了一份/根本只沾了非常隱約/幾乎看不見的綠色酪梨炸蝦卷給我/一盤兩個只有一個有/另一個根本沒有/不知道這間店是想節省成本還是怎麼樣/非常差勁/不會再回訪這間分店
D	食物新鮮好吃/但排隊人潮好多/來之前最好先用app查看等候時間/如果太久還有其他分店可以選擇/
C	不是欸/APP給的預約時間是假的是不是啊/到了現場還要等10組是怎樣/到底哪個天才設計的定位服務啊/爛死了/欺騙消費者/很可惡
D	Cp值真的蠻高的/可惜衛生清潔方面要再注意一點點/星期天晚上7點出頭進去/大概10分鐘內等到吧檯位子/一入座就看到/擋板上都是之前客人不小心噴灑出來的醬油/餐點的部分/真如同其他客人所說的/三隻蝦那盤真的超好吃又甜/茶碗蒸/天婦羅/哈密瓜雪花冰相當驚艷/其他就勉強/至少比國內品牌好吃/希望醋飯的部分能再加強就好了/還是很多一夾就散/
D	壽司種類多/屬於平價迴轉壽司/常常會有活動/有新品/比較常吃的還是鮮蝦三貫的組合/新的豪華蟹肉拉麵雖然有點鹹/但就是跟日本道地拉麵一樣的鹹味/可以吃到螃蟹的鮮味與蟹肉/會推薦試試/
D	一直生意都很好的迴轉壽司店
D	位置充裕/不會等太久
D	C/P值非常高的壽司店/推薦大家多訪
D	我覺得海膽海苔包跟黑鮪魚腹很好吃/天婦羅綜合拼盤CP值很高/份量多適合兩個人分食/黑鮪魚腹肉入口即化/推薦/
D	不必接觸人為的點單送餐服務/防疫期間再好不過的好所在/為何來此的客人不好好戴口罩/也沒有公共衛生的道德修養/真是憾心/
C	2/13/三/18/30手機取號時顯示約需等20分鐘/大約18/40到店報到/等待過程中App顯示的等候時間在10分鐘/15分鐘和20分鐘不規則的跳來跳去/最後19/12入座/我認為是店員操作系統有誤/食物和價錢都不錯/
D	新鮮好吃/
C	app點餐報到後/櫃台小姐說約需等7組50分鐘/在現場候位等了一個小時再去問櫃台/櫃台小姐說前面有8組還要再等一個小時
C	食材非常好/服務生太愛聊天/第一次去坐靠近廚房的吧台/廚房瘋狂聊天只是感覺員工感情好/第二次去坐靠近走道/發現員工是先聊天再服務客人/還當眾打情罵俏說他們今天在一起了/大聲嚷嚷到已經影響食物美味/第三次去坐裡面/遠離服務生聚集處/終於清淨些/可以好好沈浸在食物的美味當中/每次去椅子都有髒污/醬油/抹茶粉/大片未乾的濕面積/
D	還不錯/偶爾吃一次蠻爽的
D	可用APP先預約/但記得還要在店門口處報到/算蠻方便的/不像有些店家得先親自取得號碼牌/雖然價格比爭鮮還貴/但壽司種類多樣性/也比較好吃/CP值還算OK/值得推薦/
D	我最喜歡吃生魚片壽司
D	壽司的飯比較鬆/才夾第一顆就整個鬆掉/掉在桌上了/聖代好吃/菜單豐富且多樣性/新鮮度還可以/
D	今天是平日大約12點多來用餐/雖然App很掉漆/但是現場沒有等候到/上餐的速度也很快/在未客滿的情況下不會來趕人/對於第一次來用餐的客人都有仔細的說明/這點我們後面來的客人也都有聽到很仔細的講解/另外值得一提的是炸物真的處理的很不錯/尤其是星鰻令人驚艷/海膽的味道比較重/但是其他生食表現也都很棒/絕對是會再來的餐廳/謝謝你們讓我們今天吃的很開心/
D	特色壽司/好吃/環境令人愉快放鬆
C	跟朋友兩個人去吃/吃了超過1600/個人感覺/對於食量比較大的人/價格有些高/去吃吃到飽的餐廳/選擇性更多/也比較划算
C	鮪魚大腹有筋咬不斷/怎麼可以這麼扯XD
C	地點非常方便/但餐點品質有一點不穩定/上次點酪梨炸蝦卷居然沒有酪梨也出餐/需要顧一下品質跟口碑
D	座位多一般時間不需要排隊/除了目錄上的壽司以外廚房有時候也會放上一些特別的壽司料理/
D	想吃壽司的時候都會來/三種組合的蝦壽司非常實惠/但有時候軍艦壽司的海苔會有點潮/
C	第二次來/預約但被改現場位重新排第二次隊/建議/App上限制人數與桌位/給客人不可能的選項是很糟糕的/另外/重拍要在現場所有人後面請先告知/不是傻傻等下去問了才知道被退到最低優先重排/
D	乾淨/服務又好/價錢公道/新鮮美味/
C	東西不錯吃沒問題/但/忙碌時可能衛生情況要注意/上一桌的沒擦乾就算了/連筷子盒內都有點髒/又濕又有不明物/我重擦兩次才敢用
C	外帶三人餐/但湯給不到一半/打電話去問一直說是公司規定
D	非巔峰時段人不算多/人多的用餐時段建議先網路預約/壽司/麵/湯跟甜點冰品皆有不錯水準/品項較爭鮮多/價位跟取向大致跟藏壽司差不多/冰品滿厲害的/缺點是沒有賣手卷/算是不錯的迴轉壽司店/集點規則略顯麻煩/
C	內場服務態度很好/可是外場結帳小姐態度差到一個爆炸/同行朋友結帳詢問可否電子支付/一副自己不會看牆壁還翻白眼/拿出信用卡詢問可刷否居然搶客人信用卡直接刷/這個態度很不行/明明晚上九點多已經沒有什麼客人/重點是沒有人排隊結帳/還可以這麼不耐煩一副你來櫃檯要幹嘛的表情/還不掛名牌怕人家看超跩/對/不爽不要做/客人好聲好氣也不是讓你跩個二五八萬的出氣包/
D	雖然人很多/但不會等太久/也可以抽完號碼排去附近晃晃/附近很熱鬧/過號也不用緊張/因為可以保留30分鐘/而且店員服務態度也不錯/食物也好吃/最喜歡吃炙燒系列/
D	雖然等位有點久/但現在可以使用app取號訂位很方便/而且食材都很新鮮鮮甜/每樣餐點都非常美味/
C	一般來講/壽司店為了保鮮食物/室溫比較低比較涼快/但是這一家喝了它的綠茶粉泡的熱茶/馬上身體冒汗/感覺到外面的暑夏竟然也來吃壽司了/原因應該是冷氣溫度不夠/又為了方便服務把客人都集中安排在同一邊/人氣帶來溫度上升/再加上熾熱燈泡就在座位上方/難怪喝茶吃拉麵就汗流不止/身體黏答答的不好受/跟另一家迴轉的XX相比/壽司的味道確實明顯好吃/當然價位也確實高出不少/可能是現點現做現送/不是放著來回的迴轉/所以新鮮好吃/那家XX可能因為要不斷迴轉壽司/為了保鮮所以冷氣溫度特別低/可以爽喝茶包泡的熱茶/熱湯/嚴格來講/這家店其實並不差/還是可以繼續光顧/不過我會等天氣轉冷時再來/或是買外帶回家吃/
C	帶長輩跟小孩app預約訂了位/結果被要求分開坐/只能在現場等了一下/在被安排到超擠的座位/吃到手會酸/服務態度不錯/至少解決了訂位卻沒位置的問題/
C	硬體超好/地點絕佳/只可惜真的覺得不好吃的迴轉壽司店/第一次台灣/日本有這種感覺/點了茶碗蒸2份都超鹹/反映後廚師說味道為正常標準/如果堅持不合口味/最後退費/中腹/大腹也沒有那種很幸福的口感/真是/滿失敗的/
C	赤蝦感覺不太新鮮/
D	用餐環境不錯/食物品質也算穩定
C	跟一個月前來時/壽司大小很明顯小一圈/連帶魚料也縮水/跟十元壽司差不了多少了/服務一樣優質/希望疫情穩定後/進貨成本降低能恢復原水準/
D	新鮮的食物/舒適的空間/服務又很好/
D	很快就有位置/釜玉烏龍麵偏鹹
D	新鮮美味/服務親切
C	有夠普通還一堆人排隊/笑死
C	服務人員態度很好/壽司還可/但第一次去跟其他家壽司郎比起來飯沒有捏得那麼紮實/容易整坨崩掉/後來幾次就還好/但主要是App的候位時間會一直跳來跳去真的很誇張/等候需80分鐘時領號碼牌/結果後來直接跳到165分鐘/建議大家不要現場領號碼牌/還是用訂位的比較穩定
D	2/13/六/初二早上11/30去/前晚用App订位/東西都好好吃/但蟹肉吃得出來是冰凍一陣子/口感不佳/其它都好新鮮/4人吃了37xx/吃得好撐/建議飯量可已再減少/如此还能多點其它來吃
D	很好吃/超喜歡這邊的壽司/不管是生魚片或者熟食壽司滋味都很棒/超喜歡加柚子醋的壽司了/缺點是杯子有魚腥味/拿了好幾個都有這種味道/
C	剛改名去吃/結果超後悔的/魚都生的/直接就擺在飯上/東西沒煮熟都敢拿出來賣/不可能再去/我要去把名字改回來了
D	偶爾想吃壽司就會來
C	結帳時女店員未詢問是否有集點卡/是否需要集點/態度也冷淡到令人懷疑發生什麼事/離店後才想起只能吃悶虧/下次不會考慮再訪該分店/
C	送錯2次/結帳錯一次/服務差
D	東西新鮮好吃/服務人員態度熱忱/
D	店員服務態度很好/食物很好吃
D	常來吃的愛店/還曾經遇到/鮭魚祭/大亂鬥/驚訝到人潮洶湧而來的盛況/以及見識到人性的貪婪/嚇到/
C	跟日本的壽司郎味道也差太多了而且好多產品都沒有/這麼多連鎖店也不應該東西是這樣的品質/大蝦送上來是冰的/炸雞也不是日式炸雞的味道而且肉一點點而已都是粉/想試試看拉麵結果湯頭口感就像調理包/非常失望
D	人太多/品質快變真鮮啦
D	可以輕鬆用餐又美味的地方/
C	食材新鮮度是不錯的/不過很討厭每一包Wasabi/弄得像小糖包/吃個壽司還要一直擠那一小包的芥末/
D	防疫嚴謹/人潮到晚上6點會很多
C	整體三顆星/食物方面有點小貴但還可以接受/拉麵不錯吃/很濃郁/炙燒鮭魚很讚/推推/外場服務態度普普/按了服務鈴卻沒有人來/要自己叫了才有回應/有點雷
C	吃過北車和西門的壽司郎後覺得公館的是最不好吃跟衛生最不好的一家分店/很多餐具都沒有洗乾淨/送餐也送錯兩次/鮭魚不新鮮有怪味/希望公館店能改進
D	東西意外的便宜/物超所值/是會想再光顧的店/只是訂位還要下載專屬的app有點麻煩/畢竟我個人一年也吃不到兩/三次
D	壽司/魚/新鮮/40元/炸蝦天/蝦子菜都很新鮮甜美/只是沒有手捲/
D	環境很乾淨/服務人員專業有禮/今天的炸物稍微有些油膩/但是壽司比其他分店好吃/
C	七月限定/昆布風味比目魚/嚼不動/味道差/應該放一陣子了/花80元吃這貫/感覺舌頭被侮辱了/個人非常不推/多給一顆星是因為赤蝦很新鮮且大尾/好吃/
D	辛苦所有員工了/該檢討的是負責配套措施的人員與長官/你們的店很好吃/這兩天辛苦了/
D	附件停車較不方便/請搭乘大眾運輸
D	生意很好/壽司也好吃
D	環境不錯/且餐點非常多樣/吃不會膩/男女廁所空間很大且還有免治馬桶/非常乾淨整潔/唯一可以挑剔的大概就是那格格不入的聖誕裝飾了/膠帶貼的實在很醜/看起來就是不用心非常應付的感覺/但去過壽司郎我應該不會再去吃爭鮮了/推薦一定要點他們的薯條跟芒果或哈密瓜口味的冰品/非常好吃又超值/
C	7/8/11/45用餐/以前在其他分店很喜歡點鮮蝦三貫/今日在公館店點了後吃非常難過/蝦子的都有很重的藥水味QQ
D	熱門時段先用APP預約較好
D	喜歡壽司米飯有點溫溫的口感/而且軟硬適中/海鮮部分都很新鮮/尤其炙燒的部分香氣十足/甜點也不錯吃/
D	鮮蝦三貫cp值蠻高/但吃起來覺得覺得還好/干貝普通/不過花枝蒜香天婦羅蠻不錯的/推推/鮮蝦天婦羅普通/茶碗蒸還好/抹茶粉蠻好的/推推/第三次來/新增一些東西/挑名字有/三種/的選/cp值最高/今天吃干貝覺得給過/茶碗蒸很好吃/蟹肉軍艦給過/炸起司條不錯/烤布蕾給過/起司鮭魚XXXXXX/只吃到起司味/鮭魚整個被消失/不推/鹽烤牛肉不值得點/第四次來/新增/玉子天婦羅/勉強給過/千層蛋糕/沒有80塊的價值/比便利商店的還難吃/連吃兩種天婦羅/炸起司條/結果有點膩/XDD/今天吃的四個品項可能下次都不會再點了/玉子天婦羅/花枝天婦羅/炸起司條/今天的不好吃/千層蛋糕/芒果雪花冰給過/來計畫一下下次吃什麼/星鰻/蟹膏/蝦/貝柱/干貝/茶碗蒸/今天又來吃/今天吃得很開心/茶碗蒸很冷/根本沒加熱夠就端上來/不過還是好吃/煙燻鮭魚2種/好吃/極上鮪魚大腹/有筋/但還是好吃/炙燒喜知次/好小一塊而且跟飯分離/加減吃/吃氣味ㄉ/貝柱天婦羅/現炸的/好好吃超好吃/
C	壽司比藏壽司好一點點/但服務還好
C	晚上19/40用app抽號碼牌/顯示要等75分鐘/但實際入場時間已經超過21/10了/雖然有廣播最後點餐時間是21/30/但是感覺還是很不好/若是如此會希望21點後就不再收人了/
D	每間分店生意都很好/點餐餐點有另外的輸送軌道/不會被別人攔下/想吃平價握壽司時/就會來這兒享用/
C	位置在公館捷運站共構大樓樓上/以平板電腦點餐的自助式日式料理餐廳/提供壽司/拉麵烏龍麵/天婦羅炸物/醬菜及甜點等食材/點選後由上行軌道傳輸線傳送到客人的位置/下行軌道則固定傳送一盤盤握壽司供客人加點/是大眾化平價的飲食環境/
D	鮪魚好吃
C	平板沒有通知鈴/等不到店員/排完隊結帳時才告知需桌邊結帳/直接要求我重新排隊/號碼牌上表示結帳直接帶號碼牌就好/店員還要求我重新排隊/後來詢問店員跟我說我的平板有問題所以沒有服務鈴/那憑什麼要求我重排
C	展店速度太快/直接導致品質下降了/6/21晚間用餐/用平板現點的大切鮭魚/魚料是溫的/豪華貝柱不甜也不Q/甜蝦/赤蝦都沒以前的水準/j
C	今天的現點壽司都是冷的
C	刺身選擇性少/握壽司品項還算多/食材新鮮價位合理/我推炸蝦烏龍麵但/份量不是很大碗/
C	雖食材還可以/但不知道去的時侯師傅心情不好還是新手關係/壽司部份會塌掉/生魚片也掉下來
D	雖然人多但翻桌很快/食材新鮮/整體也是在水準上/這次稍稍可惜/點的鮪魚中腹感覺切的位置不好/有吃到筋的口感/不過米飯鬆緊剛好
C	味增湯的味道感覺很廉價/茶碗蒸好吃/整體用餐體驗尚可/點數收集是個坑錢的系統/除非友人想吃/否則不會再去/
D	好吃且有特色的壽司店
C	感覺很廉價/爭鮮還比較舒服
C	2020/7/14/12桌後面/有一群人看似員工/又像員工的朋友/約有十人/或坐或站/大聲喧嘩/也幾無用餐/非常破壞食慾/也擋住正常員工進出/經反應/無效/只好草草吃吃離開/太糟糕了/要不是無法零顆星/我真的就給零顆星
D	生魚片壽司新鮮/產品多元化多重選擇/甜點及冰品好吃/讚/
D	餐廳本身中規中矩/不過隔壁就是萵苣健身房/出來消毒水味蠻重/
C	今日用餐/有帶小小孩/怕小孩鬧/在外等候/叫到進去/不到2分鐘/直接過號給旁邊的人/多等15分/小孩在裡面餓到哭鬧/所以帶小孩都是活該/經驗分享
D	東西新鮮好吃/CP值還不錯
D	食物還算新鮮/推薦炙燒起司鮭魚/烤貝柱/烤星鰻/服務動作快/有免費抹茶自行取用這點很棒
C	品質比起疫情爆發前有比較差一些
D	好吃/服務好/不過排隊要排很久/事先預約才不用等喔
C	等了兩小時/9點30才進場/10點打烊/不建議現在熱潮去/等熱潮過了/不過不會再去了
C	來吃過5/6次/覺得品質越來越差/點餐完送來結果料跟飯分離
C	出這樣的紫蘇葉這樣可以嗎/
D	有多樣料理與台北其他迴轉壽司店不同/用平板電腦點餐可以享受食物專車送到的樂趣/
C	9/25入座/9/30關閉點餐系統/轉盤上的壽司飯都已經黏在一起了/詢問店員是否能加點也被拒絕/覺得這個制度很不ok/很像是在趕客人
C	餐點種類繁多/且新鮮美味/價格雖比某家迴轉壽司稍貴/但還蠻值得的/用平板電腦點餐/相當方便/不但菜單一目瞭然/也可查看點餐紀錄/點餐後/出餐也蠻快的/整體而言/用餐環境整潔舒爽/餐點口感佳/值得品嚐/但今日用餐時/發現茶杯內有茶垢/如照片/有待改善/
D	雖然覺得貴貴的/但是很快速/品質ok
D	好吃/候位算蠻快的
C	櫃檯服務小姐態度極差/完全沒有危機處理能力/用app點餐等了90分鐘又叫人重新等80分鐘/氣到吃不下去/
D	很鮮/但是服務生常不小心掉盤子/注意別被嚇到/
D	交通方便/在公館站樓上
D	時常光顧/每一次去都不會失望
D	分店環境不錯
C	心血來潮想吃/來點外帶/口口聲聲說現點現做/拿到之後根本是拿轉盤上的給你/軍艦海苔軟的黏在爛爛的飯上/所有壽司上的生魚片都是熱的/超噁/不要吃這家/尤其是外帶/無良商家
D	新鮮/好吃/尤其是生蝦/鮮甜美味/但是只能吃一個小時/真的太趕了/
D	盡量別在尖峰時候去/早一點晚一點
C	明明就有抽號碼牌/八位/而且剛開門沒啥客人/為什麼帶位的店員一定要我們六個人擠一桌/然後兩個人坐吧台呢/
D	品項選擇多/線上預約很方便
C	晚餐時間現場抽號碼牌/銀幕上的等候時間30分鐘/現場等了2個小時還沒等到/真是爛
D	炸物握壽司種類多/抹茶冰品/優/送餐速度快/唯握壽司不夠緊實/
D	餐點種類選擇多/食材也新鮮/就是座位小了點/餐桌不擺垃圾桶比較困擾
D	醋飯有點太鬆/整體還是好吃
D	迴轉壽司沒幾樣/還好吧台有平板點菜/點菜式新穎/上菜快/好吃是好吃/但荷包要夠深/
D	環境明亮/乾淨/食材新鮮
C	出餐速度這次有點慢
D	餐點選擇多樣化/唯一缺點就是軌道上的餐點均未蓋上蓋子/衛生堪虞/
C	推薦平日用餐/不用排隊/假日真心不推/預約訂位還排隊等了快1小時才能用餐
D	除了預約問題一大堆外這裡的服務越來越好了/希望未來可以有更多的菜單內容/目前和總店比還是有一段差距/加油/
C	就是現在這個時刻/店裡面是有空位的/有許多空位/詢問服務生為何不帶位/服務生回答/人手不足/現場看起來確實人手不足/不是責怪服務生/是你們業主/搞笑嗎
D	生魚片/貝類新鮮好吃/座位區有抹茶粉/橘醋/甘口醬油等可自行取用/座位很大/都有隔板區分開來/傍晚用餐時間前前往/剛開不見仍可見生意蠻好的/員工們都很有活力/
D	好吃/真心推薦/但一定要預先訂位/不然應該會等蠻久的
D	特選干貝很甜/松葉蟹味道有點淡沒什麼味道/其他壽司都不錯吃
C	茶碗蒸好吃料很豐富/大切生鮭魚有筋不好咬/然後味增湯真的太鹹了/
D	用餐時間人多/沒有預約可以先用app抽號碼牌/到了要先到櫃檯報導喔
C	茶碗蒸的鮭魚有魚刺/壽司米常常一夾就散掉/其他都很好/整體來說食物和服務都是很好的
D	餐點好吃/CP值高/
C	/請小心app等待時間超不準/17/30報到20/00才吃到/App顯示等待時間18/30就顯示剩30分鐘/時間在30分鐘反覆加加減減直到入場/
C	我們現場取號/在比預期時間早到情況下/仍然沒聽見叫號/與櫃檯詢問之後才知道已經過號/總共等待時間一個小時以上/
D	來朝聖一下/人爆多/吃起來跟在日本的迴轉壽司差不多/價格也是差不多/
D	新鮮/好吃/衛生/安心/便利/
D	好吃新鮮/服務符合日系期待值/推螺肉握壽司/
C	外帶份量變成一半/魚比爭鮮還小/實在非常離譜
C	候位寫15分鐘/但等了半小時/
C	120元一盤A5黑毛和牛壽司像在吃又厚又難以下嚥的肉乾/
D	就是壽司郎
C	覺得員工態度訓練要再加強
C	位置窄/很吵/其他壽司店都比他好/早知看評價再來吃/覺得被騙
C	來第三次了/每次吃的味道都不太一樣/品質不穩定/可能會踩雷/
C	一小時前app訂位寫等80分鐘/半小時前看變130分鐘/剛看又是80分鐘/打過去外場一直說不知道要現場排
D	東西好吃/環境不錯/只是今晚居然沒了發票/管理上有點問題/
D	每桌有專屬的點餐平板加點方便/還有專屬的軌道送達/令人感覺貼心/
C	叫號不準/寫10分鐘等半小時
D	種類相當多/可滿足多數人的味蕾/價格還算合理/點餐後/出餐速度也夠快/
D	整體吃起來不錯/尤其是蝦類的壽司/只是人潮很多需要排隊
D	好吃/建議先用手機app訂位/不然要等很久
D	人爆多/最好用App先訂位/即使顯示時間快到可能還要等一會
D	壽司郎畢竟是旋轉壽司首選/可惜公館店受到坪數限制/整體給人感覺狹窄了些/
D	壽司郎到底是什麼人間美味入口即化的食物/鮭魚生魚片組合真的超好吃
D	蒸蛋一級棒/想吃又不想等的記得網上預約呦ヾ/ノ
D	壽司郎真的比藏壽司好吃
D	好吃的迴轉壽司
C	服務人員態度剛好/CP值尚Okay/桌面/餐具與調味料容器等清潔程度仍有待加強/
C	壽司郎的鮭魚偏小但就40元而已沒什麼好挑剔
D	品項多元/食材新鮮/品質好的日本直營迴轉壽司/
D	整體優質/硬要挑就是座位跟桌子間隔太小/有歧視胖子的問題
C	唯一吃過白蝦不新鮮的分店/平日下午去人少
C	環境整潔/服務態度很好
D	餐點美味服務好/D/雖然價格對學生來說還是有點小貴/
C	我覺得吃起來的感覺跟爭鮮差不多
C	比爭鮮選擇多很多/但食材仍免不了只停留於速食店的等級/
D	地點方便/用餐環境也很不錯/好吃/
D	鮪魚和鮭魚很好吃
D	這家分店不需要排隊太久/壽司郎好吃就不用多說了/
D	和爭鮮有很大不同/菜色看來豐富多了/而且好吃/但有些貴/不能常吃呢
C	環境吵雜/送餐速度Ok/但真的不太好吃耶/奉勸各位是不用來
C	等很久/叫號騙人
C	不錯
D	標準迴轉壽司/一人用餐也棒/集點沒誠意/
D	最好吃的平價壽司店
D	食材新鮮/價格親民/環境舒服/跟類價格品牌相比/我認為第一名/真心推薦/
D	食材新鮮/早點用餐人比較少/價格還算可接受
D	用餐環境明亮寬敞/服務人員親切專業/食材新鮮cp值不錯
D	生鮮蝦系列還是不錯/整體算中上水準
C	剛進去吃的很開心吃過一輪後覺得膩沒什麼驚喜的壽司了
D	座位有點窄/但是是我心目中最愛的旋轉壽司店
D	好吃/不貴/新鮮/只是用餐時間只有1小/可惜了
C	週日下午三點現場還是等很久/建議一定要使用app預約
D	餐點好吃/但要等很久/很辛苦
C	外場人手超級不足/結帳等不到人數盤子/結帳櫃檯也要等半天才有人來結帳
D	壽司郎就是讚
D	肚子很餓的時候去會失去理智一直取盤/食材好又美味
D	東西還可以
D	好吃/不只壽司/附食薯條/炸南瓜意外好吃
C	覺得這家的服務態度非常不行/結帳退帳完全沒照順序/退刷最後就是了
D	太幸運選擇平常日/有位子又不用等/很愛吃壽司
C	預計等候時間完全僅供參考/請自行乘上至少兩倍以上的時間/外場人員也是一問三不知/極度不推薦
C	無法理解為什麼離最後點餐只剩5分鐘還能接客/用餐體驗極度不佳
D	食材鮮美/登記排隊方式/讓人等待期間也會很舒服
C	吃過那麼多家/這是我吃過最難吃的/有點東西
C	假日服務有待加強/架上沒芥茉/沒筷子/沒薑片/沒抹茶粉
D	好吃/相對也較貴/假日人很多建議先預約
D	美味/只是要先訂位不然要等比較久
D	好吃/但我覺得越來越髒了
D	尖峰時段人真的很多
C	人多/品項少/飯多/魚少/吵雜多/候位久/留給時間多但不懂品質的學生吃剛好
D	壽司美味好吃/環境舒服/服務人員有禮貌/迴轉壽司還是最喜歡吃壽司郎/
D	超好吃的/而且跟爭鮮或藏壽司相比更划算
D	布丁怎麼可以這麼好吃/超想買一堆外帶回家/
D	壽司品質好
C	現場帶位的掌控非常混亂/螢幕顯示的時間待位資訊完全都不準
D	好吃/但偏貴
D	食材新鮮
D	排隊排很長/卻沒網路說的好吃/餐點選擇也不多/
D	交通非常方便/就在World/gym旁明顯處/2F/非常推薦大家選擇公館店
D	餐點口味眾多/好吃/cp值不錯/炸物好吃
D	好吃但好貴
D	比站前旗艦店好多了/飯有放涼才做壽司/
D	蝦子不是很新鮮/魚的部分還可以
D	好吃/但不驚艷/人超多/日本籍店長該學英文跟中文
D	/
D	新鮮/好吃/
D	食材新鮮且物美價廉/服務與設備更是一應俱全
C	現場上說等20分鐘/結果等40分鐘都還沒輪到/
C	甜點不給餐具是要我用筷子吃冰淇淋/
D	用餐環境不錯/但不能一起集點的制度很可惜
D	食材新鮮/價格親民/好吃/
C	品質爛/服務鈴叫了沒人理/衛生也不是很好
C	肉質還可以
C	有些餐點貴又不好吃/cp值極差
D	超過時間還無法帶位/時間掌控明顯有問題/
D	品質超過爭鮮/價錢與爭鮮差不多/好吃/
D	在爭鮮同樣的價格/可以在這邊吃的更滿足/
C	品質不穩定/服務人員處理問題的方式也有待加強
C	這間壽司郎的壽司品質還有進步的空間
C	App上寫等後時間30分鐘/現場等了ㄧ個小時
C	比起其他分店/這間服務態度很差
D	好吃的壽司食物
C	隨便吃就很貴了/裡面有一些果蠅在飛
C	態度真的不予置評/
D	客人太多/限時60分/好像太趕
C	特厚鮭魚結果肉小/結帳點數卡還神邏輯
C	app預約了/到現場還等待了40分鐘左右/
D	炙燒超好吃/
D	可親點/出菜時間_快/不用等選
D	乾淨又舒適的環境/便利又無擾的用餐/好地方/
C	魚類新鮮/樣式算多/有機會可以品嚐/
D	除了服務員態度較他店糟糕/其他都在水準線上
D	連鎖壽司店/
C	希望保持食物清潔
D	蝦跟干貝必點
D	好吃但是飯黏盤子有點蝦
D	用餐時間60分鐘有些不太夠
D	好吃/不輸爭鮮/但人真的好多
D	料理合吃/軟硬體設備都O/k/
D	大致上/用餐環境不錯/
D	鮭魚玉子好吃/選擇也多/價格實惠/
D	戶長很喜歡/
D	選擇的種類多
D	蠻好吃的
D	還好/普通/沒亮點/偶爾還是可以/來一下
D	空氣較悶
D	科技化點餐/效率一流/餐點/費用一目瞭然/
D	食材新鮮變化多/價格沒有負擔
D	感覺整潔度有加強/不錯/請繼續保持
D	適逢優惠期料好新鮮味美價格適中
C	覺得/藏壽司比較好吃
D	東西好吃cp值很高/服務到位
D	日本壽司新鮮還有一點台灣風/芒果雪花冰
D	連鎖店品質/穩定/算是平價的壽司
D	感覺很讚唷/
D	好ㄘ/只是沒有丟盤子扭蛋/
D	比爭/迴轉壽司好吃/
D	東西好好吃/甜點也好好吃/服務態度佳
D	食物新鮮好吃
D	好吃/但就是要花時間等
D	壽司溫度適中/蝦貝類好吃
D	排隊速度挺快的
C	在公館站旁邊樓上/一盤40以上的壽司
D	現點炸物類好吃
D	排隊兩小時終於吃到了/港動萬分/
D	還可以呀
D	鮮蝦超級新鮮/好吃/
D	旋轉壽司算不錯的選項/
D	覺得很不錯/東西新鮮美味/
D	好吃/不過海膽沒什麼味道
D	好吃/服務態度棒/
D	人多但食物品質還是不錯
C	骯髒的店內環境/服務態度不佳
D	舒適的用餐環境
D	比其他同業行新鮮好吃多了/
D	交通方便/口味多元/價格合理/
C	菜慢/飯鬆/蝦冰/魚小/候位久
C	結帳服務的小姐/很糟糕/超級臭臉/
D	跟藏壽司差不多
D	超好吃/可以用app預約
D	海膽拌麵優質
D	好吃/乾淨/快速入坐
D	極推/好吃得壽司
C	飯捏不緊/結帳等太久/食物普普
C	服務生態度很差
C	員工訓練可以更精實
C	集點方式讓我以後再也不會去了
D	壽司很新鮮/味道可口/
D	第一次來此店消費感覺不錯
C	不是很新鮮/吃完拉肚子
D	服務態度親切/食物好吃
D	食材新鮮/性價比頗高的
D	壽司郎不用多說了/cp高/品質穩定
D	還不錯
D	乾淨新鮮
D	人沒那麼多/去馬上有位置
D	餐點好吃
D	店員態度很棒/食材新鮮
D	價位偏高/調味料種類豐富
D	口味比其他的店還好吃
C	東西種類/覺得有點少
D	服務平平/食物美味
D	好吃/設備好/比較高級
D	好吃/人太多了有點吵
D	服務親切/有耐心的團隊/
D	食材新鮮/點餐清楚快速/
D	店面不錯/食物尚可
D	環境跟食物都挺好的
D	服務很好
D	平價迴轉壽司第一名
D	廁所很乾淨
D	乾淨整潔出盤效率高
D	位子很方便壽司郎/好吃
D	除了牛肉/其他都/很讚
D	吃飯時間建議提早預定
C	還算好吃啦/
D	黑鮪魚果然是名不虛傳/
D	比較喜歡薩利亞
D	口味很多/新鮮好吃
D	餐點美味/服務周到
D	好吃又不礙胃
D	整體用餐環境非常乾淨
D	生食都算蠻新鮮的
D	乾乾淨淨
D	點心好吃/推薦雪花冰
D	有連鎖店該有的品質/
D	終於吃到像樣的迴轉壽司
D	食品新鮮/服務有效率
C	空間較其他分店小
C	鮭魚之亂很辛苦呢
D	好吃/蝦子大隻
D	好吃/服務親切/
D	使用app幾乎不用排隊
D	服務細心周到
D	排隊排太久/美中不足
C	比爭X好一些
D	一定要先預約/一定要先預約/一定要先預約/
D	就是比爭鮮好吃
D	乾淨
D	我不是鮭魚
D	/
D	食物新鮮/種類豐富
C	魚貨新鮮價格平實
D	生魚片厚/新鮮
D	好吃又新鮮
C	集點方式太爛了
D	現做/好吃
D	壽司比藏壽司好吃
D	目前迴轉界第一名
C	選擇少/態度不佳
C	芥末一直缺/是很貴嗎/
D	蝦類新鮮甜美
D	離捷運站很近
D	菜單時常更換
D	素材新鮮/做工紮實/
D	好吃多樣選擇
D	整齊劃二/清潔劃一
C	等的有點久/
D	臺灣而言79分
D	等的時間比較短/
C	服務態度不佳/
C	沒品
D	小孩開心/大人傷心
D	品質穩定/位置也方便/就在捷運樓上/不過湯品跟蒸蛋都偏鹹/甜點倒是很好吃/雖然也有點貴
D	服務好/好吃
D	乾淨
D	餐點好吃/
D	份量豐富
C	服務不ok
D	位置還蠻多的
D	壽司郎就是好吃
D	好吃/服務好
D	食材新鮮/種類多樣/環境整潔/座位舒適/餐具乾淨/取用方便/服務親切/等位不久/價格適中/交通便利/
D	很棒的用餐場所
C	離峰尚可/尖峰應變能力不足/
D	實在太多人
D	服務好/上菜快
D	食物新鮮好吃/價格實在/個人主觀意見認為/比爭鮮還好/
C	吃壽司最大的哀傷就是/特選鮪魚大腹/有筋/很失望的體驗
C	便宜/新鮮/
D	比藏壽司好吃/
D	入口不明顯
C	壽司種類多多/等待時間短/很好吃
D	迴轉壽司第一
D	好吃的壽司郎
D	不錯
D	筷子髒髒的
D	讚
D	讚
D	壽司郎/藏壽司
C	骯髒
D	不錯吃
D	氣氛好
D	東西好吃
D	天婦羅壽司ㄟ
C	打工妹聰
D	不錯
D	就是壽司郎
D	水準不一
D	服務好
D	快速確實
D	標準款
C	過譽了
D	物美價廉
D	食物新鮮/好吃/
D	壽司米超讚/鮪魚也入口即化/超級好吃/會再過來/
C	缺乏變化
D	熱門時段來訪/使用app取號碼牌/要注意預設的選項是桌位/如改成吧台位才會輪得比較快/如果不小心選成桌位也沒關係/現場跟櫃台人員修改就可以了/壽司新鮮好吃/最近3貫60元的活動很划算/下次還會再來/
C	真的不行欸/炸物放太久又油/壽司感覺倉促捏的都掉滿盤子
C	賣像超差的壽司店/送出來散的到處都是/茶碗蒸要等15分鐘以上/直接放棄等待去結帳/
C	莫名奇妙的報到規則
D	點餐速度很快/壽司不錯吃/座位太擁擠/
D	好吃/但是沒給茶包/只給綠茶粉
C	客人滿座生意興隆/簡單方便服務親切/餐點選項不過豐富/感覺還算好吃美味
D	整體的感覺很棒
C	飯超級散/餐具也沒洗乾淨
C	粗糙的衛生筷子/賣相很糟的壽司/奇怪的消費集點/1人1天1次消費300元1點/多消費的金額均不計算/每人點數獨立/例/用3點兌換需要3個人每人1點的兌換/
C	排隊控管不佳/明明說在整理桌子了/卻有後面的先進去/
D	美味的食物和優質的服務/但如果有超過/5/個人一起去/桌子太小了/另外/積分系統很可笑/300ntd/一個點/但即使你花/2000ntd/也能得到/1/點/DAFUQ/
D	比當地的壽司店貴一點/但因其質量而值得/盤子從/40/ntd/起/每一塊都非常新鮮和美味/工作人員非常細心/非常乾淨的環境/肯定會再來的/
D	台灣最好的這種壽司店/價格可以接受/壽司很新鮮/氣氛和裝飾都很乾淨/這項服務令人印象深刻且快捷/壽司有幾種選擇/即使您不吃生食/也可以在這家餐廳用餐/甜點是結束用餐的最好部分/如果您不進行預訂/通常會很擁擠/但是您也可以下載他們的應用程序以排隊/然後直接去餐廳/安全更多的時間和精力/
D	即使我去過多次Sushiro/我也只去過一次/我發現這個分支非常乾淨/並且位置優越/食物新鮮/服務完美/我非常喜歡演奏的音樂/如果您一個人吃飯/那麼爵士樂很適合與他們交談或與一些/公司/在一起/很好的經驗/
D	商店內部明亮整潔/材料新鮮可口/工作人員也很活躍/我認為它比壽司要好/當然/收集郵票和獲得Gachapon的系統也不錯/
C	質量不一致/我先點了4盤特製的藍鰭金槍魚/片很厚/質地和顏色都很好/入口即化/很好吃/每隔一個訂單的藍鰭都很薄/不像前/4/個盤子那麼好吃/遠離/來自醃製的藍鰭/味道太糟糕了/一般而言/藍鰭也有一種微妙的冰箱回味/該地點需要加強其清潔程序/衛生間不是很乾淨/好像一天才打掃一次/傳送帶旁邊架子上的杯子裡的一個勺子髒了/很多勺子都有灰塵/我建議您在使用前在熱水分配器中沖洗它/回到質量/這裡的天婦羅很糟糕/無論誰製作它都不會很好地吸乾油脂和油/天婦羅太油膩了/就像喝一口油一樣/我必須用茶洗掉油膩/即使是麥當勞的炸薯條也不那麼油膩/
D	這是新鮮的壽司/
D	防疫做得很完整/食物好吃/
D	好又新鮮/
D	好吃/壽司吃起來/
D	台北的正宗日本傳送帶壽司/這裡總是很忙/喜歡這裡的魷魚/扇貝和蝦/除了甜點/一切都很好/座位溫暖而誘人/感覺就像您在一家熱鬧的餐廳中/但仍然可以保持隱私/
D	好吃/送餐速度超快/
D	好吃/送菜速度快/
D	該分支非常擁擠/因此最好先保留或早一點去/所有分支機構的食物都非常一致/因此知道期望會感到很安慰/壽司又好又新鮮/角色超級可愛/當您喜歡他們的Facebook頁面時/他們有時會有可愛的物品/如現在的萬聖節/或特殊的贈品/
D	超好吃/
D	蒸蛋也好吃/
D	比台北站前好吃/
D	冰很好吃/哈哈/
D	與台灣其他連鎖店相比/壽司非常好/非常新鮮/品種也更多/
D	雪花冰很好吃/
D	真正新鮮的生食和美味的壽司/
D	培茶冰淇淋好吃/
D	好吃/
D	好吃/
D	壽司/不錯吃/
C	即使食物味道鮮美新鮮/環境卻非常嘈雜/工作人員大聲喊叫/造成了可怕的混亂並破壞了空間/破壞了一家精緻餐廳的辦事手續/
D	Cp值很高/
D	真的好吃/
D	好吃但可惜六人座位偏小/
D	好吃/
D	很普通/
D	CP值很高/
D	好吃/
D	好吃/
D	好ㄘ/
D	好吃/
C	普通/
