D	三井料理美術館/提供既定價位/內容由主廚特製/謝謝朋友招待來享用午餐特餐/1500/人/我們點了聽起來就舒服的/遊心美饌/準備期待上菜中/在等待的同時/往內看/可以看到三井料理美術館的中央廚房在那兒/透明潔淨的玻璃隔著/依然能清楚的看見師傅們正在忙碌著我們的餐食/在我們吧台後方就是一般的坐位用餐區/挑高的空間/隱藏大樓間的優雅帶灰/黑/白調設計/搭配原木色澤家俱/酒櫃裡有著各式各樣的酒/單看空間設計就是一場裝置藝術/生菜沙拉/內有蘋果/山藥/紅蘿蔔/海帶芽/鮑魚口感帶有嚼勁/牛筋前菜/軟嫩好入口/生魚片/黑鮪魚/旗魚/鮭魚/干貝/牡丹蝦/生魚片最小長度都有4公分/香煎午魚/香煎的方式料理/魚肉相當的鮮美/肉質也相當的鮮嫩/醬烤圓鱈/細緻入口/鹹味適中/香煎菲力/不需任何調味/平常肉質/肉汁的原味/烤明蝦/視覺口感的奢華/北寄貝湯/鮮甜清爽/星鰻手捲/趁新鮮立即享用/甜點/咖啡/水果/坦白講已經吃不下了/算是很豐盛的饗宴/一場不論視覺/味覺的感官延伸/是一處得以休閒放鬆的好地方/台北市松山區敦化南路一段108號B1
D	新鮮的日料/不吃生食換成的熟食也很好吃/魚/蟹類很鮮甜/料理不會過度重口味/牛排的部分全熟會有點太硬/個人覺得普普/還是是偶的問題/不是牛肉愛好者/
D	環境很高級/氛圍挺好/但走道也很暗/老人家會看不清楚路/冷氣超冷/壽司都是一貫/價錢的確偏高/但是魚身都很新鮮/鮮甜/魚肉也很大塊/壽司真的好吃/生和牛沙拉配上酸酸的芝麻葉和洋蔥很對味/肉質也超滑嫩/入口即化/鮮魚味增湯裡面的魚塊非常大/也很多魚肉/很好喝/天婦羅蔬菜和炸蝦都挺好吃的/蝦頭炸得酥脆/能整隻吃/沒想到炸蔬菜裡還有炸番茄呢/餐後還有小點心/水果和紅豆酥餅/水果可惜的是一半超甜一半超不甜/
D	非常棒的用餐體驗/服務也很到位/以我們的套餐單價/餐點算是蠻超值的/
C	征戰四處的三井好幾年了/無論家庭/員工聚餐/朋友相聚都在這/隨著covid19有好陣子沒去了/這次和母親再次在富邦大樓這邊的三井用餐/服務依舊很好/但訝異他的食材水準比以前落差甚大/其中三個餐點本人有點意見/碟魚烤得很好/但為何小刺多到本人/魚刺絕緣者/完全不敢碰/烤到柴有怪味的牛肉/或許食材差而不是廚師的問題/本人自認吞不下去/烤明蝦比較誇張/刀一切開蝦背/全是砂/無論怎挑細散到處根本無法吃/或許客人未吃前/廚師也不清楚食材如此/終究服務生替換另一道菜給我/她把有問題的明蝦送到廚房給廚師研究/加油囉三井
C	日式料理的競爭太激烈了相比之下這個老牌子料理的種類還有做法都不見新意/跟十幾年前去的美好印象相比這一次是失望了
D	這次點的是2500元套餐/套餐內最好吃的是生魚片/鮪魚部位/肉質真的很讚/整體下來每道菜口味都算不錯/環境也很好/不會很吵很適合聊天/但若以CP值來說的話/因為價格偏高/用菜特色/個人覺得不高/
D	生魚片好吃/煮物令人驚艷/收尾的鰻魚飯略顯乾癟/整體而言食材品質與處理方式符合2500元/人的套餐價位/
D	環境非常優質/食材新鮮/相較於三井其他系列的料理/CP值算相當高/高度肯定/
D	對得起價格的高檔精緻餐廳/吃巧/也吃得飽/值得再訪/
D	每次來/從來沒有失望過/新鮮好吃的生魚片/握壽司/一直都是我的最愛/他們的服務一直都很以客人為主/不會硬推銷/最後還會送上免費甜點/水果和一杯咖啡/真的很令人開心/
D	午餐/1200/人無菜單/服務人員會先詢問飲食取向/第一道和風蔬菜沙拉/第二道海鮮冷盤/九孔/紅蝦/生魚片/第三道煎鮭魚/看起來超像牛肉的/搭配牛蒡醬汁很好吃/第四道煎干貝搭配茭白筍及蘆筍/第五道鮭魚紅味增湯/終於喝到暖暖的湯了/第六道握壽司/第七道甜點水果咖啡/吃的好飽很滿足/
D	餐廳氣氛很好/用餐場所很寬大很舒服/食物美觀可口/最讓人驚艷的是炸物吃起來一點都不油膩/推/這間餐廳維持一貫的氣氛連廁所裡面都是昏暗的/長輩們吃力了些/也是有趣的體驗喲/
D	食材新鮮好吃/套餐吃完飽足感/用餐環境氣氛佳/但略微昏暗/走路需要特別小心/希望服務人員上菜時能稍微介紹一下餐點內容
D	氣氛佳/環境美/很適合同事小聚的地方/裝潢設計風格也蠻不錯/很喜歡店內不定時的更換裝飾/很有質感很有特色/唯一讓我錯愕的是廁所需要跑很遠/隱密到有在走迷宮的感覺/食材部分無話可說/就一分錢/一分貨/今天點的是/月印菁饌/套餐/晚餐價位1800/還算不錯吃/值得再次光臨的一間優質店家/服務生也還蠻棒的/
C	公公最愛的餐廳/食材新鮮/不油膩/即便是炸物也清爽可口/很適合家族聚會或長輩聚餐/缺點坐包廂/服務人員都需要很久才過來/不管是要水或是其他服務/在包廂都必須要自己去找服務人員/上菜速度或給水給餐具速度/都偏慢需要耐心等待
D	裝潢很豪華/整個日式風格/一個一個包廂/朋友聚餐不怕被打擾/餐點更是華麗繽紛/又新鮮美味/是老饕的最愛/餐點更是好拍/張張精彩/
D	食材新鮮/上菜節奏剛剛好/料理熟度也很剛好/只是服務生態度冷淡/
D	食材新鮮服務佳/不過上週跟這週去了都沒有海膽/有點遺憾/
D	慶祝的好地方/食物好/氣氛佳/服務周到/交通又方便/重點是不太貴/很推他的商業午餐
C	這是我第四次用餐/麻煩服務生幫我介紹並配菜/當天有什麼新鮮食材就是推薦/服務生完全狀況外/沒辦法推薦自家的餐點/最後請另外一位看起來比較資深的來幫我們服務/上菜的時候也沒有多做介紹/放了就走/清酒喝完續點催了三次才到/到了以後也沒有斟酒放了就走/熱茶喝完也沒有續加/等到上甜點的時候才來加/主要菜色沒多大意見/新鮮好吃/但是服務品質明顯下降/大不如從前/沒有對比沒有傷害/以後會來的意願降低/
D	服務好/東西也非常好吃/所以達官貴人都喜歡來此一邊吃飯/一邊談重要事情
C	料理一成不變/假日人超多控管不良/服務人力不足/料理品質下降/牛排明顯過熟/連茶水喝完都沒人加/跟以前差很多/建議不要假日去/
D	東西好吃/但沒有特別驚艷的料理
C	服務很糟/上菜都不說話不介紹的完全不知道在吃什麼耶/點了午間1200/1500無菜單套餐各一/另收10/服務費/上的是什麼的組合完全沒聲音/食物放了就走/得自行研究現在是在幹嘛/當我會通靈/真的是完/全/靜/音/都無菜單了好歹出個聲吧/去吃吃到飽起碼都會說現在上的是什麼肉/711還會說歡迎光臨/沒有態度極差但就是讓人會有一肚子無名火/上菜間隔長到會自我懷疑是不是被遺忘了/這種價錢的食材配服務實在/配不上/講話最完整的只有點餐跟最後結帳的時候/生的食物很棒很新鮮/擺盤待加強/熟食的魚卻還焦掉/熟食不推/最後握壽司上在牛排之後蠻讓人問號/的/但好像菜單就是這樣安排啦/一顆星給生魚片跟海膽確實好吃/海膽很甜/多一顆星給後續有電話致歉/雖然吵到我睡覺/針對服務表示會檢討改善以及下回用餐多招待一份料理/三井集團旗下其餘餐廳都適用/此番幫男朋友跟自己慶生體驗之差/希望三井其他餐廳不會讓人失望囉/
D	每一道菜都驚豔不已/超好食/新鮮高級/服務好/不用多說/就是值得推薦/聚餐或是節日的不二選擇/我的口袋名單之一/無論什麼季節都是新鮮好吃/
D	食物好吃/裝潢/氣氛都很好/但服務若能再加強一下就更好了/例如/很多服務生在餐廳裡走來走去/但想點餐時卻有點難找到負責點餐的服務生/上完生魚片後/因為盤子裡面有裝碎冰/所以盤子邊緣凝結了一些水珠/滴到桌子上/讓桌面有點濕濕的/此時建議可以先把桌子擦一下/而不是直接鋪上一張薄薄的紙再放上下一道料理的餐具/放餐具的紙都被沾濕了/感覺不是很好/又上餐時有時不會說明上了什麼東西/顧客不知道上了什麼料理/這次用餐時也因此發生吃到別人的料理的情形/希望服務可以多加強一下/
C	停車方便/環境清潔/食材新鮮/
D	這邊晚上很熱鬧/之前吃過中山區的三井/那邊會比較安靜/美術館很有氣氛/餐點可以客製化/以不同價位會有服務生幫你點餐/推薦/依照每個客人喜好做組合搭配/龍蝦/和牛/海膽/生魚片都超級美味/很喜歡這樣簡單調味/顯得出食材本身的新鮮/不喝酒的人可以點綠茶/可以續杯/很喜歡熱毛巾清潔手/
D	很多人都說服務不好/不知道是不是因為坐包廂裡的關係/覺得服務還蠻不錯的/不過菜色及口味個人覺得並沒有到5星的感覺
C	/2800跟/1800的套餐/難吃就算/上菜超慢也算/擺盤比熱炒店還爛/真的令人失望/
D	母親節來聚餐的用餐體驗整體還不錯/出餐的速度算是中等不會太久/服務生也都挺熱心/空盤馬上收走/但以這樣的價位/以及料理的食材高檔程度/我認為服務生應該要稍微介紹一下食材以及佐醬料理吃法等等/但今天都沒什麼聽到/環境還不錯/洗手間在入口處比較遠/用餐的客人品質也相對高一點/不太有小孩的吵鬧或喧嘩聲/料理部分最印象深刻的是安格斯牛搭配它的特殊醬料/整體味道提升很多/其他的海鮮料理也都算符合它的價位/黑鮪魚料理偏油/吃太多會有點反胃的感覺/
D	無菜單料理有一定的水準/食材新鮮/擺盤讓人驚艷/另外價錢減半的素食套餐/也毫不含糊/一樣做得很精緻/服務到位/環境安靜優雅
D	氣氛夠/餐點不錯吃/酒類也蠻多的/日本酒種類很多/喜歡喝的人很適合來/服務員蠻細心的會隨時注意茶水/適時補給/這次吃的是套餐/龍蝦肉質非常Q彈/魚湯的湯非常鮮甜好喝/裡頭的魚頭肉也很好吃/A5和牛串口感不錯油脂恰到好處/推薦/不過可能平常口味吃比較淡/有些料理吃的時候就會稍微覺得偏鹹一點/另外/在上菜前服務生會先向顧客詢問是否不吃生食/可以幫忙做替換/這邊我覺得很棒/總結/這裡蠻適合約會來吃的/氣氛好/餐點好吃/又有很多酒品可以點來小酌/
D	燈光美氣氛佳/美食饗宴超值套餐
D	藏身在敦北富邦大樓地下室/交通便利也有停車場用餐可以折抵停車費/整體空間乾淨舒適/桌距寬闊/燈光略為昏暗/服務品質中等也許是不想過度打擾/所以上菜介紹較為簡略/平日午間套餐CP值較高做為入門選擇/1200/1500元套餐只有午餐提供/服務生會稍微介紹餐點內容/因為會隨季節食材變化/也可以客製化調整/食材新鮮是必須的/上菜速度略為緩慢/每道菜銜接順暢/烤明蝦剝殼困難會吃相狼狽/生魚片使用太大餐具擺盤顯得份量少/水果甜點表現正常/適合商務人士請客或是重大節日慶祝/三井集團餐廳中規中矩
C	/隱身在辦公大樓B1/首次到訪/門口沒有接待服務員/沒有執行防疫機制/2000無菜單料理/首道魚翅湯是冷的/生魚片新鮮/大明蝦/生干貝/牛肉等烹煮過熟/料理美術館/注重硬體氣氛
D	第一次來訪/在辦公大樓的地下室/假日時間沒有上班族/所以手扶梯沒有啟動/只能爬樓梯或是坐電梯到地下室/基本上整體的裝潢都很好/餐廳氣氛也很好/桌距也不會很近/算隱私性比較好的餐廳/也有很多包廂可以提供選擇/今天吃的是2500的套餐/食材非常新鮮/海鮮鮑魚生魚片烤魚都處理的很好/用最簡單的料理方式呈現食物本身的味道/只是今天不知道為什麼/握壽司大約空等了20/30分鐘才上菜/服務生一直告知要上菜/但是一直沒有上/除了這個/沒有缺點/餐廳裡面很大/有點像迷宮/出去上廁所要小心迷路/
D	優/缺點評鑑/無限n次訪用膳/環境氣氛依舊美好/店女主管點餐介紹依舊專業/食材新鮮/料理美味/但/年輕女服務員現場烹煮技巧要再加強/煮鮑魚火鍋/鮑魚片掉了/還裝沒事/連抱歉也沒表示/是害羞講呢/還是看我沒說話就當沒發生呢/這服務品質要再加強訓練/畢竟三井日料口碑算不錯/豈能讓一顆小老鼠屎/壞了店家的良好聲望/
D	跟店員講預算請師傅幫忙配握壽司/覺得滿划算的/大家都吃得很飽/下次有機會來的話會想嘗試單點/就可以只點自己喜歡的料/環境很棒/很有氣氛/唯一美中不足的是服務/上菜很慢/服務生感覺不是很專業/會上錯菜/吩咐要避開的食材沒避開/或是明明要一起上的東西隔很久才來/以這個價位的餐廳來說感覺有點差強人意吧/需要改進/
D	服務稍嫌不足外東西滿好吃的
C	一進門告知訂位大名後/服務人員一臉疑惑/查詢了很久說查不到訂位/當下確認了撥打的電話是沒有錯的/可能沒被登記到吧/但還是帶我們入座/座位不大卻沒有提供置物籃/我們這桌是給實習服務生服務/問他什麼東西都說不知道/只顯現出一臉疲憊的樣子/知道實習服務生不可能樣樣到位/怎麼能放實習服務生一人服務/而無人從旁教導呢/詢問各款套餐菜色時/請來另一位資深員工解說/只大約說了會有什麼/若不吃生魚可以替換成什麼品項/聽了只覺得不專業/沒有好好介紹好像白白浪費了很棒的食材/但料理及食材方面真的沒話說/海鮮新鮮/牛肉鮮美/調味恰到好處/非常值得來嚐鮮/一顆星給現代的裝潢/兩顆星給好吃的餐點/此餐廳屬於高價位/員工服務這方面是真的可惜了/加強員工訓練後/一定會更好/很期待/
C	裝潢環境都不錯/但是這是一次不是很愉快的經驗/從點餐到第一道菜上來足足等了40分/期間比我們晚來的客人餐點都比我們早上/飲料部分也等了很久/服務人員經驗不足/送餐還有餐具擺放都讓我們覺得很隨便/其中牛肉串和味增湯讓我比較有記憶點/感覺吃裝潢/對三井美術館很失望/不會再訪/
D	完美的呈現每一道海鮮/套餐從頭到尾都是驚喜/最驚豔的是生魚片/表面煎香的黑鮪魚散發滿滿的香氣/一口咬下油脂溫柔的帶出了魚肉的鮮甜/再來就是黑鮪魚大腹/美麗的油花和通紅的魚肉/每咀嚼一下都充滿魚肉的鮮味和油脂的香氣/最後的甘甜也讓人不斷回味/3200的套餐經過師傅們的料理/突出了海鮮的特色/真正的成為了藝術/當天服務更是面面俱到/師傅們最後的謝幕儀式令人感動/
D	這間永遠是我的最愛/每次來台北必定會光臨的分店/店長細心的介紹菜色/每道菜都讓我們回味無窮/我極力推薦喜之次/象拔蚌小火鍋/
D	今日中午的午餐很美味/每道料理有師傅的用心
D	/人生第一次無菜單料理/吃之前真的好緊張/Д/紅甘腹生魚片/日本石鯛生魚片/台灣野生鯛魚生魚片/日本鮪魚腹握壽司/南非龍蝦/明蝦沙拉/巨無霸鮑魚/鹽烤野生紅喉/比目魚握壽司/馬糞海膽軍艦/北寄貝鮮湯/富士山白蝦握壽司/北海道鯖魚握壽司/三井特製紅豆杏仁糕/吃完的心得是/活在世上真是太幸福惹/除了海鮮入口即化/在吧台看師傅切魚/料理食材也是一大享受/大推美術館的生食/實在好吃/
D	裝潢有質感/服務人員很親切/但似乎太忙在座位等有點久才有服務人員來/廁所離太遠/餐點也ok
D	食材新鮮度沒話說/但吃完一個套餐感覺有點空虛/除了基本的生魚片握壽司跟烤物之外/餐點的調味跟處理方式應該是走創意路線/很奇特/但浪費了食材原本的鮮甜/補充/鮑魚有點鹹/炸物是另外點的/沒想到海膽炸過會流失原本濃郁的香氣/干貝旁邊的醬味道很像玉米濃湯/蔬菜上的魚卵沒有問題/但銀杏不知是不是炸過/口感很硬而且流失了銀杏原本的香氣/很可惜/但其他道都十分不錯/龍蝦肉質很Ｑ彈/干貝軟嫩鮮甜/兩種握壽司不管是炙燒的顏色香氣/與米飯的比例/一抿就化開的豐厚油脂/或是食材本身的甜度/都很棒/讓人意猶未盡/後記/在寫完這則評論後的幾小時內/經理有立即打來關心/跟經理反映餐點調味吃不慣後/經理說會在我的資料上備註喜歡的口味/能感受得出來他們很重視顧客的感受/並且很願意配合調整使顧客滿意/這點讓我願意再找機會去吃吃看/
D	份量不多/料理方式都可以調整/適合放鬆聊天的地方/海鮮不會讓人失望/
D	每次來都是請熟悉的服務人員點菜/因為比較懂我們的喜好/把想吃的食材告知後/就等料理上桌/食材品質/風味都有維持一定的水準/絕對美味/如果沒有坐包廂/大廳環境有點太吵雜/這是唯一遺憾之處/
C	點了最貴的套餐加一些單點/總共花費近萬元/但停車費沒有折抵/只能折一半/這部分覺得可以去信義區/三井不一定要來這一家/服務態度也不太滿意/小姐打來確認訂位/原本秘書幫我訂1730的時間/但擔心RUSH/HOUR告知可能會晚一點到/小姐說/不管你晚多久/反正你就是吃到7/20PM/我可以理解/但是用餐後發現裡面空的座位很多/是有必要態度這麼不好嗎/如果後面有人再排/我會覺得不好意思/但空位這麼多/是有必要這麼計較嗎/雖然我最後晚了15分鐘到/但我也差不多7點多走/實在沒必要一直強調你必須吃到7/20分/現場是沒有人趕我們走/但因為那通電話/吃的不太開心/很有壓力
D	第三次來美術館用餐/服務人員看似很多/但等了許久才有人來詢問點餐/環境優雅/食材新鮮/生魚片及牛肉真的很好吃/一般服務生素質還需要加強/1200套餐/大明蝦/花蛤味增湯/1500套餐/龍蝦/生魚片多一樣海膽/象拔蚌清湯/整體來說都還不錯/但我個人覺得三井M的服務更好一點
D	在優美的環境下享受頂級日本料理
D	去吃很多次了/每次餐點都有些許不同/依照當日食材做變化/基本上都很好吃/特別是烤羊排讓我們驚艷/環境優美/氣氛舒適/服務人員專業/有時候還會有主廚小驚喜/幫我們加菜/但有幾次可能是客人較多/上菜斷斷續續中間隔很久/希望能加強改善這點
D	每次的用餐都讓我覺得食材新鮮與口味穩定/用餐的環境與氛圍讓人很舒服/中午set/menu/的價位/880/1200/1500/1800/2500/晚餐則是2500/3200/當然也可以單點/但他們的搭配就很好了/不需自己費心思/
D	說到台北的高級日式料理/一定會想到三井/料理美術館的風格較高冷一些/用長長的走道加深了一股神秘感/這次跟好友們相約在這裡用餐/我們選擇的是月印套餐/1800/套餐的餐點每一道都很精緻/食材新鮮/鮑魚很彈牙/龍蝦肉質很Q彈/再搭配他們的清酒/完美啊/想跟三五好友放鬆的好選擇/小酌怡情/而且它們的座位佈置都還算有保持距離/不至於互相干擾到客人/整體餐廳還算清靜/推薦給大家/
D	己經拜訪過三井幾家店家了/煮海/上引水產也都去過/應該是刻意的/這家是燈光最昏暗的一間/不過高端新鮮的海鮮還是一樣有水準/好吃/
C	出菜速度非常慢/來了好幾年/但每況愈下/似乎無法掌握非套餐的出菜速度與服務/餐廳空間大但較昏暗/沒有額外工具可以讓服務生看到需要服務的客人/不斷揮手也很難獲得關注/蠻可惜的/用餐體驗真的沒有進步/之後應該不會再來了/
C	對於現在特色日料這麼多的台北/這裡的cp值不算好/服務生數量不足感覺很忙應付不暇/一家日料不願意提供茶水/這個我過不去/生魚片也不算頂新鮮/其中竟有腥味很重的/號稱美術館擺盤卻令人失望/太奇怪的存在/
D	份量十足/餐點美味/服務普通/
D	套餐讓人驚艷/選擇性多/酒類多/黑啤超好喝/開ㄧ灌藍牌價位也親民
D	餐點精緻美味/價格不親民就是/但若是企業招待重要貴賓/或是作為獎勵優秀員工的聚餐地點/倒是可以列入推薦的餐廳/或是作為生日/紀念日約會場地很不錯
C	茶水要付費但喝起來卻不及於一般迴轉壽司的熱茶/即使點了最高價位的套餐/餐點沒有太大驚喜CP值不高/部分生魚片甚至有些許腥味/當天服務雖然有些令人失望的地方/但事後餐廳有來電說明/覺得店家有用心在精進服務這一部份/
C	料理內容貧乏/擺盤很難看/服務也不好/感覺是付錢看裝潢而不是來吃美食/很失望/
D	晚餐在那選擇了套餐3200/2500/1800以及單點了一些菜色/目錄無參考圖面/得自行想像/至於價格上不做評斷/食材不錯蠻新鮮的/服務也不錯/至於廚匠處理的口感/見人見智/以此價格我個人認為除食材新鮮而有的的口感/或許料理的質感可再提昇及變化/畢竟也是不一般的價格/需要更加層次的提昇/另外店內燈光偏暗/個人吃到愛睏/眼睛好吃力/
D	2015/04/04/個人評價/５分/滿分/５分/算算這是第三次來吃三井了/每次都搭上/Sindy/姐的順風車/最先上的是干貝壽司/吃的時候還覺得奇怪怎麼干貝被切斷了/結果是今天的干貝特別多/有兩份干貝/沒什麼好說的/滿足/今天的蝦壽司感覺上比較沒有甜味/但肉質依舊彈牙/接下來陸陸續續也吃了紅甘/白甘/金目鯛/真鯛/等等/也算美味/食材在新鮮時候就很好吃/吃完金目鯛後/接下來上餐的時候只能用震驚來形容/鮟鱇魚肝/從來沒想過/有一天我會吃到這種只在課本裡面看過的生物/吃的還是傳說中最美味的部分/吃起來非常滑膩順口/鮮度也很讚/配上特製的醬油及提味的昆布吃下去後/又是另一種不一樣的感覺/醬油很鹹/昆布甘苦/魚肝鮮甜滑膩/三種不一樣感覺在口中揮發/套句小當家的話/我好像要飛起來了/這道料理是今天當之無愧的第一名/特別詢問了一下師傅什麼時候會有這道料理/師傅說其實現在已經是末期了/通常在２月到４月的時候會有比較多機會吃到/吃過鮟鱇魚肝後/接下來的食物已經不知道在吃什麼了/就連/TORO/都有點食之無味了/一直在懷念魚肝/好想再吃一份喔/看看時間差不多了/師傅拿出我每次都會期待的滷魚肉飯/師傅用切魚邊料作的滷肉/每次吃到這裡/就算沒飽吃下去這碗也飽了/又香又好吃/滷肉是魚肉/跟一般外面滷肉飯相當不同/可惜今天海膽沒了/沒有機會再一嚐美味口感/但是有吃到更美味的鮟鱇魚肝/算是有得有失吧/繼續期待下一次來這裡吃的機會/感謝今天的阿明師傅/
C	我們有事先預約/也把更動後的菜單事先告知/但12/30準時到以後/到1/30只上了一道菜/1/35總算上第二道/非常的誇張/然後索要水/和我們說水要付費/最後再還是有免費給水/
C	上次是去信義區那間/這才隔了5年/同樣點基本套餐/視覺及食材都令人感受到/通膨的負面影響/澎湃度還不如中價位的火鍋料理/太失望了/鰻魚飯不如路邊餐廳/醬少刺多/非常扣分/
C	優點/生魚片/牛肉食材新鮮/缺點/1/擺盤可以再加強/2/上餐速度緩慢/一餐吃了三四個小時/大多時間在空等/3/服務人員親切但訓練不足/臨場反應不佳/4/環境燈光過於昏暗/5/菜單標價與實際付款價格不一/詢問才告知已漲價/並且帳單仍然計算為漲價後之價格/種種體驗/都讓人不足以認為符合餐廳價位應有的水準/眾多無菜單料理唯這讓人失望/不會再訪/
D	很好吃的日本料理/環境贊/服務棒/cp值高/
C	服務慢半拍/坐包廂裡幾乎都要自己到外頭找服務生/一入座也沒有服務生介紹餐點/連杯水都沒有/還要加收10/服務費/這次總共消費快16000/以後是不會再來了/
C	三井日本料理美術館/走進富邦大樓地下室/映入眼簾的是一整排的酒櫃長廊/餐廳本身的氣氛屬於低調高雅/裏頭燈光較暗/走路要注意/這也表示挺適合傾向隱蔽性高的客人/服務人員的態度也相當有禮/當晚點的是一套2500元的套餐/內容物包括馬糞海膽佐山藥/生魚片盤/松葉蟹等多樣海鮮/以及日本A5和牛/調味走清爽路線/適合不喜好吃口味過嫌過重的消費者/值得一提的還有牛肉涮涮鍋/雖然席間我沒有吃到/但一致受到其他人的好評/或許對一些不習慣吃生食的消費者/也是另一種選擇/在此也順便提供完整的菜單照片以供欣賞和研究/
D	超大的開放式空間相當開闊大氣/光源集中在調理跟用餐區/營造非常高貴的現代風氛圍/不僅視覺效果優異/座位也相當舒適/成名已久的名店在料理部份果然是實力派/可做單點/桌菜/套餐/鍋物應有盡有/基礎菜單就相當豐富/高檔或季節限定食材也都有備/新鮮度/烹調手藝/擺盤各方面都有極高水準/專程品嚐美食/親友聚餐/招待客戶/約會都非常適合/服務人員相當專業/從帶位到桌邊服務的細節/視客戶需求調整菜色內容/都做的非常到位跟貼心/是能定期造訪的優質日料名店/
D	品質穩定的餐廳/有很多熟食/很適合帶小孩來吃的日本料理/服務也很棒
C	一年一度的8/1父親節聚餐/服務員湯放錯位置/還說我拿錯湯品/餐點已經上桌後來才發現上錯位置/還在客桌直接移動餐點/湯碗竟然有缺角/這價位/我覺得不行/
C	餐廳位於地下室/雖然入口有招牌及服務員不過不仔細看很容易忽略/室內空間很大不過過於昏暗/特別是包廂內/2020/1/15中午去享用1800的套餐/生魚片新鮮好吃/牛肉軟嫩多汁熟度適中/但是除了湯以外/其他熱食上桌只有微微溫幾乎都要涼掉了/應該是一次做大量放著等/因爲用餐當天氣溫偏低/整體吃下來不夠舒適
D	經常在此處請客/環境/氣氛/口味/分量/服務/擺盤都很好/多年來都請美琪招呼點餐/wonderful/
C	有事先預約也準時到餐廳/但等了一個小時只上了一道菜/真的快餓扁了/然後說水要另外付費/1500加服務費的套餐我要白開水還要另外付費/
D	1800元套餐/烤雪場蟹美味/牛排也好吃/但炸物及握壽司比較沒記憶點/服務好/慢食的上菜速度蠻喜歡的/有品酒師會介紹酒單/
C	服務態度沒有不好但不積極/感覺是生手/沒有茶水/人常不見/料理與價位不相襯/收餐盤很快速但卻未先詢問或觀察是否已用完餐/感覺吃的很緊張有壓力/料理口味很普通/令人失望/希望能改善/
D	1800的套餐算Ok/但紅白酒開瓶費1000/有點不合理/但點啤酒算便宜
D	料理很豐富/食材很新鮮/我是點1800的set/那個鮪魚下巴真的很好吃/服務也很周到/用餐環境舒適/下次會再試試2500套餐XD
D	經典菜色除夕圍爐
C	空間舒服/依各種價位及想吃食物配餐/算是吃/氣氛/的/
D	週日用餐當天下午訂就訂得到/料理如同十年前一樣不失水準/但個人認為不要點套餐比較好/因為我們三個人點三份3000的套餐/魚是共享一條/螃蟹蟹腳一個人約兩塊/南非大鮑共享一顆/比較看不出來錢用在了哪/單點的話個人認為更可吃到更喜歡以及性價比更高的料理/生魚片新鮮好吃/但個人認為生蠔腥味頗重/カンパチ魚是日本有名的魚/但頗油/應是魚本身的油/最後貝類的湯鮮美好喝/但最後自己身體因素/回家後腹瀉/
D	那天吃的是1500的set/一開始的生魚片普普/但是後來的明蝦很棒/牛排也很棒/不過不是很喜歡牛排上的sauce/不太搭/湯很好喝/喜歡甜點的芝麻冰淇淋/喔對了/握壽司也很棒
C	一直想去吃美術館/結果說實話生意非常好不過東西不覺得超值/菜單只有英文跟日文/所以我也只能看英文/除了領班以外/多數服務不太上軌道/上菜不講究位置跟速度/完全看服務生從哪邊來/一開始等很久然後廚房快休息又上很快/牡丹蝦很好吃/冬瓜角魚還不錯/牛排不夠新鮮/所以不鮮甜/干貝普通有點小/炙燒壽司的鮭魚/比目魚緣側跟油鮪魚肚大大加分/整體而言還可以不過不能過度期待會有超值感/
C	本來給四星/越吃越覺得/一直改評論/最後決定/剩下三星了/其實說實在話/三井日本料理確實有一定的水準/台北市的日本料理大大小小/超級貴到一般的/也是吃了很多了/我想三井的優勢/就是有連鎖/而且品質有一定的水準/不管自己用餐/家人用餐或是招待朋友/得到的反應跟/效果都不會太差/至於服務人員的素質跟服務/我能體會很多網友的評價/真的有的時候/還是會遇到很多地雷服務人員/三井所有的店我幾乎都吃過/好的服務人員有/問題服務人員也是一些/有幾次還差點讓我抓狂/基本上我還是蠻推薦這裡/因為環境跟品質還比較好/也是適合給小朋友作機會教育/尤其生魚片/品質/還有/重點/生魚片溫度/控制不錯/這很重要/還有新鮮山葵/正確的/不能有山葵粉/只是確實這十年下來/物價的高漲/薪資的成本/社會的變動之下/三井料理的菜色跟份量/沒有十年前這麼的誇張這麼的多了/想起以前三井農安街/四五個人吃套餐就會有一隻帝王蟹/此情此景只能回憶了/台灣人/上班族/越來越難/有小確幸了/PS/其實今天還是有缺失的/牛排的牛肉筋好硬/咬不動/炙燒壽司/不行/難吃/有筋/炙燒也沒帶出香氣與油脂/非常普通等級的握壽司/殘念/
D	熱毛巾常換/但是星期天的晚上可能家庭聚餐多/小孩的吵雜聲還蠻大的/1800的套餐/算中規中矩/可是感覺變化性較少/主要是生魚片及壽司/預期要比這個多一些變化才是/說不吃牛/但沒預計他們會出羊/結果/他們重作一份烤蟹腳/可惜了/不甜/只是鹹/以前點菜時都會把所有菜都和我確認的/但是可能因為坐吧台/所以沒先確定
D	三井美術館是一間我很喜歡的店/主要是因為內部的裝修和整間店的氛圍/當然/食物美味和優質的服務品質/也是讓我會想一再造訪的原因/中午的套餐相較之下/比較親民/如果想嚐鮮的/可選擇中午造訪/有880/1000/1200/1500/2500的套餐
C	第一次之就被嚇到/朋友吃素食套餐/有一到焗烤番茄/吃到一半裡面居然有一大片的保鮮膜/告知服務人員當下也沒任何表示/只說先拿給主廚去看/之後回來只說會多招待一份食物/來的是炸豆腐/之後就沒有之後了/沒有道歉沒有折扣/好像這事稀鬆平常/
D	圖片是2500套餐/整體來說還不錯/裝潢高級燈光昏暗/海鮮都算新鮮/和牛吃起來有值這個價位/服務員服務態度都很好/但是服務員程度比較參差不齊/不是每個服務員上菜都會介紹菜品內容/有些直接上完菜就走了也沒有半句話/之前去明水三井是每一道菜都有介紹/給人感覺有落差/以同一個集團來說/應該需要維持每間店的服務都一致
D	食材新鮮/好吃/但不知道為何越吃越餓/哇/清酒配上海鮮全都變好鮮甜/氣泡白酒配牛肉也蠻搭的
D	兒子陪伴過生日/因為前菜/冷盤/壽司的相片已經很多可以參考/所以補上火鍋的/有專人服務川燙口感非常好/來過一次就好
C	十分堅持兩人不給三人座是原因/然後當我面把人代至我已告之我想坐的位置/是怎樣為了給我難堪/吃了多年從未這麽離譜的服務/
C	餐廳路線招牌標示不明顯/菜色普通感覺沒有很值得/同行朋友因服務員要結帳拿錢包時被餐桌旁蠟燭的蠟油燙到/服務生應變措施不足/服務貼心度也負分/
D	今天一位人生經歷豐富的超好老師帶我們來享用美食/非常好吃/除了那些廣告/其他網友提到過的的高級食材外/低溫熟成牛排無法忘懷/細節也都很棒/連每一種水果都超級好吃/特別是蘋果超好吃/甜點更是美味/咖啡還有附精緻的/法國蔗糖/再強調一次/是/法國蔗糖/喔/可不是一般的方糖/所以/真的是間很棒的店/
D	精緻的餐點/優質的服務
D	ㄧ場唯美的饗宴/環境氣氛食材料理/都有相當程度的水準/吃巧不吃飽/但很滿足喔/
C	女服務員服務素質太差/服務不到位/餐飲也不如巷弄的日本料理名店/給喜歡名氣的人吃的/
D	現代式裝璜/和日本料理不太搭/食材新鮮/師傅手藝不錯/但是看到帳單會令人皺眉/不是要和很要好的朋友餐聚的話/會令擇他處/
C	一個餐2500NT/食物是很精緻但是我的熱茶要加水加很慢/必須我提醒好幾次/最後綠茶也忘記上/和牛不錯/帝王蟹不錯/可惜服務欠缺/
C	上菜時間有待加強/兩道菜之間都空好久/且魚眼睛煮味增湯/魚頭部分整個是冷的/中間上握壽司也沒有給芥末跟醬油/服務生非常忙碌/叫不到人/食材新鮮/味道中規中距/以價格來說CP值不高/
D	這是中壢一間很有名的坐著做的料理師傅推薦的店/詢問朋友之後/這是一間大家都很有好評的一間無菜單日本料理/那我就分析一下為什麼這邊很多人推薦/燈光美氣氛佳/一進去就是一個長廊燈光昏暗/然後右轉進去之後整個大廳/開放式的廚房以及版前料理的座位或是聚集在中間的一個座位/那我剛好和朋友聚餐是九個人/店家給了我們包廂的位子/但我們並不是訂包廂/一個大圓桌/隱密而且很有質感/他的停車可以停在大樓下面/可以折抵半價/那我記得套餐午間套餐有比較便宜/那平日更是有/880的午間套餐/那我們嘗試了三個價位1200/1500/1800/每一個價位大家都還蠻喜歡的/還可以兩個價位請他們分盤子/就可以吃到更多變化/我是點1800的價位/就有吃到了一些龍蝦/覺得cp值非常的高/推薦家庭聚餐或是喜歡有氣氛服務好的人
C	食材都漲價了/5顆星的用餐環境/但是想要享受以往的美味/恐怕得加倍付出/
C	空虛的一餐/晚餐一人2000元的套餐/氣氛100分/但是餐點就沒有任何特色/如果是以一顆想吃好料的心前來/會讓人大失所望
C	許久沒來/覺得服務品質下降很多/跟不上價位了/食材的新鮮度還是很好/套餐的餐點讓人滿意/期盼下次能有物有所值的體驗/
D	適合約會慶祝or商務or家族聚餐/高貴不會太貴環境低調美美/梅酒品項只有一種好可惜外加不好喝/無調酒酒單紅酒香檳日本酒倒是一堆/天婦羅麵衣不及格魚肝不行/其它都很好吃/和牛熟度煎的剛剛好/服務好棒棒/最愛坐板前了/還不撥電話孝敬另一半去/
C	這次的服務跟不上/和之前的經驗大不同/點餐等超久/一直叫都說馬上/上菜也慢/結帳也慢/可能人手太少/看服務人員都忙慌張了/前後台該加人手還得加/
D	氣氛好又好吃/約會的好地方
D	白色盤子襯托出新鮮食材的味道/不論是1200或2500/甚至是鍋物都可以凸顯職人的精神
D	環境美/氣氛佳/就是點餐服務有點慢/第一次去服務員有大概介紹過菜單/服務員很客氣覺得不錯/餐點也很精緻/
D	這間三井風格裝修優雅氣質/服務員上餐時候有待加強訓練/點餐人員服務很忙/哈/還是熟悉龍安街的三井/
C	3/18和朋友相約聚餐慶祝生日/當天消費4千多塊/吃完以後晚上11點多搭公車回家時/開始全身冒冷汗/噁心想嘔吐的感覺/本以為是暈車/就忍著回到家裡/隔天上班時不時也是會出現頭暈跟噁心的症狀/星期六半夜開始就睡不好/肚子脹氣又一直想吐/實在受不了在星期六早上去給醫生看了/在診所就一直吐/當天也打了止吐針/醫生判斷可能是生食或是餐盤不夠乾淨/感染諾羅病毒/這幾天真的是非常難受/本以為開開心心的吃一頓慶生餐/卻讓我這幾天這麼痛苦/致電商家說明狀況後/店長也僅表示會加強管理/無任何處置或補償慰問/此價位用餐/令人不敢相信是這樣的處理方式/以後拒絕再訪/食材衛生堪憂/
D	食材新鮮/服務人員態度良好/價位相對高/久久吃一次還可以/不過這次選太多海鮮/吃到比較膩口/上次吃的時候的肉類和海鮮比較平均/建議來吃的人可以斟酌一下/
D	點了上允跟月印套餐/點膳人員很專業為我們每道餐點食材都盡量錯開/享用到多樣化不一樣的餐點/非常貼心細心/壽星還有招待/壽麵/很精緻/用餐環境很讓人放鬆/喜歡/雖然入坐到點完餐過程近30/40分鐘之久/餐與餐之間也有等候/從我原本不餓都等到肚子餓了/可以理解的是/每一道餐點都需要製作料理時間這就是/美食價值所在/我已經開始期待下次再去用餐了/在B3停車可享有折低半價優惠很不錯/台北真的很難停車這優惠讓我真心覺得很不錯/有車位可停車又可以折抵/
D	舒服的用餐環境/優質的服務/恰到好處的料理/唯一要注意的/有點暗/老人家要留意步伐
C	1800和2500的套餐/cp值普通/服務人員態度非常好/餐點非常普通/整套餐最令我失望的就是炸蚵仔/超級不怎麼樣/
C	我們點龍蝦套餐/龍蝦ok/牛排過火太柴了/另外點的高山茶/直接放茶包在杯子裡/實在low/應該有更精緻一點的作法/
D	今天帶客戶來吃飯/用餐時間有一點晚/拖到兩點20才進場/但店員服務態度超好/並沒有因為倉促的打烊時間而怠慢了/我的客戶用餐非常的開心/而且服務人員賴X雲服務周到/講解細心/每道餐點都新鮮好吃/下次有客戶需要招待我肯定還是會帶來這裡唷/
D	好吃/沒次餐點都不一樣/都是當季最新鮮的海鮮食材/CP值很高/不論約會/聚餐/談工事都推薦/
D	無菜單日式料理/海鮮非常新鮮/鮑魚/海膽/天使蝦/雪場蟹/生魚片/圓鱈/都非常好吃/唯一的缺點就是/價格不便宜
C	由於公司之前在明水路及農安街的三井都辦過尾牙/都留下不錯的印象/所以今年公司尾牙預定了敦化店的包廂開了兩大桌/1800的套餐/大家都非常期待/但是這次大失所望/所有菜色裡最深刻的大概是隨餐附的/溫開水/一杯/日本料理餐廳不是最基本的就是要提供熱綠茶嗎/當天非假日外場並無滿座/但是包廂服務生明顯支應不及/上菜速度緩慢/一頓飯7/00吃到晚上10/00/我們自帶酒需外加一瓶1000元開瓶費/餐廳酒單的紅酒一瓶1500起跳/但由於服務生太忙/同事只好自行開瓶倒酒/溫開水/也是要了好幾次服務生才來續加/餐點CP值/嗯/屬主觀意見/就不多陳述/
D	菜色新鮮/口味適中/以它的價格而言/包廂略顯簡陋/且隔音不佳/開放用餐區設計較為精緻/
D	二十年前嚮噹噹的知名日本料理店/以套餐方式供餐/建議直上最貴或第二貴套餐/才能吃到高檔食材/料理/另外/店內供應的酒水也很有水準/該店屬標準商務宴客型餐廳/如二千元以下套餐可以再細緻點/或是推陳出新不一樣的菜單/不然差不多就是四顆星評價/
C	高級餐廳感覺沒那麼好了/菜色服務都縮水/地下停車要付費/餐前餐後提供的抹茶也沒了/喝茶要另外付費/一杯高山烏龍茶要價60元/完全沒味道/原先包廂和洗手間有薰茶香也沒了/
D	和重要的人來這裡慶生/食物道道驚艷/服務態度還可以/不過吃完拉兩次肚子/
C	覺得實在無法感動我/索然無味/炸魚油膩/牛排配上亞洲式的醬/有點不倫不類/壽司捲普通/果汁稀釋小杯/只有湯充滿日式風格/清爽鮮甜
C	算是較貴的連鎖高級日式料理/果汁很普通/海鮮也沒想像中新鮮/這價位有很多更好的選擇/不過平心而論是不會到不好吃/氣氛跟裝潢/還有名氣都算是聚餐好場所/看有懂嗎/
D	裝潢很有氣氛/食材新鮮/料理方式恰當/建議點2500以上套餐/食材搭配的彈性會比較好
D	食材很新鮮/擺盤很用心/氣氛佳加上服務態度都很好/
C	吃到兩次魚筋/還有牛肉沒處理好/還有沒吃完就直接上下一道/雖然沒出問題的料理還不錯/但個心情就被破壞了/令人失望
D	隱身在地下的高級餐廳/氣氛非常好/料理精緻/食材也新鮮/服務人員也很熱情介紹餐點/如果不敢吃生食/還可以依需求客製化料理/非常棒的日式餐廳/
C	套餐的這道餐/賣相真的很不好/看起來就沒食慾/魚湯加冬粉味道清淡/沒有襯出魚湯的鮮味
C	換菜上桌/桌面髒了也不擦/餐點難吃就算了/也不會關心客人餐點使用如何/三井料理真的/
D	三井總是物有所值/這裡燈光美/氣氛佳/但有時廚房忙不過來/單點的菜會耽擱到/
D	相當美味的料理/服務人員會幫忙搭配餐點跟酒品更是加分
D	高檔的日式料理/擺盤簡約優雅/味道也不錯/只是燈光昏暗非常影響胃口/有幾道菜我都失了味覺/因為實在看不清楚吃了什麼入腹/
D	氣氛佳/燈光美/食材高檔新鮮/料理技法剛好呈現食物的最佳狀態/推薦圓鱈/帝王蟹/烤牛肉/餐間搭配蘇格蘭艾雷島Bruichladdich的黑色藝術4/1/5/1和Octomore/泥煤香氣的/edition073/朋友/家人/美食加美酒/微醺美食饗宴
C	這次吃中午2000元的無菜單料理/不值得/既然是無菜單料理/服務人員應該事先詢問客人不吃的食物/再下去配菜/
D	生魚片跟海鮮還算新鮮/牛肉好吃/但約2000的套餐感覺CP值不高/
C	精緻度有待改進/很商業化的套餐形式/用餐環境吵雜/服務人員每個看起來都好忙碌的感覺/無法即時服務客人/失望的用餐感受
C	如果可以不要給星或是負分/我一定給/沒有離開餐廳第一時間寫評價/是因為在思考今天這晚餐是不是有生以來遇過最爛最糟糕的/從入座後的點餐/光是喝水喝茶/三個人問/沒有一個人一次搞定/有個家人比較慢來/給的盤子是濕的/服務人員沒有任何發現/還要我們提醒/過程中也不覺得這是件了不起的事情/我們點了牛排/羊排/手卷跟壽司盤/前三項都來了也吃完了/至少入座一小時後才上壽司/而且/還要我們主動要醬油/才匆忙的拿來/拿來過程中/我主動告知只要兩個/服務人員一樣跟沒聽到四個都擺/再來/點餐時千交代萬交代不能吃蝦會過敏/來的時候還是有蝦/這時我們真的無法接受了/當你餓了半天/想說在週日晚上好好跟家人吃飯/所以家人找了一家認為應當是最安全的餐廳/但/真的錯了/錯到底了/你以為這樣就沒了嗎/錯/還有/請主管來告知問題後/我們選擇退回剛剛的壽司/同時結帳/結果帳單還是不正確的/連我們這樣跟你反應了/都能在最後一刻把帳單搞錯/厲害/最後/謝謝值班主管你的免服務費好意/但心領了/請你們正常收費/因為我基本上此生不會再踏入你們這/也不想跟你們這家店有啥牽扯/畢竟只要經過一次就會想到今天這麼不凡的服務/以後就算我家人多想吃壽司都一樣/對了/不要跟我說疫情期間人力吃緊/當天內場師傅至少6人/壽司師傅2人/外場至少5人/全場僅有不到十桌/雖然旁邊包廂有人/但真的沒有這麼忙/你們真的很糟糕/家人餓著肚子帶著無比怒氣/最後只好跑到大安路上買雞排吃拉麵/怒/
D	用餐空間設計很棒/食材料理新鮮
D	有三種價位可選擇性/我們選平價級也很高級哦/座位被安排在雙人雅座/隱私性足夠/讚讚讚
D	環境舒適/佈置有細節/食材精緻新鮮/重擺盤/可惜價格貴貴
D	原味的食材/不過度調味/看的到廚房製作廚師很專業/環境優雅/服務一流/價位也高/但是有品質
D	價格比較高/但服務不錯/照片上是2500/人/套餐
C	料理精緻/可惜太貴/上菜慢
D	來吃過好幾次/服務一直很好/握壽司不貴也好吃/第一次坐吧台
D	有賺錢的動力了
C	感覺沒有以前好吃/以前會準備茶/現在全部要單點/一杯茶葉泡的茶要60元/服務也變差了
D	地點隱密/用餐環境良好/乾淨舒服/料理美味/
D	食物新鮮/餐點精緻/裝潢不會有壓迫感/讓人有回到家的感覺/開放式廚房不會有油煙味/有吧檯可以看人現捏壽司會有想在回來的感覺
D	好吃/服務好
D	黑鮪超鮮美/牛肉鮮嫩/餐點精緻/很療癒/CP值高/
D	食品水準多年如一/服務態非常專業/是台北值得去的高級日本料理
C	從小就一直很喜歡吃三井/覺得滿好吃服務也不錯/直到這次我去吃/只是包放在地上/竟然要我放到我對坐的家人的沙發上/我跟我姐姐表現的並不是很有意願/服務生卻一臉/我們是怕你的包髒了/而且態度十分強硬/首先/我們的包好幾個/放在我家人沙發旁邊就有點擁擠/不然我們一開始為什麼要放地上/第二我覺得我把包包放在我跟我姐姐兩個座位中間並沒有突出來影響到其他客人/第三我跟我姐姐詢問了是否有放包的籃子他們語帶驕傲的說沒有/我特別好奇/現在很多餐廳為了讓客人方便/會給小籃子放包/或是讓他們放過去/如果他們堅持我們放在地上不雅觀的話/這個服務生一臉驕傲是什麼意思啊/覺得你們餐廳一點不體貼不周到然後很得意嗎/這個感覺真的超不開心的/還一臉是擔心怕我們的包髒了/抱歉如果我怕我的包髒我一開始就不會放地上/不太需要這種無腦提醒/我放地上就是因為我不在乎髒/一直以來喜歡的店以後大概是不太想再來了/牛排我也覺得略顯大塊咬不太動卻沒有給刀叉/但是前面那事之後我也懶的再去要了/大概就是失望的不行了這樣/
D	時尚的日本料理店/爵士音樂散發慵懶放鬆的氣氛/菜色不花俏/但是食材新鮮/享受食物原味
D	食材/服務一流/推薦吧檯無菜單/師傅帶你環遊世界/一道道精緻料理實在太幸福滿足/
C	2500的套餐/和牛太肥/喝茶需要另付費/覺得cp值不高/
D	空間大/餐點新鮮好吃/服務生上茶速度可以加快/
D	美食/干貝紅喉魚好好吃/可惜不是麝香葡萄/有點失望
D	午間套餐/精緻/海鮮新鮮/環境好/服務很專業/會再回來吃/非常棒的體驗
C	停車位有點小/用餐只能折抵ㄧ半停車費/餐廳有點暗/上餐速度有點慢
D	錢花在吃好吃的/也不虧/但有人請更好/
D	環境很棒/而且非常隱密/餐點精緻
D	燈光佳/服務好/料理新鮮
D	我覺得三井的午餐很優惠/一直是可以招待朋友氣氛又佳的好選擇
D	非常讚的日式料理餐廳/價位跟環境都非常棒
D	CP值高/服務很好/新鮮美味/
D	菜色有創意/環境氣氛很好
D	充滿美味與新鮮的口感值得一試
D	海鮮不錯/和牛有點失望/
D	份量剛好又新鮮/還能幫忙更換忌口的品項/很不錯/
D	食材新鮮好吃/優秀服務生有禮貌/
C	食材新鮮度算可以但料理手法普通/沒有值得驚艷的點/覺得主要是吃氣氛跟裝潢的餐廳/在生魚片盤中吃到魚鱗/讓人有點生氣
D	第一次吃到沒有腥味的/對味道極度敏感的我/
D	氣氛很好/餐點不錯/白飯有再進步的空間/
C	出餐有點趕/吃得有點壓力/進下道菜的時候也沒留意是否有把前道菜的餐盤收乾淨/整體不錯/但就是這種細節上處理得不夠好/同樣等級的日料/選擇別處也無妨/
D	服務人員如果能重拾起工作的熱誠與初衷那就100分了
C	用餐環境佳/食物口味穏定/那是去年以前的印象/今年過年再訪/直接扣掉一顆星/什麼都要收費/問題是給我烏龍茶配海鮮/直接給我熱開水就好了/連食味都不尊重/音樂比大聲/整間鬧轟轟/以為到了大眾食堂/加點軟殻蟹壽司/從沒看過這様的幼蟹/也能捲/
C	吃不習慣高級料理吧/覺得沒有太大的驚艷/
C	部分菜色上來一句介紹都沒有放了就走/這樣我怎麼會知道我吃的是什麼/再來東西還沒吃完服務員就要收走/說了還沒吃完也不會說聲抱歉/結帳時完全沒有問今天的用餐經驗是否良好只顧結帳/結帳完從座位上離開/經過的每一個服務員包含最後門口的櫃臺/沒有一個說聲謝謝光臨之類的/好歹一套餐點也要1800/2500元的/我以為服務態度是最基本的要求/至少吃過的同等價位餐點/不會讓人覺得這麼被無視耶/
D	食材新鮮美味/吃了許多鮮美食材跟料理
C	服務生很忙/根本沒有時間照顧到客人的需要/魚生一般/沒有預期的新鮮/但價格卻是一流的/老實說/我從沒試過到一間日本料理店/連茶水都沒有送上的/就算是香港大排檔/大陸迴轉壽司店/日本鄉下料理也會送上送上一杯熱茶或冰茶/這不是錢的問題/是一種待客的禮儀/我來到這間店/完全感覺不到被尊重/圖片上面所po的空盤子/將近15分鐘了/還沒有收走/我不是本地人/我不知道這是不是一種文化/我們坐在這裡將近一個小時了/東西還有沒有上齊/作為旅客來說/我絕對不會來第二次/回去之後再和介紹我來的那個傢伙說/你TMD別再介紹了/
D	氣氛好/食材新鮮/服務人員細心的好店
C	吃過本館/三井M後/發現美術館的人員真的需要再加強/餐點上了/餐具遲遲才送上
D	氛圍/服務及餐點都不負三井之名/够水準
D	高級的日本料理/今天喝了幾種酒都非常不錯
D	設計感十足/日式禪風/精緻餐點
D	服務好/品質好/裝潢美/地點佳
D	托兩位重量級同事的福/有幸能在三井吃飯/非常棒的用餐體驗/
D	餐廳的空間很寬廣氣派/食物的部分還可以/生魚片換的那個魚湯的什麼鯛魚的味道不是很喜歡/牛排跟鮮蝦都還不錯/服務的部分可以再加強餐點常常送錯人/
C	為了我的生日特別選擇的餐廳/結果一整個服務流程上菜都很掉漆/從生魚片上菜忘了給醬油/一直等/到最後甜點都吃完了還漏上熱茶/整個時間拖得非常長/吃了快三個小時/得一直跟服務人員催/最後跟櫃台人員反應/也只得到一個濃妝假睫毛的資深服務生敷衍且不耐煩的回應/這是一次不愉快的用餐經驗/非常失望
C	訂初二晚上5點入場/一直坐著等到5/15跟服務生我要菜單連一杯水也沒有/跟他們要才有/小孩子一直要水/跟服務生要了三次/才拿給我們/而且我們要問菜單內容/服務生跟我說要點菜人員過來/等了10分鐘/因為我們是第一次來/請人員再重復一次/他竟然說我不是講過了嗎/這樣的服務態度在我外食許多餐廳/第一次遇到/四星級裝潢/三星級食材/二星級的料理/一星級的服務/老實說我很不想給那一成服務費/
D	氣氛佳/服務好/餐點美味/適合約會聚餐
D	服務好/餐點美味/很值得/
C	用餐時間算是法式料理/以為外面很忙碌/出包廂後發現客人根本沒有很多/不懂在忙什麼/介紹菜單態度非常不屑/點餐也是亂七八糟點/如果食物很好吃/這些我都能接受/但真的就是各方面都很普通/非常不值得/
C	02/11/除夕/訂19/50/19/40開始等/20/10入座/20/20點菜四個套餐/單點一隻鱈場蟹/店員表示因為晚入場所以先入單上套餐/等等再幫我點其他單點/我不吃海鮮/20/40等不下去了自己找店員協助點我想吃的非海鮮料理/目前仍在等著吃我的年夜飯/以上因為除夕忙碌可理解/以下極為離譜/1/吸煙區就在座位旁/抽煙的朋友可以透過自動門自由進出/煙味也可以在餐廳內外自由穿梭/2/等待入場時店員說/檯面正在整理所以還不能入座/當我們入座上菜時我們反應沒有筷子才補上/整理20分鐘卻忘記放筷子/
D	食材新鮮味道很棒/值得再訪
C	服務生水準有待加強/1800套餐沒有令人驚豔/有些食物都是溫溫有點偏冷/沒有觀察客戶用餐狀況/即使還沒使用完上一道/下一道就上菜/這種服務品質真是讓人點失望/唯一喜歡的是裝潢氣氛還不差
D	食材鮮/美味佳餚/服務好/氣氛佳/值
D	日式料理的專業代表/服務好/氣氛佳/料理美味/
D	好吃/每個餐點都像藝術品
D	套餐沒吃生食也是可以不錯吃/
C	你有看過幾乎所有客人都穿著羽絨大衣吃飯嗎/這就是當天的情境/訂了包廂吃飯/冷到死/服務人員說因為是大樓統一空調/所以無法調整溫度/只能開送風/吃飯氣溫大約15度/如果是第一天的寒流報到/我不會這麼生氣/但是寒流已經一週了/有在管事的應該早就動用公司資源/搞一些暖爐放在週邊/我在包廂必須穿著我的/Super/Dry/大衣吃飯/其他人大衣/羽絨衣/也穿著吃飯/大廳更別說了/看到一桌家人/爸爸穿羽絨衣/媽媽穿著毛大衣吃飯/用點腦子好嗎/這麼高級的餐廳/連溫度氣氛都搞不定/我差點就要訂別的餐廳/馬上走人/點餐只有一位可以點餐/所以等點餐等好久/還好餐廳冷到沒有甚麼人/不然要等更久/服務生訓練不夠/生魚片還有/未退冰的/吃起來還是硬梆梆的/來三井的美術館不就是來吃裝潢的嗎/冷到爆的環境/實在誇張/這是我第四次光顧/也是最後一次了/價格高/但是搞不定服務品質/
D	每道菜色都看的出是用心料理/服務品質算中上等/裝潢及燈光氣氛相當講究/雖然價位不低但值得品味/
C	雖然價錢跟以前沒有差很多/但品質跟過去比實在差很大/上菜服務又很慢/以前比較好吃/現在菜色也很普通/CP值很低/
C	服務超0分/母親節吃的很丟臉/上菜順序亂上/前菜在主菜後才上/生魚片沒給醬油碟子/單點點菜沒上還狡辯/然後一堆蚊子/雖然口味不錯/但這種價錢這種服務真的0分/
D	燈光美氣氛佳/用餐環境舒適
D	宛如自家廚房
C	服務太差/食材也還好
D	食材精緻/帝王蟹很優/
D	用餐的體驗很好/希望甜點可再精進一點/
C	現在連茶水都改單點了/個人認為茶水是最基本的/一個人基本都上千元起跳/連一杯茶水還要單點/寧可把茶水費放在套餐內也比單獨收更好
C	11/30開始入位/到1/40/餐點還沒上完/甜點咖啡都沒喝到/中途已經告知我們餐點還有沒上完的請儘快/但服務人員一直說好/3分鐘後到/13分鐘都還沒到/第1桌進餐廳的/別桌都吃飽離開了/我們還在等餐點/讓人無法理解出餐點管理是怎麼分配的/無言
C	體驗極差/完全沒有三井該有的水準/拜拜的煙味漫進包廂/要等客人反應過敏才開啟清淨空調/服務人員要等待30分鐘才來點餐/餐點上錯位置/該熱的菜上桌已涼/壽司的飯是冰的/只有毛蟹處理的很好/其他完全不及格/
C	上菜太慢但口味還不錯
D	環境氣氛優/食材新鮮好吃
D	新鮮好吃但略貴/飲料需單點
D	小姐很親切/東西很好吃/環境很優美/
D	海鮮新鮮牛肉嫩服務優氣氛優
C	很久沒有來三井美術館了/枉費以前的好印象/三井的上引水產系列/處理料理比這裡好多了/最後的甜點銅鑼燒/簡直壞了整個局的印象/不要小看忽視最後的甜點/那是最後對這家店的印象/
D	真的很好吃/cp值很高/每年幫朋友慶生都選在這裡/氣氛裝潢好看/服務又好/餐點又很多而且精緻好吃
D	以日本料理來說/還是有一定水準/本次吃上允菁饌/生魚片裡有黑鮪魚腹/新鮮度沒話說/真要說跟以前有不一樣的/就是現在熱茶沒有了/要自行付費茶資/點果汁類的都是現打新鮮果汁/150元一杯
D	份量食材氣氛都不錯
C	原來我不孤單啊/原來三井入座後要等到三十分鐘之後才有人點餐是常態/好不容易有人搭理要送飲料了結果送錯/然後繼續再等將近20分鐘/這之中怕客人口乾舌燥所以好心端來一杯熱開水/居然是給開水而不是茶/我還以為那碗水是來洗手的/食物沒有不好吃/但整體用餐經驗真是懷疑三井的水平/
D	用餐環境跟用餐品質都蠻好的
D	一直是我們七年來的心愛日餐館之一/板前能有特別體會師傅們的用心/桌位適合聊天環境好/此處有象拔蚌和鮑魚壽司超好吃的/唯一美中不足的是啤酒/最近幾年改為只有德國的/一個我們不能接受的餐館決定/
C	燈光美氣氛佳適合時間很多不趕時間的人來用餐/餐點非常的美味好吃/但是唯一也是必須加強的地方就是服務人員的服務/餐點吃完被晾了一段時間才來收盤與出餐/餐點上菜速度非常的慢/一頓餐吃下來花了快3個小時/明明餐點還沒出完卻有服務人員告知餐點已出餐完畢/連最後要買單也是自己要告知服務人員/覺得服務費收得不是很合理/希望服務人員能更加強/
C	客人多/服務很不怎麼樣/要等等等/價錢貴還沒吃飽/更糟的是在昂貴的用餐後/大樓停車費只能扺一半/
C	兩人點了近6000/餐點不值這個價/生魚片不是那麼新鮮/有腥味/主菜還行/正常男人應該會吃不飽/茶水沒了放在桌邊也裝沒看到/來回兩次了/還要我舉手才過來/要求衛生紙也是忘記/等我再次招手才意識到要拿來/餐點沒吃完也不問原因/直接就收走了/唉/服務對不起他的價位/餐點對不起他的價位/唯一對的起應該是/台北市/這塊地了吧/
C	等一個鮭魚卵壽司和一個鴨肝壽司/等2個小時/中間吧台師傅很閒/請服務生去催了3次/大家飯都吃完了/火鍋也吃完了/才上這兩個壽司/到底誰吃得下/師傅嗎/
D	這裡的海膽是真的新鮮/套餐裡有鴨肝也是意外之喜/但服務真的一言難盡
C	餐點中規中矩/跟一般的台式日本料理沒什麼差別/只有用料稍微好一點點/烹飪方式沒有什麼特別/擺盤也普通/不符合/料理美術館/這幾個字/服務不太行/茶水點了很久沒來/加熱水也是問了好幾次才來加/這樣的品質一客套餐千元以下還可以接受/1500/以上我無法
D	非常新鮮的海鮮/服務也很好
C	我吃1500的套餐/生魚片非常普通/龍蝦肉很不新鮮沒有Q度/比我朋友的明蝦還難吃/薄片牛排沒有什麼牛味/服務也沒有高檔餐廳應有的感覺/整體來說以這個價位真的不值得/有其他更好的選擇
D	經常跟朋友在此聚餐/算老客戶了/上週再約在三井跟朋友聚餐/除了明蝦不太新鮮外/其他都很好吃/牛肉維持以往的水準/煎魚香外皮酥脆/裏面的肉還是軟嫩/食材跟價位總體來說/相符/如果明蝦再新鮮一點/幾乎可以滿分/
C	1800和2500套餐/不優/1/上菜速度慢/中間等非常久/但晚上客人並沒有很多/2/鱈場蟹不新鮮有腥味/向服務人員反映也沒有任何表示/對食材新鮮度自我要求很低/有種花錢是來學經驗的/弄一隻這種給我們開開眼/__/3/A5和牛的品質差/沒有香氣/肉質硬/應該是奇怪的部位/其他就都還不錯/新鮮度還OK/餐廳對食材的自我要求及管理應該要提升/如果套餐的預算不夠不要拿品質不佳的東西爛魚充數/
C	吃了好幾年/越來越差了/點了3套2500/套餐/沙拉裡的龍蝦是解凍的/吃起來跟婚宴會館冷盤差不多/松葉蟹口感味道也像解凍海產/沾醬味道也讓人不解不是無味就是死鹹/上桌三套牛排切開熟度都不同/小姐說都是做5分/其他餐點熱食上桌時好幾道已冷一半/海膽握壽司的海膽是冰的/對比微問醋飯滋味實在驚人/總之從食材到廚師穩定度到服務流程/螺絲都鬆了/
C	不建議來吃/上菜速度極慢/吃完很久了/甜點差不多等了快半小時才上/等到都快睡著了/菜色新鮮度一般/生魚片有腥味/實屬一般/唯一喜歡的就那杯飯後咖啡可中和掉嘴裡的腥味/附註/服務員很不貼心也不懂變通/明明有看到嬰兒了/還特意從她頭上那裡上菜/都不怕翻倒等情況嗎/我們只好默默把寶寶移開/補充/用餐的家人有一半都拉肚子/包含我/很糟糕的品質/
C	勸退父親節想訂本餐廳的人/一份餐點破千元的餐廳/海鮮不夠新鮮/沒有擺盤/份量少到連65歲長輩也吃不飽/出現邊角破損的碗盤/說茶可以續也不會主動添/真是連環廢/如果不是沒有負分/還真不情願給一星
D	場所大氣/食材生鮮/美味吃得到/
C	失望/晚餐吃了套餐之後竟然還拉肚子/太失望了/
D	真的很不錯的日式料理/常來吃的好地方/也很榮幸吃到認識一位資深美少女/美惠小姐/想吃什麼問她準沒錯/她會幫你精心配置/每次都吃的好飽好飽/高貴不貴/是個家庭聚餐的好地方歐/讚啦/
D	與上乘三井/明水三井的料理都差不多/
D	餐點與環境都不錯/在那邊請過幾次客/大家都滿意/包廂與開放區都各有優點/若是想不到請客地點/可約這家/安全性算高/
C	為了這一次不愉快的用餐經驗/我非得上網登錄講這件事/如果可以給負分/我一定要這位吳先生/負分/7/11/19/00用餐/十分糟糕的經驗/十分糟糕的板前/吳姓師傅/如果這種/0/專業度也可以叫師傅的話/當天沒有限制預算/請師傅幫我們配/全部都是握壽司/誰知道/討厭的事就開始了/3分鐘之內就上了三貫握壽司/隔著口罩/上第一貫握壽司/他只在嘴巴小聲講了魚的名字/接著第二貫/第三貫/丟了就去忙他的/也不管客人夾魚的方向是否方便/期間還沒有透過麥克風/直接地喊著他同事的名字/我誤以為來到了築地市場/到了第四貫/甜蝦/我看他一眼/他才停下來這種不專業的態度/蝦頭拿去炸/炸回來只有一個/問題是我們是兩個人/你可以不要炸蝦頭回來/我沒意見/但是回來應該是兩個吧/板前吳先生/他真的不配稱為/師傅/表現出的不耐煩/不專業/已經讓我們用餐很不快了/10分鐘之後/我們就/氣/飽/離開/他也沒有問任何一句為什麼就讓我們走了/結帳的時候/服務人員/一位妹妹/一直在道歉/因為她有發現我們用餐不愉快/但是會計人員也一副沒有她的事情的樣子/因為她只負責結帳/客人發生什麼事跟她沒關係/整個團隊/分崩離析/亂七八糟一團/評價差/不是沒道理的/
D	好吃/材料/服務一流/空間感十足/
D	生魚片新鮮/甜點好吃/服務讚/
D	氣氛佳/食材新鮮
D	餐廳稍較隱密/第一次去有點找不太到/料理部分3顆星/服務態度優良及裝潢的低調風格個人很喜愛/因此再給1顆星/擺盤及料理口味尚可/沾醬還有進步空間/甜點和咖啡較為普通/並且希望上菜時能清楚介紹一下餐點/不然都不知道到底上了什麼/還有幾道/雖然菜量不算很多/但以我一個女生來說套餐算是能吃飽的/今天最滿意的大約是奇異果汁和套餐中所更換的牛肉吧/
D	我是中午去吃的/大部分都是有年紀的人在這裡吃/突然/我就變很年輕了/但是現在日本料理內場外場都是很年輕的人員在服務/感覺上心裡的味道是不一樣的
D	海鮮跟和牛一級棒
D	氣氛好/食物佳
C	3/10/日/2500/10/午套餐/妹妹請的生日餐/我喜歡日本料理/而除我之外的人不吃さしみ/就因為這家三井標榜的是おまかせ料理/就是依大廚每日安排的套餐內容物/可以換成適合自己的食材/所以千挑萬選的預約下訂/以下就供將要訂餐的各位參考囉/滿懷期待的憧憬著/美術館/的定義/從入口到坐定到餐點結束/我很認真的找/真的沒有美術的元素/我開始懷疑自己的品味/來過的人說喜歡這裡的原因是因為人很少/今天星期天難得才有多一點的人/開放式的空間讓我們很完整的看到工作人員有三類/廚師/外場的點菜專員/及服務人員/很奇特的現像是/所有加起來的服務人員好像比客人還多/但是服務卻沒有很好/經過點菜專員的建議後/上菜速度正常/菜色沒有驚艷/但是驚訝/日本料理中的主角さしみ/居然新鮮度不夠/粉粉水水的/不是因為下面鋪冰塊的關係/接著上了道大家喜愛的雪場蟹/鹹到一個不行/台灣人就是這麼善良/其實應該要改/這不是我們的錯呀/想說每人2塊/第一塊且配著黑豆茶水吃/結果第二塊還是鹹鹹鹹/有夠鹹/好不容易才等到的服務人員/請教上司給我們的答案是蟹沒有加鹽/鹹度是海水的味道/請問我應該要畫幾條線呢/我吃過雪場蟹耶/而且還很多次/過了好一陣子/到快上水果的同時/點菜的專員來了/他告訴我們/再次確認的結果是這道菜真是原味的/所以怎麼可能那麼鹹呢/師傅說那個真的是海水的味道因為他真的沒有加鹽/我們一陣莫名/討論這應該第一時間請師傅吃吃看/終於等到他說要不然再給你們做一次好不好/我們很客氣的說不用了都吃飽了/其實內心是不舒服的/又等了好一會兒/上了咖啡/喝到一半出現細長壽司卷/說是補償我們過鹹的雪蟹/你能想像兩張很大很厚的不脆海苔包著小小的一顆干貝送入嘴裡的感覺嗎/其實他可以不用補也沒關係/問題是這份誠意來的令人五味雜陳/我們有一份牛排沒吃/要打包回去/發現/服務人員多包了一隻蝦/原以為那隻蝦是補償給我們的/結果我們還很老實的確認/結果專員來了/他直接把那隻蝦取出/對了老半天的單才拿到別桌去/沒有回覆當然也沒有抱歉/這還是第一次到有名的餐廳/手機原封不動放皮包/沒使用照相功能/邊喝咖啡等結帳時/隔壁桌出現了蠟燭及兩個50元硬幣大小的方塊蛋糕/和水果擺一起/那桌家人開心的照相/妹妹興奮的問我們有沒有/得到拿刷卡單來的人員非常嚴厲地說2次/那要預訂的時候說才有/因為那個蛋糕要特別訂做/我們笑笑的走了/那如果人家是現場來的/他們給不給呢/我們不是計較只是想要照個有生日氣氛的相片/真是難忘的60歲生日餐/謝謝妹妹/讓她費心又破費/那顆/是給她的/
D	食材新鮮又好吃
D	台北的三井吃過農安街和大直/信義還有這家/都是中晚餐固定價位的日式料理/依當天的食材幫你做搭配/前兩間走的是比較正統/信義區時髦許多但餐點跟農安街類似/這間多了一些變化擺盤也較精緻/環境裝潢也更高級/但食物並沒有因此升等/除非是請客或特殊節日/或是口袋過深/覺得吃農安三井或是大直三井就可以了
D	三井的蟹與龍蝦就是好吃/
D	餐點新鮮美味/可惜上菜速度太慢/一餐飯吃了近三個半小時/實在太久了/
C	昨天晚餐吃了不新鮮的壽司盤/還沒回到家就肚子痛/果然狂拉肚子/連同同行的人都如此/還有肚子痛到今天的/可惜了好裝潢啊/
C	生食不新鮮/同行有四個人拉肚子/兩個人用餐到一半就跑廁所了/服務態度需要再加強/點餐時感覺只想快速解決/問到1500的套餐內容/就說跟1800的套餐差在沒有生蠔跟鱈場蟹/但是菜單上有兩種1500的套餐/點飲料時我們還在猶豫/服務生就說不然幫你們點一瓶礦泉水/但是你們六個人分的話一人只有半杯/所以再幫你們另外加點兩杯才夠喝/當下的感覺不太舒服/後來各點了一杯果汁/150一杯的果汁非常淡/我還以為我點了礦泉水/上菜速度也很奇怪/前面都慢慢上/上到主餐卻一起上/明蝦/牛排/握壽司/等我把剛放嘴裡的握壽司吞下去/明蝦吃完/牛排也冷了/總之覺得1800的套餐吃得很不愉快
D	精緻的料理/營造良好的氣氛/訓練有素的外場人員/讓人會想再次來用餐/
D	包廂的服務很親切/套餐內容/沙拉份量足/生魚片新鮮可惜沒幾片/其餘就都普普通通/沒有甚麼令人驚豔的/為何稱為料理美術館/還是搞不懂
D	十幾年來在這宴客聚會/都能維持高品質的服務及餐點/真的很不簡單
D	過年期間前往/員工訓練有待加強/菜色不齊/缺很多東西售完/但至少過年還有營業
C	食物材不錯/但烹調手法了無新意/服務不用心/2500的套餐/一杯水也沒給/茶資另計/一杯/60/馬克杯沖茶包/應該沒理由再去第二次/
C	第一次用餐有四顆星的品質/以至於第二次我極力推薦來這招待廠商/結果卻是令人失望的一次體驗/這等級的餐廳居然服務與出餐速度/出餐流程/漏餐/各種不及格/往後絕不招待廠商來這家/真是臉面都丟盡了/
C	中午菜色普普/以一般日本料理等級算是還可以/服務也不算好/請幫忙加個熱水都叫好幾次/真要吃好的不建議來這邊/
D	食物及服務都優/
D	用餐環境比明水三井舒服很多/服務人員也很細心與親切/食材與味道都很好/上菜速度流暢/會想再造訪
D	餐點不錯/食材新鮮/服務人員不足/常常找不到人/希望一入座就能先送上茶水/而不是我主動要求才給/
C	餐點變得很難吃/8/8節當天六位同行家人/都是點了晚餐1800的套餐/其中一位在吃生菜沙拉的時候裡面卻看到有一整隻/死蒼蠅/當下服務員/在我們能拍照之前就/就馬上把餐盤收走/事後也換了一盤/只是我想說/生菜沙拉應該是6位的都同時一起拌的/所以就算換了一盤/剩下的五個人是不是也吃著/跟死掉蒼蠅一起攪拌過的生菜沙拉/點餐小姐/短頭髮身材略壯碩/貌似為經理/點菜態度/一直很不耐煩/讓客人心情很不好/跟信義區的三井m的服務態度相比/這家實在是非常非常差勁/也絕對不會再考慮去這家
D	氣氛不錯/很悠閒
D	我女兒說好吃
C	我簡單說吧/氣氛好服務尚可/但這裡的生魚片和握壽司根本是笑話/我感覺水準跟爭鮮差不多/甚至還輸一點/堂堂三井/情何以堪/Btw/我們昨天八個人去吃午餐/有四個拉肚子/要去吃的真的仔細想清楚/
C	以前曾經是同價位中高品質的餐廳/但最近一年每況愈下/上餐速度/順序跟餐點品質都越來越糟糕/以前有供應熱茶/可以點日本啤酒/但現在熱茶要錢/只有德國啤酒/有點不懂日本餐廳去專賣人家德國啤酒是什麼招/
C	3/19午餐/2500套餐吃完上吐下瀉/小心/貴不一定好
D	美食配好酒/讚啦/
C	服務糟透了/員工教育訓練需要從新來過吧/
D	食材品質佳/商務好地點/交談音量低/附贈咖啡令人念念不忘/不喜歡太多生魚或蠔的客人要先提醒點餐員/
D	價錢不低/吃不完的生食可以請他們做成炸物
C	環境有點暗比較不喜歡/餐點還可以/前菜沙拉很棒/餐點擺盤都很漂亮/
C	一樣的價格/套餐內容和豐盛度似乎縮水了/菜單變化不大/這是我吃近百次/最近一年的心得/現在除了請客/也很少再去/
D	典雅風/空間舒適/很適合與長輩享用美食/生魚片新鮮/每一道菜色可口/服務優質
D	環境比農安街好
C	不值得來吃/點了2500套餐/沒有一道讓人驚艷/生魚片有腥味/鵝肝飯感覺像滷肉飯/飯很軟爛/干貝水蜜桃/食材跟醬料還有水果感覺都是獨立的/上菜速度超/慢/甜點後的茶/也是驚世神龜速/問了服務生/說還在泡/最後端出來比隨手在日本抓的一包抹茶粉還不佳/浪費時間/不是一般都會抓好客人用餐速度來出餐嗎/
C	今年的除夕夜一個人到農安店用餐/是我到三井吃過最難吃的一次/不知道是生意太好/還是/花了2800生魚片鮪魚/紅甘沒什麼油脂就算了/鮑魚沙拉/鮑魚竟然比九孔大一點而已/我吃完鮑魚後剛好吧台隔壁桌一位先生帶著家人也剛吃鮑魚這道菜/咬了一口就放在旁邊並且告訴服務人員小顆又難吃/跟我感覺一樣/服務人員才幫他換另一道菜/還有毛蟹小隻不說/還是吃冰的/總知/今年過年的三井用餐花2800外加服務費讓我覺得很不值得/以後要再去的可能性應該微乎其微/
C	服務生不會主動供茶/紙巾/提醒2次才送水來/我們有點黑豆茶服務生也搞不清楚/需要一直提醒送下一道餐點/以餐廳的名聲和消費金額/這樣的服務真的很不行/地下室入口不明顯/也沒有人主動指引/
D	七夕特地訂位來吃的/不知道現在評價會不會太晚/但是真的很好吃喔/我跟老公都很滿意/氣氛佳/每道菜都跟藝術品一樣/又美又好吃/
C	建議在點餐時告知服務員口味上不喜歡太鹹/生魚類儘可能請廚房稍微在外緣烤一下/如果餐點中另有一道味噌魚湯最好註明不要鹹味太重/否則後果是要花買水費用/這裡飲料包括水都要另計這點很不理想/畢竟台灣廚師在口味上要不是過甜就是鹹造成口渴
C	許久沒去/昨晚帶朋友去/兩人共消費/5800/最後吃得一肚子火/點一杯可樂/服務生竟然回說庫存用完了/真想回他庫存管理這麼差/那應該請店長去隔壁7/11買一下吧/如果我們是在一人消費/1000元的餐廳/我沒話說/但在這種消費金額的餐廳竟然給我這種回覆實在無法接受/最後吃完蓋了停車卷又得知只能抵停車金額的一半/所以又付了/80的停車費/心裡真是XXX到極點/我說三井老版您還真是會做生意/消費了/5800/連/80元的停車費您都不肯付/我只能說這跟我之前認知的三井實在差太多了吧/
D	新鮮的食材/原味料理/不花俏/餐廳寬敞舒適/服務人員親切盡職/很美好/
C	覺得普通/點套餐請服務員告知內容/就表現的很不耐煩/服務人員在你吃到一半從後面一言不發直接收桌/顧客還必須閃她讓他收/
C	我去過兩次的經驗是/如果捨棄知名度的偏心/細細咀嚼每一道菜/你會發現C/V值並不如預期/提供三千元左右的餐/每位廚師都應該有美食家的氣質涵養/而不是食品生產線工人一般/推出去就算了/
C	用餐三四次至少有兩次生魚片過冰/其他餐點也泰半不合其價位之水準/偏商務性質/沒有享用美食之感/
C	高級感降低了/變成吃粗飽的日本料理店/燈光/整潔/擺盤/服務全部降級/沒想到隔了幾年再來/最美的剩下回憶/另外咖啡非常難喝/茶跟水竟然要付費/ㄧ人3200的晚間套餐/覺得只吃到飽了但沒有心理上的滿足感
D	好吃環境好
D	停車方便/食材新鮮/服務沒話說/值得期待
D	用餐環境幽優/服務親切/食材很新鮮/停車方便/
D	在二店單點消費/安排小包廂/餐點新鮮好吃/七個大人吃了雪蟹鍋/4人份/生魚片壽司/大份/牛肉壽喜燒等高級料理/平均一個人才一千二/大滿足/
C	食材不是很新鮮/服務也沒有特別好/這價位還不如跑遠一點去吃饗宴/
C	點餐和送餐速度超慢/吃一頓飯花了三小時/下次不會考慮再來
D	環境很棒/燈光美氣氛佳/海鮮新鮮好吃/份量也很多
D	用餐環境佳/食材鮮/乾靜又清潔舒適/進出有管制
D	上次去用餐時點了ㄧ份淡日菁饌/一份薄月菁饌/兩份都令人非常驚艷/尤其是淡日菁饌裡面的毛蟹/是我吃過最鮮甜的毛蟹/完全令人對於美食有另外一種新的享受和改觀/期待再度品嘗/
C	餐廳氣氛不錯/但是服務不是很ok/餐點中上/食材新鮮/上菜的流暢度不是很好/還會漏單/點餐人員偷翻白眼還被我看到/整個扣分很多/點了一瓶清酒/溫酒溫了三壺/溫到第四壺溫和順暢的口感整個變成辛口嗆辣/反應服務人員/也不了了之/研修生什麼也做不了/老鳥裝死/三井本身也不是很在意消費者的想法/食材規規矩矩/就是完全敗在服務上/滿懷期待過來/真的很失望
D	食材新鮮口感多樣化的內涵讓人印象深刻/停車約車服務都極為便力/菜色價位高低的搭配也不致讓人有貴賤之別誠屬難得/
C	坐下來菜單才看不到三分鐘就有中年婦女貌似經理的來催點三次/匆促看完要點菜卻等了幾分鐘才有人來點/點完菜想點喝的卻發現酒單早已被默默收走/這樣價位的餐廳有這樣的服務實在無法恭維
D	東西真的好好吃/但是分量有點少/吃完不是很飽/
D	價格偏高/不過東西是不錯吃
D	與VIP開會/約會的好選擇
D	燈光好/氣氛佳/餐點份量適中/是聚餐好場所
D	菜色有更新/不錯
C	只能說這是吃過最難吃的高級日本料理餐廳/不知道是不是因爲連鎖的關係/生魚片完全沒有驚艷的感覺真的很不夠新鮮
C	東西好吃/這麼多年了/還是沒變/感覺員工都很盡業/咖啡是日式/就是好喝/
C	味道普通/再現在中平價日本料理崛起的路上/比很多1280/1680的還普通/初魚/米醬/大黑/都比他好
C	食物新鮮/但是品質不一/老客差很多/也要看是哪個師傅做菜/也差很多/重點是在趙建銘打過廣告後/價格變很貴/老ˇ版賺大錢/但是東西沒有更好吃/反而品質下降/以前常去應酬/現在少去了/因為不行/
C	價位高/食材卻跟不上/裝潢和服務態度很好/但竟然都到這種價位了/食材不應該讓客人失望才是/
D	套餐CP/值不錯/海鮮新鮮/餐點多元/但是出菜出了很多問題/常搞錯客人的餐點/
C	大年初四晚餐/生魚片不新鮮/當場就口感很差/吃完三人有兩人腹瀉/
D	食物很高檔/美中不足是湯品不好/沒質感/提供個紙火鍋湯會更加分/
C	感覺CP值沒以前好/菜的精緻度下降了
D	燈光/氣氛佳/業者用心經營/服務人員用心/專業有素/
D	好吃/環境佳/服務棒/
C	12/30入座/12/50點完菜/結果13/40才上第一道菜/等待時間實在非常久/亟需改進/
D	環境不錯/但是室內冬天略顯寒冷/菜色豐富
D	今日一同用餐的大家都認為品撰師桂美姐的服務很親切也很周到/優質/
D	相較過去餐點出的較慢/菜色品質有一定水準/適合家庭聚會/長輩很喜環/
C	以前是常客/整體尚可/疫情後第一次來/整個服務品質下降了/
D	好吃/用料頂好/服務有點不周/也不便宜/一個人吃了丼/手握壽司/烤羊架/螺貝湯/送的鮮水果和雪糕球/咖啡/NTD1628元呢/Kynn仔你在就好了/
D	位在地下一樓/整體氛圍典雅舒適/餐點以日式為主/精緻美味/
C	生魚都很新鮮美味/幫忙搭菜的男服務生也很熱心有禮/唯一不滿的是其中一位年紀較長的女服務生臉相當臭
D	第一次來見識這間名貴的日本料理/價格高昂/食材高級新鮮/以價格來說精緻度略顯不足/服務雖好但是人員似乎不足/上菜速度都不太一樣/忽快忽慢/美中不足/
C	個人不愛吃日式料理/但是這家還不錯
C	價位偏高的餐廳/但缺乏細緻與品質穩定/5月用餐推薦者表示/6月已退步/
D	東西好吃/新鮮/cp值高/服務生很貼心/很有人情味/
D	食材新鮮/每道菜都熱騰騰的/服務好/氣氛佳/環境衛生超優/
D	菜色新鮮好吃/用餐環境極優/服務人員很用心認真/
D	好吃/每個小細節都很美/
D	2018/12/23初訪/服務很好/用餐環境舒適/服務人員還幫忙不太會掌握雪場蟹火鍋的我們煮了火鍋/非常體貼的服務/
C	上菜速度好慢/大家都在乾等下一道菜好累/還有甜點等好久/實在很浪費大家時間/
D	握壽司超好吃
C	我們家最常去的聚會場所/價位偏高/菜色在吃過多次後/也頗感單調/
D	質感好/料理佳服/服務親切友善
D	美味佳餚/
D	餐點品質好/裝潢很有設計感/但價格我認為太貴
C	確定是三井這個品牌嗎/生魚片可以吃到魚刺/甜品可以比熱湯先上/外場一問三不知/細心點吧/三井/一顆星都嫌多/這種品質/不會再去/Fancy/image/restaurant/and/over/charged/price/but/not/worth/it/
C	性價比不高/口味跟農安街比起來有差距/
C	應該是三井中第一次吃到不滿意的經驗/料理整體都過鹹/上菜順序沒有調配好/前菜/主菜感覺沒有合理分配順序/3200的配餐/感到失望
C	上菜好慢/點了三道菜共花了2個半小時/最後還少上了一道菜/雙城街的三井感覺較好/
D	有包廂/請他們推薦都可以吃到很棒的料理
C	沒以前好吃了/如果不開口就不會主動提供飲用水/差點儍儍的自費點菜單上的礦泉水來喝
D	好吃但是偏貴/氣氛佳/適合高檔約會
D	說真的/我還是懷念/七都里/懷石料理
D	食材新鮮/烹調技術不錯/以商業午餐言/CP值一流/
D	服務很好/海鮮很棒
C	味道普普/只能算中級日式料理/比不上高級的壽司店/
C	就海鮮/高價海鮮/Cp值是/約等於/只是這間的服務跟價格不成正比/
D	讚/好愛
D	用餐環境優/服務人員好/食物也很精美
D	食材新鮮/味道清甜/用餐環境舒適愉快/
D	好吃的創意料理/菜色與口味從沒讓你失望與意外/就是價稍高/尤其要包房/
D	CP值高的餐點/服務優/環境佳/
C	料理等級中高/食材中等/外場人員訓練不足/上菜速度很慢/氣氛不錯
C	價錢不法成正比/三井料理中最爛/環境吵雜/服務生素質低/如果要吃高檔非常不推薦
C	餐點變不好吃/桌面髒了不會隨時擦/沒有附冰咖啡只有熱咖啡可以給冰塊
D	隱藏在辦公大樓內/不是行客是不容易被發現的/神奇的是/許多人還真是厲害/隱藏版的餐廳都能滿座/不愧是三井/讚/
D	高單價體驗/吃巧不吃飽/晚上用餐飲料只有咖啡及綠茶/最多黑豆茶
C	食物不新鮮/送餐速度慢/每道菜之前竟然等超過20分鐘/根本浪費錢
D	物美價廉/服務親切/停車方便在B3/市民大道邊進/
D	還不錯/但是服務人員對於當日菜色內容需要再多了解
C	服務0分/菜上錯順序說了不理/要吃藥配水要單點一大瓶礦泉水喔
D	氣氛好燈光佳/食材新鮮/美味可口/
D	台灣人口碑不錯/但是今天與公司日本來吃/日本人說一點都不好吃/價位也是貴到高點啊/
D	餐點很精緻/環境空間舒適/非常好吃/
D	氣氛好/食材新鮮/女孩們吃會吃不完/男人們吃會吃不飽/
C	服務人員素質參差不齊/主打是海鮮/但生魚片很普通
D	用餐環境與口味精緻/食材新鮮/但菜色無聊制式化
C	食材看起來蠻新鮮的/吃起來口感也不錯/但不知為什麼回到家以後有點拉肚子
D	CP值高的日式料理/推薦/服務方面可以再加強/
D	業者為了節省成本/停車費要自行付費一半/茶水也要付費/食材也較縮水/但服務還是維持水準
D	地點幽靜/交通方便/菜色優質/但價格稍高/是宴客的好地點/
D	每次來都覺得驚艷/食物新鮮好吃/服務非常好
D	日式/推薦/和牛/生魚片/氣氛/約會/聚餐/價位/1800
D	料理做得比大直那間好/環境設計舒適/物有所值
D	吃壽喜燒就是要沾生蛋啊不然要沾什麼
D	讚/貴/單點的可以依自己喜好點/但比較起來還是套餐
D	有點貴但超好吃/約會求婚老友聚會首選
C	素食套餐精緻好吃/但愛吃生魚片的友人表示新鮮度不夠/
D	服務好/員工招呼周到/食物品質上乘/安排一流/環境氣氛好正/
D	料理新鮮/多樣化可以選擇/生意超好的/環境優雅/要預約喔/
D	食材變化萬千/很驚艷/
D	食材新鮮可口/服務態度良好/室修燈光稍暗/氣氛/
D	用餐的環境及服務好/食材新鮮有創意/
C	材料新鮮/價格不親民/不知是否換廚師/沒有以前好吃/
D	素食套餐精緻好吃/但愛吃生魚片的友人表示新鮮度不夠
D	環境好/食材佳/
D	食材新鮮/不需太多調味作料即可素樸地呈現海鮮之美味
C	菜色及服務都一般/沒有特色
D	適合家人聚餐或是商務的好地點/餐點菜色也還可
D	10道菜料理/包廂安靜/燈光氣氛佳
D	環境好餐點也美味價錢也不便宜
D	很棒新鮮的食材/烹飪技術好/服務態度佳/值得去吃飯
D	就很難給滿分的地方/暗暗的/東西是否好吃取決於與服務人員的交情
D	氣氛佳/餐點新鮮/有專屬侍酒師搭配酒款
D	是很不錯/只是還未到這個價錢的最好吃
D	食材新鮮/料理美味/甜點也很好吃/餐廳環境優雅
D	地方格調高雅/品質屬尚可/價格仰貴服務不錯/
D	高檔好吃的日本料理
D	食材與價格相當/但中午人手略顯不足/服務速度有點下滑
D	/號稱最頂級的台北日式料理店/環境優/東西好吃/錢要帶夠哦/
D	環境優雅/很適合約會/餐點來說更推薦明水路的三井/
D	好吃乾淨
D	食物上乘新鮮/份量足/色香味俱全/性價比高/
D	一分錢一分貨/這裡的每一樣食物/都很精緻
D	很好吃/裝潢很棒/有很多種價位可以選
D	號稱最頂級的台北日式料理店/環境優/東西好吃/錢要帶夠哦
C	食材很好/菜色搭配和口味是一種享受/
D	不曉得是鮑魚還是花枝有一點腥味/其他都還不錯
D	套餐還不錯/但價格不親民/
D	套餐的CP值很高/而且價格不貴/環境很好/服務滿份/
C	氣氛很棒/服務人員及店家老闆很有食安觀念/
D	高檔食材/值得品嚐/價位比較高些/但是值得/
D	套餐很方便物有所值/地點方便好停車/
D	套餐非常好吃/裝潢也很有氣氛/推薦/
D	單點/喜知翅/握壽司/軟殼蟹/火鍋都很好吃
D	食物水準高/地方靚/只是離地鐵站有點距離/
D	CP值算高/要點1200元不如點1500元/因為料豐實在
D	菜色/新鮮度/口味/佳/但服務需要改善
C	裝潢勝過料理/希歡海鮮的話可以來品嘗/CP值可能好一點/
D	服務好/東西多樣好吃/但價格稍高
D	氣氛一流/東西蠻好吃的但不到驚艷
D	料好/美味/用餐環境佳
D	內裝佈置的很美/宛如美術館/食物也很有水準但是不便宜/
D	懷石日式料理店/午餐價格合理/食材新鮮/環境優雅/
C	超級貴的大餐/但如果不是其他人請客不會想來/
D	好食材/很美味/好餐廳/氣氛佳/
D	相當高檔
D	食材/服務/裝潢都會讓你很滿意的/
D	隱藏於大樓的地下室/標示不很淸楚/服務好/菜色棒
D	高價位的奢華體驗/人生來一次是值得的/
D	裝潢好/東西算高檔/但是還是不能跟日料小店比/
D	高檔/貴/食物很精緻/份量不大
D	很新鮮/跟日本差不多/但小貴
C	質落
D	空間舒敞/食物新鮮美味/宴請賓客好選擇/
D	食材新鮮/份量十足/大吟釀順口/服務親切
C	蟹好吃/其他都普通服務也不好又貴
D	燈光美/氣氛佳/食材新鮮/好吃CP值高
C	好慘的用餐經驗/連一顆都不想給/
D	餐點好吃/服務沒有特好也沒特差
D	點了一隻毛蟹孝親/依然保持三井的水準/毛蟹真好吃/
D	海鮮肉品都好吃/物有所值的好地方
D	環境服務佳/餐點新鮮美味
D	價格相對較透明/吃起來安心
D	料理優/環境舒適/服務佳
D	裝潢環境不錯/餐點也還蠻好吃的
C	食物還可以/包廂空間不錯
C	感覺還好/可能我不懂得食材好壞
D	這價位沒有想像中的吃了就停不下來
D	午餐CP/值很高/服務人員也不錯/
D	很不錯吃/上菜稍慢了點
D	食材新鮮/服務到位
D	不像美術館的三井日本料理/但是確取名為敦化料理美術館/滿怪的/
D	中午的散壽司讚/CP值高/值得一試
D	讚讚/希望常常舉辦品酒會/
D	包廂有點小/整體不錯/毛蟹普通
D	燈光暗有暗的氣氛/可是也影響食物的視覺
D	精緻餐點/菜色新鮮/服務優良
D	精緻日式料理/佈置典雅/氣氛幽靜/食材新鮮
D	隱秘/食材新鮮/燈光昏暗蠻適合約會的
D	環境很美服務好食材好/有包廂
D	還不錯/但是整體算下來有更好的選擇
C	服務有待加強/熱茶加水都要通知兩三次
D	吃這麼多家三井/還是覺得美術館環境比較美
D	環境良好/套餐食材新鮮
D	餐點不錯/服務待加強/
C	感覺越來越普通/人多服務也比較沒那麼好了/
C	偷工減料己不再那麽新鮮了
D	氣氛好/適合少人聚餐的地方/
D	食材新鮮/服務超讚/料理好吃/
D	高檔餐廳/真的不是外面的餐廳能比的/
C	熟食類/犯了日本料理的大忌/全數添加味精/味素/柴魚精等等/
D	好吃/場地也不錯/有氣氛
D	價位較高/食物美味/服務尚可/
D	食物不錯/味道可以/服務不錯/
D	雖然部份空間黑暗但食材會/讓人驚艷
D	環境優雅/服務親切/食材新鮮
D	可能有什麼不為人知的內慕/可能受到惡勢力的威脅/
D	燈光陰暗/套餐有一兩樣是雷/
D	食材新鮮有創意/而且服務超好
D	服務優/餐飲佳/環境好
D	不討厭/但以三井名義算是75分/
D	雖然好吃氣氛好/但挺貴的
D	燈光美氣氛佳/料理又好吃/
D	生魚片新鮮/師傅功力好/環境舒服
D	很用心作料理的餐廳/
D	海鮮還Ok/牛肉鮮嫩好吃
D	餐點精緻/服務人員訓練有素/
C	很像是高級食材的組裝線/感受不到師傅的靈魂/
D	空間寬敞/食物新鮮/價位稍高
C	服務餐點都不到位/有愧盛名
C	用餐環境很舒適/料理好吃/
D	好吃/幹淨/但不便宜/
D	低調奢華/隱密性高/食材新鮮/
D	食物好/氣氛佳
D	餐點好吃/服務也行
D	整體品質較過去下降了些/可惜
D	料理精緻/份量也夠/
D	料理新鮮精緻/值得一吃
D	每一環節完全無雷/請客最安全場所
D	食材鮮美/服務親切/環境優雅
D	料理美術館/讓美感體驗存在空間/指尖/舌尖/心間
C	狗眼看人低的餐廳/自以為高級
D	無可挑剔/難過阿扁女婿這麼愛
D	食材到位/用餐氣氛佳/
D	裝潢設計時尚感覺上很高級/
D	餐點精緻/以前常陪家人用餐
D	食物好吃/氣氛好/場所好
D	服務很好
D	東西好/價錢貴些些/很值得
D	什麼都不錯
C	動作真的真的真的真的真的太慢
D	好吃/雖貴/但值得
D	好吃/生魚片都很厚
D	氣氛佳/餐點好
D	用餐環境佳/食材新鮮
D	素食材做的一樣用心精彩/
D	場地/食材/中午的價格/適合商務聚餐
D	夜店風格/黃橙燈光鮮美佳餚
C	服務不佳/影響用餐心情/
D	用餐環境滿舒適的/適合喬事情
D	覺得有一點退步/以前來的感覺較好
C	食材新鮮/價格稍高/
D	海鮮食材新鮮好吃/環境佳
C	口袋夠深/點高價一些的才值得
D	料理新鮮/好吃讚啦/
D	祝福三井日本科理好運/好工作賺錢了學業進步/
D	原來這就是高級餐廳啊/
D	服務周到/非常美味/
D	海鮮料理非常好吃唷/
D	日式料理店/喔壽司/推薦推薦/
D	舒服的空間與精緻美食
D	老同事聚會/超高級餐廳
D	美味好吃/高檔消費
D	食材新鮮/服務用心
D	超級好吃
D	環境清幽/談事好地方
D	環境跟服務態度都很好
D	食材新鮮度/滿分/
C	很普通/不知道在貴什麼
D	環境清潔
D	只能說/三井就是品質保証/
D	食物很新鮮很好吃
C	東西不錯/食材新鮮
D	環境及餐點一流/
D	CP值高/服務好/
D	料理好吃/海鮮新鮮/
D	公司尾牙來吃生魚片/
D	餐點好/服務也好
C	服務態度與價位不成正比
D	服務跟菜色不錯
D	超美味/食物很新鮮
D	餐飲好吃/環境舒適
D	保持水準/中餐套餐很值得
D	性價比好高的午餐omakase
C	上菜速度有點慢
D	氣氛/餐食/服務都很好/
D	好吃/好服務
D	餐飲棒/人親切
D	讚/服務好/氣氛佳
D	海鮮新鮮/服務周到
D	一致的品質
D	食物棒/服務也好/
D	氣氛超好適合聚會
D	好吃/但過鹹
D	好吃/環境好/
D	精緻料理/服務周到
D	佳餚美食
D	商業午餐cp質高
C	好吃/實在太貴
D	新鮮好吃/
D	餐廳內環境優美
D	食材新鮮/美味
D	新鮮美味
D	食材美味鮮甜
D	食材新鮮/好吃
C	服務品質有待提升
D	頂極食材/完美演譯/
D	好吃氣氛很好
D	好吃/新鮮的海鮮
C	包廂隱秘性好
C	中規中矩不如預期
D	東西好吃/環境舒適
D	貴/但好吃
D	品質好價格高
D	午餐依舊物超所值
D	招待朋友很體面
D	精緻日本料理
D	好吃氣氛美
D	高質感日本料理體驗
C	食物好吃/服務差勁/遠不及同等價位的其他餐廳/入座半小時才有人來點餐/服務生上菜都隨便擺放餐盤/跟小吃店一樣/後面幾道菜上的速度快得跟餵豬一樣/擺桌則是先把筷架丟在桌上/再把筷子丟在桌上/過了五分鐘才有人來把筷子放在筷架上/扯/
D	躲在地下室的高級日本料理
C	餐點難吃
D	菜色不定期更換
D	阿健師父太棒了感謝
D	台灣最棒的日本套餐
D	水準維持一定之上
D	2500套餐/中規中矩/新鮮可口
D	整體感覺很好
C	還可以接受
C	服務生專業度及熱忱尚加強/請協助介紹餐/只說明有魚牛蟹/拜託/這是介紹嗎/幸好/主動換個服務生來/應變力算不錯/
D	小時候的回憶/
D	很榜的聚餐餐飲店/值得嚐鮮/
D	食物新鮮好吃
D	新鮮好吃
D	高檔
D	精緻日本料理的代表
C	美食經驗
D	超讚
D	東西好吃/
D	價格偏高
D	高價位日本料理
C	品質不符價格/
D	海鮮不錯
C	很貴
D	不錯吃
D	精緻/新鮮
D	氣氛很好
C	氣氛很好
D	氣氛佳
D	不錯/
D	氣氛佳
D	氣氛好
D	有點貴
D	吃氣氛
D	貴/高級
D	新鮮
D	寬敞
D	無懈可擊
D	品質保證
D	食物新鮮
D	料理新鮮/服務很棒/店家在大樓地下室/燈光似乎暗了些/
C	這大概是第三次回訪三井/依然沒變的感想是/東西是不錯吃/食材新鮮/不過如果你是追求整體用餐品質的話/可能會覺得失望/環境普通/沒有什麼特別的/座位也不大/不過開放廚房可以看到廚房內的工作人員工作的情況/然後工作人員的素質好像就是三井一直以來都這樣吧/吃過好幾次上引跟三次三井的感想/但這次雷點比較多/之前兩次在信義問題沒這麼多/一開始我們進去的時候坐了15/20分都沒人理會/最後等不下去叫了服務員/他們才說要找人介紹菜單跟點菜/紙巾/開水都要自己找服務人員要/然後出錯的頻率之前沒感覺這麼高/這次完全超多差錯/不知是因為人手短缺嗎/1/我們點了一條烤魚/覺得沒什麼鹹味但味道不錯/結果吃到尾巴附近有一塊鹽巴完全沒抹散/沒注意吃下去整個鹹到直接吐出來/舌頭麻超久/有跟服務人員反應/看起來是比較資深的人員/她表示再做一份鱈魚補償/2/後來率續又發現手捲放太久海苔軟掉/後來跟服務人員反應後/換一份新的海苔口感就正常了/所以就是擺太久/這次反應的應該是比較資淺的人員/我們跟他說不好意思請他過來一下要說明狀況/她回/怎麼了嗎/面無表情/說完問題之後/她直接把手捲拿走沒任何說明/我們一臉/3/後來上錯菜兩次/第一次是多上一份不知名沒點過的餐/4/第二次是明明要的是海膽單點上來變手捲/總之服務不要求多好/但至少要有基本的水準吧/畢竟也不是幾百塊的路邊攤/我們一人吃下來含服務費一個人也要3xxx/要求基本的水準應該不算無理或奧客吧/三井的東西雖然食材都滿新鮮不雷/可是整體服務/出錯率超雷/真的會一路吃到覺得很無言/以上大家自己斟酌感覺囉/也可能是剛好我們比較衰遇到比較多事/然後/沒有載具只有傳統發票
D	今天來這邊慶生/氣氛不錯/生日慶生送的是壽麵覺得蠻特別的/印象中是長輩喜歡/餐點因為不知道怎麼點就點了套餐/套餐份量足夠剛剛好的飽/美中不足是飲料選擇性不多/果汁很新鮮小朋友喝光光/少一顆心是因為訂位有備註要兒童椅結果到了沒有/看到小朋友也沒有詢問不夠貼心/其餘都很好/適合慶生的日式高級餐廳
D	總的來說是一頓美餐/食物的質量非常好/牡蠣非常甜/牛肉串在你嘴裡融化/生魚片拼盤是新鮮和海洋甜味的愉快享受/我們做了最昂貴的課程/還有3門課程/我們完全滿了/去之前一定要先預約/
D	優質的服務/浪漫氛圍/帶有氣氛照明和開放式廚房/廚師們在深夜都鞠躬/精緻的美食/高品質的食材/
D	實際上/多年來/我們經常在這裡舉辦特殊的場合或慶祝活動/我們照常訂購了季節性套餐/工作人員會根據您的要求為您提供今天推薦的食材/新鮮海鮮/設置的課程沒有太多變化/但它們都像往常一樣美味/簡單是最好的/我們喜歡在安靜的私人房間裡聊天和用餐/室內裝飾很漂亮/深色令人驚嘆/就餐環境也很乾淨/允許停車/或者從捷運敦化站步行10分鐘/
D	言語無法表達我在這裡能夠共進晚餐的快樂和高興/這是在台北品嚐正宗和優質日本料理的必經之路/我嘗試過的每道菜的高品質食物/包括生魚片/螃蟹和醬油中的魚/服務也很棒/這裡的工作人員非常細心和友好/我從字面上不能說出足夠的好話/強烈建議您嘗試日本料理/並且您不會後悔/
D	提前預約了我們四個人/抵達後/我們驚訝地發現我們有自己的私人用餐區/徹底享受了我們的omakase風格的午餐和朦朧的平靜氛圍/這些菜包括台灣和日本食材/很有趣/您可以真正品嚐海鮮的新鮮感/鮑魚和生魚片是我的兩個最愛/將會回來/P/s/對於那些有特殊飲食需求的人/他們會交換菜來滿足您的需求/
D	松山區敦化南路的一家日式餐廳/入口處氣氛高雅/我們在私人房間使用過/但櫃檯也不錯/所有出現的菜都很棒/我很喜歡/生魚片等許多海鮮/因為它是日本料理/但是肉可以品嚐到足夠的味道/就像漢字一樣/所有客戶都將其用於娛樂/
D	一進三井美術館便隔離了城市喧囂/讓人能夠專注的享受每道料理的細緻/服務人員積極親切/仔細詢問我們一桌五人的需求與喜好/搭配出適合大人品嚐/也受小孩喜愛的日式料理/一訪後對生魚片念念不忘/二訪由於感冒而選擇炙燒烹調/炙燒後/口感豐富了一個層次/因而愛上炙燒/極推薦不敢吃生食的人嘗試看看/上桌的水產/在三井集團的把關下/自然是一等一的新鮮/絕對鮮美/如此珍美的日式料理此起彼落/以為平凡的炸牛蒡絲只是襯托/沒想到是媲美山珍/廚師的手藝令人驚嘆/尾聲來了一大盤握壽司/在如此飽足的壓力下/炙燒比目魚側握壽司仍然技壓群雄/服務員提議將湯品改為共享的海鮮鍋/除了蝦/魚/幹貝/還額外搭配一份豐盛的蔬菜盤/食用之間/被服務人員的貼心感動著/當天最後一刻看到廚師的謝幕/全場都給予熱烈掌聲/
D	食物非常美味/您可以看出生魚片非常新鮮/氣氛也很好/而且/如果您事先告訴他們/他們會慶祝您的生日/生日的菠蘿蛋糕雖然不好/
C	味道還可以/服務超級慢/至少應該是4星/在我的壽司中發現骨頭/我一生中第一次遇到這個/我吃了無數的壽司店/從來沒有吃過/
D	每當在台北時/總是很高興回到這裡享用午餐或晚餐/熱情的微笑和優質的服務為您提供佳餚服務/新鮮的魚肉和魚肉為所有人提供了福音/並向廚師和管理人員表示稱讚/Kudus致所有支持者/使這一切成為可能/保持好食物/
D	這個地方很棒/食物很棒/服務很棒/氛圍很棒/最重要的是價格也很棒/點了生魚片拼盤/種類非常多/最初每塊看起來很小/但切得很厚而且很新鮮/非常值得/接下來是/nigiri/壽司拼盤/9/塊中的每一塊都有非常好的份量/本身就足夠一頓飯了/下一道菜/鰻魚飯是一個驚喜/它配有海鰻/鮭魚子和切碎的/chutoro/讓我臉上露出燦爛的笑容/為孩子們訂購了其他一些東西/手捲/蔬菜天婦羅和壽司卷/他們真的很喜歡/
D	很好的日本料理/服務周到/價格當然要高一點/但是非常合理/
D	如果您訂購套餐/則價格合理的美味佳餚和服務/但是新鮮度下降了/2020年更新/數量減少但質量恢復正常/
D	日本融合菜很好吃/
D	黑暗/有點陰沉的氣氛/好的日本料理/做得很好的壽司/一點體貼的服務/中/高價格/咖啡不好/
D	台灣價格昂貴/對紐約市而言物有所值/來自紐約/這是一次物超所值的奢華體驗/驚人的生魚片體驗/
D	有優質日本料理的好地方/唯一的缺點是有點貴/但是葡萄酒和食物的質量很棒/
D	浪漫的氣氛/優質的服務/我們在晚餐時迅速坐下/他們有一個英文菜單/其中包括海鮮/沙拉/壽司/和牛牛肉/羊肉/油炸迷你全蟹/火鍋等等/酒的選擇非常廣泛/綠茶免費多次裝滿/不管我們有菜單問題還是壽司芥末/服務員都很友善並提供及時的服務/我們要求離開一個有吵鬧的嬰兒的角落房間/他們滿足了我們的要求/謝謝/正如高級美食所預期的那樣/部分很小/甜點是一個非常不錯的驚喜/免費提供蠟狀蘋果和菠蘿以及咖啡/在台北/一個很棒的/一流的發現/對於這樣高的質量/價格令人驚訝地合理/絕對是參加其他重要或精緻的商務午餐或晚餐的地方/強烈建議/台灣沒有多少地方可以提供這種精緻的氛圍/
C	百勝雪蟹真是太棒了/
C	高估/侍應生沒有受過良好訓練/我們讓經理為我們設計菜單/食物充其量是中等的/我更喜歡他們的其他分店/我再也不會回到這個分支了/哦/是的/不再提供熱茶/我點了烏龍茶/他們迷上了一個廉價的茶包/僅就服務而言/我認為那將是一顆星/
D	心目中CP值第一名日本料理/
D	進入建築物後/進入B1層/到達入口處的現代和現代餐廳/非常友好和體貼的工作人員會回答所有問題/訂購/1500NT/n/1200NT/omakase/不錯的概念/它更像是日式午餐/所有課程都是在開放式廚房中準備的/新鮮的食材/良好的份量/良好的鍍層和高效的服務模式/但是/某些食物必須從廚房轉移到服務台/然後再轉移到桌子上/這可能會延遲食物的新鮮度/特別是生魚片和壽司/免費甜點和咖啡使這家餐廳更加熱情好客/為您提供愉悅的用餐體驗/
D	價格昂貴/但優質的壽司和牛肉/得到了套餐/食物綽綽有餘/
D	大廳通常滿座太吵/如果難得有面對大廳小房間/還可以看到廚師一排在21/20的晚安謝幕/我喜歡刺身/壽司/雪場蟹沙拉/天ぷら/しゃぶしゃぶ/
D	美味的食物和良好的服務/非常好的環境/但並不便宜/
D	新鮮的海鮮和精緻的日式菜餚/
D	很棒的一套晚餐/
C	很好的服務/但食物達不到預期/
D	價格合理的新鮮壽司/舒適的地方/特別是午餐套餐/當然會再來/
D	美麗的地方和環境/食物也很棒/
C	我和一群約16人一起預訂了菜單/食物很好吃/服務很糟糕/例如/在我收到任何飲料之前/我們在第3道菜上/而我唯一訂購的是茶/該組的一半已經服完/另一半沒有/根據這種經驗/如果我選擇的話/我會選擇其他地方/裝飾非常好/非常適合用餐/
C	努力找到你的女服務員/我們的聚會花了3個小時吃午飯/我們花了25分鐘才收到我們訂購的熱茶/在前兩道菜之後/剩下的食物都節食到下午2/30才收到你的水果和甜點/我訂了一個與午餐不同的蒸魚菜/我只在其他人吃完牛排時才買到/然後/我的父親在我們所有人面前吃了一條混合湯/而我們等了半個小時/沒有服務我們的蛤蜊肉湯/食物味道很好/但服務很糟糕/女服務員接過你的命令/你等著/你等著/你等著/食物送到我們這幾個人/而我們其他人等待更多/
D	好吃/
D	11/19/2019/雖然我們去了美國很多日本餐館/但我從來沒有像三井那樣去過一家/餐廳很好/服務很好/我們點了午餐套餐菜單/良好的品質/足以讓你充實/我回台北時一定會再來這裡/
C	如果您正在尋找優質的壽司和服務/請不要來這裡/去過信義的那一處/埃芬討厭它/決定再嘗試一次/讓我更加討厭這個地方/我不知道這個地方如何運作/很糟糕/服務也很慢/簡直太慢了/不要在這裡用餐/
C	美麗的餐廳/整個裝飾雅緻/不錯的烹飪演示/訓練有素的員工/如果不是因為我去過的最近幾次生魚片和海鮮的新鮮感/這家餐廳應該獲得5星評級/特別是考慮到他們收費多少/我想這是商務和約會的好地方/如果你想給一群烹飪專家留下深刻印象/那就不好了/
C	你支付100美元一頓飯/他們甚至沒有過濾水/在那一點上/食物的味道並不重要/食物更新後/壽司有筋/熟魚有點幹/2星因為/1/牛肉盤上的蘑菇煮得很好/完美的一致性和口感/甜點和咖啡是互補的/3/nigiri相當不錯/
D	精緻優質的日本料理與藝術/
D	好吃/很享受/
D	非常專業的舒適服務/非常新鮮的生魚片和美味的日本料理牛肉/
D	優質而現代的日式料理/相當高的價格/
D	新鮮美味的日式海鮮料理/
D	煎羊排很好吃/幹貝跟蟹肉都很好吃/不過有點貴/
C	食物質量如此糟糕/昂貴/甚至沒有平均質量/服務很糟糕和懶惰/水果冷凍不新鮮/訂購壽司火鍋生魚片葡萄酒和整體它只是一個可怕的經歷/永遠不會再來了/我去過台北的三井所有地方/這是最糟糕的/可怕/
D	三井是一個不錯的日本料理的好地方/餐廳的內部真的很完美/食物也很好/台北到處都是非常好的日式餐廳/這就是其中之一/如果您正在尋找一頓美餐/絕對可以推薦/美食/4/25星/服務/4星/環境/4/25星/總體/4/25星/建議/丹月季節性套餐/我有Dan/syue時令套餐/其中包括7道菜和一份甜點/對於許多課程和價格而言/這些部分都是相當可觀的/2500新台幣的性價比很高/1/貝類開胃菜/將整個鮑魚煮熟/再配以色拉/沙拉本身很標準/鮑魚雖然非常好而且很大/不是一個巨大的鮑魚粉絲/但這是相當不錯的/2/豪華的生魚片套餐/這是一頓美餐/生魚片的分量很大/這裡的托羅真的很好/所有的生魚片都是高質量的/3/時令金槍魚美食/我也很喜歡這道菜/通常/我當然不喜歡金槍魚/這道菜真好吃/對此印象深刻/4/蛤c蒸龍蝦/龍蝦雖然小/但仍然很新鮮/肉很好吃/湯真不錯/5/烤A5和牛/這裡的牛排雖然不多/但是肉質真的很好/將三片會議用燒烤胡椒串在串上/6/鮭魚子壽司/三塊壽司/一個上面撒滿鮭魚卵/toro和另一種魚/一切都很好/7/Blacklip鮑魚sha鍋/這不是我所期望的/比火鍋更像湯/我仍然喜歡它/但並不令人驚奇/
D	喜歡那裡的日本料理和服務/每道菜都很完美/
D	食物很好/有素食選擇/
D	第三次造訪/食物非常可預測/這是一件好事/我認為晚餐中包括和牛牛肉需要更好的介紹/它也很可能不是A5/或者也許是較小的切面/開瓶費太高/1000nt/當我不能自帶酒水時/晚餐就不那麼令人愉快了/除此之外/可預測性是一件好事/
C	三井系列中最不推/最雷的一家/過年來享用午間套餐/生魚片盤中有2/3片魚肉幾乎是冷凍的硬/不新鮮/店員也沒為此感到不好意思/像冰塊一般硬的生魚片耶/熟食有2道一點也不日式/調味很怪/把鮮蝦跟小幹貝放入橘子中/擺盤也很敷衍/單點的柳橙汁/150/整杯果汁裡至少喝到15顆/柳丁籽/跟店員好心反應也完全得不到反饋/請問哪一間餐廳新鮮果汁裡面會有水果/籽/給客人喝的/Overall跟友人一人也要一千八百多的餐/我們都傻眼到不行/套餐真的蠻low/對這間三井非常失望/也絕對不會再訪/超級不推/當然如果吃粗飽不介意的人例外/tly/not/worth/it/
D	好吃/
D	迄今為止/在餐廳中發現的最佳服務態度之一/為了獲得最佳體驗/請與服務員進行更開放的對話/以交流您對用餐選擇的個人偏好/他們擅長根據我們的需求定制菜單/
D	哦/我的主/每道菜都很棒/很棒/美味又敬虔/如果您是日本料理的忠實粉絲/絕對可以嘗試這家餐廳/否則請嘗試一下/
D	地方環境非常好優美/菜色選擇也多/是必選餐廳之一/會常來的/
D	大約4年前/在一位朋友的推薦下在這裡用餐/這仍然是我最喜歡的用餐經歷之一/一直銘記在心/
D	總是好吃又新鮮/我建議你做一套他們的套餐/這是一個非常好的交易/這裡有服務費/所以要注意這一點/
C	服務價格非常差/生魚片和壽司很新鮮/但總體來說不值得花時間和金錢/
C	食物很好吃/但是服務真的很缺乏/我們覺得自己被人忽略了/花了很多時間才下訂單/
D	Dinning第二次/課程設計得很好/最後真的很飽/這是一家豪華的餐廳/提供高品質的食物/
C	料理很普通/生魚片的鮮度一般般/樸葉牛的肉質也是一般般/烤魚勉強可以/
D	美味的食物和良好的服務/然而/食物供應速度有點慢/你應該花費近2小時的午餐時間/
D	美味而新鮮的生魚片和日本料理/以有趣而美味的方式供應/價格偏高/但值得物有所值/
D	好吃/
D	沒關係/食物很好但是不是5星/
D	優秀的美食/天婦羅非常好/沒有油炸的味道/非常周到的服務/注意廚房在晚上9點關閉/
D	優質的日本料理/台灣最好的之一/每次去台北時/我幾乎都會去那裡/
D	品嚐菜單非常好/服務節奏緩慢/但真的很好的成分/商務電力午餐的熱門目的地/
D	食材CP值頗高/跟印像中一如既往的好吃/
D	好日本餐廳/所有壽司和海鮮看起來都很新鮮/牛排可以煮一段時間/
