B	這次住的寒舍艾麗酒店在6樓辦理入住/因為疫情關係辦理手續時稍微耗時/櫃檯人員告知如何登入實聯制時不慎翻白眼被我看見了/我只能說辛苦了/謝謝你的解說/依舊保持好心情前往15樓房間/眼前直接看到101景觀很優耶/房間雖然不大但非常乾淨舒服/自備泡澡球到浴缸泡好泡滿/泳池因為季節關係暫不開放喔/但可以拍照/於是趁著天色還沒暗/就立馬手刀前往拍照/在繁華的鬧區住上一晚真的是幸福/走到新光三越不用3分鐘/不用3分鐘/逛到腿酸回到房間使用房內膠囊咖啡機喝上一杯暖心咖啡就廢在沙發上一邊看電視或遠眺101夜晚的星空/人生這樣也太舒服啦/飯店內有酒吧/環境很讚但我不喝酒就參觀一下便離開怕打擾其他人/早餐的稀飯好好吃喔/退房有快速通道超方便也不會群聚/非常值得表揚/
A	/掛著五星的牌子/卻只有三星的體驗/去過各國飯店服務/明顯寒舍員工沒有服務熱誠/原本期待跟國外飯店一樣會熱情的說早安/但早餐門口接待臉臭連一聲招呼也沒有/原本我已經準備好要回覆的早安直接吞了回去/做完消毒量體溫帶位一句話都不用說/熱食區放了茶咖啡壺/杯子沒有了區域人員也不打算補/一直指著很遠對角線的吧台說那邊有很多/如果沒打算讓人使用不如收起來/早餐即將結束/卻只跟隔壁說沒有逐桌告知/就算在旁邊聽得到/但看著眼睛說話應該是基本禮貌吧/為何員工工作氛圍如此糟糕/配不起這5星飯店稱號/如果這是三星飯店還不會覺得失望/可能是最近疫情房價打折/服務也打折吧/雖然人員有待加強/但浴室寬敞舒適/淋浴時水大熱水快/除了沐浴洗髮還有非常難得的潤髮乳/自己準備的就不用拿出來了/床和枕頭都非常的好睡/睡的很沉這點很滿意/房間還有膠囊咖啡很喜歡/水給四罐很夠喝/2顆星給房間的床/但早餐服務態度這般不會回訪/甚至後悔加購早餐
A	P/S/圖3/4是其他推薦/不是寒舍艾麗/平日入住/服務中規中矩/可能是第一次入住/又是訂平日優惠房價/有註明慶祝結婚八週年/可能八年不算太長/CI時櫃檯說/已幫您安排有浴缸的房型/難不成用優惠價訂房會是安排沒有浴缸的房型/過多期待是我的不對/只好泡澡慶祝八年婚姻人生/方型浴缸非常不舒服/保溫性差/水溫比我家設定42度還不熱/靠快煮壺滾了八壺熱水/也一直只是溫溫的熱度/泡到快著涼/真的是奇特的經驗/出國旅遊16年間住過各種酒店/飯店/甚至鄉間小民宿/都沒泡過這般溫水浴缸/可能今日寒流/淋浴熱水溫度正常/但浴缸半水去泡真的很溫/圖4補一張水很溫又看到浴缸汙點/我/可能人品太差/不適合打折價在台灣消費/疫情服務業辛苦了/最親切的服務人員是7樓跟1樓的兩位男性/兩顆星給他們/早餐限時段/限用餐一小時/推薦圖2士林萬麗/圖3君品浴缸都超級舒服/
B	辦入住的瘦瘦白白的蕭小姐/看到我拿了一包小孩的東西/小孩和先生在餐廳用餐/我先來拿房卡/主動詢問是不是有小孩同行和需不需要奶消鍋或嬰兒床/然後因為已經付過款/提醒我們退房鑰匙丟快速退房箱就好/節省排隊的時間/飯店房間中規中矩印象不深刻/泳池景很美/但會因為細心的服務再次光臨的ㄡ/疫情期間服務業都辛苦了/
A	2021跨年2022/入住1118/只想看101煙火/結果是個災難/14/00想把車停進停車場/等了半小時/入住櫃台人山人海/一直到20/00多/不懂為何櫃台要搞這麼久/6樓是check/in櫃台/每層樓01到06房號的房型/面向101/可直接在房內看煙火/覺得還是戶外觀賞視角更廣/22/00多吃個泡麵/跟房務借個筷子刀叉/告知200元/付/哇尼勒/沒法安排2床/要件棉被/告知被借光光/又不是第一年辦跨年/可以再機車一點呀/2萬多/晚的房價/非常不值/千萬千萬/別再來/隔天早餐/真的很一般/只是比萬豪好一點/只剩蛋/稀飯/
A	做為五星飯店/實在不值得推薦/首先/水溫竟然不算是非常恆溫/會有忽冷忽熱的情形/竟然比一般家庭熱水器還差/水壓也不夠強/第二點是讓我生氣的/早餐樣式少就算了/重點是為何只限定用餐時間一小時/你們飯店回答是因為住客太多/不知道這甚麼理由阿/表示當初規劃餐廳就有問題了/還有冬天頂樓游泳池也是裝飾品而已/沒開放/房間小/地板踩到還會發出怪聲/防反正除了地點好/大概沒甚麼可以推薦的
B	2022/1/8號入住寒舍艾麗酒店/讓我印象深刻的是/當時手上提很多行李/門口又有一群人擋住入口/飯店服務生直接走來詢問是否為房客並為我們開道/這個舉動還蠻貼心的/我們大概10點左右check/in/並未發生登記入住排隊排很久的問題/櫃台人員也很親切/我們入住房型為尊享頂級房/23樓/可以清楚看到101/可能由於建築法規的關係/房間內有一根假柱子導致玻璃無法整片延伸/致使無法很爽的看著101/再來熱水的部分也夠熱水壓也夠/房間整潔度也很乾淨/如果你錢夠多是蠻推薦入住的
A	很糟的體驗/首先是check/in/的時候/排了一個小時又十五分鐘的隊才輪到check/in/大節日沒有加派人手/反正你要入住就是等/給了跨年派對手環/告知11點上到七樓/需要戴手環/但是外出到信義區逛逛/回飯店門口/被攔下/說沒有手環要報房號/真是令人無言/Check/in的時候/有告知車號/Check/out/時沒有問有沒有停車/等到開車出停車場/發現根本出不去/後面擋了六七台車/停車場人員告知無法處理/需打電話給飯店/馬上打了電話/才順利放行/這真是這輩子最糟糕的住宿體驗/以後絕對不會介紹朋友或客戶來/差勁/
B	櫃檯人員有禮專業/升等房型景色佳/也能適時解決住客問題/並未事前告知住宿日為生日/但在飯店核對住宿資料後發現/有給予一點小驚喜/早餐還算不錯/晚餐可以再更好/住宿體驗整體良好愉快/感覺放鬆/
A	這次有四個人同行在/Agoda/上訂了兩間客房/因此趟旅遊的費用要向公司申請旅遊補助/故辦理入住時有順便請櫃台接待人員開立其中兩個人的住宿證明/但接待人員不僅不知道住宿證明為何物/甚至一開始只願意開立一個人名的單據/多次來回最後只多開給我第二張有另一個人名但住客人數為/0/的單據/並且很有禮貌但態度強硬的逼我接受/不顧及客人的感受與難處/其他關於客房我認為比較美中不足的部分/1/房間偏小/但這寸土寸金的信義區我想就算了/2/淋浴的出水量偏小/水熱的慢/3/浴室部分設備設計不良/洗手台的水龍頭開關槓桿太短/開關不太方便/洗手台的出水位置在整個面盆的邊邊/所以洗手洗臉完面盆外的檯面上都會積水/上廁所用的紙捲放置位置在馬桶蓋旁的牆上在往後一點/拿的時候都會被馬桶蓋擋到/4/提供的沐浴乳很一般/跟其他五星級飯店提供的有些落差/我只有用沐浴乳/其他沒使用到就不評價了/優點的話大概就是隔音還算可以/且走廊上有放空氣清淨機/還有辦理入住時接待人員有提醒有快速退房的功能可以使用/
A	2022年1月16日朋友女兒結婚/前來吃結婚酒/前菜冷盤很不怎樣/雞有點腥味/章魚切得很碎/還有螺肉/大塊的/都是搭配小黃瓜圓片/牛肉很柴很小片/約兩個10元銅板大小的薄片/並不像滷的/黑白切靠調味醬汁的方式/龍鬚菜燙過立直/上面放柴魚片/造型有了/味道一般/魚皮切絲做成凍/一片約8/10g/後來主菜上來/第一道是雞湯魚翅/再來有一隻蝦/後面有牛小排/魚塊與豆腐/後來回家吃泡麵/個人覺得菜很少/也沒法當場點白飯/廚師的技術看不出來/造型有做出來/口味與份量沒有/食材一般般/這是一個吃場地與氣氛的地方/有分菜/每個人有一碗/但是每一碗主食大小差太多/不均一/我碗中的牛肉只有隔壁的一半還要小點/若是只是來消費美食/我不會考慮再來/朋友來這辦婚宴是因為地點接近新人上班的公司/場地與裝潢不錯/聲光音效舞台都有4星以上/食物不如預期/這是我個人的看法/
B	宴會廳服務人員專業/應對非常好/位上湯品熱度非常夠/菜色烹調有一定水準/素食位上每一盤都是驚喜有創意/連我葷食者都很想吃/跟其他台北市五星級飯店宴會比較一級棒/希望飯店業者能夠保持下去/
A	2021/12/19經朋友推薦下入住寒舍艾X酒店/慶祝自己生日及結婚週年紀念日/非常感謝飯店的貼心服務/但卻因為酒店的人為疏失/讓我們原本的感動瞬間變為憤怒的心情/12/20退房時朋友告知昨晚她預先準備的蛋糕因為我們太晚入住/所以沒有送到房間/記得向服務人員拿/但服務人員卻說沒有/經朋友追查後一直到晚間才得到飯店的回覆/朋友準備的蛋糕被服務人員送錯房號是緊鄰隔壁三房的房客/22樓/恰巧名字只差一個字所以送錯了/試問差一個字又如何/不同房號怎麼會送錯/顯然飯店根本沒備註在電腦裡亦或者根本沒交接好/居然犯下這樣嚴重的人為疏失/還是朋友和飯店確認後才承認蛋糕送錯/如果朋友沒有告知我/要拿蛋糕/我想飯店都不會發現這嚴重錯誤/但艾X酒店卻讓我們等了一晚至隔日中午卻都沒有回覆補償方式/等我們自行聯絡而得到卻是一客晚餐即可打發/也許只是一塊蛋糕/並非珠寶首飾/我想貴飯店對於將顧客的物品遺失並不重視/並非真誠的想彌補道歉/本該是友人送的心意/讓我們能享受這份喜悅/卻被另一組房客跟我差一字的吳/蓉小姐給收下了/而我跟友人卻承受了不該有的怒氣與失望/我真的無法諒解這樣不積極的處理方式/因為該飯店的危機處理真的需要再檢討與改善/
B	這次來慶祝生日/check/in很快速/房間有做些佈置/另外也贈送蛋糕/雖然房間不大/但是挺乾淨舒適的/唯一美中不足的是沒有暖氣/不過一詢問立刻送來一台電暖器/之後有機會會再回住/
B	地點超讚/房間現代化/備品也還不錯/膠囊咖啡機有提供2顆膠囊/不夠的話可以加價購/房間大片窗戶看街景很漂亮/櫃檯在六樓/搭到六樓後需要轉乘電梯才能到客房/需要房卡才能使用電梯/泳池冬天暫時不能使用/早餐分流/8/9點/九至十點兩場/提供單點咖啡茶等飲品還有鮮榨果汁/以西式國際早餐我覺得/也有中式粥品/玉米瘦肉粥很不錯/精緻早餐/餐廳氣氛佳/七樓可以賞夜景/無邊際泳池很美
A	房間整潔乾淨/但是餐廳的主管態度粗暴的阻止房客拍攝餐點照片又拿說不出禁止拍照的規定/如果餐廳用餐不行拍照攝影/請飯店人員在帶進場時清楚告知規定/而不是挑選告知/態度還很粗暴挑釁/詢問為什麼大家都在拍只針對我們告知/請教規定何在/只回應有三百多條無法立即說明/如果真的有針對拍照攝影這點禁止/就應該明確說明/並在帶進場時就提醒用餐者/完全破壞這間旅館的品質/
A	沒比較沒傷害/住過海內外知名飯店/也參加很多跨年宵夜/自助餐/今年的跨年在艾麗讓人感到驚訝/一人費用4000元餐費/整場下來比飯店一般下午茶還不如/之前很多網友負評沒有茶與水/要加價/果然如評論說的那樣/報到後/詢問櫃檯礦泉水是否能喝/它們答案/只給住宿的人喝/原來一間名字大氣的飯店/連一瓶水也能小鼻子小眼睛的計較/我是不懂/這個/水要加價/餐點不提供水/政策到底是哪個天才想出來的/去年在美福宵夜場跨年/本來以為該飯店的跨年宵夜費用是美福的2倍/餐點與動線照理都會比美福優/後來比較過後才知道/餐點少/動線差/補餐慢/用餐超過一個小時後排隊取餐還是大排長龍/要連最最最/基本的熱茶與咖啡都沒有/這次當韭菜被割一次/僅此這一次/不會再有下一次/
A	一泊二食4999/晚餐是爐烤精選戰斧牛排及配餐麵包加一杯茶/這樣的晚餐/原來在五星飯店吃飯水是桌上不會有的東西/還幫你把杯子收走/突然覺得王品集團的服務實在是太好了/單純提供熱水也不會倒/還要你跟他講才要倒水/還要額外收費/他甚麼都要你自己加點/我們訂房訂了17間沒有在同一層/分了5樓層/我們早就講說因為要慶生所以要在同層比較好/結果給我們17間5個樓層/要不是沒有可以給負分我連一顆星都捨不得/我們兩間房明明在隔壁/隔壁的都說沒聽到聲音/真不知道是聲音哪裡來的/居然還能被檢舉/飯店人員還說要報警/所以我們花大錢要求同樓層/不行/所以我當初跟飯店人員溝通了半天是多餘/要個冰桶拿了半小時/這就是5星級飯店的高級效率/我們34人進去/全部在不同樓層/真不知道來這幹嘛/本來就為了慶生而去/結果居然要報警要抓壽星/
B	因為疫情無法出國/所以這次聖誕節來到台北逛逛/每一次到台北總是選擇艾麗/其一是因為老公和小孩喜歡他們的游泳池/再來是所在位置真的很方便/對於愛逛街和吃吃喝喝的人而言/服務人員也是都很有耐心和周到/只是/台北當天好冷/房間似乎沒有暖氣/好冰/哈哈/真的蠻喜歡艾麗
B	生日慶祝訂了寒舍艾麗/謝謝飯店佈置了房間還有小蛋糕/很有儀式感/窗戶看出去就是101/雖然樓層沒有安排的很高/但風景也很美/入住也直接幫我們把行李送去房間/服務態度也非常好/床也很好睡/謝謝給我這麼好的體驗/位子也超方便出去就是信義區/逛很晚在回飯店很方便/
B	就算沒有面101/市景也很漂亮/房間雖不大但五臟俱全/還有浴缸泡澡可以邊看電視很方便/早餐每樣都很精緻/深得我心/
A	兩個月前就預定17間房間/都是雙人房型/然後大部分都是雙床房/只有幾間是大床房/不知道為什麼硬要把房間分了4個不同樓層/分成9/15/20/21樓層/一層樓有10多個房間/訂房時明明有要求說/在同一個樓層/在慶祝壽星生日時/還一直收到櫃檯來的檢舉電話/說房間太吵/接到第一次時/我們就趕快收拾準備各自回房/不到5分鐘馬上又接到第二次/說/房客說再吵要報警/我想表示/1/隔壁房有表示/什麼雜音都沒聽到/在隔壁房間休息的親戚/2/我們已經馬上收拾了/收拾過程也就安靜的清理而已/解散也需要一些時間吧/3/慶生唱完歌後/大部分人都是各自做自己的事/只有3/4人在聊天/如果這都太吵的話/應該是房間隔音太差
B	飯店房間沒有浴缸且看不到101很可惜/整體房間不大/用了很多鏡子製造大空間的感覺/挺一般的體驗/餐廳才是重點/60盎司牛肋排套餐/牛味不是很夠/濃湯非常好喝/麵包我牙齒不太好不能咬太多/但套餐份量非常足夠/最後我們是沒有吃完的/太飽了/中間上菜打翻了水並沒有道歉或處理/桌上的水我擦的/地板上的到我走時也沒有處理/只有幫我把水滿上/第二次他幫我上菜時也並沒有說什麼/這點體驗挺差的/11/11/補上早餐照片/份量十足很好吃/悠閒的早餐環境/喝上咖啡非常愜意/滿分五顆星/房間風景還不錯/至少整體很乾淨/退房時接待有補償了一點心意/改回了四顆星/下次還會回來體驗/先預祝各位聖誕快樂
A	於元旦當天吃了寒舍艾麗酒店的義式餐廳下午茶buffet/品項超級少也就算了/食物也沒有因為品項少而烹調的比較精緻可口/水準甚至比一般民宿的早餐bar還差/一個人要價1298元真的滿誇張的/絕對不會再來消費了/
A	大地雷/各位訂房要考慮/早餐比一般旅店更糟糕/5樣熱菜3樣是空的/反應20分鐘了還不補/隔音也差/整晚聽到外面音樂/不會再來/
B	SABON跟寒舍艾麗酒店合作/10款香氛調酒/雙人打卡1299元/10/服務費/FB或Instagram皆可/2小時無限暢飲/一杯喝完換一杯/食物也是買一送一/我們另外點了辣雞翅/滿辣的/吃的時候嘴唇真的會被辣到/很喜歡這道/總共有10隻小雞翅/另一道是鮮蝦蘑菇/有6隻蝦/剩下是蘑菇/
B	但就喜慶宴而言/菜餚豐富不落俗套/有西式的鮭魚沙拉/也有中式佛跳牆/是五星級的水準/但也有值得精進的地方/羊排用於大型宴會/火候難控制/容易過生/待改善/
B	環境舒適/樓下餐廳自助餐好吃/在大臺北地區這家酒店算不錯呢/老范推一個/歡迎追蹤老范GoogleMap好吃好玩評鑑家/我是老范謝謝你們追蹤/
B	本趟入住感受非常好/服務人員親切有效率/客房及衛浴部分都/非常乾淨/租借的嬰兒澡盆及嬰兒床也很乾淨/孩童同行非常放心/另外房內大小面鏡子都很多非常方便/最重要的是隔音良好/唯一小缺點/衛浴間水壓稍弱/早餐菜色偏少/不過以地理位置及價格來說CP值已經很不錯/會再次入住/
B	就在貴婦百貨旁邊/晚上還可以直接俯視LV和夜景/如果想要看更好的景色也可以升級/自己加價購/看101的房間/看夜景/重點是/訂房的時候沒有使用壽星的資料訂房/但可能入住看證件的時候/飯店人員發現入住的人裡面有人是壽星/房務組就非常細心地/手繪/手寫/生日小卡/歡迎小卡還有贈送壽星旅行盆洗組/超級無敵用心的/看到手繪卡片整個感動到不行/浴室還有房間也都很不錯/推薦的電影清單也很有品質/總體都讚攢的/大推/
B	飯店位置精華/走下去就是信義商圈/人員服務態度很好/房間設計很喜歡/又乾淨/附的盥洗東西也齊全/如果沒有也可以再討/住在高樓的視野很棒/這次住沒有加早餐/不過看到餐廳的氛圍也很有氣氛/整體來說/這次的住宿很愉快/
A	義式餐廳可以/馬卡龍意外的好吃/房間呢/有待加強/沒什麼特色和舒適/唯一窗外有101景/至於早餐時刻我覺得蠻厲害的/服務人員看到住客竟然沒有早安問候/住房花了8000/停車一個晚上/1000/餐廳5000/花了錢一點服務精神也沒有/真心覺得不值得花這些錢/
A	之前看到5299雙人入住寒舍艾麗精緻客房房型乙晚/含早餐2客及入住當日晚餐爐烤美國精選戰斧牛排/價值4999/覺得好像很划算就買了/嗯/貧窮限制了我的想像/看別人評論/該罵的都有人罵了/我做個總結和加料/入住時問要不要加價800換有101景觀的房間/我加價了/結果進房間發現正對101的方向中間有很大的吊車正在蓋大樓/擋住很大一部分/拍照技術低劣無法閃掉/心都涼了/我們這種沒見過世面的台北俗加價就是想拍美美的景觀/如果事先有告知是這個情況我就不會想換了/入住時要刷2000押金/結果房間內什麼能消費的都沒有不知道是在押什麼/房間很小/好這有人罵過了簡單帶過/方案含當日晚餐/結果只含晚餐的主菜/想喝水吃前菜湯品甜點飲料請加價/看別人評論一人600的沙拉吧被罵翻了/還好我窮沒買/我會買旅展住宿券就是來玩CP值的/附近的百貨公司想吃什麼都有/走幾分鐘就好/我走/要說一下主菜還是很不錯的/估計有3000左右的價值/但是原價4999的話還有很多更好的選擇/寒舍集團這樣惡搞我覺得真的很不行/賣住宿券包裝成一個高CP值的方案/結果都是讓人硬了之後只做半套剩下請加價/加價後又不如預期再失望一次/這種商業手法讓人對貴集團印象很差/是說貴集團大概也不在乎我們的意見/因為本來目標客群就不是我們這種看CP值的窮鬼吧/只是疫情期間還有旅展期間加減割一下韭菜塞塞牙縫/心寒啊/
B	很意外看到有些很差評論/因為入住幾次印象都很好/員工都親切有禮/不過最近推出許多餐飲優惠/入住時櫃檯花很多時間在講餐飲的東西/但應該有餐廳部門吧/用餐方面的給餐廳接洽比較適合也比較專業吧/還有看到好多評論說/五星級/怎麼怎樣的/但寒舍艾麗不是五星級啊/開罵前先做功課啊/另外/住飯店都會壓預授權/押金/不是常識嗎/前年住遠東一晚壓5000第二晚開始每晚2000/君悅好像也是2/3000/網路上也蠻多在講飯店押金和退押金的文章/可以爬文一下不然顯得沒出門過XD/停車的話去年去還有包含/今年沒有/雖然大多數飯店都包含/但沒有也不會覺得不合理啦/每家都有自己的規定/每間學校校規也不一樣呀呀/自己選的/你選飯店又不是飯店選你哈囉/消費前就該看清遊戲規則/不符合需求就不要購買/更別說要別人有義務主動提醒/大家買機票都會看仔仔細細吧/航空公司不會主動打來提醒你行李規定吧/網頁內容不看清楚/到機場登機時就是斤收費誰理你啊/疫情前常出差和旅遊/認識許多飯店業或旅遊業的人/聽他們的分享覺得服務業很辛苦啊/每天要面對許多邏輯和常識都鬼打牆的人們/還必須沒錯先道歉的配合演出/最後/房間光線偏暗/特別是有更衣間的那個房型/有小的梳妝台燈很黃又暗/一般住1/晚也用不到更衣間/那個空間著實很浪費啊
A	這真的是不錯的飯店/可惜我來的時候不能玩水/防疫期間好可惜/然後停車問題也是蠻嚴重真的需要改進一下/還要付費才能停車/早餐還不錯/
B	房間空間/環境/位置/週邊機能性都不錯/但似乎沒有其他可以期待的/以五星級的飯店來說/覺得很可惜/
A	硬體不錯/環境算高檔/小小抱怨/原本是預訂一般客房/Check/in時櫃檯人員詢問要不要加購升等較高樓層2008房/而且可以看到台北101大樓/雖然加購金額不高/但是要趴在書桌上才看的到101/小失望/如果櫃檯人員跟我說清楚我可能就不會加購升等/如有相似的狀況/大家就自行評估/在信義區這個房價跟硬體設備/我下次還是我選擇入住的/住宿經驗跟大家分享
A	第一次入住體驗是極度不推/真的貧窮限制了我的想像/比較推薦君悅飯店/天閣酒店/cp值高很多/住宿三天兩夜/然後押金一天兩千/所以兩天會壓四千元/退房會扣停車費/房間沒有君悅飯店/大/住的是斜坡的房型/沒有很方正/乾淨度還可/有地毯但感覺濕氣/有開空氣濾淨器/房內也沒食物/冰箱空/四瓶室溫水/能消費應該是電影/有些電影是付費模式/也有免費/的可以看/房間用品沒有蘋果充電線可借/沒沒刮鬍刀/男生要自備/押金意義大概是扣停車收費/住宿不含停車費/停車場/月租是6千/假如很常要住六天以上建議可以直接月租比較划算/停車場每一小時要收費一百元/所以等於房價沒有網站上寫的價格便宜/大家要再評估/我是大推君悅飯店/停車費應該是飯店的主要收入來源吧/餐廳/廚房到兩點/用餐時間只到2/30/房間大概就開門會自動開窗簾特別/其他的沒有什麼值得推薦/房間鏡子/很多/視覺上感覺房間很大/夜景普通都辦公大樓/沒關窗簾會被看到/其實最無法理解/大概是廁所/很漂亮/Toto免治馬桶的遙控區跟電話/位置設計/卡在一起/不予置評了/設計師怎麼沒想一上一下擺放/吹風機嗯吹一吹有燒焦味/所以不敢繼續吹下去/有點可怕/安全非常有疑慮/應該是磁磚/浴缸的材質關係/浴室/真的很滑/真的要注意一定會跌倒/後來都穿拖鞋比較好一點/摔倒幾次真有點嚇到/飯店/服務人員很敬業/服務也很有耐心/停車費用解說非常久/其實就三天兩夜停車費/準備兩張藍色小朋友就對了/
A	史上住過最爛的飯店經驗/12/15入住一個晚上要快六千塊/車子停在艾麗酒店停車場/隔天退房要報車號消停車跟我們說什麼我們的專案是停在隔壁艾美酒店的停車場/下去繳停車費2150/最後上去跟櫃檯反應後來收1000/入住時完全沒有告知/我來住這/車不停你們/這不然我要停哪/看評論也有過其他客人發生/代表我不是第一個這樣的/太扯/超爛的酒店
B	之前疫情悶壞不能去外地住宿/所以來趟Staycation之旅/評論時間與住宿日期相差兩個月/房間乾淨整齊/有浴缸能泡澡/風景還可以/邊泡澡時看著城市的樣貌/沈澱放空特別舒服別有一番滋味/大家都被悶壞了/當天入住人數非常多/在Check/in的時候排隊排了大概40分鐘/但是接待人員服務還不錯/很貼心的為排隊的客人遞礦泉水/小小的舉動有稍微讓人平緩等待悶燥的情緒/比較可惜的是疫情期間必須配合政府政策/泳池能使用的人數相對減少一大半/然而需要採取預約制度所以很容易排滿使用泳池人數/在我們的那時候所有時段都已經排滿了/沒有去泳池泡泡水/但可以去泳池旁看看風景/
B	參加亞洲萬里通耶誕限定禮遇餐車活動才有機會入住離101這麼近的飯店/希望將來有機會可以再入住/
B	入口位於松山微風旁/剛好位於信義區的中心/對喜歡逛街的朋友/位置真的很棒/房間屬於小巧型/景觀房在夜間可以近距離欣賞101的燈光秀/最喜歡的一點是電視有免費電影供觀看/自助早餐時間8/00/10/00/品項不多/但口味都不錯/其中迷你鹹派很推喔/
B	這次很幸運的房間有被升等/以這價格來說在寸土寸金的台北實數難得/飯店該有的設施都有/包含早餐也很棒/但剛好這次行程很難好好在飯店體驗有點可惜/下次會想再來好好放鬆/
B	疫情後第一次輕旅行/你們的用心讓這次出遊非常愉快/早餐也很好吃/
A	設備尚可/房間偏小/假日入住手續排隊辦了快2個小時/飯店管理效率很差/
A	在台北多年/一直都很喜歡寒舍艾麗/但這一次的住房體驗真的是極差/極差/超極差/台北有這麼多酒店我再也不會住寒舍艾麗/辦理入住的時候排隊等候/我能夠理解住房的顧客非常多/導致我們在check/in/的時候不能直接拿到房卡/於是我告知櫃檯人員/沒關係可以慢慢整理/我可以出去吃個飯再回來拿房卡check/in/於是我還和朋友到信義區隨便逛了一下/打發時間/五點左右才回來酒店拿房卡/才check/in/由於入住的時間比較晚/致電酒店申請晚一個小時/隔日1點late/check/out/個人認為這是非常合理的/但是某主管卻覺得我在/為難他/非常不理解當酒店跟顧客說我在為難他的時候是用怎麼樣子的角度跟態度/因為我們並不認識這位主管怎麼會有/為難他/的事情/只是單純因為辦理入住時遇到的狀況以及時間落差/另外/申請/late/check/out/卻變成是我們在為難他/讓人非常不能理解/也不認同這樣子的處理方式/對於這樣子的狀況及處理方式感到非常/非常/非常的失望/希望寒舍集團日後可以針對這樣的狀況/提供解決的方法/並加強該主管的在職訓練/太差勁了/
B	1/地理位置非常優秀/2/假日價位5775不含早餐/3/房間硬體一般/4/窗景看出去很美/5/退房的時候應該可以有快速退房才不用一堆人擠在櫃檯/在意交通以及步行距離的人相當推薦這家/但如果希望硬體好一些的/應該有其他更好的選擇
A	窗景蠻美看過去有歐洲風/泳池拍照也蠻美/但覺得比想像中小很多哈哈/天氣太冷也沒有使用到泳池有點可惜/房間雖然乾淨漂亮有透明窗/但其實蠻小的哈哈/浴缸是正方形不是長方形可以躺的/其實整體不差/但是這價格住起來卻是商務旅館的感覺/唯一最大優點應該是地點便利/
A	一泊二食4999/晚餐是/爐烤精選戰斧牛排及配餐麵包/這樣的晚餐/居然是連一杯水都沒有/要額外收費/它只能要你自己加點/後來加/自助沙拉吧原價750/加價只要600/600/10/但是東西少的可憐/湯要跟他們點/等他們送/明明只有不到50公尺的距離/圖一/一個湯要等了快要10分鐘/還要再次跟他們提醒/湯才出現/當詢問自助沙拉吧內容時/也完全沒有提到有飲料/也是真的渴了/才又在問了另一位服務員/才說是可以點紅茶咖啡的/真的是無言/水果盤的蘋果/看就像是放了很久/都氧化了/還水水軟軟的/整個超級差/疫情前經常去吃/從未有過這樣的感覺/整個用餐過程就像是菜市埸/重點是根本客人不多/只是飯店本身的服務人員一直很混亂/一直聽到大聲喧嘩/如果人力不足餐做不出來/就不應該接那麼多的客人/重點也不忙/根本坐不到三成的客人/幾乎沒有幾組客人/真的懷疑自己是在飯店用餐嗎/這樣的價位丶這樣的品質/真的不會再有下一次/太冤枉了/之前買住宿卷是因想說每次去用餐感覺都很不錯/所以想說可以住住看/結果/超級傻眼/用完餐也找不到人結帳/這樣的人員素質/我想這個飯店非常需要再次教育/
A	一個月前跟男友一起來住這邊幫男友過生日/體驗其實算是不錯/跟男友度過了蠻快樂的兩天一夜/但隔天中午退房後發現東西掉在泳池那邊/男友幫我去問櫃檯的一位男生/態度不太好/也沒有幫助我們解決問題/大致意思就是要我們等到三點整房結束後再來找/可能真的很忙吧/無法幫我們聯繫人員開泳池大門來找/最後是我自己找到了泳池樓層旁的工作人員幫我開門/一下就找到了
B	住起來很舒服的飯店/定了含車位跟早餐還有延遲退房的套餐/很划算/車位大/服務人員親切/服務周到/房間風景又好/戶外泳池乾淨景也很好/早晚都不同風格/
B	特惠價住到這麼完美的酒店/感動QQ躺著就能同時看著紐約般的夜景和看自己接的Netflix/音效環繞/房間隔音極佳/沖澡設備水量溫暖柔和而有力/
B	昨天入住1樓可以先寄放東西去逛街很方便/1樓還主動幫忙叫計程車/服務很好/
A	加購早餐/最糟糕的決定/十點結束供餐/9/40加上食物沒了/請工作人員補充/直到十點結束/該區依然是空/我們就在冷食區旁的座位區/看著這時間流逝/即使買一送一活動/也不值得加價購買/真心推薦你找到更好的早晨體驗/寒舍艾麗很寒舍
A	菜色真的不行/高麗菜黑黑的還放下去煮/連住三天/菜色一模一樣/房間算很乾淨/服務人員真是需要加強
B	這次的優惠住宿專案非常划算/免費晚餐提供60盎司的牛肋排/量非常多/二個人真的吃不完/只能打包/游泳池很美/可惜當天下雨/值得一住/check/in速度太慢/花了一些時間/
A	沒有事先告知於入住時需要付2000元押金/加購停車位每晚1000元/備品種類非常少/浴帽跟刮鬍刀都沒有/洗手台有點設計不良/水很容易噴出來/浴室蓮蓬頭固定器不穩只能用手拿/Minibar只有膠囊咖啡/沒有任何茶包或是小餅乾/門口接待人員態度冷漠/走進飯店時連看都不看一眼/退房速度非常慢/光辦理退房就等了快半小時
B	11/13入住/1/電視遙控沒電/反映後有處理/2/電視訊號不穩/會斷訊/3/房間環境不錯/浴室很大又乾淨/4/泳池很大/可直接看到101/風景很好
A	住宿沒有停車位/check/in還大排長龍說要等一個小時/叫我先去旁邊逛逛/有事嗎/應該改善作業程序/不是請客人離開先去別處耗時間再回來
B	入住期間服務人員態度都很不錯/房間也很棒/地理位置極為方便/泳池有人數管制/平日入住兩晚去了兩次的人數都很少/游得很舒服/泳池景觀都市感/很享受/洗澡水量偏小加上洗澡需在浴缸內/造成不便/
A	Check/in櫃檯速度極慢/疫情期間大排長龍櫃檯依然沒增派人員/我前面五組人而已就處理了快半小時/類似主管的巡場人員晃來晃去完全沒動作/任憑人龍越來越長/游泳池因疫情限制只能14人/這部分可以接受/但是採預約制/所以我下午五點check/in/直接在櫃檯預約泳池/任何時段都可以/結果被告知今天晚上到明天所有時段都被預約完/沒辦法使用/但是泳池現場有沒有14人飯店管理人員不管/只要預約表滿14人就無法使用/真正想游泳的人無法游/預約表若有人從頭填到尾飯店也不管/一整個莫名奇妙/後來又問總機一次/總機一直堅持/已經都預約滿囉/問現場現在有沒有14人/有沒有剩下名額/總機還是回答/已經都預約滿囉/真是鬼月神經病鬼打牆/Check/in時刷了保證金2000/退房後過了兩天仍沒刷退/連這種東西都辦不好/真的是不入流的服務/真的寧願加加幾錢去隔壁寒舍艾美/差一個字服務完全不一樣/爛死/
B	交通地點方便/叫外送也方便/房間整理的很乾淨/接待人員服務也很親切
A	房間很舒服/很乾淨/景觀也美/但備品方面就是三星級的品質/沒有刮鬍刀/吹風機是老舊的飛利浦很燙有焦味/沐浴用品釘在牆上看不出品牌/洗完很乾澀/泳池view很不錯/疫情期間採預約制/早餐是中西式可選的套餐/味道普通/
A	飯店大廳櫃檯人員服務很好/房間也算舒適/但泳池區的其中一位工作人員就很差勁/我想要預約泳池使用時段/他跟我說當天所有時段都已客滿/我隨即到服務櫃檯詢問/他們卻說當天還有好幾個時段可以預約/馬上就幫我預約成功/我直接到泳池區去找那位男服務人員/他才跟我道歉/實在是很差勁/公然欺騙房客/早餐廚房的工作人員也不行/我點了雙面煎半熟蛋/結果來的卻是硬到不行的全熟蛋/後來重做一次/送來的還是全熟蛋/蛋黃還是打散的/真是讓人傻眼/
B	誤打誤撞訂到這間住宿/簡單是信義區明燈/平日三千多真的讚
A	很爛/體驗過就知道/入住前沒注意到這麽多負評/不過沒關係/親身體驗勝過千言萬語/不會在有二訪/如果您不是逼不得已/真的不要來住/尤其是要來約會的/如果您常住飯店/包準會後悔/
B	非常舒服的入住體驗/打開房門後電動窗簾升起/立刻將台北最繁華的夜景盡收眼底/房間非常舒適/浴缸偏小/不知為什麼唯一缺少刮鬍刀/泳池的景色更美/希望夏天能再入住體驗
A	兒子為了招待父母的辛勞訂了2間雙人房入住貴飯店但是你們的服務態度非常的糟糕光eheck/in搞30分鐘/我們3/10到/check/out也沒有消磁到地下1樓以後發現要繳2000多元的停車費才跑上來請他消磁繳了/1000如果不知道的情況下是不是就要繳2000多元的停車費另外多要2瓶礦泉水態度也不好/真的一肚子鳥氣
A	想要有好心情或享受度假感切勿選擇的地點/員工處事態度傲慢/空有硬體設備
B	面對101夜景真的很美/在這一區含景房價來說比較便宜/房間床有點軟/睡醒有點腰痠/但睡得還算舒服/很喜歡他們的浴袍質感很舒服/不像外面毛巾布那種磅數較重較硬/房間電視有一些電影可以觀看覺得很方便/浴室還有小型泡澡/角度可以在浴室看電視沒有問題/整體來說很乾淨/離捷運站也很近很方便
B	泳池跟空中花園的景致真的非常棒/服務跟客房也很不錯/以五星來說/真的有偏小/交通/逛街/便利性極大/很適合都市輕旅行/
A	入住前要看清楚/飯店不會積極的告知/停車要額外付1000元停車費/好像很多人反應/飯店管理還是維持不先主動告知/蠻多1顆星評價/你來住過就知道
A	10/12來吃早餐/接待人員很禮貌的要求所有人都掃qrcode/沒帶手機的可以填寫紙本/菜單簡單明瞭/中英文對照/食物都可以續加/由於是平日/人員只有一位/位置又有點距離/所以需要服務的時候/需要高聲呼喊/才能得到回應/食物如圖片所示/特別值得一提的是滷肉及培根/乾柴老三者皆備/很是特別/價位是650加一成/總結/服務人員態度很好/食物部分有雷/大部分還是可以的/對於這個價位來說/感覺還是可以更好一些/停車滿一千折一小時/停車費每小時100元/
A	可以體諒停車要另付千元停車費/可以體諒疫情期間早餐僅提供中西式套餐/可以體諒泳池預約制限制下水人數/也可以理解開放其他住客入場拍照/但/無限制放任入場住客到處拍/這樣和防疫背道而馳了吧/眼看一對情侶走到泳池尾端/在欄杆邊拍照/然後女生就脫掉涼鞋/坐在池邊/把腳放進泳池裡繼續拍/現場人員完全不制止/就讓人游泡腳池/再回想剛下水游到那一邊時/水面下滿滿都是細碎漂浮物/彷彿是游到了水母繁殖區/一陣作噁/玩心都沒了/星級飯店/三顆星在泳池就扣掉了/
B	最喜歡的市區飯店之一/房間內有咖啡加囊機很貼心/大客房空間也不錯/整體很舒適
A	房間檯燈壞掉/停車還要加1000/櫃檯動作極慢/入住要等一個小時/還要收兩千押金/房間坪數很小/浴缸也很小/反正整個入住體驗就很不爽/不如住君悅
B	房間乾淨明亮/設施完善/網路又快又順/本來想給五星/但遇到房卡失效需要/排隊/重換卡的問題耽誤休息時間故改成四星/前面至少四五組以上再check/in/
A	在Asiayo上面放了自主管理的房間掛賣/已經訂了自主管理房七天/也給確認信/卻打來說不行/都付款了/還說取消要跟平台不然損失的是我/整個過程讓人非常不舒服/不然就不要掛在上面/罵了出問題今天才撤掉/怎麼不一開始就管理好造成別人的困擾/
A	床偏硬/可移動椅子只有一個/入住時才告知需押金而不是訂購網站的價錢/雖然退房時會退款但感覺問題/但地理位置算是便利
B	現代人滿滿3C品在身/房間很多插座先給五星/飯店位置/員工服務/整潔度/房間備品跟房景算優等/本人只住一晚/餐廳/餐點沒吃就不評論/選住到的房間坪數偏小/比較偏商務用/硬要挖個缺點就停車要另外付費/1000
A	住宿房間8坪好小/游泳池12月關閉/如果不是入住面向101景的話我就不考慮入住
A	超棒的景觀房/床鋪非常舒適/超棒景觀的游泳池/101夜景非常漂亮/可惜整體服務差強人意/非常的僵化/覺得是教育系統問題/所以整體服務感受都覺得待加強/可是如果不考慮服務的人倒是可以當作逛街休息的好飯店
B	面向101的景色非常讚/夜景跟日景有不同的感覺/非常適合拍照的點/健身房設備很新/游泳池是露天的可以近眺101/服務人員都非常有禮貌與貼心/有機會還會再來/
B	能看到101真的很美/拍照也很好看/可惜太冷了沒去泳池玩/入房人超級多/還要等個20分鐘才能進房/有待加強/
A	總共住了兩個晚上/每天十點多就有工程施工/根本無法睡覺/第一天反應了/第二天還是繼續/根本不顧消費者的感受/吵得要死/
A	太誇張了/訂購飯店優惠竟然會接到詐騙電話/是不是飯店將個資外流啊/高級飯店還這樣印象太差/如果最近有人接到退款變成團體的/電話是/88636063112是詐騙集團/不要被騙了
B	朋友來台北/我/訂了2間房招待友人/櫃台辦入住速度很快/房間很乾淨/早餐分流至可選8點或9點/在信義微風旁邊的一個小門一樓/坐電梯上六樓酒店大堂/我是從官網訂的/下週還有朋友人來/我還是選艾麗/艾麗艾美都是首選/棒棒噠
A	跟當初的品質有不少落差/在市場眾多選擇上唯一優勢僅剩/Location/Location/
A	還不錯/但房間的鏡子也太大/浴室門兩大片/沒睡好
A	留言說停車費合理的是來反串嗎/哈哈/我是覺得停車費應該要三倍收才合理/符合飯店的高貴/入房點心上很慢/很浪費時間等待/不過離捷運站很近真是一大優點
B	親切服務/還幫我們改更棒的景色房間/生日送蛋糕/還有一瓶香檳/真是太棒了
B	地點優/房間窗外景觀ㄧ覽無遺/一早醒來心情就很好/可惜隔間不夠厚有時可聽到外面的聲音/櫃臺人員服務態度很好
B	服務人員都很親切/入住熱門時間/人群較多/需排隊等候約半小時
A	集團推出寒舍生活APP/註冊會送500點積分/結過註冊後根本沒有贈送積分/詐騙個資APP假活動/要怪就怪集團老闆吧/
B	飯店地點好/外面就是信義區/晚上房間夜景佳/
B	入住時服務人員輕鬆和藹/就像真的回到家中一樣親切
A	嗯/房間約6坪大/裝潢很陽春/實在不像高級飯店/比較像高級商務旅館/浴室洗臉台檯面太淺/水龍頭只能裝側邊/水還容易灑出/浴缸旁還做透明玻璃/然後外面再多做一個拉門/完全不懂意義在哪/
B	入住時間/2021/04/25/日/4/26/一/人數/1人/優點/當初訂房有特別備註需求/訂房人員也有幫我安排很好/且我是訂一般精緻客房/但還是可以側面看到101/這令我非常的驚喜/浴室非常乾淨/有浴缸/熱水也很快就有了/非常滿意/房間內使用電動的窗簾/且插座的地方很多/非常的方便/房間內的床鋪真的非常好睡/早上吃完早餐後又回去睡回頭覺/我是星期日入住/可能入住人數不多/但隔音很好/晚上睡覺完全沒聽到任何房間外或隔壁的聲音/早餐選擇不多/但每樣都精緻好吃/服務人員也親切/且隨時收桌/路過櫃台幾次/服務人員都會主動打招呼/飯店地點更不用說/下樓就是熱鬧的信義區/晚上慢慢地走路去誠品24小時書店/也是距離很近/缺點/房間冷氣不太好控制/會一直覺得有點冷/當日趕在12/00退房/櫃台只有一人在服務/稍微效率不太好/總結/綜合優缺點/我還是非常滿意此次的入住/整體都令我非常的安心舒適/下次去台北會再選擇此間飯店/也推薦給我朋友/
A	看了多篇的業主回覆/內容千篇一律/毫無誠意/貴酒店的客服是機器人嗎/唉/
A	明明登載在自己管理旅館平台/訂了自主管理旅館之後又說不收/害我們臨時要找別間/
B	服務及用餐環境佳/可近望101的餐廳/50盎司戰斧牛排
B	熱鬧的信義區/還能放慢腳步/舒適舒服的放鬆休息一下/
A	氣派的裝潢滿滿驚豔的餐點還有萬聖節應景小驚喜/值得推薦
B	因為線上旅卷的關係來玩了一晚/防疫措施很到位/大家也都很守規矩/旅卷是3600的那一組/給的房間如果坐在窗沿/是可以看到101的/浴室超級大/有點傻眼的大/兩個人真的用不到那麼大的浴室啊/是要跑步嗎/最厲害的設施真的就是泳池了/一定要在黃昏時去拍/去玩/溫水泳池冷暖適中的溫度非常舒服/景色超級厲害/就是那種不用專業隨便拍都可以上雜誌封面的實景/我們邊玩邊以為自己是到了照片裡面/可以媲美國外那些很厲害的什麼希臘瑞士泳池/然後旅卷送的早餐/超乎預期的好到爆/新鮮果汁配上隨取的現做歐姆蛋和煙燻鮭魚配上各類好吃的麵包/不要忘了這裡還有中式的鹹粥/嚇死人/這一客至少可以抵五百吧/這樣算起來/實際上過夜不過兩千左右/好驚人的便宜/請大家務必要來多玩玩/
A	個人認為同等價位有很多更好的住宿選擇/如果在房內吃東西想借餐具要加錢/酒杯/50/餐具一副/200/房內的免治馬桶只有沖水功能正常/其他自動感應開蓋/水柱功能不能使用/電視感應很慢/遙控器要用指甲用力壓到底才有反應/電話分機只有客服那隻有人接聽/另外兩隻都會自動轉到語音/床墊跟景色還有隔音是好的/床頭兩側沒有充電座/要拔掉床邊燈的插頭才有孔可以充電/或者放在電視旁邊的桌上充電/酒吧的活動很用心/服務也好/很喜歡這裡的酒吧/但不會再選擇入住/
B	舒服安靜/房間內很小巧可愛/服務人員很客氣貼心/
A	2020年3月第一次住的印象深刻/有事需要提早到台北/到了飯店櫃臺問若要早一點進房間休息就得/近1800元升等/因爲有老人同行就花錢吧/疫情中這麼會做生意/早餐是套餐很普通很普通/一份含稅近900元不是精緻可口讓人失望/
A	平日晚上前往Check/in櫃檯只有一位服務人員/以致等待完成前位入住辦理時間約10/15分鐘/服務欠佳/另大廳空調不是很強/沒有很舒適的體感溫度/一般房型空間相較於寒舍艾美較小/沐浴整體設備也蠻一般的/應該是因為地點位於信義區百貨旁/所以價位偏高/但空間不大/服務尚待加強/早餐還ok/整體普通/
B	餐點好吃/還很貼心的借我行動電源/感謝/
A	這次住的是平日2999元/沒附早餐的的景觀房/從1樓松高路門口進來後/須先搭電梯至6樓大廳報到/之後再從側邊的電梯上樓/房間還不錯很舒適/只是電梯的感應磁卡非常不靈敏/電視的遙控器不太好按/然後抱怨一下明明入房時間是下午三點/我卻在那邊等清掃等到三點半才能入房/這點要扣分/
B	很舒服環境不錯/好想購買枕頭回家
A	太扯了住房要加購1000才能停車/根本覺得被坑/
B	平日住CP值很高/又有信義區景觀/可惜沒有免費停車/早餐
B	很棒/訂房部人員貼心幫忙安排候補的雙床房型/
A	滿分10分給4分/櫃檯人員不專業/問什麼都不大清楚/訂房時有填寫特別要求也沒詢問/詢問備品時先回答請人送來/再打來說要自費/電梯內有垃圾有失5星飯店水準/泳池整修中也沒有提到/要我們自己問才知道/總之是個失望的櫃檯服務/
A	戰斧牛排的5分/切開是生肉/只好再回烤/第二張是回烤的/
A	入住時沒告知泳池沒開放/也沒告知入住停車一晚還要1000元/櫃檯知道我們是非官網訂房/所以官網外所有平台皆無相關資訊/就該在入住手續當下告知/這是基本服務不是嗎/有種入住後啥都用不了/還要啥都多付款/問啥都要再確認/超不專業/第一次住這間/未來絕不會再來/也不推/停車費收了還沒開發票給我們/這是合理的嗎/
B	入住時快萬聖節了/旅店很用心的佈置一下/
B	有非常好的view/床大又舒適/
B	我朋友張瀚之去過夜跟我說早餐超好吃
B	喜歡舒服的服務好喝的酒/疫情期間酒吧不定期推出優惠/
B	位於市中心非常方便/舒適乾淨/住宿房型面向101景色佳/對孩童孕婦有善/住宿未附免費車位需額外支付1千停車費停於百貨樓下/位子小難停/早餐非常普通/且並無隨時補餐不輔合四星飯店水準/
A	如果要玩密室脫逃/可以來住住看/浴室的門鎖/在某個角度會卡住/完全打不開/要用浴室的電話通知服務人員來幫你開門/如果電話不通/你就只能待到隔天房務人員來清房間了/是不會死啦/浴室有自來水可以喝/你以為門可以撞開嗎/偏偏它的門超級厚/跟鐵門一樣/保證撞不開/恐怖喔/
B	從台中安排4/30/5/2小旅行/到飯店後因為自己的疏忽/行李箱打不開/請求1樓和6樓櫃檯的幫忙/謝謝櫃檯人員很努力的在連假中幫我聯絡廠商/也順利解決/讓我真的很感謝/還有也感謝餐飲部的張副理讓我在艾麗品嚐到好吃的早餐和優質的服務/謝謝/
B	夜景很美/整體很乾淨舒適
A	說七天退款是騙人的嗎/地下室人員也態度很差
B	因為之前住過寒舍艾美/前陣子看官網推出一泊二食券/就也購買來體驗/實在是光送的戰斧/就夠回本了/地理位置跟寒舍艾美一樣方便/只是相比的話什麼都差了點/規模小了些/唯一一個大勝的當然是戶外泳池/直面101的景真的太威/絕對是全台鬧區裡視野最好的泳池/而且很幸運地/剛好在泳池重新開放後幾天入住/這幾天疫情爆發/看臉書資訊是才開放幾天/又要停止開放了/健身房雖然不是24小時開放/但詢問工作人員後/回覆是就算超過22點/要使用的話登記資料後/也是仍然可以使用的/疫情關係有影響開放/後續請參考官網或臉書資訊/餐點的話/早餐種類不到非常多/但很精緻好吃/晚餐戰斧牛排就不用說了/份量真的很大也美味/感謝服務人員有提醒/沒有再加點其他東西/不然會完全吃不完/此次入住經驗想不到什麼可以挑剔的/尤其泳池實在太驚艷太值回票價了/下次有機會的話/想入住同集團的礁溪寒沐/想必一定也不會讓人失望/
B	體驗寒舍艾麗一泊二食/1/1公斤的戰斧牛排/很驚人/廚房會協助切片後方便客人食用/房務人員很貼心升等壽星到視野超好的房型/真希望是跨年來/可以看101煙火/早餐有中西式的選擇/中式的鹹粥還不錯吃/但配菜和白粥較搭/否則會太鹹/整體而言/艾麗酒店的服務很棒/而且很貼心/
A	真的是太糟糕了/第一次聽到一瓶極為普通的水600ml要收50元/跟飯店拿了兩瓶水態度讓人不舒服/那我不使用飯店提供的物品是不是要退錢給顧客/這樣才合理/台灣品牌/是摳門的飯店形象嗎
B	交通便利/婚宴聚會好地點/
B	房間乾淨整潔/位置便利/惟checking速度太慢/大約等了25分鐘才完成/以及房間的床可能使用太久/有些地方躺了塌陷/睡的比較不好/但整體仍不錯
A	今年米其林2020飯店評鑑竟然還得到/3黑樓/而目前卻要改成防疫旅館/這不是自相矛盾/最主要的崩壞原因是背離經營飯店的精神/無注重顧客需求/無殷勤款待的服務/以下為飯店的服務問題/1/打電話至飯店很難接通2/訂房服務無法準確3/原本8坪房間已經很小/櫃檯需要促銷升等11坪額外加1500元/或101觀景房1150/4/早餐廳直接關閉/導致顧客叫外送需餐具/餐具卻需額外再收費5/服務人員工作分工不均/管理上有問題/6/健身房關閉許久/卻說維修/7/房間設施部份損壞/需等顧客反應/房務應該要請掃完檢查8/自然水無品牌/再索取卻需50元/價格逼近Evian/9/設施維護不良/例如泳池池磁磚剝落10/顧客抱怨沒妥善處理
B	優惠商品的房間/因優惠方案沒有附早餐/車位/整體空間乾淨/舒適/很值得來訪/服務人員友善的招待/升級空間/配超大的更衣化妝間/可惜沒有待著夠多的時間/希望下次可以待久一點享受放鬆
B	來2樓義式吃飯/不錯吃
A	泳池整修沒事先告知/停車也要加收1000/完全沒有五星飯店的感覺/什麼都沒有那我去住三星商旅就好了
B	就便當來評論/擺盤/味道/乾淨程度都很有水準/只是吃不飽/
A	寒舍艾麗作為寒舍集團/旁邊就是自己的艾美/國際連鎖/卻把自己艾麗做的比青年旅舍還要低級/水額外一瓶50NTd不說/膠囊/玻璃杯/紅酒杯處處收錢/幫我們CI/Samuel服務很好/餐廳的服務可圈可點/半夜打電話要水的Customer/Service/Manager/on/duty是什麼服務態度/CO的Alex新人的不能再新/一問3不知/問他為什麼我沒消費還有440NTF在我的房帳/他告訴我說已經幫我移去其他地方/錢隨便轉移就證明錢從其他房隨便轉入/這種服務我打一顆星都是多打/Google有/10顆/我一定送給寒舍艾麗/
B	位置便利/可看到101及南山大樓/景觀不錯/cp值高/可惜入住時停車/居然要收費1000元/退房離開時還說10分鐘內就要趕緊出去/一點通融都不給/感覺有點差
A	可能我運氣差吧/排隊check/in/快30分/輪我check/in/處理十分鐘/房卡故障兩次/處理兩次/房內冷氣壞掉/走廊/房內有蚊難眠/餐廳漏餐點/又多算兩個自助餐人頭/也未收到飯店說法/床是真的不錯
B	環境整潔舒適/用餐環境也很舒適/
A	硬體設施有星級飯店的水準/但是服務品質比小民宿還不如/可能民宿會更好/入住時瘋狂推銷加錢升等方案/拒絕就馬上擺臉色/連介紹設施都省了/入住時一樓接待人員確認當天入住即享有停車折抵/隔天checkout時櫃檯不但裝傻還擺臉色/一臉施捨停車的態度/櫃檯人員對於客人經過都無視也不會打招呼/我住過的不同國家的酒店都不會有這種態度/一顆星是給一樓接待人員以及游泳池救生員的專業/寒舍艾麗高層真心需要好好看一下google/評論/很多評分都指出服務品質除了很大的問題/
B	艾麗房間雖然不大/甚至有點小/但是整體環境非常舒適/無論是商務旅遊/或是自己放鬆過來住都很適合/唯一小缺點就是可能礙於空間考量/不太偏好設備浴缸跟洗澡時是連一起的/要站在浴缸裡面洗澡/不泡澡/不太愛/但早餐很好吃/精實多樣/也美味/
B	衝著999/10/無限暢飲伏特加調酒去的/如果要喝清爽的/請選暢飲菜單右邊/餐點也有買一送一優惠喔/點了椒麻雞翅和松露薯條/覺得腳麻雞翅真的麻/
A	飯店整體軟體品質屬佳/櫃檯及客服人員服務具水準/且願意傾聽房客需求/房務整理狀況尚屬到位/基本能提供優於預期的服務品質/在旅客的入住期間能給予一定服務/但亦必須指出的是/飯店硬體部分則讓人有大失所望之感/飯店建物外觀雖屬新穎/但房間內裝卻有陳年老舊的氣味/設置於窗邊的固定式沙發上有似陳年髒汙/牆上壁紙亦有斑駁狀況/地毯上有無法清除的污漬/大面對外窗整潔程度也差強人意/推測排定的清洗週期過長/所以對外縱有大好的信義計畫區景觀/也因此讓房客視覺享受大打折扣/整體入住感受及經驗屬中等/因雖人員服務尚佳/但飯店號稱及官網呈現的硬體豪華程度/有誇飾之嫌/整體硬體維持狀況不佳/甚至比自宅還有陳舊氣息/業者應花心思及預算加以改善/以早日與其官方宣傳形象及高額房價相稱/
A	住宿卷期限到6/30/但現在特殊情況/三期警戒/業者也不讓延期/影響消費者權益/
B	酒店位置很棒/距離捷運出口2分鐘/而且下雨天走路也很方便/可以從新光三越裡走/酒店內房間環境乾淨舒適/不論是樓下還是樓上的前台工作人員/都很有服務禮儀/感覺很棒/
B	很棒的住宿環境/疫情期間早餐也很豐富/服務好/下次還會來住
B	房間乾淨寬敞/窗外景色很美/服務人員態度佳/往泳池櫃檯也會詳細說明位置及規則/當天有下雨/戶外也有多把雨傘可使用/停車卡遺失跟客服反應也快速幫我們解決問題/最後離開也貼心幫忙放行李/是一次很棒的住宿體驗/
B	這次回台隔離15天的住宿/房間/1/現在五星酒店沒有藍芽音響設備是比較失望的/2/電視遙控不大靈敏/常常要按三百下才能開或關/3/我住的房型是鏡面浴室門直對床/風水上鏡子直接照床是大忌/所以住在這的15天我一直耿耿於懷/哈哈哈/個人迷信/跟我一樣介意的人可能訂房時就要先告知避免這種房型/或者熱愛鏡子照床的人也可以特別要求/4/燈好暗/5/淋浴水柱水壓很大/很滿意/哈哈/隔離/食物非常豐富多元/有菜有肉有湯有水果/營養均衡棒棒的/只是我食量小/每餐份量都巨大/早餐通常是兩樣主食再加其他配菜水果等/一個女生真的吃不完/飯麵類的主食份量又是巨大/一餐的飯量夠我吃五餐吧/本來想請酒店幫忙調整餐量/但酒店說因為客人很多/沒辦法為每位客人都客製調整/這樣會影響出餐速度/我瞭解他們的辛勞部分/只是這15天我實在浪費掉了好多食物/希望萬一以後我下地獄了/這15天的量不要算在我頭上/基本上是很舒適很滿意的/有任何需求可以直接Line給飯店的人/處理都很及時也很親切/
B	微解封/雖無法在餐廳用餐/但在房間/享用/戰斧牛排/餐食/一樣美味好吃/讚/
B	泳池景很好拍/房間舒適
B	位於台北信義區中心/交通購物都很方便/房間的視野超棒/空間不大但因為精心設計善加利用/並不會感覺擁擠/寢具的品質極高/睡起來很舒服/加上房間隔音很好/早上會想賴床/整體感覺很整潔舒適/設計感極高/浴室內的浴缸泡起來很舒服/這家旅館最大的賣點應該是位於7樓的露天游泳池/可以直接看到101跟其他的信義區大樓/泳池有點太小/躺椅也不多/純粹來游泳的話不太實用/但是玩水拍美照非常適合/是家長帶小朋友來玩水的好地方/
A	酒店櫃檯服務不錯/但是房內備品不到五星水準/迷你吧只有膠囊咖啡/冰箱空無一物/連房內提供的礦泉水喝完/也不再免費提供/一瓶600ml的噶瑪蘭天然水居然要50元/虧我們還住花錢升等一晚要價9300元的客房/除了地理位置不錯外/整體CP值不高/對客人實在很小氣/下次不會考慮入住/
A	從來沒有住過服務那麼爛還說自己是五星級飯店的地方/住宿第二天下午我叫uber/eat/然後Uber/eat到了/叫我親自下去一樓拿餐點/那請問你們客房服務在哪裡/五星級耶/請房務部幫我送到房間不行嗎/我打電話到大廳/我就說/可以請房務部幫我拿上來嗎/因為我不方便下樓/他說叫我自己下去/我說那請問訪客可以上來嗎/他說可以/我說那就讓他上來吧/前台還回我/那你自己有安全問題我們不負責/第二收到餐點了/我發現店家沒給筷子跟湯匙/我打電話跟客房部要去他說沒有餐具/說如果要餐具要200元購買一雙筷子一根湯匙要收兩百/一個五星級飯店不提供/也是夠傻眼的/最後第三天我睡過頭要退房/前台12/47打給我說一點後退房會著手late/checkout/fee我說好/因為我之前住W也有/然後1/07打給我說要多收一晚的費用/拜託多收一晚跟晚退房手續費不一樣好嗎/第一通電話就應該說清楚/而不是late/checkout/fee/最後我跟他們反應/並表示我大概兩點前可以退房/他說他去找主管問/然後於1/24分再打來說/他主管說1/30之前退房可以/之後就要收一整晚的錢/我說我剛剛說我大概要到兩點/兩點之前會離開/他直接回說那是主管說的/必須要在1/30分離開/請問你剩六分鐘打來趕人走/他主管最後打給我/又耽誤我的時間/然佳偶我一樣反應/那應該第一通電話就要跟我說明/而不是每次壓時間趕人走/第一通電話12/47打來說late/checkout/fee/然後我想說W就是以小時計算/所以我也就沒很趕著收拾東西還洗了澡/打算兩點前離開/然後1/07才打給我說要收一天費用/又於1/24打來趕人說最晚1/30/真的很糟很糟的體驗/對了我住三天兩夜/結果都沒來整理過房間/
B	關於寶寶備品部分需要提早訂房才有/酒店過於熱門/cheak/in/跟/out/就知道住宿的人數其實很多/地點優勢關係/附近很熱鬧又近捷運站/在信義街道晚上有show表演/view真的蠻美的/因為中秋連假去的關係沒有訂到101景觀房/街景的房間其實也不錯/連假cheak/in/人數多/已經4點多還是長長一條人/建議早一點去/不過速度算尚可/大約等待時間20分鐘/退房速度就很快/住宿可以免費停車艾美酒店或是微風松高停車場/進出只需要跟大廳客服交代車號即可/對於家庭出遊開車族是個很好的選擇/
B	今天在信義商圈內的寒舍艾美酒店買了便當/整體而言功力略輸喜來登大飯店/
B	整體的入住體驗優良/本次入住利用夏日優惠價/屬於單純住宿並無享用餐點/位置非常便利/從市政府站出來後步行五分鐘內可以抵達/若是自行開車/建議訂房時就先跟工作確認/房型加價升等後/換到101景觀房以及電影看到飽的享受/101景觀房值得/特別是當夜幕降臨/來點音樂與咖啡/坐在床鋪或床邊靜靜地享受美景/讓人身心舒暢呀/房內採用環繞氏的音響喇叭/電影欣賞又是另一種享受/另外每間房都有浴缸/帶走一天的疲憊/唯一美中不足的是/房間空間相對地較小
A	房內設計真的很奇怪/感覺就是胡亂設計出來的/而且隔音超級差/另外服務人員的態度也沒有五星級的水平/就是穿著制服的平價飯店一樣而已/根本沒有賓至如歸的感覺/同樣的價格/其他五星級有氣泡水/咖啡機/免費水果/免費餅乾等其他額外服務/這間只有四罐不知名礦泉水與製造一堆垃圾的咖啡機/此外/還沒有附早餐/入住之前有沒有告知/第一次遇到入住沒有早餐的五星級/如果是因為疫情/那就算了/但是飯店有對外營業午餐與晚餐/就是沒有早餐/詭異透了/這種價格配上這種水準/我根本不會想再去/
A	櫃檯人員服務素質有待加強/房間內電話打客服/房務/跟服物中心/打了無數通都沒人接聽電話/實在讓人無法接受這種住宿品質/
A	7/11入住一晚隔天中午退房/29小時後/接到飯店來電說有造成房間內髒污要跟我索賠/電話裡直接報價7000/我要求出示照片跟價格依據/照片不清楚/證明拿不出/只說床單2500/清潔費5000/房價要清潔一天不能售出營業損失2999加起來10499/算我折扣後7000元/我打個比方/今天去吃一個滷肉飯小吃攤/一碗50元的滷肉飯/餐具掉到地上有個髒污/說洗不掉要賠償/一個碗500元/雖然我不是餐具也不是寢具專家/但常理判斷就知道不合理吧/我向消保會申訴/請業者提出證明/還有所謂營業/損失/是不是必須有損失事實/若根本沒有滿房這間房空著稱得上損失嗎/業者回覆答非所問/顧左右而言他/讓人著實感慨/消費者不會光臨如此之業者/亦不願再花精神及體力與此業者計較
A	沒有五星飯店的質感/訂購前還要看泳池有沒有開/七月入住/餐廳及健身房都沒有營業/整體顯得小家子氣/連停車位都不夠使用/房間乾淨/就算開窗邊換氣通風口/室內空氣也偏悶/插座不方便使用/滅火器用裝飾擋住/洗手台設計很不實用/完全累死房務人員/游泳池風景宜人/水質乾淨/
B	新娘房有特別折了二隻天鵝/泳池的的景色特別好/要是跨年看煙火一定很好/
B	級無敵市景1/3不到的價格享受跟艾美和w一樣的景色/第一次完全找不到可以挑惕的房間/無需換房/飯店細膩度媲美五星飯店/但房價卻很親民/嚴格要說/只有備品相較之下顯得非常普通/但房間的空間舒適度床的軟硬度/浴袍/都跟五星級飯店一樣/瓶裝水給的非常大方/不知道是不是有嬰兒通行/一次就給了7/8瓶/入住期間無需再要/空調是長期入住飯店以來最安靜的一次/幾乎快忽略它的存在/飯店唯一要說設備上的遺憾是/沒有三溫暖/飯店列表寫有spa/就真的只有按摩spa/而非三溫暖/希望有機會再有優惠的入住金額/沒有早餐的房間也行/因為旁邊的百貨地下街就是美食大匯集了/任何價位的美食都有/非常方便
B	此次是在Agoda訂房/中間有些訂房的小插曲/但是客服小姐的處理方式讓我覺得很有誠意/五顆星評價因爲住宿的地點很棒/雖然望出去不是101那面景觀/但個人覺得VIEW還是很棒的/房間很高雅/但其他的飯店設施在Check/in都沒介紹也不知道能不能使用有點美中不足/但還是不失我給五顆好評/這樣的價格能住在信義區/會推薦給其他親朋好友/
A	地點及景觀很棒/但服務非常不到位/需要發票打統編/透過Agoda訂的/不確定是否是直接跟飯店索取/所以致電詢問/接聽電話的人員表示入住的時候再報統編就可以了/而且很明確的告知是透過Agoda/結果到入住當天直接被拒絕說無法提供/可是明明就有致電詢問/完全沒有道歉/也沒有說會去了解狀況/男性櫃檯人員只有解釋解釋解釋/完全沒有抱歉的感覺/表示員工訓練完全不行啊/而且以疫情期間的價位/真的推薦各位去找CP值更高的地方住/這個價位絕對有更多好選擇/
B	樓下是微風松高百貨/要搭電梯到6樓才是接待/大/廳/人多的話會略為擁擠/歇腳的座位較少/CHECK/IN完須再轉搭電梯去客房/透過網站訂了2間面101的房型/另外要求要高樓層且2間相臨/沒想到都達成了/所以給4顆星/景觀很棒/泳池也很美/但更衣間只有一間較為可惜/建議先將泳衣穿在裡面再下來游泳喔/疫情關係沒有早餐和健身房也是較為可惜之處/
B	位置很好/逛街方便/這次住pure房型/有防瞞寢具跟空氣清淨機/起床沒有鼻子過敏很高興/沒有早餐/但也因此可以放心的睡比較晚/不用早起吃早餐/
A	前台服務很差/辦完checkin什麼設備樓層都沒說要/房客該怎麼前往搭電梯也沒說明/眼睜睜看我們拉著行李往反向走像個傻子/該小姐知道了也沒ㄧ聲抱歉或不好意思/晚上我們叫外送服務/請飯店送到房/前台小姐說要疫情關係人員不能送往客房/我說其他東西能送來/飯店又說因爲食物不行/我說食物同樣也密封為何無法/也講不出什麼所以然/堅持客戶得自己下去拿/似是而非的理由/好/沒關係我們配合規定只好自己去大廳拿/結果注意到當時前台飯店人員們卻沒ㄧ個戴口罩/這就是貴飯店重視疫情的展現/雖然便宜/但不會再推薦朋友
B	地點十分便利/信義區中心點/步行街上/
A	疫情期間可能有調降售價一晚近五千/不過服務也完全打到骨折/下午三點不到辦理入住等了30分鐘不誇張/健身房暫停營業泳池只有週末早餐取消沒有報紙/房間裡的礦泉水喝完補充一瓶50/節能減碳外帶沒有要免洗餐具/跟服務台借用結果一組餐具租借一次200/退房跟服務人員提出疑問只得到不好意思這四個字的回答/寒舍集團的酒店住了這間其他也不想再體驗了/五星級飯店一星級感受/根本不需要來/連押金部分整個入住跟退房手續時/都沒有說明/看帳單發現不太對/打電話詢問才說會取整數金額當押金/若要說優點就是位置好泳池漂亮/沒了/失望/
A	以地點vs房間坪數/我會給5顆星/但裡面東西沒有4/5星級飯店的水準/1/肥皂爛掉黏底/洗手台設計水易噴出台面/2/咖啡膠囊機/馬克杯/湯匙分開放/不順手/3/拖鞋放在衣櫃最裡面離門口最遠的地方/找到一度以為沒有提供/4/冷氣調26度會有悶悶的味道/開24度就ok/5/浴缸水放掉時發出非常大非常大的聲音/特別大聲/優點/電視頻道多/沒有很多人入住/房間跟房間的隔音不錯/地點好/房間大
B	舒適的環境/優質的服務人員/台灣最繁華的市景盡收眼底/有機會真的要來住一晚/不過還是小抱怨一下更衣室的電燈非常不明亮/希望能更換為調光式以符合各種需求/
A	覺得這飯店有點誇張/健身泳池早餐設施都不開放/想在房間裡看個影片還要付費/既然你不開放設施了/那影片就該開通至少不會讓客人覺得你們飯店那麼無聊吧/另外資訊同步還需要在改善/agoda訂房與實際現場給的房型不一樣/
B	1/風景真的無可挑剔超級美der/2/附近如果要逛百貨真的非常方便/3/櫃臺服務人員真的沒笑容XD/但我個人覺得沒差/4/游泳池裡面磁磚真的很多地方壞掉踩到真的叫媽媽/所以要到游泳池玩要小心/
A	我住了5天/這間酒店被評為5星級/但服務人員真的有待加強/你們的櫃檯素質不一/是否缺乏教育訓練/連續住5天/我每天待在房內辦公叫外送/入住時就有詢問可否叫外送/櫃檯說可以而且會送到房內/第一天有送到房門口/第二天又說飯店規定要自己下樓拿/當時我很困惑但也不想麻煩你們/第三天我乖乖下樓拿櫃檯卻已經幫我送上樓/經過幾次我發現是有人懶得送就當天自行規定房客要自己拿餐/我在大廳等餐時發現特定的櫃檯會要求房客自己拿/我看到很多房客下樓時都很問號/或許跟我一樣想法/不同的櫃檯就有不同的規定/還有我在房間打給櫃檯詢問可否給我幾罐礦泉水/房間內的喝完了/櫃檯回我/6樓有礦泉水您可以下來拿水/大半夜的要我穿睡衣到大廳領水/請問我是住一晚/1500的民宿嗎/這樣的服務你們確定你們是5星級飯店/
B	飯店整體還不錯/特別是雀巢咖啡機/但我必須抱怨一下/停車場入口管理員教育訓練真的差勁/需要好好加強/我知道有時可能會車多流量大/所以我選擇在非尖峰時段才抵達就是為了想避開掉車流量/結果停車場入口管理員可能因為沒位置就一直比叫我往前不讓我停/也不聽我要幹嘛/結果我連續繞了三圈終於忍不住開口問才跟我說對面艾美也可以停/後來我又繞了一圈總共四圈/真累人
B	入住時/辦理手續非常迅速/可惜的是因為疫情客人不多只開放到16F/被升等到101景觀房/101和微風南山與新光三越百貨夜景非常漂亮/住宿期間/customer/service/的Grace回答問題迅速且專業/check/out/時Carol/友善而且主動関心客戶且互動良好/集團不會因為疫情而減少人力導致服務降低或電話沒有人接/飯店剛開的第一年有來跨年/明顯感覺現在的服務品質比剛開始進步很多/比起之前入住另一連鎖飯店/福x/艾麗會讓我想再次入住/
B	房間設符合價格/但在多要沐浴精時給的不乾脆/有附DVD撥放器/真的很酷/沒有乾溼分離/踩在浴缸沐浴上面會感覺有點薄/比較特殊的是牙刷好好刷/很棒/早餐是單點式的/喜歡這樣的形式/不會吃太飽
A	希望櫃檯人員建議住客加錢升級高樓層景觀房的時候/可以告知晚上可能會有附近夜店開趴踢/會整晚很吵雜/房間的隔音並不好/而飯店唯一可以做的就是給你一副耳塞/為什麼要加錢讓自己受氣/我到現在還沒辦法理解/Btw/飯店的確是滿新的/服務人員態度也不錯/只是浴室的蓮蓬頭支架並沒辦法固定住蓮蓬頭/所以我必須從頭到尾拿著蓮蓬頭/原本對這間飯店的期待很高的/PS/剛剛觀看其他住客的評鑑後發現/原來飯店早就知道高樓層很吵雜/但是卻在入住的時候刻意隱瞞/只為了多賺升級的費用/我看不起這種行為/我非常不推薦這間飯店/另外/艾美酒店是世界五星級的連鎖飯店/但是艾麗只是台灣當地的小飯店/我懷疑他們是故意吃艾美酒店豆腐/因為艾麗酒店的價格跟他所提供的完全不成正比/總之就是非常不推薦/
B	大廳酒吧暢飲活動/好喝好吃
A	入住手續花了半小時/入住的房型/廁所和門在頭後/像是motel一般的格局/跟訂的不一樣換房間/checkin/整整一小時才到換好的房間放鬆的休息/房型不一樣應該拆開來販售/不是賭客人喜不喜歡/並且房間沒有打掃乾淨/房間內有原本客人的垃圾在地上/浴缸有頭髮
B	LA/FARFALLA/義式餐廳/餐點精緻好吃
A	服務有夠差勁根本不夠格在信義區當飯店/服務人員態度非常不佳/不幫忙拿外送就算了/下去拿還擺臉眼神一副好像我們的食物很髒/到底是你是客人還我是客人/付錢給你們受氣/然後我們特斯拉要充電/充電樁被其他不是電車的車佔位/你們說這個我們沒辦法喔/我們不知道車主是誰/阿搞的好像你們真的是客人欸/搞什麼東西啊/還有要餐具一副兩百元/哪家飯店像你們一樣敢要/阿我放屁你們是要不要收錢/下次絕對不會再來住這家真的是寒舍/
B	整體中規中矩/房間設施不算很高級/不過看起來還ok/但疫情期間價錢很便宜/所以也算是物超所值/
B	乾淨舒服的房間/位處在很方便的地段/只是因為疫情關係/健身房和餐廳的早餐都沒有開放/也沒有提供補償/事先並沒有看到相關的訊息/感到錯愕/應該在官網和飯店的社群網站/提供更明確的資訊/
A	泳池只開放五六日/健身房從2020/3月修到12月/還沒有附早餐/五星級酒店居然什麼設施都沒有/太傻眼了/想逞便宜來的要多仔細看細項/
A	都來住這裡兩次了/第一次來住要幾瓶水都可以/這一次來住/房內的喝完了/去跟櫃檯拿水/櫃台說一間房一天只能多要2瓶/第3瓶要錢/是多缺錢/喝點水也要收錢/房價沒有包含水費喔/不是沒錢給你/都來住5星飯店了/房型都住到很好的了/還要收水錢喔/房間只放3瓶水/給兩個人喝夠嗎/就算多要2瓶也不夠/要渴死誰/第一次來要幾瓶都可以/現在不景氣/一瓶成本不到10塊的水也要跟我要/還有櫃檯為什麼要偷偷講我悄悄話/很沒禮貌
B	假日不知道遇到什麼活動/Check/in/的時候排隊排了半小時/該有的都有/浴缸也蠻大泡澡很舒服/床好睡沙發也好坐
B	床好好睡/坐在浴缸裡可以看到101感覺很棒/小缺點就是電視反應很慢
A	什麼都沒有/沒客房服務就算了/叫外送還要到大廳拿/多要個杯子要喝水還要收費/入住房費強迫升等/認真問升等費是什麼櫃檯一直鬼打牆/真的是拒絕往來/
A	價格高/服務普通/一點也不到水準/沒有早餐/沒有乾濕分離/浴缸和淋浴一起/插座很少不方便/mini/bar很爛/隔壁的home/hotel/看起來都比這間好
B	舒服/且早餐不錯吃
A	信義區的五星飯店/但一點都沒有五星的服務品質/浴缸的塞子壞掉服務人員來修花了一個小時/沒有客滿的情況下也無法換另外的房間給我們/整個晚上就都在等他們修/修的期間工程師全程穿著鞋子進浴室/造成地板已髒/事後服務人員也沒有再打來問後續的狀況或是覺得抱歉/無法提供五星的服務就不該掛五星/這樣的服務水準連最基礎的基礎都沒有/真的失望到底/下次再也不會住這個集團的飯店/也不會推薦朋友住
A	大廳6F/Check/in/櫃檯的人員/男生/高/服務態度極差/客人在詢問問題時/他的反應及回話方式高傲令人感到非常不舒服/前台也就是代表著飯店的形象/因為這位服務人員/就算飯店及房間再美/也只有ㄧ顆星/
A	原本訂的房型沒有了/還想用話術騙我們升等/還是好沒有上當/用原來的訂價還是住了本來想騙我們升等的房型/而且入住時説好要送到房間的行李/等了近45分鐘/打去客服專線才發現/原來他們忘了/忘了/忘了/糟糕的住宿體驗/
A	婚宴/沙拉/可/煲雞湯/可/接下來都/失望啊/流沙包/好吃/還有炸吐司包菜脯類的食物/不錯吃/是期望太高嗎/
B	非常舒服的飯店/乾淨整潔還有淡淡的香氣/下午戴上太陽眼鏡躺在露天泳池旁的躺椅上日光浴並看著101大樓/有種/無法抗拒的慵懶
A	下停車場彎道新手勿試
A	辦理入住大排長龍/房間偏小/然後一張客戶意見表都沒有/有意見也沒辦法寫/比起其他五星級飯店/艾麗還要好好加油/
B	飯店位置剛好在微風松高正上方/市政府捷運站出口直走三分鐘內抵達/位置非常方便/房間舒適/廁所很大/不會有過多的噪音/整體來說/居住舒服/會再次來訪/
A	周末連續住宿兩晚/房間在20樓/晚上可以聽到樓下香堤廣場傳來的各種樂器演奏聲/小提琴/爵士鼓/單簧管/歌唱/大概到22/00才會停止喔/因為疫情期間/房間特價2999/可是餐廳/游泳池/健身房等各種設施全部關閉/咖啡膠囊多要兩顆100/借碗盤也需要另外收費/停車在地下室停車場/已經報車號給飯店櫃台人員/出場時還是要收50元/怎麼講都是消不掉/Errrrr/最後還是花錢消災了事趕快離開/
A	飯店還不錯但是櫃檯服務態度超差/很有禮貌的說請問一下他回答我呃/一個字/入住的時候押金講解也很不耐煩/真的有點跩/
A	小孩同行/沒有本棟車位不便
B	服務地點價錢都很穩/只是外送不能幫忙送到房間/挺麻煩的/工作一整天到房間想吃個外送還得到樓下拿/其餘服務都不錯
A	平日要什麼沒什麼/設施全都關閉沒開放/連走去個游泳池拍張照也不行/櫃檯服務人員又跩個258萬是有欠你錢嗎/沒住過那麼爛的
A	排隊入住時/後方旅客高燒警示39度/酒店櫃台並未有任何反應/且該名旅客並未配戴口罩/酒店入住櫃台的體溫偵測如虛設/欲借餐盤/房務表示疫情期間並未有客房餐飲服務/所以餐盤/餐具需借用並收取租借費/邏輯上無法苟同/
B	艾麗位置在市府捷運站出口不遠處微風松高樓上/交通非常便利/登記入住時前台接待人員解說介紹清楚/泳池管理人員稱職有禮/這次入住的大窗戶面向BELLAVITA百貨/窗前大書桌方便處理文書/電動窗簾簡潔/房內提供4瓶礦泉水/膠囊咖啡2杯份/床頭掛兩幅藍色蝴蝶畫作又提升了住房質感/戶外泳池正面是南山廣場/右前方有101大樓矗立/建築景觀雄偉/所以招來了兩三組網美/只拍照不游泳/也屬艾麗一大特色/夜晚到泳池也有夜景可賞/整體都滿意/唯獨樓下街頭藝人的鼓聲要到百貨公司關門才會停
B	以喜宴而言/品質甚佳/服務態度因有一定SOP/工作人員亦願遵循/賓客滿意度高/
B	服務人員親切/有禮/餐點美味/可口/素食套餐有多種不同調理方式/環境整潔丶舒適/地下樓層有停車場/供用餐者召費停車/
A	扯到不行的假五星/疫情期間降價不代表就可以把品質變那麼爛吧/三月去住的時候還很正常/該附的東西都有/之後再去一次/把能收的都收起來/譬如之前附的環保袋/跟他們要個袋子裝舊衣服/竟然說他們只能提供垃圾袋/還真的拿一個透明垃圾袋來/難以置信一個五星旅館做得出這種事/真的很低級/爛透了/
B	干貝沙拉/一定要點/我覺得這真的是偶吃過最好吃的沙拉之一/主餐龍蝦麵我反而覺得普通/調味上層次有點單調/然後甜點一個人可以點三個/滿足/
B	溫馨舒適/頂級美食
B	初看低調/走進後感受到用心與質感/動線明確/空間寬敞舒適/
B	很喜歡這裡的義式餐廳/用餐舒服/餐點好吃
A	其實佢內外都唔算差/而員工係經過挑選/外表美麗女生想做此酒店員工機會一定高/房間亦乾淨夠大/亦望到臺北101/浴室亦不少空間符合五星級酒店要求/電話動窗簾係賣點/不足之處係twin/bed/room/入面兩張床的闊度好窄/比不上阿里山入面極普通的一般酒店/而早餐buffet/蔬菜種類少/不及同級的香格里拉/但餐廳座位夠闊亦舒服/餐廳員工友善有禮/而電話/線員工可能不足而有時候係打電話好耐都冇人聽/此等情況不會發生在香格里拉及其他級數較低酒店/要改善/而借一把批蘋果的刀亦未能如願/明知係一家大細卻說安全理由不願借出批蘋果刀/反而成日hard/sell/要收錢幫你批蘋果/check/in/入住時又hard/sell/叫你Upgrade/房間比多七仟台幣/O/M/G/如果我須要住好啲/一早已booked/咗/不須Check/in/來sell/我/另外/還死撐不借蘋果刀理由/在香格里拉酒店台北/已順利解決/所以需名叫humble/house/Actually/it/s/feeling/blank/and/even/can/say/not/humble/really/但必須讚佢King/size/bed/is/good/to/sleep/well/Overall/is/like/a/4/star/first/5/star/last/hotel/Huge/room/to/be/improved/if/it/s/real/5/star/hotel/
A	飯店很高級/但外面的街頭藝人打鼓聲音實在很惱人/從下午入住一直聽到晚上將近/10/點才結束/還有浴室的排水不太好/
B	地點很方便/view不錯/有免費停車場/3500上下的話cp值還行/900改到高樓層景觀房也還算值得/特別適合商務高檔辦公/
B	很美好的體驗/夜景非常美/房間略小/水壓略小/服務不錯/
A	CHECK/IN要排很久/停車收費很貴不能消磁/對廠商不是很友善的飯店/陪同廠商進場竟然還要跟客戶多收錢/不如訂附近其他的飯店服務還比較好/
B	泳池區葉姓服務人員/T開頭/服務熱心/還貼心詢問是否需要雨傘/可見貴公司服務態度好/下次還會來住/
B	啊/查了一下google/艾麗其實是本土品牌/也不是五/也不是國際飯店/樓下那些台灣鯛鯛們是不是抱錯期待了啊/國際五星的話這麼便宜不覺得奇怪嗎/便宜的不是因疫情而降的房價/而是因低價而吸引來的低素質旅客/
B	房間很舒適/很謝謝櫃臺服務人員brandon先生優質非常親切的服務/讓我每次的入住都能have/such/a/quality/great/time/Super/Comfy/bed/Had/a/quality/great/time/Also/received/a/warm/and/friendly/service/from/Brandon/at/the/check/in/Gives/five/stars/for/the/staying/this/time/keep/it/up/
B	飯店設計感十足的確有超越5星價值/服務超級nice/令人感動/房間值得一住且迷你吧不迷你喔/我們很愛游泳/到那個城市都優先選擇游泳池/來住台北寒舍艾麗酒店是衝著美翻天的游泳池而來的/以亞洲地方密度高的城市來說/這是個一生要享受一次的飯店旅程/
A	曾入住過艾美/心想艾麗為同系應該也不錯/入住前先行電話聯絡詢問一般房型是否還有空房/回應是不需預訂/現場應該會有/結果到現場時卻告知已無一般房型/僅剩行政套房/因人都到了現場/也只好直接接受/接著一連串的問題開始出現/首先/前台告知已有優惠/住宿費用部分約17000多/不確定金額原因在後會說明/連押金共付20000元/然後找數百元/登記辦完好我便進房休息/第一個狀況出現/隨即接到前台電話說計算錯誤找錯錢/因這種事我覺得是小事/便告知退房時再算即可/期間我有點一瓶酒/然後因有事需離開/便在凌晨約4點左右辦理退房/退房時結帳完成後便離開/第二個狀況出現/也是為何不確定房價的原因/事情辦完時到家整理發票/發現發票只開了酒水2420的發票/卻沒有房費的發票/心想/難道這麼大的飯店會逃漏稅/應該不可能/便自行打電話至飯店詢問/等待了三分鐘後/飯店人員才告知漏開給我/請我過去拿/我告知並不是住附近/否則怎麼會住那呢/根本不可能為了一張發票再專程過去/後來才說不然用寄的/我的問題是/第一個狀況/我覺得是可接受範圍/但是連著第二個狀況/就令人有點無法接受了/住宿登記就有電話號碼/一時間漏開發票我也還是可以接受/但怎麼會漏開發票卻又不主動聯絡告知/一直等到住客自行詢問才說漏開/既是住宿客/通常表示不住在當地/這樣不是造成住客麻煩/且又有逃漏稅嫌疑/如果住客沒主動問呢/又如果住宿費用是要報帳的/豈不是真的變很麻煩/更何況還是星級飯店/整個處理SOP完全不是很好/期間二班不同人員/犯了兩種不同錯誤/也再再顯示出人員訓練不足的問題/跟上次住宿艾美的體驗/完全不同/說真的/這次住宿體驗/非常失望
B	美侖美奐大飯店/服務很親切/小缺點是Wifi有死角/洗手間太有設計感/不容易看出是有人還是沒人在上/冷氣超冷/真的可以溫度設高一點比較環保/
A	因為疫情關係價格比平常便宜很多/但服務也打折很多/要看到101還要額外加900元/五星級有的洗衣袋變成透明塑膠袋/整個感覺已經沒有五星級的感覺/也因為疫情因素/戶外泳池/早餐/健身房都不提供/說起來只剩下睡覺的五星級而不是享受設施/建議如果想要體驗五星級飯店的人/不用來了/這段時間寒舍艾麗無法提供給你這種服務了/
A	整體不錯/但有些小細節要改善/如/電話一支壞了/門鈴壞了/沒有附可裝換洗衣服的小袋子/
B	中西式早餐份量夠/服務品質好
B	訂房周小姐服務親切讚
A	最不推薦的一家飯店且永不錄用/1/住房要求礦泉水居然需另外付費/2/游泳池底磁磚脫落太多/不是高檔飯店應有的細節/3/游泳池內場人員服務態度太差且一直打擾房客玩水/4/標榜網美飯店卻限制90公分以上的游泳圈/5/健身房關閉/疫情沒有嚴重到這個地步吧/6/義大利餐廳晚餐改為套餐及單點/變相漲價/且出菜速度太慢/30分鐘只出麵包/建議改為之前半自助式/7/Cost/down太明顯的飯店/不具高檔飯店的高度/8/綜合以上/完全可以理解這間飯店的管理高層及用人/極度有問題/
B	地理位置好/環境舒適/電梯三台/只有兩台開放使用/大廳在三樓/退房寄放行李在一樓/服務人員服務佳
A	疫情期間很無聊/寒舍艾麗酒店Humble/House/只剩下洗澡睡覺功能/
A	帶小孩入住/請櫃檯幫忙微波小朋友的食物/居然說要另外收微波費用/住了國內外不知道多少家旅館飯店/第一次有飯店跟我們說要收錢/住客可免費在地下停車場停車/可是從樓上lobby櫃檯感應之後/10分鐘之內就要從停車場出口離場/飯店下樓的電梯又慢/光下樓再放行李就不止10分鐘了/超過5分鐘就要再自己付50元的停車費/非常令人不解/一般停車場從繳費到出場也有15分鐘的免費時間/到底為什麼一間高級飯店要這樣對待它的房客/
B	幾天前/小兒子與媳婦/帶我來此/頭一遭來的/環境優美寧靜/菜餚精緻可口/堪稱/值回票價之行/
B	停車場很難到達酒店/大家一定要注意標示/其他都還OK
A	爛透了/參加喜宴/登錄停車/到了出口/根本沒登錄/你要打電話給餐廳拜託登錄讓後面車子等或自認倒霉繳費/離開後打電話抱怨/竟然要你拍發票email給他她才願意辦理退費/很扯/這個是什麼喜宴餐廳/來的客人都被餐廳氣死/怎麼會有賓主盡歡這種事/
B	鄰近捷運站/交通/購物十分便利/房間雖小/但應有盡有/房內有提供Nespresso/咖啡/很棒/晚上有美麗夜景可以欣賞/帶小孩可提前要求嬰兒床/澡盆/消毒鍋/早餐種類不多但都很新鮮好吃/推薦/
B	位處臺北市信義商圈熱區/逛街覓食都很方便/但就是房間太小/跟不上住宿房價/大概只適合單人商務客/若懷著渡假心情入住/心情會被打折扣
B	專程為了游泳池而來/結果游泳池在整修/下回要先問游泳池是否有開放再訂/
B	吃飯逛街很悠閒很方便
B	泳池景觀真的無可取代/泳池服務人員都非常親切/服務態度沒話說/整體飯店住宿感覺不錯/
A	餐廳住址標示No/6/然後18號/所以到底是幾號幾樓/基本地址都標不清楚/La/Farfalla/餐廳/5星價格/3星服務/2星專業度/雞尾酒/餐前酒放我左邊/醬料也放我左手邊/前菜還在吃就送上主菜/那我是要吃冷掉的主菜/吃完的盤子我放桌角邊5分鐘都沒人來收/後來我站起來端到前台/當天也不忙/領班對餐點也不熟/什麼都要回去廚房問廚師/餐盤上都是牛排刀切過的刀痕/燈一打傷痕累累的餐盤/選飯店/你有更好的選擇
B	Check/in/等待時間過久扣分/隔音不好也扣分/住17樓晚上還聽到電音beats到底是怎麼回事/其他都還不錯
A	下午茶時段/菜色沒什麼選擇/主食還可以/甜點蛋糕個人吃起來都不愛/這個價格蠻不值
B	最喜歡的市中心飯店/還會再來/
B	首先/這間酒店地點很好/在台北最繁華的信義計畫區/其次/酒店的服務人員大部分態度良好/很樂意解決問題/但是/以酒店的裝潢/房間大小/設備/細節/清潔程度等等方面來說/加大的大床房要七千多元台幣一晚上/還不含早餐/真是有點太貴啦/並不值得/我強烈建議大家去住晶華酒店/房價一般來說便宜較多/地點也很不錯/就算你喜歡信義區的新穎/最計程車來回也比多花錢住寒舍艾麗來得好/我住在酒店最高樓層/一出電梯竟然可以聞到霉味/房間的廁所門是一大片玻璃/拉到底發現有手印/供應品質量一般般/無法跟房價擺在一塊/除了它位於信義區之外/不會再考慮入住/
A	很貴/單點春雞/套餐牛小排/共計2800元/牛小排還是只有比鳳梨酥1/5倍大小而已/要去的人需慎算
A	曾和女兒來此慶生/
B	６分鐘步行到捷運市府站/第３號口/開車２分多鐘達市府/國父紀念館/１０１大樓/數間薇風廣場/本酒店便與薇豐連棟/並共用地下停車場B3/B4/一樓有兩台電梯直達/櫃台/餐廳/酒廊在６樓/附近有許多名菜/美食餐廳/前台可代預約/在沙發等好友時當低頭族/三位著酒店制服美女/中間是領班發號說辭/左右各端一托盤上置三個白色加蓋茶杯/先向我們三次行九十度哈腰行禮/再端一杯到我面前/親切溫馨/
A	適合在附近出差工幹的商務旅客/位置也近市政府捷運站/房間寬敞乾淨/枕頭床褥是偏軟的/另外浴缸頗高/老人家應該不太方便吧/
B	位於微風松高百貨樓上的商務型精品酒店/能飽覽101及微風南山百貨的無邊際泳池是最大賣點
B	要讓旅客住的舒適/潔淨/安靜的空間十分重要/可以讓人一夜好眠的旅館/
A	6樓餐廳對賓客很不盡人情/囍宴不要來/謹記/而且反應無效/悲哀/
A	我們是8月9號退房/退房前剛好有看了評價/所以檢查了一下被子/結果發現竟然有血漬/這個應該是很久了/趕緊通知服務人員/所以大家入住寒舍艾麗酒店的時候/要特別注意/退房前要檢查一下房間/避免離開後可能會被誣賴污染了房間被收錢/
A	值班經理答話冷淡/態度超級差/想當國際性酒店/差得遠了/很多地區性的酒店服務都比這家爛酒店好/寒舍名字或艾麗名字都被這位鳥人搞砸了
A	比寒舍小/感覺算是/精美的小華廈飯店feel/早午餐的餐廳/有很大的落地窗/用餐的話/感覺是很舒適/空氣也不錯/但就僅此而已/除非下次還有人請客/不然應該不會太常去了
A	使用親友贈送的餐卷/到場才說己取消沙拉吧/就坐直接開一瓶汽泡水/喝完才說要另外收費/難怪當天中午只有兩桌客人/
B	最貴的防疫旅館但是還算角龍網片唯一就是停車場格子太小不好停大車
B	寒舍艾麗酒店6樓的義式餐廳/自助餐的菜色還蠻精緻的/有自己的特色/但是覺得選擇性較少/不過味道很好
B	不管是面對101的景還是面對貴婦百貨的景色都不錯/旁邊就是信義商圈/晚上七樓的泳池景色也很棒/
B	超棒的房間及超值的房價/以後應該不會有這種單價了/希望可以很快再去住/Cp值高
B	地點好/舒適/很幸運住到有101景觀的房型
B	乾淨/明亮/現代感的設計中帶著輕度的古典優雅/絲豪不衝突/房間很乾淨/飯店地點在市中心/很方便逛街/大多數的房間有景觀/
A	該說什麼呢/房間小/服務爛/房間設計不合邏輯而且價格超高/要不是疫情有優惠打死都不會去/爛到不想拍照
B	很棒的高檔餐廳/天使麵超好吃/魚肉也是/尤其是那個甜點餐車更是驚為天人/很推薦要去慶祝生日或者聚會的朋友們去吃/
A	餐點尚可/場地極佳/服務差強人意/價格不親民
B	義式餐廳中烤波士頓龍蝦/爐烤肋眼牛排太美味可口/自助吧餐點種類雖不是很多/但精緻好吃/餐廳外的視野開闊/環境清幽/值得一去再去的餐廳/
B	今天是來吃喜酒的/吃喜酒的賓客可以停車免停車費/只是要小心不要停到隔壁艾美酒店去/餐點很好吃/環境很優美/服務員服務一百分/
B	很喜歡艾麗的房間/簡潔又明亮/晚上的時候還可以看到101的美景/尤其是游泳池/超享受邊放空邊看夜景的感覺/酒店義式餐廳的晚餐/很有氣氛/餐點也好吃/相當精緻/
B	主餐牛排富有風味/搭配不同醬汁呈現出的味道也有變化/可惜自助吧少了很久沒有的帝王蟹/取而代之的螃蟹也毫無螃蟹該有的鮮甜滋味/實在可惜/
B	價格合理/房間剛好不難看/泳池有開放的時候可以看到信義區最漂亮的天際線
B	價格合理/房間環境很不錯/地理位置方便/服務人員都很親切而且專業/出差到台北/基本上都會回住/
B	服務沒話說/展演廳館佈置也很雅緻有品味/很推薦的住宿與小型展演酒店/
A	/中文在後面/Not/many/choices/in/the/lounge/I/had/a/glass/of/white/wine/and/others/had/beer/juice/milk/tea/they/don/t/serve/tap/water/大廳酒廊沒有太多選擇/我們點了/白酒/啤酒/果汁/奶茶/這裡沒有供應水/
B	特價才住的/品質真的很讚/房間8坪非常舒適/提供膠囊咖啡/地段超好/櫃檯服務也很棒
A	房間的隔音是能有多差/都已經住到23樓/1樓大街上打鼓的聲音宛如現場
B	舒服的房間/入住頂級套房/房間景色很漂亮/旁邊就是101/有聖經可以讀/有咖啡膠囊機/台北渡假好去處/酒店周邊就是新光很多精品可以買
B	飯店乾凈/可看到101/房間不大/游泳池可看到101/房間內易開罐飲料120元/啤酒200元/氣泡水150元/超貴的/建議到附近7/11買
B	大門口/小小的/從這裡坐曳梯到6F/旅館房間在此check/in/6/F同時有義大利餐廳/可以看到綠色的庭園/5/F是開放展覽館
B	餐飲水準ok/服務優/只是小小朋友很多/有點吵/不大適合情侶約會或洽商
B	飯店地點方便/停車可到艾美/房間乾淨/服務人員親切有禮/值得再來
B	空間挑高寬敞/餐飲還不錯/唯一停車位較少/4星級的服務/4星評價
A	La/Farfalla/餐廳/2019年9月取消沙拉吧/任何說明裡都沒講/讓人非常失望/服務不錯/但是主餐的分數就這樣了/
B	義式餐廳菜色滿少的/但用餐環境很優/人比較少/夾菜不需大排長龍/跟饗食比座位也寬敞許多
B	適合商務客並不適合親子/房間有一點小交通地理方便/價位高是應該的
B	寒舍艾麗酒店寰宇套房/101景觀窗/舒適寬敞/安靜清幽/離捷運站近/旁邊又有百貨公司/設備新穎且人性化/太棒了
B	牛肉鮮嫩好吃/服務人員很親切/環境優/可惜種類好少/
B	廁所小了點/要排隊一段時間/辦大型會議/要跑去別的樓層上/
A	都要被很多新的飯店比過去了
B	很漂亮/人員服務也很好/捷運站就在附近/整體設計也很優質/我本身是多重過敏的人/但這裡連空氣品質都很好/值得推薦/
B	服務好/餐點好吃/環境也很不錯/唯獨會議室光線不足/隔音效果不太好/會被隔壁用麥克風的干擾
B	/飯店舒適且有豐富藝術感/住宿與飯店的LA/FARFALLA義式餐廳cp值很高哦/
A	櫃檯動作慢到靠杯/check/in/等超久/打這個評論的時候/沒錯我還在排/
B	房間小了一點/其他都不錯/高級的飯店/
B	交通方便/地理位置佳/位在繁華的聚落/但房間舒適安靜整潔/整個飯店給人藝術高雅輕鬆之感受/
B	樓上的牛排店氣氛非常好/不吵鬧也不擁擠/悠閒用餐的好地方/
B	來喝喜宴/停車場沒有特別寬敞/餐點還不錯/簽到與拍照處/很寬敞/服務人員很多/可直接從空中走廊通往微風跟新光三越
A	下午茶的時段實在很不推薦/選擇少/吃起來都不愛
B	這裡的用餐環境明亮令人放鬆/食物真的是一流/主餐夠水準/自助的配菜/甜點及水果飲料/都很完美/重點是價格不誇張/有機會會再來/
B	6樓義式餐廳/座位寬敞/寧靜舒適/菜色精緻/價量相符/是信義區飯店中同等價位的翹楚/
B	地點好/逛街方便/飯店很新/以信義區的飯店來說/房間有一點小/隔音選加強/
B	今天午時13/30到達此處參加台加汽車展業研討會/好棒的場地與茶水糕點呀/真的是帥呆了喲/
B	地點非常良好方便/不管是要享受台北都會生活或購買東西還是吃餐廳都是很方便的地點/
B	用餐環境舒適/餐點新鮮/服務人員親切/
A	價位不便宜/但房間沒想像中那麼大
A	在艾美後面/隱藏起來讓你找不到的酒店/現在是防疫旅館/
B	五樓囍酒宴會廳食材很不錯/服務也很好/
B	6樓的自助餐廳主餐美味/前菜還有半隻小龍蝦/雖然自助餐檯上的品項不算多/但都很好吃/用餐環境有點暗/但氣氛佳/
B	價格尚可/義式廚房的牛排好吃
A	義式餐廳菜色很少/沒有太失敗的食物/但是也沒有很多令人驚喜的餐點/以價位來說/不是很適合/只能說人少安靜是優點吧/
A	沒住/只有去參加活動/茶點普通/廁所舒適沒臭味/免治馬桶用得很舒服/
B	菜色不算多/牛肉麵的湯頭不錯/可惜/常常是沒有牛肉/飲料的果汁不是現榨的/服務人員的態度/錯
A	喔天啊整間房間滿滿的大落地鏡/沒有到很ok
B	地理位置非常好/房間舒適/唯有電視頻道太少/只有60台/希望能增加電視頻道
B	景色非常棒/服務跟房間也是很棒/
A	污損處理規範不合理
B	服務優/房內景觀及設施都不錯/
B	多年來服務與餐點依舊水準之上/整體用餐環境絕佳/若能在主菜素食有多ㄧ兩道選擇會更好/
B	在此參加婚宴/食材/服務均為上上等/氣氛/佈置也盡善盡美/在信義精華地段/除了一樓電梯間不起眼/很容易走過頭外/沒什麼好挑剔的/
B	La/farfalla義式餐廳衛生乾淨/座位寬敞舒適/服務親切/餐點精緻/是中高價位baffet的好選擇/
B	位置於信義區的蛋黃區/生活機能強大/設計現代感/房間舒適又乾淨/服務人員親切又專業/
B	隔離14天/服務/餐飲/房間設施都很滿意/
B	精緻的菜餚與音響聲光效果/公司已連續三年在此尾牙/
B	自助餐的地方很舒服/可以讓人好好放鬆/但是排隊位置真的可以清楚一點/希望先排隊的客人可以先處理
B	景觀佳/座位不是很多/餐點種類也不是很多/但是幾乎每種都品嘗的到/
B	服務好/場地佈置得很得體/菜色也很棒/去年來過一次/今年感覺一樣非常好/
B	來用餐/還不錯/擺盤精緻/
B	6樓的義式料理很好吃/麵包特別搭配橄欖油超讚/牛肉也很有嚼勁配
A	自助餐普普/海鮮腥味蠻重的/選擇很少
A	就是精緻/但是服務人員應該要受到更多訓練/尤其是談吐對話上面
B	下午茶很不錯/但量太少/外燴則普通/場地很美適合舉辦活動/FB/Daniel/PO/IG/danielpo6
A	服務人員態度很差/不知道是不是因為疫情的關係服務有打折
B	舒適的商務旅館/服務非常親切/甚至遇到整理房務人員/她們還是一樣的溫馨招呼/
B	櫃檯人員親切/房間不大但是很舒適/可以直接看到101大樓
B	感覺宴客的場地很舒服/菜色味道和品質很好
B	不饋高級酒店/從接待到服務人員/親切有禮/賓至如歸/
A	入住花了半小時/一晚六千多冰箱一杯飲料都沒有
B	沒有太多奢華的排場/餐點都還不錯吃/服務人員態度很好/環境整個讓人舒服
A	借紅酒杯及香檳桶要另外付費/不合理
B	很棒的義式餐廳/環境好/餐點好/推薦/
B	價位合理/氣氛好/動線流暢/
B	辦講座/環境佳/價位不低/若加租投影設備則所費不貲/
A	連續四年來/餐點品質從非常棒/到2019的江河日下/之後會很長一段時間不再光顧
B	遠眺陶朱隱園/美麗中稍稍奢華一些/可以逛到百貨休息/燈火藍珊/環顧人潮依然/
B	很高雅氣質的五酒店/門口泊車服務很好有禮貌/
B	會議室跟餐點都很讚
B	義大利餐廳餐點好吃/房間景觀很好/舒適/
B	好喜歡這家餐廳的感覺跟氛圍/真心推薦/
B	餐點外提供飲料喝到飽/有氣泡水或礦泉水
B	房間很棒/泳池很棒/希望趕快恢復餐飲
B	食材新鮮好吃/氣氛安靜舒服/服務人員親切/提前告知生日提供小蛋糕
A	蓮蓬頭都是霉/大廳退房/服務人員也不會來幫忙
B	氣氛佳/環境好/食物好吃/讓人很放鬆的享受下午茶時光/
B	房間雅致/餐飲優秀
B	好吃/服務佳/值得再來
B	買了旅展主食歺券/超划算/物美價廉哦/
B	空間裝潢都很讚/東西好吃/尤其是經過36小時低溫窯烤牛小排更是好吃
B	設備好/地點佳/房間非常乾淨
B	房間舒適/衛浴設備高級/早餐不錯/
B	服務跟設計及裝修還有地點都還不錯的酒店/
B	菜色選擇少/但還算蠻精緻好吃的/
B	很難想像是如此舒適又便利的酒店/去那兒都行/
B	房間相當乾淨/交通便利/可以欣賞信義區的夜景
B	舒適/床頭沒插座有點不方便
B	牛肉套餐的牛肉很好吃/但最近取消吧臺湯品/懷念以前的南瓜湯
B	喜宴餐點非常好吃/大概是目前台北吃過最好吃的喜宴餐點
A	硬体不錯/但軟硬體需再加強
B	藏身於信義區/外表看似低調/但進入後讓人感到驚艷
A	遭透了/主餐等了2小時/服務及效率也差/最後還沒有任何補償
B	信義區地理位置佳/房間整潔服務好/床具舒適
B	商務酒店/地方整潔/但不太適合家庭/有小朋友的入住/因為床比較細小/而且比較高
A	11/30/不到/退房ㄧ直催/口氣態度很差/
B	吸煙區很近/
B	地點不錯/但備品可以再加強
A	下午茶時段去/很多菜盤都是空的
B	員工親切有禮貌/飯店氣氛很舒適
B	一楼的Bar空間/白天提供輕食/西式簡餐/口味不錯/
B	讚/View
B	半自助餐廳/半自助的食物好吃/牛排普通/價位偏高/很適合慶祝活動的餐廳
A	海鮮不新鮮/白花錢/不值/
A	義式餐廳菜色很少/沒有太失敗的食物/但是也沒有很多令人驚喜的餐點/以價位來說/不是很適合/只能說人少安靜是優點吧/
B	氣氛佳/食物可/服務態度不錯/
A	電話回答問題服務態度傲慢/無禮
B	義式餐廳菜色滿少的/但用餐環境很優/人比較少/夾菜不需大排長龍/跟饗食比座位也寬敞許多
A	挺不錯的一個地方/可惜服務人員在人流處理上似乎沒有之前專業
B	美國Prime牛排/肉質軟嫩好吃/
A	退房處理速度太慢/
B	服務跟菜色/場地動線整體都不錯
B	交通方便/地理位置佳/位在繁華的聚落/但房間舒適安靜整潔/整個飯店給人藝術高雅輕鬆之感受/
B	場地寬敞/服務好
B	宴會廳大氣/菜色豐富/服務良好
B	氣氛佳/食物可/服務態度不錯/
B	泳池傍晚時刻非常漂亮/放鬆的好地方
B	服務良好/氣氛佳/適合聚餐的地方
B	超喜歡這裡的用餐環及餐食/重點是服務超棒又親切/
B	好吃/下午茶東西較少
B	服務好/環境舒適/
B	舒服/連在房間的小膠囊咖啡都好喝/早餐豐盛菜色樣式多/可以打發整個早晨時光/
A	菜色選擇少/沒特色/環境不擁擠/加分/
B	五星級酒店2樓有厲害的餐廳
B	服務跟菜色/場地動線整體都不錯
B	除了被玩壞的感應馬桶/其他部分都不錯
B	很高級的新飯店/好大的宴會廳啊/
B	超級美/適合家庭來游泳/難忘的美景
B	非常讚的飯店/室內也很漂亮
B	住宿品質非常棒/交通機能便利
B	地點好/房間乾淨/交通方便
B	食衣住行育樂都方便的好地方/
B	義式餐廳餐點好吃/氣氛佳/服務好
B	Line/xd972/寂寞寂寞就找小姐陪愛/主頁正妹裸照/影片選妃/應有盡有/論壇/www/exo5205/com
B	舒適的空間/浴室相當乾淨
A	主餐還是不錯/沙拉Bar有退步的感覺/
B	氣派豪華的宴會廳/菜色也很OK/
B	非常棒的酒店服務人員又很親切
A	人不多/環境優/很適合優雅吃下午茶
B	五星飯店/服務人員也是五星/
B	來辦活動的/不愧是寒舍旗下的五星飯店
B	環境雅緻/用餐舒適/沙拉吧食材超優質
B	地點佳/停車要與百貨公司共停/假日需等待停車位
B	酒店不錯到不近地鐵口/走路要10分鐘
B	超喜歡這裡的用餐環及餐食/重點是服務超棒又親切/
B	環境雅緻/用餐舒適/沙拉吧食材超優質
B	此他buffet甚為有名/菜色精美/樣式很多物超所值
B	景觀無敵/五星級的服務/
B	有絕佳的風景/服務人員親切
B	CP值高/很棒的景觀及服務
B	非常棒的酒店服務人員又很親切
B	婚禮場所氣氛不錯
B	空間寬敞/環境優雅/食材樣少
B	環境還不錯/內裝蠻有質感
B	與微風共用停車場/所以開車來有得等/
B	義式自助餐/種類很多/好吃/
B	6樓下午茶還可以/氣氛不錯
B	很多人/也有人在問題都可以很快的答覆/
B	東西很棒/很不錯/
B	飯店乾淨/CP值超高/
B	住的好地方/皆為商旅客住宿的好地方/讚/
B	有著台北最美的游泳池/還可以觀看101
B	超越5星級的優質飯店
B	服務很好/房間狀況非常好
B	環境還不錯/內裝蠻有質感
B	環境舒適/服務用心
B	婚宴好場所
B	服務好/可惜去的時候部分設施維修
B	義式吧費/環境舒適寬敞/精緻
B	整體還不錯/就在微風松高超方便
B	地點好/服務好/房內乾淨/東西好吃
B	服務好/停車方便
B	整齊/清潔/服務/全部滿分
B	牛排龍蝦雙人套餐真的很棒/
B	真的很棒/氣氛食物都很棒/
B	喜宴部份應該符合年輕人需求
B	五樓宴會廳場地方正/服務一流
B	服務好/餐點有一定的水平/
B	用餐的環境舒適
B	空間寬敞/環境優雅/食材樣少
B	氣氛佳/沙拉吧不錯吃
A	服務超爛/從來沒遇過服務那麼差的
A	退押金一個月都退不了
B	五星酒店/有些商務客人喜歡住這裡
A	服務品質超爛的/什麼都不提供
B	很美又很優雅的飯店
B	停車空間需要再規劃好/
B	美國Prime牛排/肉質軟嫩好吃/
A	高價餐廳/cp/值普通/
B	CP值高/很棒的景觀及服務
B	服務與飯店設施都不錯
B	很棒的五星級飯店
A	裝潢不錯/餐點普通
B	鬧中取靜的好地方/服務態度好
B	使用匯豐銀行信用卡買一送一
B	5F/婚宴氣氛好/環境佳
B	隔音很好/附近很熱鬧
A	讚
B	有絕佳的風景/服務人員親切
B	外表很時尚/服務人員親切有禮貌
B	婚禮場所氣氛不錯
B	很有格調/OL辦公氣氛
A	房間的插頭沒有電/
B	五星級酒店
B	氣氛優雅/服務親切/食材高級/
B	景觀無敵/五星級的服務/
B	高品質的餐飲/服務週到/
B	在微風松高旁邊/比較低調不顯眼
B	僧帽豬超美味/服務好/
B	每年尾牙的絕佳地點/很棒的地方
B	服務不錯但是停車位不足
A	令人失望的住宿體驗
B	服務好
B	氣氛佳/料理好
B	有水準/服務人員態度很好
B	高尚的飯店內裝與服務
B	豪華的飯店/好吃的餐
B	0808/西門子歌美颯離岸風電在地化論壇
A	空間小
B	內裝簡潔/清爽/親切感/
B	義式自助餐/很棒
B	高級
A	電話回答問題服務態度傲慢/無禮
A	退房處理速度太慢/
B	富麗堂皇/婚宴絕佳場地
B	地點好/房間舒適
B	場地寬敞/服務好
B	餐點及服務不錯
B	大廳酒吧服務親切有禮
B	好吃/氣氛好
B	静/房間清潔/地點適中/
B	喝喜酒/高級/好吃
B	環境好/食物好吃
B	氣氛佳/餐點棒
B	就飯店/感覺可以
A	自助餐東西種類有點少
A	場地寬敞
B	吃晚餐的好選擇/
B	環境不錯/
B	東新好吃/環境氛圍好
B	有進美術館的感覺
B	服務態度很好/品質很好
B	適合朋友聚餐/菜色合適
B	舒適/景觀不錯
B	夜景房就是讚/
A	爆炸難停車/菜色差強人意
B	有氣氛/好吃
B	用餐時間的服務/親切
B	自助餐廳燉飯好吃
B	好像沒啥好挑剔
A	用餐環境佳
B	泳池風景台北絕美
B	廁所很漂亮/
A	停車位嚴重不足/
B	燈光美氣氛佳
B	百貨林立/逛街方便
B	很不錯的飯店
A	差勁的住房體驗/
B	乾淨舒適/格調高
B	景觀超好的
B	餐點好吃/
B	東西很普通
B	房務員很正
A	下午茶的種類不多
A	還滿普通的/
B	服務人員有服務熱忱和耐心
B	貴鬆鬆但超高級
B	還行
B	是非常喜歡的地點
B	經過/環境不錯
B	牛排龍蝦自助餐
B	喜宴高貴好吃/
A	警衛態度超差
B	東西好吃/選擇多
B	很棒的用餐環境
B	時尚低調的代表
A	非常不推薦
B	餐廳都不錯
B	環境舒適乾淨
B	甜點種類不多
B	尾牙不錯的場地
B	還不錯的酒店
B	上課環境高雅舒適
B	設備新穎寬敞
B	高檔/豪華/餐廳
B	很舒適的空間
B	雅緻舒適/
B	接待服務客氣
B	餐點好吃
B	高檔/休閒
B	東西好吃
B	氣氛佳/
B	環境優雅清新
A	檢測嚴格
B	不錯吃
B	整潔舒適
A	Buffet/難吃
B	氣氛佳
B	還不錯
B	東西好吃
B	不錯
B	地處精華地段
B	環境不錯
B	乾乾淨淨的地方
B	房屋布置新穎
B	環境舒服
B	小巧精緻
B	是真的高級/
B	餐廳不錯
B	氣氛佳
A	還可以
B	服務親切
A	難停車
A	東西太少/
A	吃飯
B	氣氛佳
B	喜歡
B	很好的地點
B	信義首選
B	好友聚會
B	高檔酒店
B	冷酷現實的公司政策讓好員工和硬體設施打折/如果你是經由訂房網站訂房那就準備被洗臉吧/在第三方訂房網站沒有把該提供的訊息講清楚/到現場後這個不行那個不行一副我們欠錢跟他們要飯的樣子/而且死不認錯只想打發人的/花錢來受罪的五星級飯店還是第一次遇到/如果你沒有個十萬塊還是別來吧/保證他們的對待會讓你感覺就在/寒舍/一樣
A	覺得從餐點/房間/服務都沒有到達五星的水準/半截的浴缸/燒焦的鹹粥/如果是要選市中心的商務旅館/可以/如果是要渡假休閒的飯店/同價位還有其他更好的選擇/
B	服務人員態度超級好/不管是出去還是退房都會問好/這樣的感覺好溫暖喔/這一定會在來住的讚
B	非常舒適/窗外的景色優美/服務人員態度都超親切/住兩天/第二天出門按了掃燈到了3/00回來都還沒來打掃/就打給了房務部/沒想到速度超快/還送水果盤/超讚的/大推/
B	義式餐廳/環境優/食材新鮮/高檔/飲料部份可以更好些
B	情人節入住/服務很好
B	疫情期間/全體員工依然提供優質服務/他們很有禮貌/會幫助我做我需要的事情/房間很整潔/清晰度幾乎是完美的/景色很棒/不要選擇101視圖/另一邊/你可以看到內湖的山脈/早上的陽光也不太強烈/您不必拉低窗簾/也不需要叫早/太陽會以柔和的方式喚醒您/您真的可以稱這個地方為家/
B	台北市中心不錯的酒店/毗鄰捷運/購物和夜市/肯定會再次回來/
B	除了已經點評過的餐廳/作為酒店還是不錯的/還擺滿了各種藝術品/位於/101/附近的一個不錯的中心位置/從任何地方都可以輕鬆到達/乾淨/漂亮和漂亮的員工/考慮到位置的誠實價格/優越的地理位置/美麗的酒店/需要睡覺時推薦/
B	一流的酒店/地理位置優越/房間很乾淨/我得到的房間可以看到台北101的清晰景色/床也很舒適/請確保在較高樓層有一個房間/因為外面的活動會使周末變得很吵/
A	等了30分鐘才退房/服務態度不好/自助餐很可惡/
A	拙政館的生活經歷通常以前很令我高興/但是/這使我們這次真的很失望/這次我們預訂了兩個房間/並要求在同一層房間/當我的朋友打開他們的房間時/他們立即感覺到了吸煙的味道/這確實讓我們感到疑惑/原因不僅是我們在預訂時對非吸煙客房提出了具體要求/我們還要求在住宿期間簽署禁止吸煙的標誌/否則我們將被罰款/因此/為什麼有人可以吸煙並且沒有人通知/在這種情況下/工作人員至少應在接受新客戶之前徹底檢查並打掃房間/然後/前台將我朋友的房間移到了不同/的樓層/我被要求留在原來的值機室/因為前台工作人員堅持說兩個房間不能一起移動/有趣的事情開始了/當我們想見面時/我們不得不先打電話給對方/下到6樓再見面/因為我們的房間卡只允許電梯進入特定樓層/我完全理解/目的是保護客戶的隱私/這就是為什麼我一開始就要求在同一樓層有兩個房間的原因/在這種情況下/我們的BFF特別旅行被破壞了/因為這次的經歷很差/將來/我會認真考慮不推薦或不住在同一家連鎖酒店/
B	我愛這家酒店/這是我第四次住在這裡/我來自台北/房間很棒/房間安靜/豪華/風格很好/工作人員樂於助人/它只是名義上的謙虛/戶外花園是享用飲品的好地方/游泳池很好/隔壁有一個購物中心/您可以要求的酒店一樣好/浴室也很好/
B	住在這裡8晚的商務/發現這個小精品酒店是非常好的服務/乾淨/現代/精心設計的客房友好設施只是其中的一部分/細心的工作人員和精選的早餐選擇/亞洲和西方風格/宴會服務也很好/但食品標籤可以更好地翻譯/不要使用谷歌翻譯/但要求人們翻譯食物和成分的真正含義/素食不喜歡蔬菜雞作為菜/其他人都很完美/
B	很棒的酒店/房間很棒/乾淨/很棒的設置和非常舒適的床/工作區很寬敞/使這裡的住宿非常適合商務旅行/我們友好和禮貌的工作人員/現場的健身房非常適合我/跑步機和一些有重量的長凳/很棒的住宿謝謝/
B	作為台灣裔美國人/我每月要去台灣探訪媽媽一次或兩次/我通常住在W酒店/艾美酒店/萬豪酒店/希爾頓酒店/凱悅大酒店和/或喜來登酒店/這是我第一次住在台北謙和飯店/由於因COVID/19爆發而進入台灣的限制/每個人應在家中或在檢疫酒店內進行為期15天的家庭檢疫/這是我過去5個月來第三次住在台灣檢疫酒店/這是第一次在Humble/House/Hotel/我會說/從開始到結束的傑出服務/我真的很喜歡在這家酒店的經驗/酒店裡的人很棒/他們將努力滿足您在住宿期間的所有需求/優秀的勤奮工作人員在酒店/這是一家出色的酒店/交通便利/即使我們必須在酒店房間內待整整15天/該酒店位於台北信義區/提供一個乾淨寬敞的環境以及可欣賞城市美景的典雅客房/客房既時尚又令人耳目一新/舒適至極/令人舒緩/Humble/House自隔離套餐提供合理的價格/包括早餐/午餐/晚餐/稅和服務費/餐點由廚師精心設計/可在一次性餐具中提供各種中式和西式美食/在這15天中/旅客可以享用美味的飯菜/Humble/House酒店的五星級廚師精心設計了各種中式/日式和西式菜餚/為檢疫期間的檢疫旅客提供了豐富而美味的抗流行餐/美妙的15天用餐具有良好的口感和營養均衡的美食/並在隔離期間享有健康美味的生活/我極力推薦Humble/House/Hotel/該酒店可為您提供15天安全舒適的隔離體驗/甚至在訪問後的時代/我都會住在這裡/
A	淋浴房裡的水很熱/不熱我根本無法享受洗澡/空調幾乎不能工作/房間很小/只有五星級酒店/
B	在那裡住了3晚商務會議/酒店寬敞的客房享有白天和夜晚的美景/地理位置便利/MRT距離酒店僅數百米/清潔度很好/酒店員工彬彬有禮/友好/我希望他們能改進的唯一事情是他們的免費早餐種類繁多/每天幾乎都一樣/我會說/有點沉悶/否則一個偉大的地方/
A	好地方/優越的地理位置/可怕的軟床墊/你發誓是從折扣店買的/
B	寬敞的客房/36平米的高級客房/和超讚的早餐/不知道為什麼其他人說早餐有限而又不好/精選冷熱飲品/美味的雞蛋以您想要的方式烹製/馬鈴薯煎餅酥脆而不油膩/香脆培根/香腸等的選擇/麵包穀物冷盤和台灣美食也是如此/可用新鮮水果/當然/您不會吃龍蝦和和牛/但您反正可以吃那麼多嗎/
B	觀點很棒/與價格相比/房間相當小/但房間配有Nespresso咖啡機/您可以享受早晨好的咖啡/整潔地打掃房間/不利的一面是/如果你想去吸煙室/你需要將電梯換一次到5樓的婚禮大廳/直到公園的右側/早餐菜單的變化會有所不同/我想獲得好評/例如將管泵送到游泳池/
B	瘋狂的體面酒店/為千禧一代設計/我們的房間在床的兩側和桌子上都隱藏著面板/可以為任何東西充電/浴室設計精美/適合殘障人士使用/床在同一時間堅固而柔軟/這個位置就位於購物區的中間/方便您前往台北所有的商業景點/
B	早餐很好吃耶/
B	很棒的酒店/位於中央區的優越地段/很奇怪的是/含早餐的房間只能在他們自己的網站上找到/而不能與其他第三方一起使用/這很可惜/因為我沒有在他們的酒店獲得積分或會員資格/而且他們仍然只有一個世界上很少的酒店/但是沒有什麼可抱怨的/這家酒店/到來很快/你可以看到你在附近/大堂位於6樓/可快速辦理入住手續/飯店/酒吧和商務中心都在6樓/游泳池/健身房和水療館在7樓/健身房很小/主要是有氧運動器械/但沒有重型舉重設備/他們確實提供了瑜伽墊/但由於它很小/因此沒有使用空間/我沒有結帳游泳池/因為這是深夜/但是/後來我確實在電視上看到一條紙條/說他們不確定在8級擴建體育館/房間很好寬敞/有深色嚴肅的木製內飾/舒適的床/但我發現枕頭的硬邊有點/浴室非常寬敞/乾淨/配有日式溫泉浴缸/但浴缸上有淋浴/室內電視非常全面/帶有收費電影選項/我沒有在房間裡找到任何熨衣板/也沒有發現任何無關緊要的指示/工作空間很大/我的房間可以俯瞰美麗的城市/提供迷你吧/以及Nespresso咖啡機/早餐非常可愛/而且質量很好/我也很喜歡/而且餐廳的空間也很不錯/午餐和晚餐都是半自助餐/也很不錯/基本上/自助餐提供開胃菜和甜點/而您從單點菜單訂購主菜/更新2019/回來並決定再次入住這裡/儘管我認為這家酒店只有5歲了/設施和房間看起來仍然是新的/完美的和乾淨的/愛它/
B	漂亮的會議廳和美味的甜點/
A	酒店很乾淨/但有點過時了/不是說它已經過時但是在夜間附近沒有電源插座/我注意到了/早上的早餐還可以/但是對於亞洲標準來說/它是低於標準的/位置很好/靠近台北101/步行距離到藍線和紅線/
B	位於新義區中心位置/服務不錯/
B	這是台北住宿的理想酒店/設施和房間都很棒/地處中心/提供美味的早餐/我在網站上預訂/發現最優惠的價格/會推薦給任何人/
B	位置很棒/酒店很棒/員工非常樂於助人/有一個室外游泳池/只有戴泳帽才可以進入/您可以在那裡購買/也可以自己攜帶/
B	住在台北謙卑樓是一次很棒的經歷/服務很棒/房間很乾淨整潔/從像我這樣的其他國家旅行的人可以使用各種充電器和插頭/此外/它的位置非常方便/靠近Hsinyi誠品書店和台北101步行距離/我喜歡這家酒店/
B	美麗的酒店/每間客房都配有Nespresso/pixi/因此我可以欣賞到壯麗的景色/台北101夜總會喝著濃咖啡/喜歡超柔軟的可愛床/散發著空氣的香氣/精心設計的空間/在那裡度過了最美好的夜晚/位置就在三越百貨公司附近/附近還有很多餐館/裝有自動取款機的銀行無處不在/工作人員非常友好和有禮貌/愛它/一定會再次入住/
B	簡陋的房子對我來說是一次很棒的體驗/因為人們很善良/服務也很棒/附近有3個購物中心和附近的火車站/這使它成為一個非常方便的酒店/床很柔軟/適合任何季節/視野也很好/因為你可以看到台北101和周圍的其他建築物/唯一的問題是無線網絡/有時候/wifi並沒有真正起作用/而且我無法訪問互聯網也很煩人/它說我已連接到互聯網/但當我也打開谷歌瀏覽器時/它無法連接/會再來這裡/整體而言/酒店很棒/
B	非常棒的婚禮場所/服務器/
B	一個很棒的酒店/很寬敞/步入式衣櫥/周圍有商店和餐館/在這裡住了兩次/服務質量仍然很好/
B	安靜的地方/服務很好/房間很大/床很舒服/
B	驚人的時間/全市最划算的交易之一/推薦給大家/
A	良好的位置/以訪問餐廳和商店/質量和服務不夠高/成本低/
B	喜歡這家酒店/位置便利/毗鄰商場和交通站點/房間佈局很好/
B	超級漂亮的酒店/安靜的客房/一個夢幻般的屋頂游泳池/享有台北101和天際線的美景/得到你可能需要的一切/
B	房間乾淨漂亮/浴室很大/位置很棒/靠近許多購物和餐飲場所/自助午餐很棒但價格昂貴/
A	要求閃電電纜給我的iPhone充電導致我的電話壞了/我簡直不敢相信答案是不是/怎麼來一家酒店收費250/USD每晚沒有iPhone的閃電線/這太荒謬了/P/S/今天早上醒來/試著製作咖啡機/它壞了/我永遠不會選擇這家酒店/
A	4天3夜101觀景台主席團豪華客房/工作人員在辦理登機手續時不友好/其餘的工作人員都很友好/位置優越/因為它位於石je浦站和101天文台站的步行範圍內/尤其是丁泰豐/蒂姆/豪安/Tim/Howan/琪琪/Kiki/餐廳/冰怪獸/瑪拉火鍋/Mara/Hot/Pot/101天文台/均可步行使用/位置最好/
B	房間很乾淨/每天都有很好的服務/有點令人失望的是游泳池無法使用/早餐除了濃縮咖啡外/什麼都沒有/
B	家政服務高效/周到/最令人印象深刻的是通過Lost/and/Found恢復了我的遺留項目/錯誤/謝謝/
A	有史以來最糟糕的早餐選擇之一/
B	從酒店房間查看/要求8樓以上的房間/否則你會繼續與露台上的人接觸/服務很好/房間很乾淨/
B	很棒的酒店/非常乾淨/漂亮/友好的工作人員/我在酒店最好的早餐之一/可以推薦給任何人/
B	牛排十分好吃/
B	乾淨的設施/台北101大樓/運輸和購物中心餐廳的視圖/推薦酒店/
B	在那裡待了好幾個月/這是家外的第二個家/服務和設施的細節是一流的/我期待著回來/
B	如果你去台灣/謙卑的房子很好/但早餐已經結束了/味道不多/外面吃的很好吃/各種各樣的設備齊全/角落套房的房間很好/
B	優秀的酒店/漂亮的房間/優越的地理位友好的員工/早餐很好/
B	超級酷的酒店/非常新/乾淨/它很貴/但觀點很棒/可愛的屋頂泳池/細心的員工/位置很好/沒有抱怨/
A	我們提供單點自助午餐/在自助餐上沒有那麼多的選擇/而半龍蝦則是烤過來的/它們會炸上菲力牛排的大小/然後用培根將其炸掉/
B	很美/
B	它位於城市/附近有許多購物中心/享有101塔樓景觀的房間更好/
B	很棒的夜景房/
B	一個不錯的酒店住宿和享受/餐廳很時尚雖然沒有嘗試/方便/
B	不錯的酒店/位置很棒/最好的是在室內用餐/我推薦linguini/
B	該酒店位於購物中心的中心/保持得很好/乾淨的房間/友善的服務/
B	泳池很美/
B	優質的服務/潔淨室/舒適的床/壯麗的景色/
B	新年前夜派對/美妙的食物和飲料整夜/值得努力/
B	舒適/照明可以改善/因為我喜歡它稍暗/
B	一個很棒的酒店/位置便利/附近有地鐵站和餐廳/美食廣場/
B	非常不錯的酒店/現代時尚/房間內的設施非常好/
B	好的/
B	早餐非常好/完美的位置/
B	它非常豪華/價格合理/技術非常高/非常酷/
B	非常高大尚/是談生意的好地方/
B	在台北101旁邊的台北運河區中間提供非常好的設施和服務/
B	cp值高/
B	這是非常好的價格工作人員友好和睡前舒適/
B	超棒/
A	普普/寒舍系列/但把它做的像三星旅宿/
B	大廳裡的空調太強了/冷凍/
B	良好的服務和衛生間都很乾淨/
B	優越的地理位置和工作人員非常友好也很有幫/
B	各種時令水果和穀類食品/
B	好吃的大理石流金包/
B	喜宴的菜好吃/
B	非常乾淨整潔的酒店/
B	Semi/buffet/蔬食非常多/
B	很棒/
B	值得/
B	喧囂的小型精品酒店/
B	信義心臟地帶的情況非常好/
B	友好而溫暖的感覺/
B	泳池美到不行/
B	舉辦研討會的好地方/
B	有史以來最好的隔離/
B	逛街很方便/
B	CP值超高/
B	位置好/服務好/
B	適合該地區的價值/
B	可以看到101也/
B	酒店很好/
B	非常漂亮/
B	非常漂亮的精品酒店/地理位置優越/就在台北購物天堂的中心地帶/步行即可到達許多高檔商店和餐館/靠近捷運和著名的101/
B	Lafaralla下午茶ok/
B	住宿的好地方/
B	View/很好/
B	很棒的早餐/
B	有一個很棒的經歷/
B	好/
B	好的/
B	牛排好吃/
B	好食物/
B	簡單/但很棒/
B	很棒的酒店/
B	好服務/
B	好的/
B	好的/
B	高cp值/
B	好的/
B	下班小聚/
B	高尚/
B	完美的/
B	很值得/
B	好餐館/
B	舒適的房間/
B	一般般/
A	雷/
B	不錯的酒店/
B	很棒的酒店/
B	位置/
B	高雅/
B	物超所值/
B	太好了/
B	位置好/
B	酒/店/
B	好美的地方/
B	新潮旅店/
B	好地方/
A	傻眼的地方/
B	位置/位置/位置/
