A	1800房型/含三餐/優點/員工積極願意幫房客解決問題/服務態度不錯/缺點/燈光昏暗/潮濕/陰暗/冷氣無法調溫度/房內有蟑螂/被子有污漬/設備老舊未更新/隔音差/有其他房客抽菸所以有煙味/儘管飯店多次廣播仍無用/廁所沒有很乾淨/窗戶面水泥牆/房內入口處無燈光/開門才會亮/總結/除非是有心理準備且看過1800房型/否則不輕易嘗試在這隔離/不然就是搞自己/有下過基地的/大概可以忍受兩天/建議/多花幾百元訂樓上有溫泉或工業風的新裝修房型/會讓隔離期間不管身心都好過很多/
B	/1500一晚包三餐及稅/這價格是台北防疫旅館來說算很便宜了/但踏入12月之後價格好像會調漲/
A	非常失望/或許是我們選擇比較平價的泡湯房間/但泡湯房真的很不值那個價格/一進去就超濃的煙味/感覺沒打掃乾淨/很不舒服/然後浴室的泡湯浴缸就是浴缸/比家裡的浴缸還舊的那種/設備都很老舊且髒/然後服務人員態度也不好/這個價格還是去別家吧/時間是去年或前年/
A	房間還可以/電視很多台都不清晰/溫泉飯店最重要的浴室卻是很小幾乎跟一般小套房的差不多/乾濕分離的隔間更是小到離譜身材壯碩的可能進不去/泡湯的感覺都不見了/
A	這輩子第一次訂飯店訂到沒有停車場的/跟櫃檯反應給了一張A4紙/上面有3/4家停車場資訊/不過真的不是很靠近飯店/好歹也該找附近的停車場配合一下/飯店門口的停車位居然是委外營運的真的是有點傻眼/每小時40元/算了一下/如果從下午三點進房到隔日中午十二點出場/共要繳費840元/另外一提我用trivago搜尋北投家庭房/選要有浴缸的房間/結果轉到Trip/com想說雅緻四人房應該是比較便宜的/所以就選擇比較貴600塊的/豪華四人房4355元/想說疫情關係沒早餐就算了/到場要入住前再次確認/跟我說我訂的房是沒浴缸的/整個人快暈了我/後來跟貴檯小姐表示/我帶小朋友就是要來泡湯的/沒浴缸沒停車位/我直接就想退訂了/結果小姐說你是從網站訂/所以無法退/但是可以免費幫我換到六人房/有浴缸但不是溫泉/我當下整個人都/了/後來他們討論後/決定讓我先參觀房間/再決定後續/最後我又另加價990元/去住了工業風的四人房/這間才有溫泉浴缸/整體來說服務人員服務態度很好/但飯店設施真的讓人很不開心/以這個價格/房價/停車費/差價/來說/我相信這附近一定有更好更新的選擇/一個美好的週末就在找車位及跟櫃檯小姐理論到一肚子火/中度過了/
A	首先一定要來抱怨一下/飯店前空地停車不知從何時改由USPACE/經營/必須下載app綁定信用卡弄東弄西才能停/非常不便/再來當天是經由GOMAJI/購買將進快500湯卷/泡的是白磺湯屋/空間是很大沒錯/但湯池確出奇的小/小就算了/深度又很淺/是泡腳池嗎/然後擠在池內望向池外一大片空地/心中不禁會想/設計湯屋的人到底在想什麼/設施也不夠貼心/牆壁上掛衣物的掛勾只有一隻/上一次去是泡工業風有床的湯房覺得還不錯/這一次真的讓我大吃一驚/停車便利度沒有/湯池舒適度沒有/唯一可以稱讚的應該就是服務態度了/我想以後應該不會再去消費了
A	服務非常好/櫃台親切/有禮/很有老派飯店的風範/當我們反應他們無法改善的問題/濕氣太重/仍給予問候和積極的處理態度/所有的星星都是給服務的ww/但是/還是建議飯店方可以備個除濕機/房間內的燈光可以亮一點/另外停車場可以大方一點嗎/至少應該有個每日上限吧/客人有錢但不能因為這樣就把客人當凱子吧/其實想說如果整體設備能夠翻新就好了/話很多
B	很不錯/環境舒適/外面有溪流綠樹
A	唉/如果是來泡幾小時的湯屋的可能還可以/但如果是住宿真的不推/那大的飯店竟然沒有停車場/找停車場都是一小時30/40元而且很多無上限/住宿外面停車花了300元/從停車場走上來也要走10/15分鐘左右/住宿的房間/燈壞了沒修/櫃子破了也沒修/泡湯的部分/就只有湯屋跟裸湯的選擇/裸湯也小小的/設計也不太優/蠻簡陋的/值得推薦是服務不錯/往上走一下下就是景點地熱谷跟圖書館
A	湯屋池子非常的小且淺/站立水深只到膝蓋下方/只適合大約160cm/1人使用/也不適合太高大太胖的/或許才可以泡到全身/放已消毒籃內的梳子/梳齒居然卡白白的/還是自備吧/
A	溫泉4人家庭房/1/住宿沒有停車位/連付費的車位也沒有/這還第一次遇到/2/進房間就聞到霉味/3/電視畫面訊號差/4/房間手機訊號收不到/要連飯店WIFI居然也不行/和飯店反映後還是一樣無解/5/房間的大床/沒有加大就算了/居然是小一號的雙人床/6/房間隔音效果極差/隔壁講話聲音居然聽得一清二楚/7/地板是舖毛毯但灰塵很多/8/淋浴間除了小以外/拉門也壞了/若要住宿不推薦/費用和品質不等值
B	停車場要另外付費有點小扣分/整體CP值算高/飯店外觀雖然不新/有點古早味/像那種畢業旅行會帶一大票學生去住的/但是內裝有翻新/有種工業風/隔音不太好/能聽到別間房講話的聲音/
A	分配到3017房/浴室的抽風機非常大聲/會惱人的那種/燈跟抽風機開關一起/關掉抽風機等於燈也沒了/隔音也非常不好/隔壁間打掃時非常大聲講話都聽得到/希望可以改進
A	CP值超低/可樂旅遊訂住宿/到現場才知道停車場要收費/一堆操作就算了/停了一天就要付700多塊/飯店設備算老舊/電視畫質也差/泡湯還要另外收費/350元起跳/早餐吃的是成本約100內的麵包餐盒/就算服務人員說官網有說明/但是可樂旅遊上沒特別註明/所以這趟旅遊覺得超不值的/尤其是停車場這部份超不能接受的/住宿又不是休息/不可能再來這了/
A	休息2小時/溫泉出水口有很重的鐵鏽味/要退房時一走出房門看到8人左右就站在外面/心裡覺得有點毛毛的/
B	使用購物券來泡湯的/飯店內部整體寬敞舒適/服務人員態度也不錯/泡湯室空間非常大/但是/泡湯池略小/希望空間能夠多利用會更好/
A	溫泉池很小大約容納10人就是極限了/房間內裝老舊/好處是房間還滿大的/價格跟附近比算是很便宜/
A	溫泉老飯店/餐廳沒營業/白磺泉很純/只有大眾裸湯/池不大但可以泡得很舒服/溫度有42度/房間很老式/裝潢暗暗的/床是硬床/感謝升等兩張普通雙人床/不然兩大一小擠兩張單人床應該會很難睡/房間是淋浴室不能泡湯/
A	進來飯店才發現停車位要錢/住這麼多飯店沒遇到停車位一小時收40元/而不是沒位子/進來房間霉味超級重/泡湯只能到大眾池帶兩個小孩媽媽不能帶小孩但爸爸可以/因為兩個都是男生/小孩還小爸爸無法帶兩個好放棄/泡湯也只有早上10/00點才開/早上行程等泡湯就好了啊/網路飯店都沒寫清楚
A	住8樓隔音非常非常的差/隔了很多間的房客10點開始吵鬧聊天大笑聲/聽得非常清楚/多次致電櫃檯但是他們依然安靜一下又大聲聊天/煎熬到半夜3點才安靜下來/房間門很鬆沒辦法緊密閉合/走廊有人說話路過聲響都很清楚/電視老舊多台模糊/床墊偏硬/大致上算乾淨部分設備老舊/吹風機的內部鐵部分都是生鏽的/雖然想給一顆星/但服務生品質還可以/只能說我們比較倒楣遇到水準非常差勁的旅客喋喋不休/
A	打掃人員很客氣/櫃檯人員也不錯/但沒早餐/沒浴缸/沒停車位/房內沒張椅子沒個小櫃檯/三單人床一晚3400/cp值超低
A	大眾池溫泉很乾淨整潔/讓人很放鬆/但房間隔音略差/半夜聽得到隔壁房客說話聲/還是應該說隔壁房客太沒水準/
A	當晚入住/櫃台卻告知飯店不提供停車位/超扯/ㄧ間這麼大的飯店/竟然連個供住宿者停車的車位都沒有/算是開眼界了/房型普通/沒有讓人驚豔的感覺/質感也不算好/舒適度類似一般旅社/CP值不高/不推/
B	外觀看起來是舊旅館/但實際內裝有重新裝潢/跟外表不一樣/裡面的雙人大床房淋浴間偏小/但浴池可以容納下雙人沒問題/硫磺溫泉味道也不會過於刺鼻/床很舒服/枕頭軟硬適中/躺下去完全可以深深沉睡起不來
B	入住雅緻雙人房/房內無湯池/價格算是附近便宜/房間也整潔乾淨/飯店服務人員親切/但是大眾湯有點簡陋/只有一池無其他設施/也無飲水機/甚至想上廁所還需著衣出去才有/另外停車位過少/周圍停車場停到隔日中午會超過500元以上/這大概算是新北投的問題/綜合以上回訪機率不高/
B	FB/IG/YouTube/安迪珍珍說走就走/這裡的湯屋蠻大的/也有大眾男湯/女湯/池子深度大約7/80公分上下/長度比較長/所以170公分還是可以躺下去的
A	泡湯空間算大/但浴缸好小又淺/寬度約90cm/長度約130/140cm/深度約40cm/加浴缸內又作了一個階梯/ㄧ個人泡湯都嫌腳伸展不了/更何況兩人泡湯/
A	大大的兩大雙人床房型/只賣休息不賣住宿/房內設計偏向工業風/如果以3/4人的小家庭來說/要一同享受天倫之樂的話/這樣的浴缸稍嫌擁擠/浴室雖採用乾濕分離/但空間略微擁擠/不適合親子共浴/溫泉水源需要另外開啟/與一般熱水是不同管線/房內/走廊隔音較差/門口有少見的輪椅升降梯/值得嘉獎/是少見落實友善空間的旅宿業者/店門外還有電動車電池站/綜合評估/整體算能接受的/雖然不是大推的清單/但也不妨列入北投溫泉之旅的參考清單之一/
B	CP值超高價格優惠但房間數多/工業風房間風格/三樓岩湯溫泉水量大/雖然有隔音差等問題/仍值得推薦/
A	地下室白磺泡湯屋裝潢有些老舊/雖然是室內卻是戶外地板形式/屋樑有明顯裂痕/雖有隔間卻能聞到其他湯屋傳來的香煙味/溫泉還是不錯的/非假日泡湯人稀少/
B	水壓很強水溫很熱/房間很乾淨/服務人員很親切/房務阿姨很可愛/因為我帶小孩/房務阿姨小聲的跟我說/這個給小孩看到不好/我幫妳收起來/低頭看/阿姨說的是小套套/推薦大家可以來泡湯/
A	17life的券去了兩次/限制一堆不給用/願意補差價也不給/不過謝謝您們給鄰近溫泉飯店多帶來業績/也少了可能的忠實顧客/老飯店管理階層腦子也老/不如不要跟團購業者做活動還不會反效果咧/
B	雖然硬體有些老舊/不影響它的功能/設施/溫泉湯屋屬簡易型/提供礦泉水/大小浴巾等/浴乳洗髮精/吹風機/紙巾一應俱全/
A	使用17Life休息方案假日需加價300元/門口也沒有免費的停車場/一個小時40元/房間住起來沒有什麼大問題/要洗澡發現沐浴乳盒是見底的/擠不出來/去向樓層管理員反應/他直接拿一罐他們在補充的沐浴乳給我/睡覺過程中可以清楚聽到周遭房間的聲音/還有打掃人員談話的聲音/隔音沒有很好/整體覺得不值這麼高的價格/員工態度良好/房間乾淨舒適/隔音不好/
B	飯店離捷運站走路約10分鐘/服務人員親切/房間乾淨/泡湯池和衛浴都保持清潔/溫泉水量熱度足夠/泡湯休息時間有2/5小時很足夠/泡完後通體舒暢所有壓力疲憊都一掃而空
A	溫泉完全不熱/天氣冷像在泡冷泉/連洗澡蓮蓬頭出的水都是涼的/天氣已經夠冷了/還花大錢來這泡冷泉/洗冷水澡/根本找罪受/隔音還超爛/隔壁房間的電話鈴聲都聽得到/隔壁房講的話一清二楚一字不漏的傳入我耳朵裡
B	溫旅岩湯雙人房/工業風格裝潢/簡約岩湯浴池/泡湯時可看到電視/但是聲音要自行腦補/過濾處理的純淨白磺泉/速熱的高溫自來熱水/基本盥洗用具/p牌吹風機與冰箱都有/飯店另有純旅宿房型/入住後可去大眾池免費泡湯/
B	昨天第一次去/覺得CP值不錯/2人2小時湯屋900元/淡旺季不同/平日假日不同/我們的價格僅供參考/整體建物不是太新/但打掃算很乾淨/服務人員/尤其是我們湯屋所在的三樓櫃檯阿姨們/很熱情/有熱誠/非常感謝/客房舒適寬敞/基本備品都有/床頭鎢絲燈很有fu/隔音效果普普/一直聽到隔壁小朋友嬉鬧聲XD但一般談話是聽不到的/好像只有住宿的客人才有供早餐的樣子/和之前去過陽明山上的溫泉不同/那邊是營業時間都有供餐/飯店停車位少/就門口那10來個車位/我們停在車站附近計時停車場/走過去約10分鐘/也算方便/
A	招待很親切/還幫我們免費升等/地下大眾湯池空間略小且悶/建議/以改善通風/
B	老店新裝/可惜外面的停車場外包給其他業者/非常不划算/折扣碼一個帳號只能用一次
B	泡湯環境乾淨/但/缺點只有一池/沒供應吹風機/飲水機社備/相同的收費/等及的泡湯/設備略嫌不足
B	各人覺得除了感覺不是新飯店之外/價格及環境以這地區比較起來/算是cp值高的了/所以本人覺得可以住/只是因為疫情的關係/沒有開放餐廳/這樣也好/避免交叉感染也是飯店該有的防範/給4/5顆星
B	今天用gomaji餐券來這邊泡湯屋/溫泉水很大管/一下就滿了/湯屋環境也很大/很舒服/適合情侶來這邊洗洗搓搓/
B	老飯店溫泉大眾池很久沒去了/服務人員服務熱忱/只是以300元的價格/不具吸引力
A	這麼大一棟飯店沒有停車場/好歹也該找附近的停車場配合/等待的過程還聽到櫃檯小姐跟別組客人說/下次請先找好車位再來checkin/不然會被取消保留/個人是覺得有點不負責任/下次我也不會來/
B	湯屋在地下室/空調設備可以再加強一下/靠一支風扇有點勉強/溫泉水流量很大/冷水太小/環境尚可/小地方在加強一下/算是cp質滿高的/
A	飯店老舊/需多住宿設施也是老舊/跟七至八年前來住/差異很大/不建議推薦/唯一不錯應該是泡湯吧/
B	這個價錢算對得起客人了/浴缸稍微小一點/但算很完整/工業化的浴缸/
B	地理所在位置/周遭環境優美/有別於一般的Hotel/這裡還能泡湯/在北部/價位算是平價/尤其是早餐/佔地寛敞/菜色中西羅列/非常豐富/還有專責吧臺廚師為您現點現煎/不限時吃到飽/更顯物超所值/值回票價/不虛此行/晚間可以在附近夜遊/散步/到處走走尋幽訪勝/白天一早享用豐盛的早餐後/就可以放鬆心情/好好解放自己/覽勝北投/大台北山水名勝風景/
A	花了2700在假日算便宜/所以老舊是在預料中的/房間大概就是20年以上的老裝潢/我保守了/可能30年喔/一進浴室洗手台就有頭髮真傻眼/更傻眼的是電視不是黑白就是分割沒一台能看/是在開玩笑嗎/連電視都復古/這一顆星是給大眾池的/泡起來還算舒服/
B	浴池大小剛好/夠伸展又不危險/浴池和浴室都不滑/很安全/床很舒適/環境安靜又清潔/工作人員態度和善熱心/非常值得推薦/
B	還不錯/雖是老飯店/乾淨/只是浴室泡湯小了點/其它都ok
A	湯屋空間大明明空間夠浴缸卻很小/兩個人泡很擁擠/建議湯屋內多些備品/如衛生紙/掛勾等/
B	雖然不是新飯店房間有重新裝潢過/地理位子很好/窗外看出去是北投公園/可看見綠樹/早上起來可散步/服務人員很親切/停車也很方便/房間乾淨床很好睡/有提供住宿客免費男湯和女湯池也乾淨/因為防疫期間早餐給的餐盒好吃份量超多/是一家CP值很高的飯店
B	在蝦皮上購買了泡湯卷內容是８５０元２/５小時/平日用跟假日用都是２/５Ｈ但是如果是假日去的話要/３００元/剛好平日有空去泡湯就選擇了平日去/首先我打電話問可不可以訂房/客服人員很有禮貌且熱心的跟我說沒辦法訂房間/但是目前剩下兩間要的話要快唷/到了現場已後/櫃台人員一樣是說剩下兩間/且因為我女友先進去要泡湯/櫃台人員再三確認另外一位朋友在哪呢/因為泡湯不能１個人/覺得這點做有在座也有再把關/進入房間內是個裝潢過的房間/雖然小小但是不會讓人覺的壓迫/天花板也滿高/溫泉一打開味道真的很濃/池子兩人可以/如果有帶小孩來泡也夠在塞兩隻小隻的
B	情人節跟伴侶一起住了一晚/溫旅岩湯雙人/是非常棒的體驗/1/櫃檯態度佳/可以先置放行李/我們使用gomaji的兌換券/所以8點後才能check/in/2/房間又乾淨又美/工業風設計/整體色調是暖系深色/給人沈穩的感覺/3/浴室乾濕分離/溫泉浴缸大小適中/兩隻瘦皮猴可以完全泡進去/男生身高高的例外/4/備品充足/連ㄅㄒㄊ都有/真周到/缺點有兩個/1/隔音差/隔壁講話可以聽得一清二楚/2/房間內有腳臭味/整體而言是CP值爆表的情侶約會好選擇/用gomaji更便宜哈哈哈/但不含早餐/
A	價格划算但池子實在太小了/沒辦法兩個人一起泡/而且池子是小石子材質/屁股超痛/
A	設備老舊/房間霉味令人胸悶不舒服/想打開窗戶通風/窗戶軌道早已腐蝕/不好開/早餐真的不用太期待/唯一幸運的是/到達飯店時/僅剩最後一個停車位/真不敢想像/如果沒有那個停車位/我們要去哪找車位/附近都是紅線/根本一位難求/服務態度還算OK/
A	服務態度非常差/房務人員做錯事/處理態度也是草草了事/永遠不會再去住/也絕對不推薦親朋好友去住/有夠雷有夠誇張/好好的旅行/想說要泡溫泉來放鬆舒適心情/結果飯店人員給錯房卡/莫名其妙被其他房客打擾開門進房間/真的很瞎/莫名被看光光了/真的感覺很差很生氣/事後飯店/草草了事只回應一句對不起/一晚花3300真的超不值得/建議如果要住有品質安全性隱私性夠高的飯店/還是選擇別家吧/還有出門在外單獨旅行的女性朋友們更要小心/自身安危/好好選擇/反正/我永遠不會在過去住/這樣誇張服務態度超差的飯店/餐點也不好吃/根本受一肚子氣/那還有心情旅遊/
A	房間很小/隔音有夠差隔壁講話都聽的到/因為訂四人房跟周邊飯店比確實是比較便宜/只能說不要太期待/
B	飯店工業風很有質感/尤其是牆上的花磚超美/溫泉品質也很棒/內裝很漂亮/然後意外發現合作的停車業者/uspace/在台北有很多據點/還可以預約車位很方便/而且是以分計價/滿便宜的/讚讚/櫃檯服務人員非常專業有禮貌/值得再訪/
B	下載FunNow/APP訂房享899元泡溫泉加雙人大床/輸入優惠碼5U76F2D/再享有100塊優惠物超所值/
B	從新北投捷運/走路5分鐘就到/雙人湯屋/1小時/600元/可以消除疲勞/20210217
A	老店了/隔音設備有一點不好/但最重要的是因為團客素質的原因/特別是在最近選舉期間沒有什麼陸客/熱海飯店還是充滿了陸客/有些吵/跟台灣團的大嬸/有得比/早餐時光就會覺得很好玩/勁爆/飯店結構不可能拆掉重新蓋/就這樣吧/服務人員態度認真親切/但總覺得還是有那麼一點兒老店的姿態/愛理不理/愛搭不搭的/整體是可以接受也沒有什麼不好/反之想起來熱海大飯店/能生存那麼久/當然可以覺得/也是可以嬌敖一下的啦/希望下次可以再度光臨/
A	環境乾淨/住宿泡湯和湯屋不便宜/假日不能折價卷/飯店本身沒有車位/要自己付費停車/算下來很不划算
B	大眾湯比較小/因為不是露天的空氣不流通無法泡久/熱水很熱很舒服/水質很不錯
B	房間很乾淨/很愉快的泡湯享受/如果電視頻道的選擇性及畫質能更好/就完美了
B	外部雖有歲月痕跡/但房間內有整理過/簡單工業風格/泉質不錯/床夠硬不會過軟/
B	臺北市北投區溫泉路上頗富盛名的一間大飯店/住宿/休息/用餐及泡湯/樣樣俱全/消費屬中等價位/團體訂房住宿踴躍/可搭乘捷運/鄰近新北投捷運站下車步行只需5/10分鐘/汽機車可停放/也可騎乘自行車ubike/交通十分便利/附近有多處知名景點可參觀遊覽/是寒暑假及假日休閒度假的好去處/
A	非假日已經提前入住/結果沒停車位/還誤導收費停車場價格/多支出了/510停車費用/住過其它家還會有配合的停車場或者補貼停車費用/這家完全冷眼對待/飯店老舊/空調/冰箱噪音低頻共振聲音大/難以入眠/清潔不確實/浴室還有毛髮/冰箱還有上個客人開過的礦泉水/建議不用考慮這家/
B	撇開設備比較古老之外/它的溫泉水是值得一去再去泡地/
B	飯店服務人員非常熱情/環境也很舒服/值得推薦/櫃檯人員還主動提醒安心旅遊/非常貼心/房間泡湯很贊喔/
A	其實沒有想像中那麼好/可是還可以/停車要等車位不給預約/如果真的要停飯店門口/建議等個二十分鐘就有了/
A	一樓前台店員一直邊工作邊聊天感覺不是很專業/態度也沒有很好/一副愛來不來隨便的感覺/房間設備老舊/不過很乾淨/浴室弄得很舒服/溫泉水很棒/想找便宜泡湯還是可以去的
B	昔日/走唱/以手風琴/女歌手唱曰文/台語懷念歌曲/酒家菜/蒜蓉/螺肉/魷魚/等有年輕貌美的女性陪酒及性愛/陪宿風靡一段/觀光業/鼎盛年代/現還保有台式料理美食/吸引中/老人年的/眷顧
A	當初看到訂房網才2000初頭就訂了/結果竟然是沒有溫泉水的房間/只是一般水/當然也沒有湯池/只有小小白色浴缸/建議官網或是訂房網要標示清楚/
A	還可以/但感覺好舊了/年輕人不會喜歡來/希望個人溫泉區空間可以裝潢改裝一下
A	給餐盒就算了/全是麵包是什麼意思/這根本不是防疫是costdown吧/你幫我們買麥當當的早餐我都不會這麼生氣/
A	疫情影響關係/已經改住宿/沒有提供自助式早餐/給餐盒而已/泡大眾池服務人員態度需要加強
A	FB問早餐吃到飽是165/平日來看菜後沒吃口味不評價/只有炒麵跟鮪魚配而已其他冷配菜擺整排佔位置/跟國軍130四熱炒有差/服務人員都蠻親切的/
A	本次經驗/消費4500房型/房間算乾淨/但是/沒有溫泉房/且大衆池還有限定使用時間/停車位又少/太晚過去停車還要我們自己想辦法/床墊蠻硬的/早餐不優/綜合以上/請三思
A	岩湯套房需1800才能入住/不過房內有接溫泉可以不用去大眾池泡/可惜隔音有點差/但是冷氣非常冷/超級喜歡/
A	先說櫃臺和服務人員都很有熱忱和笑容/但是以老飯店的湯屋標準來說/應該是多年未變了/雙人湯屋空間設計還有很大的改善空間/以下是我很有意見的地方/1/網頁資訊不足/湯屋有提供毛巾/雖然我不用/和礦泉水/但是網頁沒有說明/2/溫泉池也太小/湯屋的空間很大/對比之下不見大氣/3/湯屋內躺椅/我還是沒用/的位置和蓮蓬頭是同一側/應該調整方向避免衣物或是躺椅本身被噴濕吧/4/立益良善提供的洗髮精和沐浴乳/品質應該可以更好/至少不要刺鼻/對了/我只是花了399去泡湯1個小時/以上算我多嘴吧/
A	冷氣很冷/大眾送風很強/但還是有點悶/沒免費停車位需下載app付費停車
A	我們並不是第一次到此消費/過去消費的經驗也還算可以/但今天過後/我們決定將不再到此消費/除了一樓的服務人員態度極差外/對於客人的需求及反應的問題也完全置之不理/一種反正錢收了要住不住隨便你的態度/真的很誇張/還有/以前退房會給發票/這次消費竟然都沒有發票/真的很奇怪耶/
B	雖然是老飯店/但是裡面處處充滿美好的驚喜啊/各種不同風格的空間真棒/我愛有紅磚的那間
B	假日湯屋1200/房間工業風/小巧可以/CP值高/溫泉水質為硫磺味
A	早餐怎麼這麼難吃/放重覆的食物要做啥/四人的房型太小太老舊/睡覺聽到廁所的水管聲/
A	房間空間超大/但是泡湯很小/空氣又不流通/開溫泉整個浴室都是超重硫磺味/必須開門讓它流水/等味道飄散再進去泡/相對於上次去的漾館差太多了/
A	環境設備老舊/湯屋擺設不當淋浴躺椅就濕了/湯屋內沒有置物空間/原價700元/使用團購優惠價499/都還是覺得cp值超低
B	飯店內設施還不錯/分有溫泉或沒溫泉池的房間/但有大眾池可以泡/早餐也蠻多樣化的/重點是價格公道/
A	4500的房價住宿品質不如2000的/房間小隔音超極差/隔壁開櫃子/廁所水聲都聽得到超誇張/浴室水速小/沖水要沖好幾次/早餐就不用太期待/飲料可爾必思像白開水/菜色少/醬菜類有罐頭味/既是溫泉飯店/男女分湯還是裸湯/不能接受者就要甚選囉/
B	過年期間和家人來泡/價格不貴/吃飽飯沿著光明路一路往上約10/15分鐘/剛好飯後散步/湯屋在地下室/服務人員親切/湯屋內也有附沐浴/洗髮乳/毛巾及礦泉水/室內空間頗大/浴池適中/燈光昏暗適合放空/有機會會在造訪
A	客服親切/加分/無停車場嚴重扣分/傳統飯店/設施偏舊/乾凈衛生/
A	地點佳/可以順著新北投公園/圖書館與溫泉博物館/會所等景點遊覽後再入住/觀光動線順暢/服務人員服務態度好/公共區域乾淨/是優點/但隔音非常差/可以清楚聽到隔壁房間聊天的聲音/及小孩嬉鬧的聲音/溫泉浴缸放水時/床頭板會些微震動/房間也偏小/下次至北投遊覽/不會再考慮入住/
A	老字號的溫泉飯店/雖然設備較老舊/但泉質感覺較純/價格上也比較實惠些
B	很不錯/室內空間大/還可以用gomaji/買泡湯券會比較便宜
A	房間內有泡湯浴池/適合情侶出遊/但是房間隔音差/各種噪音/隔壁洗澡聲關門聲/小冰箱運轉聲/走廊說話聲/窗外汽車聲種種/電視的電源亮燈也難入眠/但熱海服務態度佳
A	可能也經營很久了/因此湯屋設施較舊也較小/冷熱要自己調整/冷水和溫泉位置是分開的/要用勺子接水到溫泉/如果有水管就好了/調整完時間也已經過一半了/但也不是大問題/因為它們溫泉超燙/燙到可以煮人肉的感覺/所以也泡不久/飯店人員入湯前也會提醒很燙/所以要泡的人千萬記得不要直接用手試溫/會燙到/
A	B1泡湯間不算小/但池子非常小/兩人都很擠/又很淺/整間給人很密閉的感覺/裡面沒有訊號
A	照片把湯屋拍的很大/事實上就是一般的正方形浴室/不建議純粹想泡湯的人來/就是在飯店休息2個小時泡浴室的浴缸那樣/還是應該去真的湯屋/
A	入住時並未提醒房型不含早餐/只告知吃早餐時只要報房號就可以了/早上進餐廳時/服務人員也未提醒就直接讓我們入座/一直到我們盛完準備進食時/才前來告知要額外收費/好心情被破壞/不過溫泉和房間的部分是不錯的/
B	時常在舊台語片見到熱海溫泉飯店/多年前曾路過/這次住宿一晚/夜間風情不同凡響/可以沉澱一下城市的繁囂/平心靜氣的享受/配上/溫泉鄉的吉他/老歌/在時空背景發揮想像力/
A	一顆星都不想給/官網寫是湯屋/結果訂房入住卻被告知房內沒有溫泉/泡溫泉要去大眾池/官網跟一些訂房網站也都是一樣沒有明確表示/本來訂房要好好泡湯/結果是大眾池/而且入住已經超過時間了/為什麼要花錢住沒有溫泉的溫泉旅館/有欺騙消費者的感覺/不會再來
A	從外觀與大廳的設計可以看出飯店有些年紀/然而進入房間後可以看出才重新裝修不久/採工業風的設計/房間還算清潔/以溫泉飯店房間與浴室的比例分配來說/浴室的坪數過小/淋浴間與溫泉浴池都稍嫌擁擠/溫泉的溫度適中偏低/硫磺味道算淡/櫃台接待人員與樓層清潔人員的服務態度都很不錯/
B	泡湯休息還不錯/櫃檯人員親切/但浴室有點黏可能要再刷一下
A	這是泡湯含床的房型/工業風/浴池塞兩個大人剛好/進門有腳臭味/冷氣打開/放溫泉水時/房間就會被溫泉水的味道蓋過/使用gomaji的平日白天優惠券會多半小時/總共2/5小時可泡湯休息/時間很充裕/下載gomaji/app/輸入邀請碼UHX9A/您可以賺120元哦/飯店還有湯屋跟一般住房的服務/
A	偌大的熱海有11層的上百間房間/車位居然只有十幾個/還要我們停路邊或者去付費停車/光停車費就500多/4500的房價住宿品質真的不如2000的/房間隔音超級差就算了/居然還聞的到不知道哪來的超級重煙味/早餐就不用太期待/菜色真的很少/
A	不是很新的飯店/但這樣人比較少/湯屋在地下室/兩人湯池空間稍小/服務還不錯
B	下載Gomaji/app後/到/我的/賺取優惠/請輸入邀請碼4BW7C/立刻賺120點/購買/600以上商品/立刻折抵/120元/最高折抵20/輸入邀請碼後30天內就要用掉點數以免過期可惜喔/2018/10/早餐豆漿不錯喝/香醇濃郁/可惜餐點缺乏多樣性/建議加強改善/2016/10/重新裝潢後更具競爭力與特色風格設計/能增加客人前來光顧的意願/也比較可以吸引年輕族群/飯店使用真正的溫泉水/在寒冷的冬天泡著暖呼呼的溫泉真是人生一大享受/身體瞬間暖和起來/手腳不再冰冷/有益身心健康/
B	翻新過的熱海還不錯/泡湯的cp值算高/白磺泉味道滿重/泡完很舒服/一樓大廳服務人員很OK/但樓層的服務人員卻一直在聊天/給客人感覺會不太專業/
A	一間擁有長久歷史的溫泉飯店/內部裝潢改裝後可以顯現其新的生命力/唯獨隔音極差/早餐吧部分也不甚理想及房間音樂可聞到霉味/但是人員優質服務與態度其實挽回了不少分數/感謝您們當天的服務/謝謝/
A	房間打掃的很乾淨/但因為房間太舊了/顯的都髒髒的/可能是過年期間停車位完全不夠/只能停到公有停車場/光停車費就花了405/早餐也很復古
A	房間很乾淨很舒適/但隔音不好/只適合來泡湯不適合住宿/
B	當天因為天氣變冷很想泡湯/看到GOMAJI/APP剛好有優惠券很便宜/查了一下評價/最後選定了熱海飯店/搭捷運到新北投捷運站後走路約7/8分鐘即可走到/不用擔心要走很久/一路上很多速食店可以買/也有傳統麵攤跟星巴克/第一眼看到外觀的確是有點老舊/不過房間是重新整修的工業風房/很乾淨/溫泉水也放大/大概10/15分鐘就可以放滿了/還算滿意/最重要的是使用GOMAJI買券後還可以用Linepay結帳時點數現折/最後再輸入優惠碼/VEWBR/還可以再折120元/我泡了2/5小時的湯屋折完後才600元/實在有點划算/推薦給大家/
A	選擇/白磺湯屋的泡湯券/實際到現場去看湯屋裡面泡湯的地方小的可憐/兩個人一起泡的時候超擠/不是很舒服/又沒有窗戶/整體體驗不是很好/要考慮
B	這次去時休息泡湯/房間乾淨整齊/湯池也很棒/這次拿到的房間很寬敞還有一個小客廳可以休息不錯/
B	雖然房間有點小/但很乾淨/舒適/大眾湯很棒/
A	這次參加公司團體旅遊/ㄧ進到房間就可以有感受到黴味/地毯也感覺的不是很乾淨/我太太在睡覺就ㄧ直過敏/不過價格不算高/如果在意房價比在意房間/來也可以泡湯/是可考慮/不過要選已有改裝過的3樓房間
B	客房算乾淨舒適/今天購買的是/699的一張大床客房溫泉/櫃檯小姐免費幫我升級兩張大床的房間/整體來說廁所不算大溫泉是用泉水單一管線/冷熱水稀釋/溫泉池不大但也夠進去兩個人/其餘房內附的東西都很齊全/整體來說今天的消費CP值頗高會再次消費/P/S/飯店車位不多沒位置的話要停到捷運站附近停車場/
B	第一次30幾年前的畢旅就是來這裡/這一次來到這裡已經重新裝潢/三樓房間的浴室還是溫泉直送/蠻不錯/只是空調為中央空調只分1/2/3段/打電話詢問櫃台/櫃台服務人員很親切了抱歉/覺得蠻好的/
B	在網路上買的2/5小時票券入埸/我是禮拜五中午去的/沒有排隊/前台小姐態度也非常和藹可親/並沒有遇到其他人評論中的態度不好/房間不小/床是兩米的/環境乾淨/湯池兩個人一齊泡有點兒小/要將就位置/水很快就放滿/有硫磺味/房間有提供礦泉水和茶包咖啡包/我分配到的是3樓所以感官不錯/
B	新北投溫泉飯店中算是老店了/設備雖然比較老舊/但是卻很乾淨/每年冬天都一定會來泡湯/湯屋到了假日一定要先來排隊/不然根本沒辦法排到/服務人員態度也非常客氣有禮/很值得推薦的好地方/
A	價位可接受/隔音較差/隔壁電話與電視聲都聽得到/浴缸較小/二個人一起泡還ok/溫泉不錯
A	泡湯湯/浴室裡面小小的/風格為工業風/疑似剛退房/直接讓我們近/因為直接打電話問房務人員是否可進/港覺床單沒換/僅拉平/床上還有非常/長的頭髮在床單上面/約為30/40cm/覺得不舒服/2/5h泡湯套房/Ps/本人頭髮極短/
B	房間乾淨/wifi/有線電視設備齊全/提供大眾泡湯池及湯屋選擇/是好的渡假飯店
A	飯店老舊就算了/還說自己的飯店是三顆星/連廁所的抽風機都沒有/還叫我們把冷氣開大一點這樣通風就比較好了外面的天氣12度冷氣要開多強
A	溫泉是真的/很舒服/房間裝修過/沒有老舊感/但/店員一聽到我們要用卷/就故意說比較大的雙人溫泉房客滿/讓我們去比較小的四人房泡湯/沐浴間很小/浴池也不大/打掃阿桑蠻親切就是了/
B	湯房兩小時/900/體驗到的是工業風的房型/浴缸跟房間中間是用透明的玻璃帷幕/適合情侶/溫泉水與冷熱水出水口不同/需特別注意/溫泉出水口與排水孔接近/讓人有種溫泉一放出來就被流掉的感覺/浴缸底部呈規則傾斜/應該是要讓人可以躺著舒適/但頭部缺乏倚靠處/房內設施充足/飲用水有4瓶/湯屋頗大但池子不大也不夠深/地點在地下一樓/沒景色/但溫泉品質很好/泡湯時間也算頗充足/湯屋有躺椅供休息/
B	每次來北投泡溫泉都選擇這間/899元2/5小時在這條街cp值最高/其他間這個條件都是1000元起跳/房間設計採取工業風/床很大很舒服/很適合泡玩湯後躺著休息/浴缸不會太小/兩個成年人剛好
A	使用溫泉券要排隊就算了/也不願意留下客人電話通知/房間完全密閉是不怕有客人暈倒嗎/且竟然連最基本的乾濕分離都沒有/浴缸很小/兩個人泡有點擠/且注水速度超/級/慢/只有一個蓮蓬頭/洗澡時無法給浴缸注水/洗完澡後再把浴缸注滿水一個小時就過去了/泡不了多久/雖然超時一點點不會趕人/但/完全不推薦/根本是地雷/
B	沒有菸味/住起來還算滿意/服務人員都很熱心/雖然是硬硬的床/硬硬的枕頭/剛開始躺很不舒服/但其實對身體的肌肉很放鬆好睡
B	位於溫泉區/附近都是溫泉飯店/離地熱谷也不遠/要留意地熱谷禮拜一沒開喔/有跟夠麻吉配合/湯屋價格合理/是個老飯店/湯屋空間滿大/通風不錯/不會悶/溫泉硫磺味很重/是白磺泉/服務人員態度不錯/尤其湯屋阿姨很親切/是個不錯的體驗/去北投一定要泡個溫泉啦/
A	應該是有五十年的老飯店了是/設備不會很新穎/價位合理/門口有少數停車位/若不想花大錢去風呂會館/這裡泡湯/休息及住宿/都蠻適合/
B	外觀看起來是翻修過的大飯店/房間內的風格更是讓我驚艷/我不知道是否所有房間的風格都一樣/我們這次入住是在3樓的房間/房間內的風格是工業風真的很有感覺連電話都是復古風/可能我是從事施工工作的所以對這風格很是喜歡/房間乾乾淨淨/簡簡單單/很有休閒放鬆的fu/推薦用gomaji的泡湯卷/有興趣的話我的推薦碼LHS5Q
A	房間偏小/有點年代/不是每間房都有溫泉/10個左右的車位完全不夠停/遇到喜宴更慘/停附近停車塔一天下來又多噴了五六百/除非運氣好找到計次收費格/櫃臺不會跟你說有計次的/早餐菜色不多/吃粗飽的/旁邊就是北投公園/捷運站也只要幾分鐘路程/房務人員很讚/有什麼需求都會盡量幫忙/
A	溫泉很棒/但是因為陸客失了泡湯興致/他們把拖鞋拿進泡湯池/看了超傻眼/早餐餐廳食物掉滿地/工作人員來不及掃/房間床是舒適的/但是設備老舊/抽屜打開一股濃濃的霉味出來/
B	雖然是老飯店/但有重新裝璜過/房間設計很新潁/這次休是工業風房/房間跟相片介紹一模一樣也沒異味/現場休2H900/票券休2H半899/房間有一張雙人床/浴缸可2人泡湯/備品飲用水都有/很物超所值/值得推/
B	空間大/住的很舒適
A	泡個溫泉差點沒悶死在裡面/如果一開始就知道是在地下室根本不會泡/通風超差/還會聞到不知道哪來的菸味/不推薦
B	乾淨/樸素/物美價廉/交通方便/但車位少/有附早餐/早上若沒辦法泡比較晚的飯店大眾池/可以去隔壁泡歷史悠久的瀧乃湯/
B	價格合理/設施也不錯/服務態度也親切/只是大眾池這回傍晚碰到有人身子都不洗/藉口一堆說他只泡泡腳/那就洗腳啊/不要潑點小水就想放兩腳下來還說我只泡腳湯/結果看到我起來就又脫光潑潑水整個人又進池子/不解/
B	溫旅岩湯客房/床十分乾淨好躺/都很裝潢新/唯一缺點是溫泉池中有個蠻擋路的小斜坡/不過影響不大/照片裡是我睡過的床
B	個人湯屋雖然在地下室/但是房間算大的/還有小床/通風也還OK/使用起來舒服/可泡時間也比較長/CP值算高/
B	從訂房到櫃台報到/服務人員整體都很親切/內部舒適/小而美/整體感覺很不錯/值得大家去體驗
A	飯店設備較舊/但溫泉品質還是不錯/服務人員親切/
A	網路購買的湯房券/說明規則要現場候位/第一次直接前往/卻告知今日已客滿/排隊也沒房/第二次學乖先打電話詢問狀況/告知有房/於是從市區動身前往北投/然而依然告知已經都排滿無法再接客/當下極度火大覺得根本詐欺/櫃檯還說我打電話的時間離我到的已過一段時間本來就不能保證/難道要每個人都住北投/過去十分鐘這種才泡得到嗎/後面才出來一個看似資深櫃檯的人說他們誤會我們購買券的內容/現在查還有一間房/才讓我們上樓/進去更不得了/整個房間超小/浴池比我家浴缸還小只能塞一個成人屈膝的大小/硬體設施極差/非常不推薦/
A	超級無敵爛/尤其是在GOMAJI上面賣的券/根本不讓人有機會使用/每天都說預約滿了/又不讓人打電話預約/第一次看到溫泉還要人親自上北投抽號碼牌才能預約/想要泡個溫泉享受誰還會特地跑兩趟抽號碼牌/完全沒有效率/下次絕對不會再來了/也奉勸大家別在上面買券/真的想體驗的人直接去現場吧/超衰/
B	還不錯住/以前畢旅有來過/是充滿回憶的地方/它地點在山腰要走一段路/別看它外觀舊舊的/假日沒訂位/客滿還沒房/內部有整修過/價錢高的/當然就住好的/哈哈
A	停車每小時30/假日更貴/如果住一晚停車費要五百左右
A	我跟老公105年1月24日來到這家飯店/那天應該是全台的新聞瘋狂報導/全台冷颼颼/北部地方多處下冰霰/許多山區也下起雪/一早滿心期待地想/天氣冷就是要來泡溫泉呀/也慶幸自己事先看氣象預報感覺會很冷/便提早預訂/但當天下午三點半左右到飯店/卻被告知房間內的溫泉/因為天氣冷/水不夠熱/無法使用房間內溫泉/為了不敗興而歸/只好進入房間後/使用熱水加多些/當作來泡澡/其實店家真的需要好好思考/未來如果有這樣的狀況/如何改善服務品質/是否事先做好告知動作/或者做其他應變措施才是/
A	房間有點暗/房間插座分配可以再增加改善/房間乾淨/人員服務親切有禮
A	白磺湯屋/無床/池子太小兩人泡很擠/無對外窗
B	床好睡/被子好蓋/冷氣溫度適中/我住的是一般房間/房內乾淨/只不過乾濕分離的隔間似乎拆掉了/我住的那間沒有乾濕分離/
B	個人湯池較小但是兩人一起泡也是夠的/房間蠻大的很舒適/環境也乾淨/接待人員很客氣/這家很推
A	兩次買團購券/都剛好客滿不能使用/下午兩點多到/卻說要等到五點半以後才有房間/但團購券有限定下午五點前以前要使用/如果要等就是要加錢/等於就是變相加價/不懂為什麼不能打電話預約呢/如果沒有辦法接這麼多客人的話/要不要考慮不要再賣團購券了/
A	根本是騙人買優惠卷的店/買了根本不能用/只要說是用券就不給泡/明明根本沒人在排隊/前面一樣是要泡湯的就有房間/到我們就馬上客滿/差別待遇/真的很傻眼
A	服務不錯/溫泉不純/很像混自來水/
A	因為夠麻吉來的/打我覺得人多沒錯/最起碼貴公司泡湯房也要留一點是給網路訂購的客人/溫旅房7/00開使到13/00只使用了3個客人/後面排了快20組客人/還真的是很優惠的方案/貴公司應該檢討一下吧
B	新房間比以前好/但浴缸大概為了省水設計的很怪/怎麼躺都不舒服/在網上買雖便宜很多/但可能賣太多了常沒房間/
B	白磺湯屋雙人泡湯1小時/當天被安排到的湯屋空間蠻寬闊/乾淨/浴池兩個人一起泡稍微剛好/坐著水深約於腰部/胸部/可兩人躺下浸全身/
B	使用網路定房/去到之後才知道四人房沒浴缸/溫泉飯店沒浴缸就沒辦法泡溫泉/與店家反應後完全不刁難可直接退房/下次定房時會注意房型/避免自己出遊掃興給店家帶來麻煩/給店家五顆星
A	團購券買的泡湯券/星期六去掛客滿要等到八點/星期二去沒掛泡湯額滿牌子/櫃檯也說要八點之後才能泡/感覺很差
A	聽親友説房間內無溫泉供應/好奇怪/不會每況愈下嗎/
B	go麻吉泡湯70分鐘白硫磺溫泉450元/服務優然後環境也很舒服/冷冷天泡湯超級舒服/停車方便/以後再來/
B	房間很棒/泡湯好去處/清潔人員也會幫忙引導泡湯區/不僅櫃檯/清潔人員也都會面帶笑容對客人說您好/滿親切的/
B	平常日來沒什麼人/假日倒是不少觀光客/泡湯的時間限制蠻鬆的/很放鬆/內部配備屬基本款/溫泉是不錯/稍微老舊了些/
A	很有時間記憶的飯店/地點也相當不錯/就在北投公園旁/可惜可能裝潢舊了又沒有做出特色/所以在當地眾旅宿中不突出
A	以房間來說房價中上/房間不大老舊/服務人員態度不有善/大浴場不大/設備也老舊/停車位很少/不方便/晚上乒乓砰砰的吵到不能睡/真的不想再來了
B	Buffet部分/菜色不算多/但是沒有菜後會立刻換掉/並且換新菜/菜的口味中規中矩/但是炸類跟小蒸籠還有甜點不好吃/熱菜冷盤中上口味不差/泡湯部分/室內湯屋都是地下室沒有對外窗/湯屋內只有天花板裝電扇散熱不悶但是空氣沒有循環/泡完頭很暈
B	新的套房有很棒的裝飾/工業風為基底/又搭配台灣傳統的彩色磁磚/溫泉的水是真的溫泉水/吸洗了很舒服
A	飯店已泡湯消費/但停車去年開始改額外掃碼收費/
B	以北投這一帶的溫泉飯店來說/雖然是老字號的溫泉飯店這家是我覺得CP值最高的/櫃台人員及房務員也很親切/對小朋友也很友善/我們一家人都喜歡來這家/
A	我定4月6日晚上/我在訂房有跟你們問是否停車位/你們跟我說/一定有停車位/當晚6點多我櫃台訊問你們小姐跟我說/我們沒有停車位了/那/我車子怎麼辦/你可以到路邊找找/再沒有你可到下面有付費的停車場寄車/飯店不是都有附停車位嗎/你們也跟我說一定有停車位啊/我們只有這幾個/沒有你可以退/我們會退你訂金/這是你們櫃台的服務嗎/真是有夠跩和爛/不會想再去了
B	下載Gomaji/app後/到/我的/賺取優惠/請輸入邀請碼ABD46/立刻賺120點/購買/600以上商品/立刻折抵/120元/最高折抵20/輸入邀請碼後30天內就要用掉點數以免過期可惜喔/在寒冷的天氣泡著溫暖的溫泉很舒服很享受/早餐豆漿不錯喝/香醇濃郁/可惜餐點缺乏多樣性/建議加強改善/
A	浴缸有點小/環境舒適/2/5小時優惠方案還不錯/附近北投公園逛一下還不賴/
B	環境/設備/房間整潔度還有溫泉都很不錯/價位也算合理可以常來/只是來的人真的很多/就算是平常日的禮拜四下午也要排隊/建議早上來/還有房間一開始會有點煙味/要等空調一下才會消失/
B	溫泉很好/房間大/又有附浴巾/水/誠意十足
A	雙人湯屋池子窄又淺/無法全身泡進去/兩人還得輪流泡/先生還因為池子太窄起身時還撞傷/
A	房間電視訊號都很差/眼鏡看的很吃力/房間也有明顯霉味/家庭旅遊/一伙人入住不同房/很多房間都出現浴室沒有沐浴用品/洗髮精/沐浴乳/都是空的/一晚房價不便宜/這樣的品質/要改進
B	大眾池若有優惠泡湯券僅需120/平時沒什麼人/假日也沒什麼人/外面有停車格也方便
B	合理的價位/乾淨的房間/還有具歷史感的裸湯/他可能不是最寬敞最新潮的溫泉飯店/但如果你的眼裡只有溫泉/這個飯店可以給你一切/
B	客房湯屋便宜實惠/以這個價位來說很推
B	服務人員親切/飯店硬體是有歷史的/房間格局能改到這種程度已十分不容易/但中央空調調溫範圍太rough有點美中不足/
B	客房沒亮點/浴池很小就是普通個人浴缸/溫泉水呈現乳白色狀/泡完身上有濃濃的琉磺味/若是想要單純泡湯屋/小弟是非常推薦這裡/
B	平日湯屋900/2h/cp算這附近滿高的/浴室小心跌倒/
A	設備老舊/大浴池外只有3隻吹風機是供男女浴池出來一起用/只有價格親民勉強算是優點
B	服務人員親切/設備還ok/泡完溫泉皮膚變很嫩/
A	櫃檯人員態度不是很好/講話不會抬頭看客人/低頭用自己的東西/面無表情就算了/講話的態度讓人不舒服/可是整個櫃檯前面只有我們這組客人/而且櫃檯裡面有四個人/今天是平日/到那邊下午一點多/可是卻被告知四點到四點半才會有位置/然後問要還是不要/一樣低頭處理自己的東西/感覺用團購券就是不被重視/要等快三小時/也太誇張了
A	請問到場才在那邊說前面已經有很多人都在等/我看是前面有很多人都被你們氣瘋吧/網路上就已經先/付錢/了/說進場時間/7/00/17/00/到了說客滿要等到20/00/請問/網路上先付錢跟到場再付錢有什麼差別/當我們網路上消費的是白痴是不是/根本就是一個錢先到手再想辦法說服客人的經營手法
A	3樓房間有很重的腳臭根本就沒辦法泡湯完躺著休息/向櫃檯反應後他們居然說那再加30分鐘給你們休息/天哪/這世界到底怎麼了/
B	飯店服務親切/房內沒有溫泉/房間設施乾淨/溫泉泡起來不會滑滑的/琉璜味很少
A	明明網頁上寫/客房泡湯開放時間07/00/00/00/可是我們晚間11點去/卻被拒絕在外/櫃台服務員說晚上10/30就不收泡湯了/他們已經打掃好了/叫我們下次要先電話預約/然後一副/請回/不送的表情/即使跟櫃台告知網頁上寫/不用預約/開放到/晚上12點/還是一樣拒絕提供使用/網頁上的使用規則是你們自己訂的耶/做不到就不要寫出來誤導人/浪費別人的時間/我們一趟路從中和過去/講得好像我們自己沒先打電話來/是我們的問題一樣/真的很讓人吐血/
B	雖然整體感覺舊舊的/但氣氛不錯/服務人員都很有禮貌/會主動關心/到了北投/步調不像台北很趕/可以好好放鬆一下/
A	根本連一星都不值得/為了聖誕節佔用了殘障停車位/沒車位提供給消費者/還將訂好的湯屋賣給其他客人/這樣的經驗真是讓人不敢再次光臨
A	對使用休息卷或泡湯卷的消費者非常不友善/不管是例假日或是平日下午/櫃檯都會告知客滿或要候補/感覺起來就是軟性地歧視使用票卷的消費者/請有意購買票卷的人三思/
B	老飯店了/不是所有的房間泡湯都有景/不期待新奇/就當平常商旅房間/該有的都有
B	第一次去是現場消費/900/2H/後來發現GOMAJI網路/899/2/5H/就都在網路購買了/蠻適合情侶/夫妻放鬆泡湯的好地方/
A	四人房隔音不佳/大眾湯/很迷你/僅有一小池/吹風機設備是男女共用/服務員態度親切/
B	當地/知名大型溫泉老飯店/房間數多/位於北投公園旁/徒步逛北投公園/新北投捷運站/地熱谷/北投市區超級地方便/附設餐廳/裸湯及大眾湯池/房間內皆附設有浴缸/房間內/沒有溫泉/需到地下室溫泉池泡湯
A	樓下B1的湯屋/居然有阿婆在抽不知名的紙菸/浴池太小/太淺/就算他真的不貴/但也不會想去第二次/
B	感覺這裡是所以北投會館最便宜的休息泡湯的地方了/床也很軟/但是隔音不好/隔壁在幹嘛都知道
A	我在官網訂房/價格不需要講多少/兩大床房給我的是小窗/沒有景色/真令我十分失望/早餐我都不想講/簡直就可以不吃/一粒星可給服務員他們很用心幫助解決問題/另一粒星是給溫泉水的/浸了真的很舒服/皮膚滑滑的/
B	服務接待親切感/場地乾淨整潔/物超所值會在去消費/
B	飯店住起來很舒服/樓下的泡湯也一級棒
B	大眾池300台幣/CP值很高/北投老字號溫泉旅館/是不咬皮膚的白磺泉
B	半世紀的飯店/還很新/又重新裝潢過/泡溫泉/價位便宜
A	湯屋/附床/使用工業風外露式的/平日有優惠/價格也算親民/浴缸較小/適合兩人情侶/隔音較差/聽得到隔壁放的音樂
A	有GOMAJI的卷/到現場/卻說預約排到18/30/明明就說不開放預約依現場排隊為主/到了現場根本沒人排隊/然後跟我說額滿了/傻眼/很不好的體驗
B	服務親切/雖然房型有點陳舊/但仍然打掃得非常乾淨/不會讓人感到反感/美中不足的是隔音較差/沒有拋棄式拖鞋/
B	用gamaji卷即買即用/樓下打掃阿姨蠻熱情/泡澡的地方一個人比較舒服兩人稍嫌小一點點
B	還不錯的大眾湯/不過大概只適合10人以下/人太多就顯擁擠
B	熱海飯店是一棟北投溫泉區的大飯店/此飯店的溫泉水質不錯/泡完會全身輕鬆/此飯店交通方便/有北投捷運和多班公車可達/下車步行5/10鐘可達/週邊的風景不錯/
A	優不優見仁見智/但要度假泡溫泉這裡不會是我的首選/離台北近的三峽就有一處不錯的地方/遠的我會到台東或寶來/
B	感覺很棒/記得溫泉的水龍頭要開/不要只泡白開水
B	老闆人很好/
A	整體老舊/早餐不好/晚餐不好/房間小有霉味/電視舊/但是接待人員態度不錯/溫泉也好/
A	去之前就先打電話確認有沒有湯屋了/跟我們說有/到了之後又說沒有/我們細問最快要等多久/服務人員才勉為其難的幫我們問/然後又告訴我們至少要等一個半小時以上才可能有湯屋/還直接對我們說/不然你們改天再來/這裡的服務人員是不是訓練不太夠/以及無法站在顧客立場著想/到底哪個顧客會是隨便晃晃到那裡去的/別人花的路程跟時間根本不放在眼裏/處理顧客的事顯的非常隨便/
B	房間小/設備有點舊/服務人員非常親切/但人員數有點不夠/硫磺溫泉還是讓人很享受/如果只是想休息泡泡溫泉/可以考慮一下/但如果是要來玩過夜/就不太推薦了
B	算空間大的湯屋/乾淨/明亮/台灣早期湯屋相貌/屬復古風唯黃色色系油漆有點不搭/手機無訊號/
A	雖是老飯店/但房間還可以接受/大廳人員也很很專業/但餐廳跟溫泉都服務人員真的很讓人覺得教育失敗/尤其是餐廳人員/雖然不是所有人/但一個人的行為會讓我們概括全部/真的沒水準到幾點/
B	適合不喜歡裸湯或大眾池的客人/老飯店/但重新整休過/環境乾爽/清幽/備品非常齊全/重點/池子夠大/很棒/已購買數回了/大推
A	最便宜的雙人湯屋環境不太好/在地下室無窗/環境乍看不是很優/通風還可以/但抽風聲有點吵/
B	湯屋空間寬敞/內附水/毛巾/浴巾及浴帽/還有小床可以休息/整體環境不錯/
B	雖然當天排隊排了三個小時/不過服務人員態度良好/可惜的地方是沒有入住到裝潢最好的房間
A	昨天一進房就聞到煙味/裝潢設備老舊/如果要泡湯的話雙人房浴缸太小了/但服務人員很親切
A	真的很爛/在網路上馬吉購物買優惠方案/介紹跟參考圖片與事實根本兩極化/浴池空間極小/兩個人硬塞進去剛好而已/轉身都有障礙/我跟女友都很瘦唷/奉勸各位要去要有心理準備/很差的消費經驗
B	去他們的湯屋CP值我覺得有/簡單整潔/氣氛Nice
A	我這次住的是溫旅岩湯雙人房/房間的溫泉很不錯/房間也很乾淨/住得很舒適真的很不錯/住的房間給五顆星的正評/最美中不足的就是早餐/早餐真的很差/跟網站上的圖文不符/太扯/水果只有蕃茄/也沒有火腿/西式就只有土司/菜色極少/總之沒吃過住北投溫泉那麼圖文不符的早餐/早餐給最差的負評/
A	飯店比較老舊/早餐家常尚可/溫泉雖然比較簡單/但是有到位/定飯店時要確定是否房間有溫泉
A	之前住過/飯店人員服務態度很差/看到陸客好像看到救世主一樣/態度差很多/
A	服務好/平價/周遭環境優美/房間整理設備都ok/隔音設備超/不好/整夜無論走廊/外面的聲音都非常清楚/超吵/
B	買餐券很划算/一份全餐含卡拉ok任意唱/泡溫泉/加上有捷運可到/幾個朋友相約/經濟實惠/
A	在訂房網站所提供的房間訊息有誤導消費者的嫌疑/設備老舊/早餐也糟/希望能有所改進
B	房間很小/價格偏高/自助餐卻出奇的便宜/料理的不錯/房間有重新裝修過/好多了/比較新了/停車位太少要早點去佔位子/櫃檯服務人員很有耐心的解說/專業100分
B	修改訂房資訊時/客服人員講解很清楚/很親切
B	家人春節聚餐/菜色豐盛美味/服務周到親切/十樓包廂景觀好/安靜不受打擾空間大/附洗手間幼兒長者都方便/大推/
B	服務態度好/cp值高/湯屋空間夠放嬰兒車/裡面還有沙發可以躺著休息/整體很舒服放鬆
B	我只是去泡溫泉/服務人員都蠻友善/不過覺得設備和提供的用品可以增加一些/還有改善的空間/
A	很古早的溫泉大飯店/曾經是熱門高級的溫泉飯店/設備適合年長輩的氛圍回憶/我就已經不太適應他的裝潢/價錢還真有點貴/
B	不錯/大眾浴池小了點/遇到團客就很擠/建議訂有泡湯池的房間/
A	下午特地休假想去使用泡湯券/到現場告知天氣太冷溫泉水溫不足不提供泡湯/經營溫泉旅館沒有加熱設施嗎/氣溫太低沒溫泉的理由難以接受
B	久違溫泉/符合期待/但是隔音有點不太好
B	很多湯屋進去都會有霉味跟濕氣/這次居然都沒有/是來對時間/還是熱海都有注意到呢/一起留意吧/
B	重新裝潢後/房間也走現在流行的風格/浴室也有重新裝潢/浴缸仍然只適合一個人使用/
A	一天給的泡湯名額很少/很多人很早去就沒有名額了/感覺就是故意讓大家付錢買券後/才限制名額/反正都付錢了嘛/爛
A	浴缸真的很小/但店員服務良好/雙人房氣份頗好
A	電話客服態度差不專業/持券差別待遇/原本去電詢問有位置/表明持團購券改口客滿/詢問具體可使用時間回答不出來/
B	冷冷的天/泡湯非常的舒服/大眾池設備很棒/費用不高/一人300/泡到爽
B	設備雖然有點老舊/但是整體泡湯體驗算是很優秀的/
A	床小太硬/網路不穩/室內和走廊燈光不夠亮/設備老舊/插座太少/浴室設備普通/隔音不佳/很乾淨/詢問櫃檯為何網路慢到普通的APP都開不動/櫃檯解釋/因颱風關係/網路時好時壞/此時/外面清光明月/颱風使網路不穩/見鬼了
B	溫泉套房復古工業風全新裝潢覺得舒適/蠻適合小家庭休憩泡溫泉/不過復古吹風機出風量很小/另停車位非常有限/
B	雖然是感覺的出來有些歲月痕跡的飯店/但是櫃台的服務人員親切加了很多分/但房務及餐廳人員素質需加強/
A	房間走廊/明亮度覺得不夠/房間有比較多的/霉味/除了上述其他都還行/附近的景點不錯/
B	停車方便/溫泉設備乾淨舒適/服務態度良好/是一個會讓你想再去一次好所在/
A	隔音不好的老舊旅館/房間有幾盞燈泡不亮了/早上清潔人員聊天很大聲/還好B1還有男/女裸湯可泡/消除一整天疲勞
A	室內重新整理過很新/工業風的電燈開關很特別/房間不大且隔音很差/馬路上的人說話聽得一清二楚
B	房間舒適/但床偏硬/溫泉池不大/可以自己選擇放熱水或硫磺泉/
B	親民的價格/雖然沒有其他業者的吃/泡/但這個泡湯的過程是愉快舒適的/很值得
B	泛黃老照片/有東京的畫面/有熱情的音樂/簡稱之/東熱那卡西/場地大屯山以西/唱的開心泡個湯叫個妹妹/幫你C/幫補維他命C/老北投核心/人多場子多似海/就叫他熱海/飯店名字是熱海/熱海/多得是酒家菜/更多的是/小妹/給虧/今晚留宿溫柔海/您動作不夠溫柔小姐還是嗨嗨/飯店就是當年的核心/光明路的眉心/嚴肅的時代/不用知會有關當局/背景多硬/硬到罷台/氣場大到/像女優J罩杯/表面冒青筋/大家都是菁英/對比當時/當今/泡湯的是文青/小孬孬/堆積小不滿/自稱為憤青/泡了湯/管你是跑路/還是被主管罵有點小blue/快來熱海/重溫/當年的情懷/若你一個人/別要求情愛/真想要/抱歉/右手/自己來
A	房間小/空間小/浴缸小/電視小/就算了/想說/網路說/早餐很好吃/7點起來吃/結果傻眼貓咪/東西少/難吃/看看我拍的/都吃一點/一次飯店加我個人第一次/評一星恐怖喔/
A	小姐處理態度不ok/一開始說半小時後有房/後來的小姐又說沒有要等三四個小時/打電話問住宿又說有/說要泡湯就改口說沒有/爛
B	服務人員態度很和藹/房間裝潢是有點老舊/不過cp值不錯/
A	設備老舊/早餐難吃/肉類只有滷肉/一早就有服務員在走廊大聲嚷嚷/根本不顧還在睡的客人/隔音效果差勁/實在是我失策/很失望的飯店/
B	飯店是不錯/但溫泉是裸湯的/不想泡/到場後才發現跟網站上的照片不同/小失望/
A	除了聽到施工的聲音/沒能好好休息/但其他都很不錯/整體而言算是舒服的環境喔/
A	房間大/空調強/價錢合理/缺點是有點陰暗沒有陽光/停車位置少/
B	一人400兩小時的房間/溫泉/非常舒適划算/希望還能有這樣的優惠
B	湯屋平實價格和設備/當地老牌溫泉旅館/門口固定留有停車位方便停車/不失為單純泡湯的好選擇/
B	環境及設備其實維護的不差/不過由於這間是當地較早期的飯店/因此跟近期周圍新建的相比顯得樸素許多/
A	房間老舊而且沒有辦法調整空調溫度/早餐非常的簡陋連茶包和湯都沒有提供/早餐菜色和其他間比起來也非常的寒酸/
B	泡湯cp值高/湯屋夠大/池子寬敞/水量足/水/備品都有/不用另外買/又有免費的停車場/偶爾會客滿就是
B	價格算普通/設施一年前有更新過/客房泡湯的湯池和廁所是在一起的/
A	室內溫泉溫冷溫冷的/不像一般泡湯的溫度/冰箱內有上一客人喝剩一半留下的飲料/其餘都算不錯/
B	中規中矩的大飯店/有提供早餐自助吧無限吃/也有迷你男女分離的小溫泉泡湯/基本飯店有的都有
B	套房泡湯舒適悠閒/工業風的裝潢/很有特色
A	停車場/自動裝置超爛/超浪費時間/等於沒停車位的/
A	雖是老酒店但還算乾淨/唯在北投區的酒店房間內沒有泡湯池是為美中不足的地方
B	真正的硫磺泉/外面風景不錯/歷史地點/早上起床在對面山景公園散步/非常舒服/就是飯店稍微老舊一點/不錯的飯店哦/
B	房間全新裝潢/整體感受非常好/早餐菜色豐富/以中式為主/西式僅供吐司和塗醬/沒有牛奶/稍嫌可惜
B	新開幕/很舒適/但是玻璃窗可以由外向內看進來/可以考慮關窗簾
B	雙人湯屋池子有點小兩位都很擠
A	自助早餐198元/豆漿/可爾必思超甜/大多是冷菜/滷菜/炒蛋沒了補很慢/菜色很少/
B	服務比往年好很多/硫磺泉也是來自源頭泉水/只是餐飲比較差/泡湯很划算/服務很好
B	頗有歷史/房間均有全新翻修/可至GOMAJI先行購買優惠卷/需注意使用時段/
A	多年前住過/房間只有髒而已/環境不優
A	飯店有些歷史/所以房間較舊/不過附近景點很好/溫泉博物館和綠建築圖書館值得逛/
A	櫃檯服務人員態度超級差/是錄音機快轉嗎/講話速度超快/態度超差/這麼大間的飯店配這樣的櫃檯人員/真是尊敬貴飯店的勇氣/
B	地下一樓的湯屋/很適合兩人泡湯/空間非常大/整潔/空調流暢/完全沒有悶悶的感覺/價位不貴/
B	可能疫情關係/4人房即是個人湯屋
B	工業風格的房間/空間寬敞舒適/服務人員態度非常好/打掃阿姨認真親切/備品只有茶包/不優
A	老千/根本就是騙人買卷/不讓人預約/打電話問有房/來到現場就沒房/而且沒有解決方案/還說下次要早上7點來排/而且名額有限/是要我為了光顧你搬來北投住每天來排隊/這種生意手法非常下流/以後卻對不會再來
B	雖然是舊飯店/但改建過的溫泉客房有令人驚喜的復古風/餐廳和房務人員都很客氣親切/
B	服務親切/環境整潔/湯屋空間很大/還有小床可以休息/外面提供梳妝檯整理
B	臨時的行程/臨時的住宿/很幸運都順利/附近生活機能很好/飯店也有琉璜味很重的溫泉可以泡/除了停車位過少/房間浴室較小外/其他都很棒
B	雖然老飯店/但翻新過/輕旅行很可以/便宜舒服
B	春天泡湯出來躺在躺椅上/雖然有電風扇在吹但很神奇的不會冷/白磺湯泡起來很溫和不刺激/舒服/
B	用卷來泡湯/池子有點淺/水質還不錯
A	浴室太小/無法取得泡湯認同
B	熱海是一家老店/裡面的裝修有點老但是他的酒家菜/真的還不錯/比海霸王的好吃/但是也比海霸王的貴很多
B	全新裝潢的房間加上滿分服務的美女櫃檯美眉/這家溫泉飯店一定要來試試/
A	很舊式的飯店/過去曾風華一時/但現在內部稍嫌老舊/但是如果只是想要泡個湯/懷舊一下/可以試試
B	溫泉舒適/服務好/只是硬體偏老舊/浴缸也偏小
B	環境清幽/潺潺流水聲/讓人心境逐漸平靜/溫泉浴使人徹底放鬆/還等何時呢/
A	地毯老舊/吸附40年的陳年煙味/無法忍受三手煙的人不適合/設備太老舊/cP值不高/壁癌頗多/不適合帶孩子進入此環境
B	泡湯體驗不錯/平價/近捷運站/空間大/請長命百歲
A	舊房型空間陳舊/走道有菸味/浴室不算新也不乾淨/房間擺設極少/床也不好睡
A	在這時代居然還有用衣櫥做隔間/隔音超差/停車位還要自找/服務人員態度親切
B	老字號的泡湯飯店/服務人員很和氣/雖然裝璜並不豪華/但還算OK囉/
A	/不會再去/CP值中下/房內設備老舊/房內還會漏水/這是3樓的房/睡覺的時還被天花板/漏水的水滴/滴醒/
A	多種佈置旅館房式泡湯/還蠻乾淨的/隱私自在便利/
B	熱海大飯店位於北投溫泉觀光區/是放假/渡假的好景點/裡面有精緻早餐/下午茶/還有音樂餐廳/卡啦oK/
B	湯屋乾淨/沒什麼特別的缺點/只是一直能聽到隔壁的聲音有點尷尬
B	溫泉讓皮膚滑滑的/但池子很小/當地飯店遊客多/建議錯開泡澡時間
B	雙人湯屋價錢實在/假日可提早到場詢問湯屋/以免向隅
B	服務跟水質都不錯/唯獨停車不太方便
A	電視很爛/冷氣不冷牆壁發霉/沒有浴缸
A	對休息或使用休息湯屋卷的客人態度非常差/根本不會有使用到的時候/永遠都要排隊/大家親身體驗便知曉/
A	設備老舊/房間氣味不太好/連續住兩晚/早餐/晚餐菜色沒改過
A	2018/01/20於11樓參加尾牙晚宴/場地不錯/服務人員態度親切/硬體環境稍嫌老舊/菜色一般/食材算新鮮/但上菜速度有點緩慢
B	買gomaji的票便宜又實惠/浴缸部分都蠻大的可以塞的下兩個人
A	有夠白癡/不能訂房又要等4個小時/是當一天有48小時能用嗎/
A	有夠爛的飯店/只能淪為大陸客的飯店/基本隔音都沒有做到/一早5/30就被陸團遊覽車吵醒/一顆星也不給
B	套餐還不錯吃/飲料喝到飽/品質也還不錯/就是沒有送泡湯卷有點遺憾
A	湯屋在地下室沒有窗戶/浴池很淺
B	有床的湯屋的浴池/出水孔有點小/如果要去的人/記得一到先打開水開始集水
A	房間整理度太差/備品有一項有開過/感應燈一直亮滅影響睡眠/找不到內線如何撥接
A	飯店設備老舊/床很硬/價位便宜/所以純泡湯勉強接受/住宿就/
A	這地點不錯交通方便有捷運站公車站牌環境清優北投公園傍/有溫泉博物館/公園寬廣適合小朋友們和團體活動/
B	只要有商機就能做廣告/就像盟盟抹黑修民法那隻電視廣告一樣/飯店今天更貼近真實社會/接受多元/而盟盟那廣告則是在做人身攻擊/惡意抹黑/
B	湯不錯/舊了點/床很舒服/高/CP/值
B	很體貼的溫泉飯店/有提供毛巾跟水/還有躺床/適合泡到一半可以稍作歇息
A	老式飯店的感覺/今天只在餐廳用膳/餐廳裝潢平實/用餐環境尚算乾淨/服務與食材及種類稍差了點
A	沒有別的就是爛/態度爛/服務爛/歧視人/沒泡到/把買卷的客人當傻子/兩度到哪裡都沒泡到/不管是假日還是平日/給一星真的都嫌多/爛透了/現在想起來還是很火大
B	豆漿很純好喝/停車位嚴重不足/枕頭太硬該換了/可提早進房/讚
B	雙人房湯屋裝潢優美/環境舒適/CP值很高
A	爛透了/來了三次/7/11賣的票卷上面明明寫9/30不收客/我們9點到了就拒絕收客/來了第三趟/竟然瞎到說水溫不夠熱不給泡/態度極差
B	感覺是算比較早期的飯店/是滿乾淨的/但員工好像不多/有點冷清/
A	舊又髒已經很糟/還偷倒廢水破壞環境更不可取/
B	服務人員很親切/泡湯劵CP值很高/會再次購劵去泡湯/
A	差勁至極/買了溫泉卷/到了現場說房間不夠/根本騙消費者的手法/不可取
A	溫泉品質實在/但是房間隔音太差/我是個要求不高的旅客/
A	仿工業風的套房湯屋還算乾淨/浴池的空間僅適合熱戀中的情侶使用/
A	湯屋划算/可惜泡的地方有點小/裡頭佈置也稍嫌老舊/
B	雖然舊一些但可以泡湯也可以抓寶/服務人員也十分熱情有禮貌/是可以考慮的北投住宿點之一/
B	乾淨明亮/友善溫和的好飯店一定要推薦/不該被抹黑造謠亂評論/非常支持/去北投的不二選擇
B	櫃檯人員親切/房間帶點工業風/很喜歡
B	乾淨舒適/服務態度佳/整體cp質不錯/泡完溫泉舒服/
A	房間乾淨尚可符合要求/但公設少/且無大眾池設施/
B	湯屋價格合理/但大小不依/有時候有大間的/有時候很小間/
B	平價的泡湯選擇/白磺泉質貨真價實/不過房間過小/下次來會選擇大眾池/
A	櫃台服務人員態度很差/湯屋客滿是很了不起嗎/很勢利的態度
B	房間真的跟廣告上的照片一樣/服務也很讚/會有笑容
A	喜歡泡湯的人/可以選擇這家價格不貴/便宜/
B	有日式溫泉飯店的感覺/溫泉水是乳白色的/價格適中/下次會再去
A	停車位不足/還將訂位好的湯屋賣給別的客人
A	感覺有歷史很老舊/公共澡堂滿小的/房間有點老舊/大陸客一堆/唯一的優點位置好/交通方便
A	第一次泡湯有遇到水不夠熱不能泡的/不能預約這樣是要別人怎麼去
B	房間環境不錯/隔音還好/可以聽隔壁的聲音/可是早餐就哈哈
B	房間舒適乾淨/溫泉也很棒/可惜隔音不是很好
A	爛死了/在某團購網買票/限定時間內使用/結果跟我們說的時間是時間外才有空房/根本不能使用/欺騙消費者
B	勾麻吉的票券/泡湯多30分/可惜隔音不好/樓下大嬸團很吵
A	房間空間小/大眾湯只有一池/池子小又是室內/空氣悶
A	雙人湯屋的溫泉池超級小/兩個人根本沒辦法同時泡/
B	北投溫泉鄉中挺富盛名的湯/含鐳能治風濕關節炎/
B	Buffet菜色相當實在/價格也便宜/假日晚上使用餐券平均一人竟然只要450元/
B	交通方便/湯屋整潔度佳
A	基本泡溫泉過得去/但是環境普通空間小/浴室門口積髒污
B	在新北投捷運站的溫泉街上/雖然離捷運在有段距離/但也相對安靜/鄰近北投溫泉公園及許多景點/
A	電話服務人員態度差/電話詢問有沒有空房間/只回答依現場狀況/人到了現場才又說已經沒有房間了/把客人當白癡/
A	早餐普通/房間跟走廊陰暗隔音不佳/停車不方便/
B	很有特色的酒家菜/如/魷魚螺肉蒜湯/此外那特別講究的盤飾/看了格外令人賞心悅目/
A	整個地下室湯屋只有兩把梳子/大家共用/不衛生/
A	熱水壺發霉/房間濕氣重/吹風機用起來快爆了
B	北投溫泉區半山腰上/清晨間迎接美麗的陽光/地點屬於北投景點區附近/交通購物都方便/
B	湯屋池雖然不大但有跟小床可以在泡湯時起來休息/很舒適
A	泡湯屋快瘋了/在地下室/通風差又悶/免強泡30分鍾趕緊逃難出來了
A	設備/裝潢較老舊/附設餐廳適合宴客或家庭聚餐/菜色及價格適中/有免費停車/
B	新房間走工業風/整修後很不一樣/溫泉池比舊的大很多
A	房間浴缸小了點/電視畫質差了點/其他都還不錯
B	套房湯屋很舒適/房間乾淨又新/可惜附近沒什麼麼吃的
B	好棒喔/少有的觀念正確飯店/也謝謝你們為社會盡一份力/萌萌理智線別又斷了/
B	溫泉泡起來蠻舒服的/但湯屋池子稍微小了點
B	湯屋空間大/水質乾淨/人員親切/平價/cp值高
A	房間狹窄/傢俱老舊/可惜了一個極佳的泡湯所在/
A	服務員一聽到要使用優惠券/感覺很不歡迎/會告知沒有位置/要等至少5小時以上/
A	服務態度超差/隔音也不好/千萬不要貪小便宜以為賺到了/而且同價位根本有更好的選擇/超差的體驗絕對不會再光顧了
A	洗溫泉3小時699元/便宜/但浴室小了點/隔音差點
B	溫泉泡完皮膚超有感/讚啦/會想再去喔/
A	聽到是麻吉的券馬上改口沒房/回頭看了google評價大家都一樣/奉勸各位都不要去
A	春秋2季適合前往/冬天風太大/夏天沒遮蔽的地方太熱了
B	湯屋空間算寬敞/但大小間差異很大
A	四人房無溫泉/大眾池不大/隔音不佳/還有不知哪來的煙味/
B	房間乾淨/服務親切/設備OK/但隔音可以再好一點
A	空間還好/因為只是休息泡溫泉覺得溫泉水有點小/
B	地點好/附近有地熱谷及溫泉博物館/裝潢有家的感覺/服務人員親切/
A	實體房間跟GOMAJI上的圖差很多/大家可能要考慮一下/
A	新裝潢舒適/但細節與價格有落差
A	空間實在太小了/櫃檯態度散漫不悅
B	這間飯店有改裝過喔/走的是工業風/每層還有管家耶/很少見了/
B	不保證沒噪音的房間在早上比較難隔音/房內設施不錯
A	不能預約/又要打電話確認湯屋狀況/
A	購買卷/標示到達現場等待/一趟路這麼遠跟我說今日客滿/那幹嘛賣票/
A	服務人員精神好/也轉知有小滴水房號/
B	還不錯/雖然不是新飯店/但是還蠻乾淨
B	飯店位置就在北投風景區內/去各個點走路都只要幾分就可到/飯店整體還算ok
B	櫃臺服務人員/很好/清潔阿桑/讚/還有工業風的房間/是值得來享受哦
B	房間很大/溫泉溫度適中/兩個小時買團購券也不用等
A	大眾池在地下室空氣不流通/硫磺味很重
A	老舊的溫泉飯店/整體還算清潔/價位合理
A	十分鐘前打電話去說有位置/到了說要等一個半小時/服務人員態度很差/還說要不要下次再來/服務態度真的是需要再訓練一下/
B	老溫泉飯店/設備比較舊/溫泉池挺有味道/
B	客房普通/但早餐豐富多樣選擇/還可以去上面的地熱谷看看
B	雖然外觀舊舊的/但裡頭重新裝潢後很舒服也很棒/別被外表騙了/舊皮新骨阿
B	房間幹淨/附近也很好散步/
A	位在新北投公園旁/環境很好又清靜/10分鐘可到北投夜市
B	非常好/單純泡湯非常合適
B	價格便宜/環境尚可/很適合學生情侶
A	湯屋空間不錯/但池子太小
B	停車位較少/房間舒適乾淨
B	還不錯/供應的套餐也滿好吃的/交通方便/適合週末休閒渡假
B	泡湯老店/舒適划算/用gomaji買劵很方便
A	包肥/的價錢很低/品質還算不錯/有人駐唱的樣子/只看到海報/沒遇見
B	服務人員非常友善/而且也很nice/下次有機會一定會再訪
B	泡湯休息房/裝潢設計很酷/空間寬敞/但隔音似乎不太好
B	泡溫泉價格低/但是相對場地也小
A	是一個交通方便的地方而且硫磺泉溫泉是對人體不錯的溫泉
B	人員專業親切/讓人會想再一次入住/
A	交通方便/不過溫泉池小只能容納一人
B	老飯店新裝潢/想泡湯不失是個選擇
B	房間超讚的/泡完可以到附近走走/是放鬆的好地方/
B	飯店算比較舊了/但是整體算乾淨/服務人員也很親切/
A	湯屋設備稍嫌老舊/但環境還算乾淨
B	櫃檯人員鄭慧筠服務品質太好了/有回家的親切/感謝熱海大飯店的高品質的服務
B	老飯店重新裝潢過/泡湯吃美食的好選擇
A	北投老飯店/平日泡湯/個人覺得便宜/
A	因為是老飯店吧/菜色跟5年前一樣一點都沒新意
B	更新過的房間耳目一新/酒家菜也要試試/服務更是溫馨體貼
A	房間算舒適/但是裸湯的地板太滑/容易跌倒
A	公司聚餐/不好吃啊/據說一桌8800/味道很膩希望能更細心/
B	服務不錯/硫磺湯很舒服/價格實惠有機會會再來
A	很有歷史的飯店/現場陳設跟五十年代差不多/
B	很好的溫泉泡湯環境/也持有合法的溫泉標章/是有品質保証的溫泉店家
B	住起來舒適/泡湯也舒服/更喜歡喜歡飯店的理念
A	家庭四人房跟兩人房一樣只是多了備品
B	10樓台菜梅花廳/榻榻米地板/完美的菜色/每一道菜都讓人一口接一口/齒頰留香/
B	可以呦/看出去的風景角度很優/
B	餐點好吃/啤酒/果汁暢飲還有大眾温泉可泡/
B	雖然屬於年代稍久的飯店/但是服務非常好/餐點也不錯
B	新裝潢溫泉房用住宿券CP值高/一泊二食
B	工業風裝潢非常漂亮/服務人員親切有禮/湯的硫磺味很重
B	第一次來這泡湯/還不錯
A	北投僅存的老飯店/雖有點老舊/但它是北投鼎盛時間/很多海內外遊客必到的熱門飯店
A	溫泉水質好/使用的人很少/很棒/
B	來泡湯/相當舒服/服務人員親切/溫泉溫度很棒/值得再來/
B	老飯店/房間重新裝潢/還不錯
B	新房型的房間很乾淨/服務人員也很親切
A	便宜/但是床很難睡很硬/用的床單也是比較滑的/枕頭很硬不好睡
A	湯屋空間小/還規定裸湯泡
B	環境還不錯/服務也很清楚
B	服務親切/環境整潔/湯屋空間很大/還有小床可以休息/外面提供梳妝檯整理
B	雖然屬於年代稍久的飯店/但是服務非常好/餐點也不錯
B	很有特色的酒家菜/如/魷魚螺肉蒜湯/此外那特別講究的盤飾/看了格外令人賞心悅目/
A	一天給的泡湯名額很少/很多人很早去就沒有名額了/感覺就是故意讓大家付錢買券後/才限制名額/反正都付錢了嘛/爛
B	很體貼的溫泉飯店/有提供毛巾跟水/還有躺床/適合泡到一半可以稍作歇息
A	電話服務人員態度差/電話詢問有沒有空房間/只回答依現場狀況/人到了現場才又說已經沒有房間了/把客人當白癡/
B	第一次來這泡湯/還不錯
B	算空間大的湯屋/乾淨/明亮/台灣早期湯屋相貌/屬復古風唯黃色色系油漆有點不搭/手機無訊號/
B	平實/房價/餐飲物超所值/
B	新裝潢溫泉房用住宿券CP值高/一泊二食
B	可憐萌萌們閒閒沒事只好來洗負評不要跟他們計較/絕對支持你們有機會也一定光顧/
A	整體性/服務/床舖/早餐/算不錯/但單價略嫌高些
A	太老舊了/這樣的價格不合理/早餐也很差/
B	3樓的湯屋2hr/1200NT/乾淨舒適/高CP/溫泉超讚
B	交通便利/離地熱谷/離新北投捷運站/算近/飯店門口/就有公車站牌
A	設備偏舊/湯屋沒有冷池/但泉質不錯
A	四人房床鋪太小了/又沒梳妝台/不理想
A	18年前畢旅/18年後團旅別有風味
A	太老舊了/走廊潮濕味道台太重/隔音相當不好
A	恐怖之旅/二人泡湯在地下室/in/side/room/封閉式無窗戶/
B	老店溫泉好味覺停車場有發票
B	40年老店/住得真舒服/真贊/
B	泡湯池很大/泡起來很舒服
A	很老的飯店/風華不再/只有房價比較優惠吧/
B	我喜愛去熱海飯店泡美人湯/它是世界少有的白磺/泡後皮膚滑溜/
A	房間很乾淨/餐食偏中式快炒
B	房間有整新過/不錯/
B	不錯/價格不貴/雙床的房間浴缸較小
A	門把壞了/房間有霉味
A	老飯店地點好房間小隔音差服務態度普通
A	平價/房間內有溫泉可以泡/三星級飯店
B	台灣北投温泉住宿飯店/適合渡假休閒/
B	客滿喔/旅客很多/很乾淨清幽的房間
B	建議平日泡湯省時cp值較高/
B	台北外送茶叫妹賴/199312o4看照約妹上門服務新北外約叫小姐
A	湯屋空問夠大/舒適/通風略差有些悶
B	差在停車位有點不足/不然整體來說CP值挺高/
B	湯屋非常的乾淨/水質很好
B	雖然老舊/但還是可以住得舒服
B	房間乾淨/泉溫夠/餐點好吃/服務品質佳
A	房間還不錯/可惜房內沒溫泉/
B	便宜實惠的泡湯啊/房間有點小就是了
B	老店新裝潢/還是喜歡來這裡泡溫泉/
B	雖然飯店年紀大了一點/泉水很純/很舒服
B	適合冬天泡湯的好去處/湯屋CP值很高
B	餐點好吃/環境舒適/服務優質/值得再來
B	客房工業風還蠻搭配飯店的/服務人員親切
B	這次只有泡湯/還不錯/價位平民
B	泡湯及用餐都不錯/cp值高
B	房間的設備有改善很多/感覺上比較高級
B	設施/服務都不錯/有泡溫泉和早餐/
B	餐點不錯/但不好停車會影響客人放棄消費意願
B	老牌溫泉飯店/泉質好地點佳/
B	服務態度親切/澡堂很舒服/
A	有歷史的老飯店/房間翻新後還不錯
A	乾淨優雅的環境/北投泡湯的好選擇/
B	便宜的防疫旅館
B	老飯店/新裝潢/泡湯的好地方/
A	外觀已有拉皮/但內裝就/
B	湯屋異常大/下水有點慢/CP高
A	房間和浴缸很小/沒網站介紹的漂亮/
A	床有點硬/浴缸也有點髒
B	溫泉水/水量大又熱/泡泉中調水溫很快/
A	大眾池要加油/溫度真不夠
B	泡澡有點簡陋/跟曰本比起來差太多了/
B	Cp值高/不管泡湯或休息都是很棒的選擇
B	房間內部有改裝很時尚乾淨
A	服務人員很熱誠/溫泉房間還可以
A	設備很舊/房間也沒吹風機
B	還好/浴缸有點小/但空間大
B	附有停車位/湯屋寬敞/設施有點年紀/
A	好大的官威啊/買了券卻不能預約/賣屁/幸好能轉手/不會再來/爛
A	只有一個池/通風應該可以再好一些
B	在地老飯店/北投的指標/中餐廳酒家菜不錯/飯店設施普通/
A	溫泉房很新/只是早餐真的很普通/
B	重新裝潢後/感覺更乾淨/泡得更舒服
B	因為比較裡面/離捷運站/泡起來很舒服
B	室內空間感覺不錯/但隔音稍差/
B	平日泡湯2小時900
A	漲價了/硬體設備有年紀了/服務態度不好/
B	房間挺棒的/湯很好泡
A	有點老舊的湯屋/價格還可以
A	價格貴/大眾池場地小/水溫不熱/
B	停車位不足/其它還好
B	雙人房休息還OK
A	最簡易湯屋不推薦喔/有點老舊
A	溫泉不錯/房間有年紀
A	早餐中西式都有/菜色豐富/價位合理/
A	可能是老店的原因/菜餚的感覺上不甚佳
B	空間夠大/水池太小太淺/價格平易近人
B	平實/房價/餐飲物超所值/
A	蠻舊的旅館/裡面常常傳出有人在唱歌/食物普普
A	服務好差/開遊覽車來也不幫忙下行李的/
B	新設計裝潢很棒/但停車不是很方便
A	服務還不錯/但隔音非常不好
A	買卷過去/沒一次泡到/早知不買了/浪費錢
A	加點檸檬紅茶/2個人來要錢
A	房價合理/住宿附免費餐飲
A	所謂酒家菜/菜色跟宴會菜差不多
B	個人湯屋/泡完有大床可休息喔
A	買餐券沒優惠/還會被質疑餐券來源
A	服務人員親切/但設備有點老舊/
A	浴室會滴水/隔音不好/
A	房間與設備都老舊了/
B	溫泉煮蛋很讚喔/房間舒適整齊
A	算是懷舊飯店了/但是有改裝/還算不錯
A	接了太多的大陸人/餐廳接待廳就像菜市場/
B	設備完善/當然使用的人就很多
B	熱海之歌拍攝地點/溫泉屬於公眾湯池/
B	浴缸比照片上看起來小很多
B	觀念正確的飯店/希望萌萌不要再崩潰了/雞年不要再腦了
A	服務尚可/早餐感覺不太精緻/
A	優惠價格還可以/新的裝潢還不錯
B	服務親切/物超所值
A	非常糟糕的客服人員/講話顛三倒四/擺明不想接客
B	有些重新裝修的工業風房間挺有特色的
B	飯店設施較為陳舊/但服務很好
B	北投知名溫泉老店/當然要捧場一下
B	友善店家能不推嗎/正面迎擊惡意抹黑/不逃避/大推
B	溫泉不錯價格不貴櫃檯服務人員親切
A	與之前比起來差太多了/現在貴菜又不好/
A	適合情侶泡湯休息/cp值高/
B	好好的飯店/因為反對而反對/萌萌們頭腦有病啊/
B	比想像中的好/很香的溫泉味
B	歡迎同志是包容/沒關係/我們挺你五顆星
A	温泉部份客房重新裝修較好/
B	傳統台式早餐/還不錯/
B	整修過後cp值不錯的溫泉飯店
B	支持婚姻平權/性別友善的商家/繼續努力/不要向惡勢力妥協
B	友善/重視客戶感受/不會對性取向歧視/是很好的店家
B	北投的老日式溫泉飯店/稍舊/但價位便宜/
B	店家對人權的支持態度肯定/相信其服務一定不錯
B	清潔阿姨非常親切/服務真的滿分
B	管理溫泉浴池阿姨服務親切
B	來這邊泡溫泉還蠻划算的
A	湯屋有點悶熱/不過蠻乾淨/
A	不錯/早餐豐盛/冷氣很冷/
A	用出溫泉卷/卻給的名額很少/爛透了
B	溫泉水質屬白湯非常的舒服
B	地道的酒家菜/魷魚螺肉蒜讓人念念不忘/
B	湯屋充滿車日式風情/超有Fu
B	湯屋泡湯/泡完很舒服
B	工業風格房間超有創意/很喜歡/
A	房間太小費用又貴老了
B	很不錯/房間算舒適
A	小湯屋/乾淨俐落/空間剛好
B	服務人員及打掃人員/都非常親切
B	地點好/雖然舊了一些/還蠻有復古風
B	水質有點與我想像中/不同/好似一般水質
B	不差/但沒對外窗/有點悶
B	環境舒適/溫泉品質不錯
B	內部有重新裝潢過
B	還不錯/就像一般的溫泉飯店
A	房間普通/隔音差/早餐普通
B	房間佈置不錯/乾淨/其他服不怎樣
B	很有老式飯店的風格與味道
A	泡溫泉比起身旁其它家便宜
A	泡溫泉不錯離捷運近
B	不錯的工業風設計/服務也很好/
B	網購湯屋優惠券還蠻划算的
A	房間隔音不佳/建築物老舊
B	會議活動兼泡湯放鬆的好地方
A	價格便宜/但環境些許老舊
A	設備老舊但價格合理/
B	老公覺得新型裝潢套房設計很棒
A	隔音不夠好/三樓是重新裝潢
B	有點老舊/但蠻便宜的
A	中等設備與服務/價格合理/
B	飯店泡溫泉附近公走走很舒暢
B	離景點近/穩穩的一家好飯店/
B	吹風機壞了/有請服務台換新的
B	有重新整修過/工業風的設計不錯
A	房間很不錯/但隔音很差
B	還不錯/價格可以再稍降
A	飯店有點老舊/泡湯池有點小
B	北投歷史最悠久的溫泉飯店之一
B	搭配折價券cp值算蠻高的
B	白磺湯屋環境衛生/空氣流通/
B	溫泉超濃/很舒服
A	湯的部分小了點/可是總體不錯
B	每逢週末/餐廳的自助餐總是爆滿
B	地點很好/環境優雅/靠近捷運/
A	早餐品質不好/看起來不衛生
B	這是一個非常有資深的飯店了
A	老舊而泡缸太小/附加設備不足/
B	多元的飯店/冬天溫泉更讓人身心溫暖
B	性別友善溫泉會館/給個推
B	日式老飯店/頗懷舊/
A	以為重新整理過會好些/
B	大眾溫泉池很棒
B	高cp值/服務人員客氣/講解有耐心
B	有點舊但價格實惠
B	悠閒又可以泡溫泉
A	隔音效果不太好/有點吵
A	裝潢太舊/桌子很黏
A	還可以/過年來還要另外加價
B	客服人員親切又有禮貌/
A	房间乾淨/有早餐/
B	好妙的一個地方/自助餐有那卡西駐唱/
A	老店新裝潢/還不錯品質好
B	年夜飯不錯/菜色豐富美味
B	東西好吃/又便宜/住戶價格親民
B	友善溫暖的溫泉飯店/非常推薦/
B	挺溫馨的室內設計/不錯/
A	以價位來說算ok了/
A	溫泉飯店/比較傳統式/
B	超讚/請不要畏懼臺灣反同反智的幼稚舉動/
B	泡溫泉泡到差點睡著/
B	邊用餐邊欣賞現場那卡西/別有一番風味
B	菜色真的不錯/又多種選擇
B	還不錯/沒很嘈雜/
A	普通/要求不高的話可以考慮
B	東西好像好吃/我們專題做這
A	價格還行/只是要排好久
B	老牌飯店/服務的阿姨很親切
A	便宜泡溫泉的好去處
B	服務親切/房間乾淨
B	提供非常傳統泡湯/酒家菜
A	晚上8/30就拒收客人有點誇張/
B	用餐/住宿/泡溫泉/一日遊/好地方
A	食物還可以/環境較老舊
B	感謝很棒/夜晚到處走走很有full
A	北投溫泉旅館的選項之一/老飯店/
B	不錯的泡湯地點
A	一間座落在溫泉區的老飯店
A	現在沒有自助餐只有套餐
B	古璞典雅服務親切態度誠懇
B	價格公道/放鬆一下/還是滿推薦的/
B	星級保證的溫泉大飯店
B	泡湯餐飲都方便/
A	電話服務超級無敵差
A	舊飯店但環境不錯/
B	算是物美價廉的好地方/
A	客服態度不友善/不會想去消費/
B	裝潢/價格/服務都非常的不錯
B	空間很大/唯獨光線較暗/
A	不錯/就是舊了一點/陸客多
A	櫃檯女服務人員/態度不好
A	有餐廳沒餐點
B	有溫泉
B	價錢便宜/地點不錯/離捷運近
B	溫泉泡起來很舒服
A	湯屋比想像中的小/有些失望
B	房間跟設施都很棒
B	很乾淨/有整理/物美價廉
A	設備老舊停車位不足
B	30年前的知名北投女陪侍飯店
A	可以泡溫泉/自助餐提供
B	不錯的飯店/乾淨舒適
B	老飯店/給人溫馨感
B	環境優美/聚會好所在/
A	泡溫泉/聚會的方便場所
B	設備老舊/但是經濟實惠
A	地點不錯/用餐環境佳
B	歷史非常悠久的溫泉飯店
B	再次感謝恐同團體到處推銷好地方
B	工業風的房間感覺不錯/
B	溫泉很舒適
B	日本友人來吃飯/KTV玩的開心
A	北區低價泡溫泉好去處
B	溫泉飯店/舒適/溫泉很舒服/
B	廣告十分前衛/且顧慮到少數客群
A	老飯店了/不過保養的挺好
B	訂席人員張先生服務很棒
A	平日泡湯還不錯
A	近北投公園/捉寶好地方/服務好/
B	員工熱忱/副總情義相挺/
B	泡湯的好地方/
B	櫃台小姐非常親切/很棒的/
B	泡溫泉/好地方
B	泡湯/放鬆還不錯
B	櫃檯親切/房間感覺
B	舒適價格合宜cp不錯
A	卡比獸熱點/泡湯兼抓寶/
A	硬體很糟/軟體也不佳
B	乾淨清幽不錯
B	男生大眾池/無言了
B	泡湯很舒服
A	地點方便但有點舊了
B	經典酒家菜/深具台灣特色
B	尊重多元/性別友善的好店家/
B	很乾淨/很舒適/
B	服務親切/環境優美
A	辦活動的地點/真的舊了/
B	白璜溫泉/服務佳
B	不錯飯店/泡的舒服
B	不錯/停車位少了點
A	東西普通/有唱歌的設備
A	環境乾淨/服務熱情/
B	還算乾淨/CP值不錯
B	服務親切/傳統氛圍/
B	很棒的泡湯體驗/
B	溫泉cp值很高
B	cp值高/服務親切
B	新北投站步行去酒店15分鐘到
A	很便宜的老舊飯店
B	平價泡湯的好去處
B	乾淨/服務態度很好
B	老字號的北投飯店/泉質優
B	溫泉不錯/其他尚可
B	北投的湯/泡的是回憶
B	交通方便/還不錯
B	乾淨/衛生/服務100分
A	很潮濕又加上黴味很重
B	老飯店但很乾淨
B	環境乾淨/服務親切
B	價格合理/老傳統fu
A	沒停車場
B	老飯店/品質還可
B	湯屋很悶喔
B	溫泉水質/超棒
B	泡湯環境不錯
B	周遭環境優美價格親民
B	杯子沒洗乾淨
B	親切/服務周到
B	好吃也沒有很貴
B	餐不錯/價位合宜
B	支持多元友善的好飯店/
B	團購泡溫泉/不錯
A	比較老舊的溫泉飯店
A	阿婆會記錯時機打電話催
A	設備不錯/服務親切
B	泡溫泉好去處
A	態度爛到想罵髒話/爛死了
B	服務不錯/設備老舊
B	好吃的酒家菜/親切的服務
B	服務人員態度甚佳
B	溫泉很舒服
B	實泡的好地方
B	還不錯的泡湯勝地
B	可以泡溫泉和吃早餐
B	泡溫泉很不錯哦
B	有服務熱情的老飯店
B	泡溫泉/好/
A	還行
B	溫泉水很讚
B	還不賴/物超所值/
B	環境優美/服務周到/
B	萌萌不理性的圍攻/不可取
A	大眾池很髒/
B	還不錯/服務很棒
B	酒家菜/手路菜/內行就知道
A	服務態度有待加強
A	7樓房間略陳舊
B	設施不錯的溫泉飯店
B	大眾池設備完整
A	設備老舊
A	服務一般/常常沒位子
B	服務親切/環境好
A	一個字/騙/
A	老飯店/濕霉味重
A	櫃檯小姐態度極差
A	價昂的好餐廳
B	不錯/之後還會再來
A	早餐超級爛的
A	服務態度不好/
B	工作人員服務非常好/
A	價錢便宜/老飯店/
B	萌萌崩潰/94ㄕㄨㄤˇ
B	湯屋超讚啊
B	有溫泉套房
B	服務好/舒適
B	房間乾淨舒適
B	性價比高/讚
B	房間乾淨舒適
B	有些菜喜歡/有些菜不喜歡
B	不錯/很親民
A	湯屋還可以
B	態度和善/食物新鮮
B	翻修後真是太贊了
A	不推薦/管理很差
A	住宿品質不太好
A	餐點不怎麼好
B	觀光客不少喔/
B	北投熱海大飯店來洗溫泉
B	日據時代/懷舊感
B	溫泉的地方讚
B	有大陸的五星旗飄揚
A	設施有點老舊
A	冷氣像賓儀館的冷氣/
A	老牌飯店該有都
B	泡溫泉的好地方
B	用餐環境不錯
B	歡唱/好吃/便宜/
B	不錯跑溫泉
B	北投最大型的遊覽車飯店
A	早期黑狗兄的溫柔鄉
A	便宜/有停車場/
A	房間爛/早餐爛/爛
A	餐飲價錢合理
A	飯店有點老態了
A	很舊/算是便宜
B	自助餐價格實惠
A	開發房間很少
B	要用團購券
B	北投的老牌溫泉旅館
A	便宜/湯屋大
B	還不錯
B	東西還不錯/
B	打掃阿姨很棒
B	老飯店新裝修
B	北投溫泉泡湯
A	很有年代的飯店
A	有停車位
B	泡溫泉的好地方
B	經濟實惠
A	冷氣不涼/
A	設施太舊
A	感覺舅舅地/
B	我們沒有不一樣/
A	離捷運站很近
B	溫泉卷划算
A	停車位太少
B	歷史悠久的老飯店
A	老舊
B	CP值蠻高的
B	乾淨/舒服
B	經濟實在
A	隔音很爛
B	價格便宜/舒適
B	讚/不錯的地方
A	歷史悠久的飯店
B	讚/
A	享受硫磺味的溫泉
B	北投老牌溫泉飯店/雖然小舊/但很有保障/大眾浴池為裸湯/一人300元/挑對時間來有機會包場/需自備毛巾/若要另外買/毛巾組一套150元/泉質超棒/結帳時多給櫃檯100元/服務人員還特地追下來還/誠實又貼心/大加分/
A	有黴味
B	溫泉好地方
A	服務態度不佳
B	餐廳視覺享受
A	還好
B	推性別友善空間
A	由夠麻吉買泡湯卷/2次去/一次因部分人放連假人多要等/算了/第二次平日也要等/2次最後去別家都還有空房/因此感覺很差/
B	泡湯好地方
B	覺得不錯/
A	有2歷史
A	房間太老舊
A	櫃檯態度差
B	友善舒適的好飯店
A	最大優點便宜
B	乾淨整潔
A	看看溫泉飯店
B	棒棒/這個地方客人素質經過篩選/心地真正善良/推薦給大家
A	/
B	服務品質不錯
A	服務尚可
B	不錯/讚
B	泡湯好所在
B	/
B	乾淨老飯店
B	服務還不錯
A	價格與品質不符
B	房間乾淨/
A	接待人員親切
B	友誼商店補補血
B	北投優質老飯店
B	價格便宜
A	有點小
A	溫泉讚
B	還可以/
B	回溫少年的回憶
B	看起來不錯
A	老牌溫泉旅館
A	自助餐不錯
B	舒適
A	服務人員親切
B	裸湯/新北投
B	還不錯
A	滿爛的
B	性別友善店家/
A	東西不錯吃
A	冷氣不冷
A	之前陸客很多
B	服務人員親切
B	乾淨舒適
B	泡湯不錯
A	外表老舊/
A	白色大沙灘/天ㄚ
A	北投泡湯首選
B	還不錯
B	還不錯
B	價格實惠
B	服務親切
A	房間很小
B	氣氛好
A	老溫泉飯店
B	沒有冷水
B	環境舒適幽雅
A	餐點普通
B	CP/質高
A	房間太小了
B	很老的飯店了
B	溫泉很棒
B	泡湯很棒
B	乾淨
B	不錯
B	不錯
B	乾淨
A	有點老舊
B	喜歡
B	老店氛圍
A	有點年紀了
B	環境很好
A	還好
A	還好
B	服務好
A	還不錯
B	服務親切
A	泡湯
B	要預約
A	還好
B	很不錯
B	環境不錯
A	還可以
B	路過而已
B	還可以
A	路過
B	很棒/謝謝/
B	價格合理
A	洗溫泉地方
A	態度很差
B	不錯/
A	比較老舊
A	還好
B	還可以
B	舒適
B	經濟實惠
B	環境不錯
A	態度很差
B	服務好
A	老牌溫泉飯店
A	陸客很多
A	不錯
A	隔間不好
A	待客有禮
B	舒適
B	乾淨舒爽
A	車位太少
A	新北投裡的老飯店
B	環境很棒
B	溫馨舒適
B	天冷泡溫泉
B	實惠
B	溫泉
B	服務很好
B	適合情侶
A	吃粗飽
B	服務親切
A	不優/
A	北投的老飯店
B	食物不錯
B	環境好
B	來游泳
B	老牌的飯店
B	舒適的飯店
B	優質飯店
B	人間仙界
B	/
A	便宜的飯店
B	熱海棒哦/
A	路過/
B	泡泡溫泉
A	北投老飯店
B	戀戀北投
A	還om
B	太熱門了
A	舊舊的
B	溫泉區
B	友善飯店
B	好房間
A	老飯店
A	之前我都是一個人來泡有房間的湯/今天再來/櫃檯堅持我記錯了說不可能接待一個人入內/堅持要我去泡大眾裸湯/我也堅持我之前真的有一個人來泡過/櫃檯就是不斷跳針/你記錯了/不然你去山樂/你記錯了不然你去山樂/你記錯了不然你去山樂/你記錯了不然你去山樂/論湯值/是很/的/
A	由於進入台灣的強制隔離/在這裡住了/7/晚/我對房間感到非常失望/舊的/臭的/總是能聞到其他房間有人在吸煙/床的質量很差/浴室壞了等等/沒有所謂的客戶服務/工作人員根本沒有幫助並提供了一些外交回應而不是試圖解決問題/
B	我在隔離期間在這裡住了/15/晚/就檢疫酒店而言/我對熱海酒店非常滿意/景色很棒/窗戶也很大/房間裡有一個浴缸/總是很放鬆/最後/我得到了足夠多的補給品/讓我度過了隔離期/包括咖啡和茶/
B	在地下一日遊溫泉中洗個澡/天很黑/但有氣氛/我認為彈簧的質量很好/我去時那兒空著/但是它很小/只能容納10個人/所以如果人滿為患/那可能是個問題/
B	旅展買8800的餐券/食材用的不錯/算很豐盛/服務人員很親切熱情/但口味一般般/買了2/5小時的泡湯券/櫃台態度不錯/當時雙人房滿了/就免費升等四人房/房間沒有任何裝飾/勉強算工業風吧/印像中就是整片的單調水泥牆壁/床單枕頭都很乾淨舒適/浴池稍嫌小/該有的清潔沐浴用品等等都有/乾濕分離/整體而言還可以/
A	我們在一日遊中在地下室使用大型公共浴池而不是住宿/使用時/2小時內費用為300元/前台可以付卡/地下室的大型公共浴室的前台附近設有一個帶鎖的儲物櫃/浴室裡有衣服和毛巾架/解鎖/這是一個可以裸露的溫泉/熱水是白樺樹/沒有味道/因為它在黑暗的地下室/服裝中含有洗髮水和沐浴皂/但你應該帶上浴巾和身體毛巾/沒有烘乾機/
B	一日遊地下公共浴池/使用時的費用為300元2小時/卡付款是可能的/公共浴室是日式風格/裸體/一個像圓形游泳池的大浴缸/和Oshinoyu一樣的熱水/溫度約為41度/有一種堵塞的感覺/因為它在地下/天花板不高/洗手間裡有一塊肥皂/更衣室將行李放在架子上/因此貴重物品存放在浴室接待處的儲物櫃中/你需要帶一條毛巾/沒有飲料或烘乾機/一位愉快的女性工作人員經常來看我們/
B	經常用於團體旅行的酒店/我覺得有很多日本人/中國人和韓國人住在酒店/我在公共汽車上使用了這家酒店/但直到我到達酒店的城市景觀就像一個日本的溫泉小鎮/我不覺得我在台灣/停車的地方很寬/大約有4輛車可以停車/所以我覺得這適合大團體旅行/大堂也很大/由於只有三部電梯/如果一個團隊立刻進入/它將會非常擁擠/一樓有一家餐廳/但這也是11樓的大型大廳/我也發現了其他人的評論/但晚上有很多人吵鬧/每天都很吵/直到12/00/雖然它是在學校旅行中使用的/但我覺得它有點吵/但我從旅途中感到很累/並且能夠馬上入睡/有一個溫泉/但直到晚上22/30才使用/
A	我們作為團體旅遊團來到了7樓/房間很大/但非常基本/房間看起來仍然像是在70年代被卡住了/壁紙的邊緣/是牆紙/折疊起來/需要進行一些嚴肅的翻新/在我看來/房間很冷/沒有恆溫器可以改變溫度/浴室是基本的/需要更新/自助早餐非常傳統/有當地的選擇/但沒有洲際/我們在這個地方沒多久/所以我們很高興繼續前進/
B	我沒有呆在溫泉里/我早上去那裡/從10/00開始營業/從10/00開始使用/那是周末的早晨/但是洗澡的人只有3/4人/2小時之內是300TWD/如果您下到地下室/它就像一張沙發/還有一個更衣室/您可以在其中放一個簡單的行李/如果您先穿上鞋子/那麼這裡有個浴缸/並且旁邊還有個房間/您可以在那裡打扮/我給你戴了一個發帽/放在浴室裡/因為在更衣室裡沒有吹風機/我感到很尷尬/幸運的是/我從公共浴室出來/看著右邊/它只用中文寫/所以我不能寫/
A	我住在一個洗澡的房間/在前台有能說日語的人/非常善良/兩個人的房間有點小/沒有桌子就不方便/房間很乾淨/但我感覺很老/巴斯是相當不錯的熱水/因為不是Ayu/所以第二天早晨我去了溫泉/但是因為我沒有步行1分鐘所以很方便/早餐主要是基於食物/但有很多類型的沙拉是很好的/觀眾主要來自中國/但日本人並不多/禮儀不是很好/但它在我能忍受的範圍內/
A	忠心建議要買假日團購網泡湯卷的人/千萬不要買/因為會花了錢但泡不到/本週末去/告知說都住宿滿了/無法泡/現在還不是冬天/那到了冬天那還得了/排到民國幾年都排不到/花了錢還要看你店家有沒有空房/等周末有空房/等到天荒地老吧/好在gomaji能退費/
B	溫泉的質量很好/衛生紙可以洗的酒店/br/增加距離台北車站30分鐘車程從東京30/40分鐘到箱根和湯河原的溫泉去感覺要去國立故宮博物院和士林夜市方便/br/靠近淡水/br/自助早餐豐富美味/br/您可以在接待處講日語/您可以直接從日本預訂/Otoya/Mos/Burger和Seven/Eleven就在附近/它排成一列/看起來像一個日本溫泉小鎮/
A	11月4日又去了熱海大飯店/感覺沒有前兩年人潮洶湧/應該是陸客來台數量銳減所致/不過住宿就方便許多/不用預定即可入住啦/菜色偏重於台式/如佛跳強/櫻花蝦米糕/等傳統菜/不過遺憾的是/大眾泡湯池位於地下室/擔心空氣流通不良之虞/總體感觀還不錯/給他評3星半哦/
A	成人日元洗澡約1000日元/沒有桑拿浴室/露天浴池或水浴/只有一個浴缸/彈簧質量看起來不錯/它有點貴/設備有點/但公共浴池很少/
A	A/地理位置/飯店位於週邊景點的中間/要去地熱谷或北投公園等等都方便/吃東西的話附近只有7/11/其它飯店的餐廳和簡餐店/要吃比較便宜的晚餐要稍微走一點路到麥當勞那邊附近/B/飯店/1/飯店正門的停車位不多/建議早點來飯店/不然就要停到比較遠的地方/2/房間冷氣不能調溫度/只有三段式風量可以調/不時會有霉味和抽煙味/可見只要有某房的拉基在那邊製造味道或是抽煙/就會影響其它房間的人/此外隔音很差/3/房間的玄關感應燈有點故障/明明沒人也會自動亮/導致半夜不時會亮來亮去的/要是很信鬼神的人/心裡應該會毛毛的/不過可能只有我那間房間會這樣/4/早餐是很陽春的中西式/以住一晚1700附早餐的價位來說算是可以接受/有烤吐司機和抹醬/花生/巧克力/草莓/和奶油/稀飯/乾飯/饅頭和豆漿/菜脯蛋/麵筋/醬瓜/菜等等/莎拉和咖啡/5/櫃台人員和餐廳人員態度都很熱誠親切/讓人感覺很不錯/
B	如果你只說前台洗澡/它會告訴你菜單/我經歷了日語/浴缸300美元/毛巾120美元/我不會藉給你一條毛巾/浴室位於地下室/這是一個多雲的溫泉/
A	朋友接待員/舊房間設施/吹風機壞了/房間裡難聞的氣味和大量的水分/早餐有很多選擇/牆壁的隔音效果不好/
B	房間浴室也很舒適/非常適合那些通常只有淋浴的人/公共浴室是黑暗的/有點熱/但沒關係/我的心臟和身體都在變暖/所以對台灣居民來說很好/但我很期待這個月/
B	雙人溫泉泡澡間很大/但浴盆很小/二人勉強可泡/太胖就不行/
B	不錯的酒店/房間內有私人溫泉池/靠近所有旅遊目的地和北投鎮/只是有點傷心/空調只能調節2種風的大小/我想知道為什麼/
A	星期日晚上租用湯屋/NT/700/1/5/小時/房間略嫌昏暗了一點/乾濕區沒有明確分野/不過/這個價錢比起山下其他溫泉會館平很多/所以不能太過苛求/
A	公共浴池是最糟糕的/更衣室狹窄/架子破爛/地板上的水泥又冷又滑/排水不暢/所以我再也沒有去/
A	差評/不要買團購券/不能事先預約要現場排想說週一人應該會比較少特別請特休前往出發前約11點還去電確認1點多到說沒有湯屋了要排到晚上7點半了/後來看了很多的評價也是如此真讓人有覺得受騙的感覺才覺得如果沒有釋出這麼多的團購券房型是不是有其他的解決方案因為是/大飯店/而不是讓人白跑一趟影響出遊心情/
A	浴室內的浴室/淋浴/是溫泉室和非溫泉室的混合體/在預訂時確認/公共浴池是一個溫泉/但是在日本上午10點和早上10點都不可能想到它/所以它不適合計劃享受台北夜市的人/早上洗澡計劃/我沒有進入溫泉就離開了住處/無論是否來自大陸的集團客戶/走廊都成為世界上相當的公共空間/我們放棄吧/
A	Aircond不可調/老舊房間/舊門鎖/早餐使用沒有勺子/然而/浴缸中的熱水加熱非常快/可能使用溫泉水/
A	僅使用溫泉/被稱為著名的房子/但是/當您想到韓國人認為的澡堂時/這是一個很大的錯誤/1個帶4個淋浴的溫泉浴/這是一個分為男性和女性的公共浴池/我認為水真的很好/即使您洗完澡後不使用護膚霜/也不會出現這種現象/
A	老牌的北投溫泉飯店/它最大特色應該算是價格便宜吧/與其它附近的溫泉旅館相比/靠近馬路的部分有重新拉皮/所以外觀上看起來還可以/內部也有做一些裝修/算是經濟的住宿選擇之一吧/
B	過去/這是一家豪華酒店/現在很舊/設施很舊/但溫泉很好/因為公共浴室也在地下/所以應該改善通風/我覺得員工和經理的想法也很老/
B	優秀的酒店/熱情的心和周到的服務/僅僅因為酒店支持平等婚姻而只評價一兩顆星的Thouse/所以如果您是尋找住宿地點的外國人/這家酒店非常適合您/不用擔心只需預訂/房間很棒/價格合理/你不會後悔/
A	剛開始在check/in時/櫃檯人員說將我們的三小床升級成三大床/原本很高興很感激/沒想到剛進門就整個大破滅/老舊的櫥櫃與梳妝台/掉漆的模樣不禁讓我想起外婆家的老傢俱/斑駁的壁紙/不僅灰灰髒髒/還被摳了幾塊下來/這不禁讓我想到電視上看到的靈異節目場景/想說至少床是乾淨的/就也勉強住下來不敢再多想/後來還發現門無法密合/開始洗澡時才是噩夢的開始/牆壁與浴缸/鏡子的角落/藏汙納垢/還有發黴/盯著那些黴漬/洗臉洗到都快吐出來/上廁所上完要沖馬桶/彎下腰來要按沖水按鈕/居然看到排水孔積滿黑色的東西/我不敢再多看一眼那是什麼/連忙趕緊拿起吹風機吹頭髮想趕快出去/剛按下吹風機按鈕/它發出刺耳的噪音/我拿起來看看是不是壞了/居然看到吹風機裡堆滿灰灰髒髒的汙垢/我差點暈倒/但也只能勉強用它吹乾一頭濕髮/幸好一開始的噪音/用了一下後就沒了/只剩下吹風機原本的聲音/不然我很擔心會不會漏電/隔天早上有一群人在走廊大聲喧嘩/房內聽的一清二楚/隔音超差/不過退房時有經過其他已打掃完的房間/從開開的門望進去/感覺很明亮舒適/乍看下也算窗明幾淨/跟我們這間差很多/不知道是因為六人房較少人住所以不常打掃/還是有其他原因/隔天一早的溫泉還算舒適/所以有加一點分回來/
B	一個不錯但有點時尚的溫泉酒店/員工很樂於助人/如果你住在這裡/你可以訪問免費溫泉/它是男/女分開的/您也可以預訂兩人或一家人的私人溫泉房/它只需700美元/
A	服務很差/前台不禮貌/特別是通過電話/溫泉很常見/晚餐/早餐的食物還可以/如果您不希望打掃太多/房間很舒適/公共溫泉很髒/地面和浴室/大失望/定期的較小的台灣溫泉會更好/這是為中國遊客團體製作的/6/10室/溫泉5/10/服務2/10/食物3/10/
A	我們只嘗試了位於酒店地下室的溫泉/兩小時費率為300新台幣/溫泉池面積約為4平方米/可容納5人入住/任何超過5的東西都意味著你可能已經與某人武裝成武器/沒有飲用水設施/
A	積極的/友好和包容的工作人員/運作良好的電梯/乾淨/負面/狹窄的空間/CR氾濫/沒有淋浴門/沒有車身鏡/非常差的照明/非常弱的互聯網/小床/難以調節空調/
B	我們使用了一日遊溫泉/但設施有些陳舊/但首先是美麗的/雖然溫泉太寬而且不寬/但它還是不錯的/我認為價格比北投溫泉的平均價格便宜/而cospa則更好/
B	公共溫泉到目前為止/這是街上酒店中最便宜的/它的公共性要比通往公共浴場的溫泉少/截至目前/熱海的公共溫泉1/5小時為300新台幣/裸/我非常喜歡它/也帶上自己的毛巾/
A	不好的酒店/沒有空調/房間就像一個冰盒/毯子是想的/感冒2晚/酒店很舊/工作人員每天早上都無視/在走廊里大聲說話/今天搬出1/1/2018/
B	它看起來很復古但非常有意/接待人員很友好/位置很好/不要/不要指望公共浴室/我喜歡房間裡的唐/放兩個蠟和濕巾/通過透明窗口/
B	可愛的小酒店/漂亮的溫泉池/房間裡有一張大床/我需要和我們一起睡11個月/
A	作為一個4人的房間/它的浴缸比它應該小得多/但我們對乾淨整潔的設施非常滿意/
A	房間的舒適度還可以接受/但公共的女湯溫泉有約20人在一個只能容納10人的池是不太好了/
B	老但可愛的酒店/雖然步行距離有點遠/但可以坐在河邊/工作人員友好而流利的英語和普通話/
A	酒店很漂亮/火山口有熱水/早上河水流經它/溫度相當高/
B	來這裡享受私人溫泉浴/價格合理/房間很棒/我強烈推薦這個在公共場合/
A	根本不是很好的溫泉體驗/從gomaji預訂/以下是春天房間裡的實際照片/您可以自己判斷/
B	享受溫泉/如果你去看這個/它很快就會到來/這就像有班車/它很乾淨/水真的很好/它持續超過2個小時/我一到那兒/取一些水/洗淨/休息/丟棄水並再次清洗/好/
A	這家酒店肯定需要更新他們的房間/床很難/而且過時了/但周圍有美麗的北投環境/
B	這是一個簡單的私人浴室/天然的乳白色熱水很好/
B	溫泉也倒在房間裡/隨時隨地都可以隨心所欲/客戶服務很好/每個人都在微笑/
A	飯店空間很大/萊盤也多/但補料非常非常慢/整間餐廳的菜盤看起來非常空洞/是否是老飯店的關係/人員一切步調也都慢下來/
B	走累了進來泡泡湯消除疲勞/小湯屋乾淨雅緻服務人員親切且不會過度幹擾/消費過程舒適滿意/
B	吃的是菌類和麻辣鴛鴦鍋/個人感覺有些淡/不夠鮮/不過可以加辣/建議鍋底加些鹽比較好/
A	我們預訂了帶熱水浴缸的私人房間/非常基本的NT/600/1/5小時/
B	早餐不是很好/但房間就是這樣/你也可以使用它/工作人員很樂於助人/
B	在這裡泡溫泉真的好舒服/還可以有自己專屬的2人溫泉房哦/
B	漂亮的酒店/熱礦泉水/您可以在自己的房間洗澡/非常適合家庭入住/
A	早餐更加當地/這是一個有3張床的房間/但它真的很大/因為是冬天很冷/溫泉有點溫暖/
B	溫泉也很好/這是一個寬敞的房間裡有三張雙人床的大房間/
B	一天洗澡400元左右/
B	溫泉是最好的/真是太愉快了/我想再去那裡/
A	酒店歷史悠久/房間有點過時/但我認為以自己的方式保持這一點並不重要/
A	據說有一個公共浴室是裸體的/但令人失望的是它像一個免費的秘密浴缸/
B	兩週前去過/缺點是生意太好/非假日的下午都要排隊半小時左右才有房間/
A	它很舊/房間裡沒有保險箱/大型公共浴室很窄/沒有儲物櫃/
B	當我在台灣Kagaya遇到麻煩時/我在私人浴室裡洗了一個小浴缸/我希望你沒事/
B	這家酒店位於胡同深處/非常安靜/在這裡您可以看到該地區附近的老房子/
B	從高雄回來後/享受溫泉水浴2小時/令人耳目一新/
B	舒適的房間/乾淨/相當/柔軟的床和溫暖的天氣/睡不著覺/醒來時精神煥發/
B	房間很寬敞乾淨/溫泉很好/
A	去溫泉/關閉/走路累了/
B	地下室有一個溫泉浴/您可以裸身進入/
A	隔音差到爆/想休息一直被吵/吵到很火/
B	舒適/舒服又乾淨/乾淨舒適/喜歡它/會再回來/
B	Cp值高/池子舒服大/
A	房間很舊/酒店照片很傻/這很糟糕/不會再呆在這裡/也不會推薦它/
B	水含有2/的硫/適合放鬆身心的溫泉/
B	建議使用像洞穴一樣的室內浴池/我認為彈簧的質量很好/
B	很棒的地下浴室/房間有點冷/鎧甲好/
B	在一日遊中使用/流動的白硫源/而且質量很好/
A	大約30多年前去的地方/但如果說什麼的話/我不願意在沒有涼鞋的情況下淋浴/
B	有點陳舊/但對價格有好處/
B	知名老牌飯店/服務員素質高/
B	第1天/提供清真食品/美味的食物/穆斯林友好/謝謝/
B	很棒的溫泉和漂亮的房間/但早餐可以改善/
B	很不錯的溫泉水/很放鬆/
A	這是一家大酒店/雖然有點舊/但是溫泉水很好/
A	資深溫泉飯店/買團購券較划算/
A	去那裡參加會議/歷史悠久的設施/很舊/但可以接受/
B	我花了兩週時間在1200韓元/週末使用優惠券/
B	我喜歡這家酒店/一定會回到北投/
B	床墊很硬/早餐很正常/
A	這是一個浸泡在充滿當地溫泉水的浴室的好地方/
B	一晚住在這裡/這是一個不錯的酒店和良好的客戶服務/
B	看我的心情/要不要去/
B	這裡不錯/適合短暫休息或旅行/
A	沒有泳裝/價格合理/
B	豪華酒店/可愛的員工潔淨室/
A	普通客房的溫泉很好/
A	溫泉和日本一樣好/
B	好溫泉w新重新裝修的房間/
B	很濃的溫泉/
A	住宿很平民化OK/
A	我被允許使用一天的溫泉/
B	泡溫泉/吃/住宿/逛街/散步/爬山/全/
B	除了人多等的久/其他都很好/
B	長途飛行後如此輕鬆的沐浴/
A	晚上10點關閉溫泉/房間很髒/
A	前台需要更多學習如何對待客人/
B	地下一層有溫泉/裸泡/
A	一年前/邊境價格上漲了10美元/
B	很棒/CP值很高/
B	這裡有一個體面的酒店和宿舍/
A	非常糟糕的服務/服務超差/
A	房間老了/但周圍的場景非常好看/
B	有古早味的酒家菜/
A	隔音太差/小孩吵到11點/
B	偉大的私人溫泉帶給你的愛/
B	溫泉是最好的/
B	好o溫泉更好/
A	還好因首次來/
A	老客人/不舒服/
B	好吃新奇又好玩/
B	好泡/
A	它價格實惠但很舊/
A	這是嚴肅的/你有你的隱私/
B	可惜/排不到位子/
B	好猛/
B	泡溫泉還不錯的地方/
A	霉味很重/
B	還不錯/
B	熱水感覺很好/
B	住宿/用餐都ok/
A	普通/浴池小/
A	糟糕的酒店/你得到的價格昂貴/
B	防疫飯店/
B	裡面有溫泉/
A	不錯/
A	它不像溫泉/
B	酒店不好/
B	便宜又大碗/
B	CP值很高/
B	很棒/
B	很棒/
A	台灣歷史悠久的溫泉/
B	好的/
B	多元友善的好店家/
B	好/值得去/
A	有霉味/
B	一天溫泉熱點/
A	隔音真的不好/
A	隔音很差/
A	捶打/
B	好地方喔/
A	溫泉還可以/
A	不好/
B	好的/
B	瘋狂的穆斯林酒店/
A	只/
B	CP值高/
A	浴池太小/
B	老的有味道/
A	很吵/
A	尚可/
A	古德/
B	老店/
B	Cp值高/
A	老牌的溫泉飯店/
B	非常棒的服務/
A	齁/
A	方便/
A	普普/
A	隔音很差/
A	不太好/
A	需要改善/
B	好的/
B	哈哈/可以啦/
A	這裡沒有價值/
B	很舒服/
B	Cp值高/
B	好的/
A	到處都是中國遊客/
B	Yuya/Aoi/
B	好的/
A	方便/
B	好的/
A	好的/
B	很舒服/
A	老牌名店了/
A	很爛/
B	可接受/
B	好的/
B	萩/第一次/
A	溫泉酒店/
B	自在/
A	交通方便/
A	普普通通/
A	很普通/
B	吃尾牙/
B	很好/
B	很享受/
B	走走散步/
B	啊六很多/
B	溫泉/
B	古色古香/
B	我喜歡/
B	不錯哦/
B	靠近源頭/
