B	這間飯店兩個月內住了三次/第一次入住兩單床/第二次一大床/第三次三人房/明天還要入住第四次/優點頗多/1/花園柑仔舖/吸引孩子大人的零食區/入住時櫃檯會給予小透明袋/可到飯店旁的Thai咖啡餐廳拿取零食/飲料/第一次入住時缺很多種類/幸好房門大哥哥熱心來補貨/孩子們拿得很開心/2/房間乾淨/地板非地毯/很加分/3/浴室免洗馬桶/乾濕分離/浴缸/前兩次入住是石子正方形深的浴池/小而美/淋浴在旁邊/第三次三人房是白色長的浴缸/得站在裡面洗/先生表示喜歡石子浴池/這每個人喜好不同/4/親子友善/孩子12歲以下不佔床不收費/但早餐要費用/265元/人/飯店會員再折扣一下/224元的樣子/有點忘了/5/服務人員親切/電話裡也非常有禮/印象中還有幾位很漂亮的櫃檯小姐/超甜美的/男服務人員都很英挺/是不是有挑過呢/6/位置點還不錯/右斜方是家樂福賣場/有餐廳/麥當勞/迪卡儂/foodpanda/也很多選擇/對於我們帶小孩的很方便/走路去西門町/萬華車站/龍山寺/都可以唷/7/早餐算好吃的/第二次有新鮮西瓜汁/第三次有滷牛腱超好吃/第一次有香蕉軟糖/後來都沒有了/8/小美犀太好玩了/可以智能控制整個房間/住高樓層可以看台北市景/很愛面對總統府那一面的/缺點/停車位是個硬傷/晚到就很難有停車位/每次入住都暗自祈禱能有位子/備品有改變/私心比較喜歡第一次入住的義大利品牌/我家兩個兒子都很喜歡這間飯店/推薦給大家/
B	從booking網站訂購尊爵雙床房/2/6入住/2/7退房/一進到飯店就有人員迎接/很快地安排好住宿/可惜的是騎摩托車沒人權QwQ沒有辦法免費停車/只能停路邊/收取20元繳費單/櫃檯人員說因為什麼安排的/有幫我們升級/其實我不知道是哪裡升級/好像床比較大張的樣子/進到裡面設施都不會讓人失望/可以看Netflix/YouTube/可惜沒有Disney/plus/住的樓層是在12樓最後一間/男友說邊間好像不太好/雖然我覺得沒差啦/進去窗戶很大片/天氣好的時候/視野會蠻不錯的/沐浴乳/洗髮乳/香味都很特殊/浴缸看起來很小/但兩個人綽綽有餘XD水放的很慢/需要提早去放/但溫度維持的很好/一小時之後再去水都還是很熱的/浴室廁所設備看起來都很乾淨/沒有怎麼污漬/水溝/但是床上真的/棉被似乎有一些黃黃的小點點/不過沒有什麼影響/一躺上去就完全不想離開/不確定是我不會用還是/好像沒有暖氣/早上睡醒快被冷死/第一次用訂房網很不知所措/也不能退房/沒有做好功課就預訂了/但真的不辜負花園大飯店這個名號/整個體驗下來還是值得五顆星/周圍的交通便利/家樂福/西門町/走路過去都很方便/內容物也是令人滿意/2519一個晚上十分值得/能泡澡/逛街/還有古早味糖果餅乾飲料免費索取/床也超級舒服/下次有機會會想要再訂房٩/௰/و
A	對於一客550元的五星級飯店的早餐而言/台北花園大酒店饗聚餐廳的早餐是可以一試的選擇/過去最喜歡的周末早午餐是六福萬怡酒店的旭日餐廳/可惜他們最近成為防疫旅館/早餐暫時沒有對外開放/這裡的菜式/配合國內旅遊南部來的團客/有許多比較偏南部口味的菜色/熱食中的焢肉大推/口味不會太鹹/口感軟嫩/不用配稀飯/也可以連續吃下好幾塊/炒時蔬的蔬菜/以青花椰和白花椰為主/懷疑是冷凍蔬菜/失去蔬菜應有的青脆口感/還好生菜沙拉的菜式多元/配料和醬料也很豐富/五星級飯店早餐最重要的是現煎的荷包蛋和炒蛋/這裡的荷包蛋煎得比較隨便/感覺上只求有/不求是否美味/惟一有現煮的切仔麵攤/湯頭平淡無奇/其他餐點/如甜點和餐包都表現中上/比一般較高檔的商務飯店好一些而以/註/連續兩周內/二度造訪/很遺憾/沒有上次好吃的滷肉/服務態度也很差/顯然品質管控有很大的問題/不會再來了/
B	很喜歡這家飯店/床很大/床墊Q彈超好睡/清潔很確實/孩子的過敏沒發作/浴缸雖小/但一個人也夠泡了/淋浴間水壓超強/夠熱/停車場管理人員及大廳的工作人員服務很好/一個眼神就會自動過來詢問是否有需要協助的地方/真的很優良/CI後會給零食袋/依照住房人數/讓你把零食裝滿滿帶走/也有水果醋飲和汽水/進房後/兩張床還各放一包乖乖/很怕房客吃不夠/離捷運用走的還是有點距離/如果飯店的接駁巴士班次能再多一點就更好了/
A	幾天前的住宿經驗/可說是蠻糟糕的/房間剛進入時看來都很好/但漸漸發現一些嚴重的問題/第一就是淋浴間/淋浴門鬆脫一直喬也關不起來/淋浴完水都流出外面/水龍頭架嚴重鬆弛/水龍頭都無法架好固定/水龍頭亂噴/配合關不起來的淋浴門/洗個澡提心吊膽的/洗手台水超強/偏偏洗手池很淺/洗個手水就噴滿地/室內燈光看起來還可以/但實際使用一堆問題/床頭壁燈讓電視嚴重反光/偏偏又無法單獨關掉/還要透過三小/小美犀/聲控/超級傻眼/搞什麼花招/要睡覺了連關個壁燈都要打去問客服搞清楚怎麼關/用直覺的按鍵關燈也沒法/莫名其妙/還有房間隔音極差/晚上九點前聽到樓下宴飲唱歌的聲音不說/門看起來十分厚實/但隔音效果極差/附近房間關門開門聽得一清二楚/不/應該是十分大聲/整體來說/問題十分多/住宿經驗不好/可說是金玉其外/敗絮其中
A	2顆星給的是房間真的還不錯/櫃檯服務和飯店政策很糟/1/從一到飯店沒有停車位就很氣/問了櫃檯伍小姐/她先問我使用什麼平台訂房/一聽到天成明星三不缺一住房卷/就說沒有保留車位/如果車位額滿要自行在附近找自費停車場/這樣的問法不禁讓人覺得有差別待遇/而且態度就是妳自己想辦法/沒有就是沒有/上次入住天成飯店也遇到同樣問題/但天成很有誠意的給了週邊停車場四個小時免費停車券/2/因票卷規定只能加價升等三人房/我們是二大二小/只能加一人入住880元/附早餐/及另加一客孩童早餐220元/但櫃檯說住房的880和早餐的220要分開付/不能/合併使用1000元面額的國旅卷付費/因為國旅卷只能用在住宿上/我說那餐廳不隸屬你們飯店嗎/他說沒辦法我們餐廳和住房的帳是分開算的/我說那你們可以開立剩餘面額的單子讓我去餐廳補早餐價差/他說我們沒辦法/我受到的員工教育訓練就是這樣/又是一個態度堅定的員工/哈哈/天成飯店是住宿880/孩童早餐260可以一起使用國旅卷結帳/因為很累了/真的不想再影響心情就算了/只能說花園飯店的員工訓練真的很有素/高姿態的回應方式真的做得很到位/對了/我們晚上6/30到的/最後爸爸在8/15才停到車位/住了華山町/天成/花園/總結一下/華山/沒有停車場/房間算新/比較像青年旅社/早餐樣式少/天成/有停車場/房間設備非常老舊/吃的種類可以但不美味/花園/有停車場/房間新穎及很有巧思/吃的好/服務態度不佳/我台北人會入住這三家真的就是沖著天和瑞穗酒店買三不缺一的卷/不過也讓我見識到台北的四星飯店素質/
B	入住時間/2022/1/1/1/2/元旦價格不到4000/原訂雙單人床感謝櫃檯幫忙升級一雙一單位在12樓/有大面窗戶/優點/飯店新穎乾淨木地板/有智能聲控設備/小細節化妝鏡/全身鏡/浴室伸縮鏡都有/給茶包膠囊咖啡礦泉水餅乾都很棒/床也適中很好睡/還有水泥浴缸可泡澡/熱水水壓也強且舒服/還有免治馬桶/不過房間隔音普通可接受/缺點的話/就是地下停車場很多格子都擺放器材有些格子很難停規劃的不太好/整體來說我覺得入住很舒服很棒給五星的評價/下次還會想入住這裡/也會推薦給朋友/祝大家新年快樂/
A	入住2天/硬體與小美犀可以拿四星以上/清潔度/在馬桶角落看見前住客留下的長/短頭髮/另/已經掛上請整理房間的指示牌/下午返回時仍無打掃/很難給予好評/第一線人員不是不好/只是感覺缺乏熱忱/應對有點敷衍/偶爾會假意沒發現住客出現/簡言之就是教育訓練不足/普通旅館的服務水準/但似乎沒有索取小費的狀況/所以並不介意/交通是開車/搭計程車或公車方便/選擇捷運有小南門和西門兩站可搭/但會走個幾百公尺遠/有行李的要考慮一下/如果有其他選擇/抱歉/我個人並不會想再住一次/
A	1/31/2/5入住四人房/但隔日前往柑仔店裝餅乾發現別人都是一人一個透明塑膠袋/但我訂的四人房櫃檯自動扣除小孩/只給大人兩個袋子/這種感覺不佳/我的兩個小孩早餐也算人頭的不是嗎/2/4晚間外出回來/房卡卻無法感應/一度懷疑自己是不是弄錯時間/忘了退房/但也沒收到通知/詢問櫃檯只說/卡片消磁/我懷疑是設定日期出錯了吧/怎麽沒帶出去/放在房內的也會一併消磁了呢/這點也感受不佳/另外/地下停車場出入口車牌辨識也是遇到故障沒反應/是有人及時來開門/只能說飯店出錯率佳/退房時告知上述情形/櫃檯小姐很專業的回覆/我們會再請人員注意/算是有回應的/
A	房間乾淨舒適/有浴缸/有智能幫手輔助語音開關燈/電視和一些查詢/帎頭很軟/床很好躺/唯一失望是早餐/雖然早餐種類蠻多/但沒半樣是讓我感覺驚豔/我幾乎所有菜色都吃過一遍/但沒半樣是讓我吃完想再吃一次的/
B	過年初三入住/選擇無早餐方案/櫃檯人員態度好/最近的捷運站步行需要13/17分左右/當天下雨腳程慢/但離西門町近/附近有艋舺龍山寺/夜市都是步行可達/房間的小美犀方便控制全房的電子設備/窗簾/電視/電燈/音樂/空調/飯店有給入住的每位房客免費拿取一次懷舊糖果/一袋裝滿為止/三人房型/一大一小床/大床是加大雙人
B	1/停車位比較少/12/25入住/因為還有用餐客臨停/所以大約18/00到停車位已全滿/等了15分鐘後決定開去附近繞/幸運停到飯店旁邊的路邊停車格/週六17/00後就不收費/2/早餐座位比較少/08/30下樓大概只有3/4組人排隊/等了10分鐘就入座/但入座後排隊人潮就整個爆滿/人越來越多/09/40吃飽離場時還有大概20/30組人在排隊/早餐到10/00/建議早點下樓用餐/3/除了以上兩點/軟/硬體都不錯/
A	房間漂亮/空間很大/停車場也好停車/缺點是乾淨度很差/一進門地上一直可以看到有頭髮/浴室裡的小木椅上居然也夾著頭髮/蓮蓬頭的管子居然也勾著頭髮/此外床上還有一些像有東西剝落的屑屑/在床上躺了一下還覺得皮膚很癢/不禁一直想/床單沒洗對吧/
A	我列出一下2點可以改善的項目/1/晚班櫃檯的男性人員不友善/客人配合你拿證件以及手機給你/返還時不是用兩隻手也沒有說謝謝/讓人觀感很差/2/房間內燒水壺的側邊竟然會燙人/讓人覺得很驚訝這是間五星飯店/
B	房間設備比想像中的好/環境打掃的很清潔/在裡面泡澡完全沒有壓力/飯店本身還有賣面膜跟泡澡包/價錢不貴品質又好/員工的服務態度都非常好/免費拿零食的活動讓家裡的老人家很開心/東西也很好吃/還有飯店本身有停車的地方/真的是非常方便/謝謝/
B	前陣子剛住宿完/真的大推/購買MOMO優惠專案/升等卓越客房/房間空間超大/還有膠囊咖啡機/浴室的空間和水量也很棒/有一個小浴缸/但對於我們帶小小孩的家庭/算是剛剛好了/小而美的概念/住了兩天/玩了小美犀兩天/真的是很智能很方便/飯店鄰近捷運小南門站/附近有多家超商/還有家樂福和麥當勞/很方便/下次有機會/還會選擇花園住宿/
A	推薦高雄北上家人在12/31入住台北花園酒店/因為對這裡印象很好/家人也在這裡辦過婚宴/當天家人大約在12/31下午2/30左右抵達飯店/櫃枱告知入住時間是3/00/因此只能先協助辦理check/in登記/無法先取房卡/因家人是開Tesla/飯店沒有提供充電椿可以充電/因此他們就先前往花博的充電站充電/待3/30再回到飯店大廳時/大廳站滿了等待check/in/的客人/這樣有做好防疫措施嗎/他們排了很久/終於排到他們了/結果竟然要重新安排一次房間/我們都check/in/好了為什麼還要重新安排/不是應該只要去拿房卡就好了嗎/經過一番處理後/我的家人4/30才拿到房卡入住/這樣的服務算是幾星/以下幾點建議/1/花蓮的民宿都有充電椿了/4/5星級的飯店竟然沒有/2/透過訂房網站訂房留下英文姓名/櫃台竟然看不懂/3/明知道12/31滿房/因為有告知家人當天不保證一定有停車位因為滿房/那為何不多增加工作人員協助辦理check/in/而要讓大廳像菜市場一樣/4/因為有卡片要送給家人/在家人入住前去了兩次/櫃台都告知沒有這個名字/原來是因為看不懂英文/這樣的服務品質可能連一般商旅都不及/有待改進的地方也太多了/下次也不會再推薦這裡給家人入住/
A	今天來這裡找入住的朋友/進門被門口door/man很沒禮貌的兇/叫你朋友自己下來接你/我們這邊沒有接待服務/讓我非常訝異/這裡畢竟也算還不錯的飯店/門口服務人員這什麼奇怪的態度/即使真的櫃檯沒有幫忙打電話上樓詢問/開電梯好了/有必要這麼跩嗎/以為自己是最高級飯店是不是/
A	2021/11/五倍券方案/早餐/NT1700/Wifi故障都不說/白帶了筆記型電腦/也不能工作看片耍廢/整館大爆滿/沒有Wifi的情況下小美犀不能用跟廢物一樣/以後要住還得問清楚有沒有提供Wifi/Spa美容服務好/住客有優惠但放鬆的身體卻被不便的網路給全盤搞亂/櫃台要迎接客滿人潮整個忙翻/打櫃台電話接要憑運氣/兩台電梯更是等到翻掉/全館有幾層還在施工/搭捷運到小南門再拉行李箱走去飯店真的不方便/不是飯店所說走路二分鐘就到/建議搭公車到和平醫院站下車/真的才是/二分鐘/到飯店/交通接駁車要預約才有發車/並不是固定路線天天開車/而且只有到西門捷運站和龍山寺/下次我只會來做SPA但要住再考慮一下/可惜費那麼大心血和金錢去改裝房間/也重新設計廁所/浴缸可以泡澡又省水/網路討論度超高/但服務品質和人力不足突顯飯店軟實力跟不上/早餐時段碰到媽媽帶二個吵鬧的幼童又不管/吃飯配尖叫聲實在惱人/客滿到炸的台北花園大酒店讓人心累受罪啊/隔音不算好/走廊即可聽到房內聲音/開關門聲也很清楚/半夜後甚至聽到樓上拉窗簾的聲音及叮咚腳步聲/但櫃台有盡力幫忙安排房間邊間位置這點給90分/
B	很不錯/沒有兩小床房型就幫我升級四人房/有膠囊咖啡/接駁車可以使用/浴缸也很舒服/
A	只給兩顆星是因為晚班櫃檯接待先生說不管入住幾晚柑仔店糖果都只能拿一次/那我是分兩張訂單訂房住三晚還是只能拿一次讓孩子很失望/對一個五星級大飯店來說應該大氣點/晚班櫃檯先生態度不夠專業很不親切/白天問櫃檯小姐又說柑仔店糖果不限制
A	罔顧人身健康/疫情升溫/也不顧慮旁邊就是醫院/強迫客人不能取消訂房的飯店/想要北上住宿的旅客請三思
B	靠近西門町商圈/中華路上有一間漂亮的五星級飯店/花園大酒店/飯店鄰近捷運小南門站/由小南門站2號出口步行約3分鐘就能抵達飯店/斜對面是24小時的家樂福/裡面還有迪卡儂唷/慢慢散步到西門町或龍山寺也不過8/10分鐘/飯店位置算是很不錯/這間飯店有自己的停車場/早餐非常豐盛/服務人員也很親切/很值得介紹給大家/房間採光景色非常棒/乾濕分離淋浴間裡的水壓很強/沖澡有種水療SPA的感覺/洗起來超過癮的/這點/意外的是個加分項/非常出乎意料的驚喜/很推薦的台北酒店/房間全部重新再整理過/比五星更高的水準/房間軟硬體設備都非常新穎/還有智能聲控小美西/價錢更是實惠/不住太可惜/還有小孩子喜歡的糖果餅乾可以索取相當有吸引力/
B	購買明星三不缺一方案/因帶小孩/加價/880入住/1316/房間夠大/乾淨明亮/飯店地理位置很好/隔音也還可以/水壓穩定/吹風機風力強/美中不足的是早餐沒有事先人流管制所以集中在9點用餐時造成大排長龍/更突然人員不足的問題/但整體而言是一間會再入住的飯店/
B	2022年初再度入住/體驗依舊一級棒/重新裝潢後更舒適了/如果能再有交誼廳能暢飲咖啡的話就更好了/期待增設/
A	11/17下午一點訂餐/吃到飽/安排11/20晚上6/30/4位/特意詢問價位/並告知要刷國民旅遊卡/服務員回覆/成人769小孩385/11/20結帳人員直接拿了卡就刷了快3千/回到家才發現/金額不對/11/21早上約11點電聯反應後/下午共有3位員工/分別在11點多/女/下午1點多/女/和2點多/男/說是主管/跟我聯絡人/但是/在未解決的情況下/至今6天過去了/今天11/27/沒有人再回覆我/這件報錯價位多收錢的事的下文如何處理/對於這樣的大飯店/面對錯誤不願處理的服務態度/我深感不舒服/這家餐廳/我們這一家再也不會光臨也一定會告訴周圍親朋好友勿前往消費用餐/
B	房間很乾淨漂亮/尤其是小美犀的服務很令人滿意/可惜大床是兩小床合併/中間那條縫真的很不舒服/早餐部分真的很糟糕/感覺很怕人吃/才09/30一堆東西都是空的也不補/擔仔麵肉燥整個見底/所以只能加辣椒蒜酥調味/終於新增一鍋麵線/結果裡面麵線只有幾條/早餐僅喝2瓶可樂及2顆荷包蛋/其他根本不會想吃/感覺就像在吃剩下的食物/10/00整所有人員出動/收的速度之快/如果補餐時有這速跟效率/那真的就100分了/退房時電梯難等/不懂明明有3部電梯/假日竟然只開放2台/櫃檯小姐很可以/但寄放行李時的先生/雖然疫情戴口罩/但我們看得到你不悅的皺眉好嗎/真不懂你在不高興什麼/
A	這次在旅展看到花園有在促銷/含早餐假日不用加價/覺得很划算/所以和家人一口氣買了50張/上週和家人入住/客房重新裝潢後非常棒/接駁司機服務也很好/整體還算不錯/本來很期待疫情後開放的早餐/但真的讓我好失望/因為父親是虔誠的茹素者/竟然讓父親找不到東西吃/告訴服務人員/他說有沙拉/但一早吃冷食對老人家腸胃不好/後來他說有炒飯或炒麵/結果炒出來的東西都是鹹魚的腥味/老人家不想浪費還是把他吃完/結果拉了一整天的肚子/頓時讓我覺得一間優質的飯店/竟然對茹素者這麼不貼心的服務/尤其現在吃素的消費者非常的多/如果飯店可以再吃的這方面多重視茹素的客人/我想花園的CP值應該會更高/一個真心希望花園再更好的客人/
B	飯店環境非常乾淨舒服/空間設計感非常優質/14樓景觀非常美/設備新穎符合人性化/可聲控的小美犀/電動式的窗簾/早餐選擇多樣化/住宿體驗整體評價五顆星/是下次會想再回去住宿或推薦朋友去住的飯店/
B	非常滿意住宿的部分/乾淨空間感好/自能型音箱非常棒/我愛小希美/沐浴用品也相當用心/採用義大利的商品/使用上非常舒服/廁所也相當剛好的大小/還可以小小泡湯一下/床墊雖然不是獨立筒/但還是相當舒服/早餐雖然選項不多/但還是該有的都有唷/動線也規劃不錯/當然一定要多多支持一下糖果/拿滿滿/孩子開心的不得了/下次還是會推薦大家來住唷
A	櫃檯先生小姐非常細心/協助詢問需要的房型/因為會有折扣所以要詢問主管/讓我們等了三天都沒接到通知/我們親自回撥電話確認/櫃檯小姐還是搞不清楚狀況/一直說會有優惠喔/櫃檯小姐強調因為主管不在沒有上班/所以沒辦法確認/奇怪我是打電話到1980年代沒有手機的時空嗎/後來櫃檯先生打電話來說/我們只能給你官網定價/10/服務費/沒有優惠而且你想知道的房型我們在當天也沒有提供/嘴上說有優惠/實際上就是懶得理你這個客人/真是貼心/聽起來就是剛畢業沒多久的孩子出來打工/加油喔/
B	飯店離捷運站走路大概13分鐘/但是離公車站很近/就在隔壁/晚上門口接待的都很親切而且人很好/唯獨早上來寄放行李時/第一次進去不知道要找誰/接待人員竟然沒有過來招呼/反而是我過去說要寄放行李/住這麼多飯店第一次遇到/飯店有市景很不錯還有小浴缸可以使用/房客還有贈送隔壁柑仔店糖果裝到滿
A	1/住宿停車位不足/2/早餐客滿排隊等25分鐘/進入後應該是人手不足/只有把上組人的餐盤收走/桌面還有菜渣咖啡杯衛生紙/後面取餐也是很糟的體驗/在此留下一星/這些人力調度座位安排等等似乎是經驗不足所致/
A	房間本身非常非常棒/明亮寬敞新穎/高樓層視野也不錯/小美犀的AI服務/為入住過程增加非常多的趣味/唯服務生品質/極待加強/尤其是餐廳的服務生/中餐蛋糕區必須由服務生夾取/但服務生常常不在區內/在區內的時候/面對客人態度非常不耐煩/用/你要什麼/來詢問客人/完全不是星級飯店該有的服務品質/夾取蛋糕放在客人盤子上面的時候/力道非常大/嚴重影響客人用餐心情/早餐時段/由於我們是入住時加購早餐/飯店內部沒有銜接好導致領臺員的本子沒有這個房號/服務生確認過程有/擲筆/的動作/然後轉身到後方打電話再次確認/確認本身沒有問題/但服務生態度完全不專業/員工訓練待好好加強
B	週五/週日入住/假日不加價/沒含早餐的房價很便宜/房間應該是近期整修完成/裝修的不錯/小美曦很好用/一張大床/還蠻大的/浴室有小浴缸/吹風機出風夠大/附有Nespresso膠囊咖啡機/這次沒開車/不過飯店有停車場/搭公車比捷運方便/房務及接待人員在水準之上/整體而言物超所值/是我們近期住過最好的飯店/
B	加大床真的好大/184/165/161/三位都可以睡得下/服務及房間都讓人很放心及貼心/之後住台北會同樣選擇台北花園大酒店/
B	地點方便/房間很乾淨/房間內還有智能小管家可以聲控開燈/關窗簾/還提供免費的古早味小點心給房客/真的很貼心/早餐很好吃/浴缸看起來很小/但夠深坐下去可以泡到整個肩膀/覺得很棒/
A	頭一次參加婚宴能讓人覺得非常不愉快/當然我知道服務人員非常忙碌及辛苦/但有些事情是可以變通/不用墨守成規/今天我要的不是酒/而是一杯茶而已/請好幾位服務人員幫我倒杯茶/都是一句等一下等一下/這個等一下已經好幾下/好吧那也就算了/和當時應該是服務人員的主管吧/溝通是否可以直接給一壺茶放在我們的桌面上/直接被拒絕/説這樣會影響到別人的權利/不懂為何放壺茶會侵犯他人權利/難不成這麼大的酒店一個廳只有兩三個茶壺嗎/
A	真的是非常非常意外/繼昨天因為飯店漏單所以晚餐沒有吃到之後/改到今天中午/一進餐廳/帶位人員詢問了一下房號/變告知不用給我免洗手套/因為疫情關係/目前自助吧都要戴免洗手套去夾食材/我意外的停頓了一下/問了一下帶位的人員/服務人首先帶我到包廂區/然後告知我今天只有主餐可以吃/就是昨天漏單的主餐而已/其他食材都不能吃/桌上連杯水都沒有/我接著走出包廂再次詢問一次/我能不能那杯飲料或是水/服務人員再次表示不行/我只有昨天漏單的主餐可以使用/餐廳漏單造成我的困擾/行程安排/延宕到隔日/然後就是拿著一盤食材跟我說/你只可以吃這個/沒錯/我真的對這家飯店再一次的爆炸了/我依然很客氣的表示/有沒有現場可以處理問題的主管在/我需要反應一下意見/隨後才有飯店經理來處理/首先/我要說的是/飯店對於這件事情都沒有交接嗎/飯店對於造成客人的困擾是這樣子處理的/雖然經理後來表示我可以使用自助吧/但這已經不是重點了/飯店真的要好好檢討這樣的事件/跟對旅客的應對/
B	房間很大很舒服/廁所是半透明的/有附浴缸/雖然有點小/房間裡的小美犀蠻好玩的/反應也很靈敏/樓下泰式料理店內有糖果餅乾飲料自助吧/都很好吃喔/
B	10/29入住幸運升等成一大一小床13樓的房型/櫃檯接待的IVAN先生態度親切/房間非常乾淨/床也很大很好睡/難得出門住宿可以一覺到天亮/不會被外面聲音吵醒/也不會被忽冷忽熱的空調影響睡眠/光是好睡這一點/我一定會再造訪此酒店/房間的智能音箱也非常有趣/除了開關燈/開關窗/還會講冷笑話/早餐種類很多/基本上口味都不錯/生菜沙拉也有一些比較少見的食材/甜菜根/石蓮花/還可到花園柑仔鋪取用零食餅乾/小孩非常開心/房內備品很好用/看了一下好像是法國進口/小缺點大概就是淋浴必須站在浴缸裡/這是比較可惜的部分/
A	入住4個晚上/最深刻的是/隔音真的太差/不管隔壁開門/還是樓上有小孩跳動/真的太難睡/智能很酷/但是隔音更重要/還有服務人員/大多不太會應對/應該加強受訓/尤其餐廳內員工大多年輕/應對建議可以加強/餐廳員工陳柏菁先生/是我們入住期間裡/遇到服務親切/應對得當/態度十分良好的一位/他真的很棒/很新/加強隔音會更好
A	說實話/想不到五星級飯店是如此/先前住過很多五星級飯店都很滿意/從一開始的check/in/一名男服務員的態度真的不是很友善/中間有問一些訂房問題時那說話方式就不是很好了/最後問是否可以用好食卷去付晚餐的錢/竟然來了一句不知道/現在五倍卷不是正盛行/能不能抵用應該要知道不是嗎/還是我不該把五星級想得如此美好/而且晚餐跟早餐都很普普/菜色有點少/但重點還是服務態度吧/整個直接影響了整個飯店的體驗/
B	婚宴的菜色我一直以為跟一般的差不多也沒什麼期待/沒想到親友們都大大的稱讚/菜很好吃/紅酒很好喝/雞尾酒吧的手工餅乾也好評不斷/二樓的廳挑高無樑柱/參加的親友都非常滿意/許願希望喜宴的手工餅乾可以販售/有要辦婚宴的完全可以考慮花園/新娘不用操心太多細節/
B	使用專案平日升等/房間寬敞明亮/個人覺得軟硬體設備及飯店人員的服務與處事都在水準之上/
B	整修過的房間/更明亮大器/小美犀讓全家好開心/浴缸泡得很舒服/
B	Cp/值很高/房間乾淨舒適隔音不錯/小朋友很滿意小美犀和飲料零食自取的服務/
B	原訂/雅緻大床房/抵達後櫃檯人員送來一份升級大禮/雅緻親子房/小驚喜/類小米/小愛同學/之24小時AI語音助理/小美犀/客人可隨呼叫/小美犀/提供客房服務/例如/幫你放音樂/設定鬧鐘/講笑話/詢問旅館週邊景點/以及更多隱藏版功能/於此同時/櫃檯人員也坦誠告知近日室內重新整修/所以早上0800/1500可能會有施工聲音/進到房間/風格溫馨/空間寬敞/整潔乾淨/浴室區有免痔馬桶/房間區一個KING/SIZE大床/一個大單人床/根本足夠各位一家子/3人/在床上翻滾/渡過美好的夜晚/入住不久/發生小插曲/本想打開電視配晚餐/怎麼找都找不到電視搖控器/於是/風塵僕僕的從14F搭電梯殺到1F櫃檯詢問/櫃檯人員立馬回應到房間幫我找/床頭櫃/抽屜/地板都沒找著/後來卻在床頭掛袋裡發現了它/與服務人員相視都笑了/服務人員離開前告知/花園柑仔舖營業時間因疫情關係改為11/00/20/00/舉凡入住的房客皆可以在花園柑仔舖索取免費古早味糖果/餅乾及飲料/實在太勾引人啦/從入住到退房/服務人員每位態度良好/臉上更掛著熱情洋溢的笑容與客人對話及說明/若是0/10分/我可以給到9/5分喔/唯一遺撼的是距離台北車站有些距離/捷運需轉乘/就是了/
B	持5倍卷超優惠1000元變1500元元本一個人約670元/現在不到520元/真的很滑算/在台北市飯店的下午茶自助餐算是很便宜/而且當月生日還有送一個小蛋糕/喔/最好先訂位先告知/菜色也還不錯/不算精緻/但點心很多/整體算是可以吃飽飽/有提供素食餐/如果吃不夠還可以追加喔/素食炒麵還不錯吃/
B	很棒的住宿體驗/而且因為女兒生日/還送了一個小蛋糕和賀卡/真的很貼心/房間還有智能管家/對著它喊/家電可以自由操控/是一次很棒的體驗/
A	房間很大很漂亮/但是對素食者的早餐而言非常不理想/第一葷素標示不清/第二完全沒有素食可以吃/只能吃清粥配生菜沙拉/連唯一的麵包都還有蒜頭/一間這麼大的連鎖大飯店對客戶的早餐竟然是如此的不用心/尤其是現在的素食者這麼多/對素食者的早餐這麼不重視/覺得非常不可思議/
B	飯店服務很好/訂房時有告知當月壽星及想要高樓層/真的是可以看到101大樓的高樓層房間/只能說服務真的很好/小蛋糕24小時隨call隨到
B	第一次入住的房間/裡面地板居然黏黏的/還有腳ㄚ子印/不過經反應後/有稍微改善一些/另外還有一點/入住的房間剛好中央空調超冷/隔日詢問一同入住的友人/雖然大部分沒有這樣的情況/但有一兩間空調也是超冷/唉就只能直接關掉了吧/其餘部分都還滿OK的/挺舒適的/
B	很棒的飯店/還能語音智能控制冷氣燈光跟窗簾/真厲害/隔壁的餐廳還發了小袋子/糖果餅乾可以任選裝滿/早餐種類也很多/還有現做的擔仔麵跟歐姆蛋/
B	購買天成集團的明星三不缺一方案9999/從訂房開始就解說的非常詳盡/因為需要一次住兩間/天成大飯店/天成花園大飯店/很感謝訂房客服人員的協助/在大馬路旁邊/車流量很大/對街有一間家樂福/離西門町也很近/小孩6/12歲加880有多一張床/活動期間會給你一個零食袋去旁邊的柑仔店裝零食/零食種類滿多的/袋子也很大/小朋友很開心/還有一個簡單的飲料櫃房客可以使用/房間內陳設乾淨/燈光明亮/設備應該翻新過很新穎/有一台智能管家/可以聲控電視/窗簾/燈光之類的/小朋友很開心/因為疫情期間16樓的健身房跟空中花園沒有開放/只有開放一個SPA館/浴室也很乾淨舒適/浴缸不大很可愛/適合一位小朋友使用/吹風機很大台風很大/長頭髮也吹很快/房間內有附雀巢的膠囊咖啡/還有柚香口味的乖乖/床頭邊有插頭/USB插孔/跟冷氣調控溫度/還有一個床頭燈/桌子旁也有插頭/14樓房間內看的夜景也很不錯/疫情關係早餐也是用餐盒式/擺盤很漂亮/可惜早餐的主食比較普通/建議三明治可以換個配料/不太搭/
B	是還蠻乾淨沒有錯/可是之前房客放在冰箱的飲料沒有收走/髮夾也沒有掃到/不知道到底有沒有認真打掃/
B	環境乾淨優雅/設備新/有像溫泉池的小浴缸/小朋友玩的很開心/
B	很好的住宿體驗/櫃檯人員親切有禮/對於我提出的要求也都為我完成了/還幫我升級房型/太驚喜了/房間很乾淨/舒適/明亮/浴室還有一個小浴池/一個人泡綽綽有餘/柚香系列的沐浴用品很少見/但味道很好/太喜歡都想買回去了/智能管家小美犀很新奇也很好用/可以躺在床上動動嘴請她開關窗簾/開關燈/放想聽的音樂和設定鬧鐘等等/還可以跟小美犀閒聊哈哈/柑仔店的設置也很討喜/零食的選擇性很多/小朋友一定會很喜歡/有機會一定會再訪/
B	床和棉被都很舒服/獨特的浴室設計讓人耳目一新/值得推薦的好飯店/
A	餐廳很不老實/振興卷活動有四人2000元/找了朋友共8人來用餐/結帳時服務員突然說一桌限用一組優惠/所以只有四人可以使用振興卷優惠/另外四人要用原價/被質疑不合理才改說僅限這次8人都可使用振興卷優惠/結帳後到櫃檯請求出示活動海報/並詢問一桌限用一組優惠的字樣在哪裡/服務人員的說法是11月開始的限制/海報來不及重印/餐點還不錯/但建議來用餐前先確認好價格/避免餐廳巧立名目加價/
B	之前在天成飯店不抱很大期待/所以這次到花園酒店覺得很棒/有智能管家小美犀/一開始有點不靈/後面就好多了/會開關窗簾/電視跟電燈/很有意思/唯一的缺點是早餐不會補充/早餐7/30/10/00/我們9點去/就很多都沒有了/離西門町大概10幾分的路程/走的有點累/
B	購買明星三不缺一方案/房型很漂亮/櫃檯服務人員態度親切友善/只是美中不足1319房型的馬桶管線漏水/尿味散佈了整個廁所/連刷牙洗澡都要憋氣/因為晚上客房處理人員應變能力較差沒有主動幫我們換房間/但早上跟櫃檯反映後立即道歉又贈送馬克杯/服務真的很好/
A	問了好幾次要定當天的住宿/飯店都說客滿/不知道是真的客滿/還是不願意接當天的客人
B	今年年夜飯吃完不回家了/跟長輩選擇外宿/第二次入住花園很喜歡很舒服/
B	房間明亮且整潔/且他們有很特別的飯店附設柑仔店/在住宿期間可以去那邊免費拿一次糖果餅乾/當時去的時候真的是好懷舊/現在在外面大概找不到那些糖果餅乾了/唯一美中不足的地方是櫃檯check/in等候時間有點久/不過是間值得推薦的好飯店/下次如果還有機會去附近/我還會選擇花園大酒店投宿/
B	為了考試才來的/因為房價加上附晚餐/蠻有cp值的/房間的設計都蠻好用的/感覺是疫情期間才剛改裝好的/不過/入住的人不少/櫃檯人也不少/但是感覺有很多內控的問題/像是一開始說不能超過晚上7/30晚餐/但是email跟我說晚餐最晚入場時間是8/00/然後7/10分說可以在房間吃/我說好/然後晚餐9/00才來/然後吃完後餐盤也是隔天才收走/然後晚上詢問是否可以加錢晚點退房/櫃臺說不行/然後隔天又突然可以/然後真的史上最低的加時費用/然後我也不小心帶了一張房卡回家/不知道該怎麼辦/為什麼退房的時候沒有發現/
A	疫情上升期間/貴飯店於平日也能無房可接/
A	在二樓吃婚宴/菜品普通/圓桌轉盤超難轉/轉不動/給了刀子沒地方用/且有水痕/服務生沒有換掉髒盤子就直接把分裝好的湯品放上去盤子/音樂太大聲/
A	住宿環境很好/住起來很舒適/但不得不抱怨早餐自助吧的部分/對於素食者非常的不友善/素食品項非常的少/且標示非常不清楚/對於現今蔬食主義盛行的年代/希望貴酒店可嚴加改善
B	Check/in時/櫃台人員作業時間太久/小美犀服務很棒/但枕頭躺下去太軟/不容易睡覺/其餘服務很好/
B	房間舒適/浴室有多種洗法/房內還有咖啡機/茶包/中餐廳的菜色也不錯/但好玩的是住宿能拿一袋餅乾或果凍及汽水/很不錯
B	CP值超高的住宿/有浴缸/高樓層/大面窗戶/服務態度很好/早餐是芭菲吃到飽/東西也好吃/唯一缺點是浴室熱水不夠熱/還有空調太冷了/
A	有事先mail詢問在aogda訂房/現場付款可以使用國旅卷嗎/回信回答說可以/到現場員工說政府規定agoda訂房不能用/不給用/既然是規定/就算了/只是沒想到/我住其他的飯店/一樣用agoda才發現竟然可以用國旅卷/很無言/多一顆星/是給小美犀的
B	幾個月不見已經重新裝潢過了/感覺設備越來越貼心/冰箱/保險箱空間都變大了/也有nespreso咖啡機/下次自己家的膠囊可以帶來用了/
B	這次一家四口入住三晚/每個人都高度滿意/環境方便/附近美食多/房間舒適/聲控助理方便有噱頭/飯店早餐美味實在/每天免費拿糖果簡直太厲害
B	第二次入住/房間是重新整理過又多了一臺膠囊咖啡機感覺比第一次更好/地理位置也很好離西門町走路約十分鐘/早餐就屬一般咖啡跟第一次一樣太淡就像咖啡水/服務員蠻親切值得表揚/下次有機會還是會選擇台北花園/只希望到時早餐咖啡能調整進步/
B	此次是使用他們10月活動/3888/房間很不錯/可是搭配的龍蝦牛排餐很誇張/焗烤龍蝦ㄧ撥開上面的焗烤/一塊龍蝦肉都沒有/純粹就是龍蝦殼加焗烤/非常失望/還是只能吃其他自助餐的東西/
B	價格實惠/服務親切/房間乾淨舒適/隔音佳/有小美犀智能管家
B	房間乾淨/舒適/浴室還有浴池真是太棒了/沐浴用品味道宜人/洗完很舒服/看到吹風機時太驚訝了/根本太體貼了/第一次可以在盡情地使用房間的吹風機吹頭髮/第一次在床上聲控關燈/真是太滿意這間飯店/大推/希望下次能有機會再度入住/
B	櫃檯人員朱小姐熱心服務/笑容可掬/我們找不到裝糖果的柑仔店時/還特別引導我們走過去/加上房間的小美犀/讓我留下好印象/會再入住/
A	下午茶/甜點很多/生食卻很不優並且有點可怕/希望改善/
A	一間飯店服務人員連自家能不能使用國旅券或好食券都不知道嗎/不知道也可以問其他同事/不是直接回不知道就好/有失專業/
B	三樓聚餐宴會之行/整體用餐環境不錯/餐點/不錯吃/芝麻包小點心蠻好吃的/份量適中/因是參加宴客所以不清楚價格/不過用餐體驗不錯
A	餐盒250元/配菜有夠爛/池上便當特餐都比你強/
B	來參加家人的畢業典禮/整體環境不錯/地下一二樓的停車場遇到施工/所以看起來比較亂/典禮使用的會場設備完善/中間提供的點心有鹹有甜/嚐起來也不錯/距離西門捷運站不遠/交通方便/活動聚餐還是挺合適的/
A	看之前的評論/以為是假的/3人花了快3000才知道是真的/牛肉冷的/切肉的態度差到不行/好像是跟他乞討/還有很多熱食也一樣冷的/外場人手明顯不足/只剩甜食還可以/不可能再去了/
B	房間寬敞燈光明亮/舒服的床/還有小美犀智能客服/可以用語音幫你開關電視/窗簾設定鬧鐘等/玩了4天非常有趣實用/早餐已開放內用/有一定水準以上/近西門町又可保持住宿的寧靜/值得再訪/
B	服務態度好/房間大設備新穎/可以和小美西互動很有趣/柑仔店可以取用糖果/小朋友超開心/cp值很高
B	cp值很高/房間裡有在裝潢過非常的乾淨/舒適/床很大很舒服/浴室裡面有日式單人的小浴缸/小朋友很喜歡/服務人員態度親切/還有人工智慧的語音系統/一家人玩得很開心/下次會想在入住/
B	房價平實/內裝嶄新舒適/房務人員態度親切專業/回應房客的需求迅速確實且非常貼心/專案搭配的義饗廚房套餐普通/但自助吧品項堪稱豐富/用餐環境衛生/服務人員親切禮貌不會頻頻收盤給壓迫感/靠市景的房間可將小南門101總統府盡收眼底/總之在此度過了愉快的一晚/此外飯店對防疫格外用心值得鼓勵/必須給五顆星/cp值極高/
B	我們是10/12入住的房客/覺得房間很新很乾淨/完全找不到灰塵/房間的窗戶也很明亮可以看到101跟總統府/早餐選擇也很多/是一家讓人覺得超值的飯店/另外值得一提得是/我們到的那天下雨/一家三口想外出/傍晚的一個服務中心的先生/戴眼鏡/高高的/服務態度很好/幫我們詢問接駁車並且開車送我們到西門町/一路上還介紹景點/很像朋友般的介紹而非官方的介紹/讓人感覺被感溫馨/超級推薦這家大酒店/有機會一定會在去入住/
B	15樓雙床房型/視野極佳/衛浴設備也不錯又很乾淨/智能家電/懶人設備不錯/櫃檯服務人員敬業態度佳/地下停車場位置先到先停/贈送隔壁餅乾甜點兩大袋
B	環境好/菜色優/每年尾牙必選之地/菜色變化豐富不馬虎/大推/
B	覺得房間很讚/小美犀對我這個懶惰癌的根本超級友好/房間看出去的風景很美/晚餐菜色普通又少/這次是住宿家晚餐龍蝦牛排套餐/3888/龍蝦肉很少/單純住宿就好
B	飯店櫃檯一位徐姓女服務人員/態度十分親切/笑臉迎人/讓人對飯店留下很好的印象/重新整修過的客房十分不錯/看得出這家飯店集團很用心/滿分推薦/
B	大致上都很棒/唯一美中不足的是飯店提供的早餐/素食餐點偏少/選擇性不多/另有素食炒飯跟炒麵提供選擇/
B	客房新穎/乾淨/舒適且寬敞/還有便利的小美犀語音助理/相當推薦/一樓的饗聚廚房表現相較住宿體驗則略為遜色些/
B	牛排龍蝦方案的龍蝦肉質不佳/自助早餐樣式選擇不多/房間清潔度可以/住起來舒適/小美犀配合度很高/
A	貴酒店的buffet真的是我吃過最難吃的/你們真的是五星級/多一顆星給你們是給甜點及餅乾的部分/不過你們整體要改進的地方實在不想贅述了
A	8/26預約花園酒店Prime/One/2088元外帶餐點/前一日沒有先打電話確認/還要我自己打電話就算了/去結帳時員工刷成3088元/然後跟她說刷錯了/也沒道歉/默默退刷/然後在那跟同事抱怨工作內容/不想工作就回家去吧/光聽這內容跟服務態度/我還以為是吃路邊攤的服務態度/5星級飯店品質才這樣/以後不會再去用餐了/寄客服信箱也沒回應/看來管理很散漫/難怪負評一堆/
B	酒店服務優質/但此行為泰食聚/不過甜點實在太優質/下次還要再外帶甜點回家品嚐/下次入住再評
A	3888住宿專案的龍蝦波士頓龍蝦肉質乾扁/不美味/客服員前2天確認訂房說還有含2客早餐/結果早餐到了現場要吃才知道是沒有的/很糗
A	一樓的自助餐/生魚片區只有2/3種叫不出來的魚種/沒有鮭魚/鮪魚/花枝/鮮蝦/熱食區動線不明/菜色又少/我有第一次看到有炒麵/蒸蛋/炒高麗菜/生日慶生選這裡/我感覺今年運勢不太好/不推薦
B	這個飯店有很多用心的小地方/我們的房間有個小小的浴缸以及面對101的景色/有智能的小美犀可以互動/還備有咖啡膠囊
A	中餐吃自助吧/餐點選項太少了/想吃湯麵結果服務人員根本都不在/徘徊在湯麵那邊等也沒人來/來回去三次沒有一次有人能幫我燙麵/還好有孩子喜歡的西瓜跟冰淇淋/
B	飯店有重新整理過/2/1房型有免智馬桶/泡澡池/還有智能管家小美犀提供只需要出一張嘴服務/有跟上時代潮流不錯/
B	牛排館乾淨/服務親切/牛肉高檔好吃/就是有點小貴
A	缺點/極度吵雜/早上8點準時/不間斷施工/一直不斷地敲敲打打/鑽牆/要多睡一點的人/不建議入住/隔音很差/對門或隔壁附近開關門次數蹦蹦蹦都聽的很清楚/有帶著家人長輩或是幼兒的極度不建議入住/致電反應/徐姓員工客訴問題及時處理能力不佳/會帶上個人情緒/建議調換職務/換有能力者/才能為飯店及時止血/
B	重新翻修後/讓人驚艷/豐盛的早餐/竟然還有冰淇淋可以吃/柑仔舖提供50種以上的懷舊糖果餅乾/滿足大人小孩的零食夢
A	房間不錯/但上一位房客用過的咖啡機沒有清/另外疫情期間/早餐實在不敢恭維/又寒酸又要自己下樓拿/早知道就不訂含早餐的方案了/還不如自己出去買/
B	很舒適的住宿環境/很新科技/小美西可以播放喜歡聽的音樂/開關燈/開關廁所的燈/開關床簾/開關電視/調整電視的音量/打掃房間/可以打開勿干擾模式/很快樂的體驗
B	用餐環境寬敞不會擁擠/飯店還有自製麵包販賣/很好吃/位置交通便利
B	場地很大/菜都很好吃/離捷運站有點小遠/
A	宴會廳空間不小/硬體不錯/餐點也還不錯/但服務有些生疏/
B	疫情的關係每年都來住一次/不知是報復性的旅遊/居然住的是親子房/可能是新裝潢好感覺不錯/
B	房間乾淨/服務親切/還有智慧聲控管家/高級享受/物超所值/
B	今天剛上架的3888牛排龍蝦饗時光買套餐送客房的專案/我們家居然是第一組客人/雙人套餐有沙拉佐紅酒醋/波士頓龍蝦/牛排和鮭魚/我特別喜歡煎烤得剛剛好的鮭魚/叉子叉下去鮭魚肉瞬間鬆開/在口中散發滿滿的海味/讓從基隆來的我驚豔/而客房位於13樓/正面對雷雨後的焰紅夕陽/被雨洗滌過的心情也瞬間明亮了起來/
B	物美價廉的吃到飽餐廳/記得精緻糕點要請服務人員幫忙拿取/因為在玻璃櫃中/
B	服務好/菜色也好吃/但停車位真的有點少幸好周遭有蠻多收費停車場
A	入住後進房/打開衣櫥竟然發現有吊著一件的褲子/房間竟然沒有清理完全/向櫃檯反應是否可以換成清理完成的房間/一開始推說沒有房間/後來才幫我們換到另一個房間/因為時間已經晚了/先休息/隔天才發現這個房間更離譜/所有的冷水水龍頭只有熱水/浴缸/淋浴間和洗手台打開熱水或是冷水一律只出熱水/真的是傻眼了/所以沒有能夠梳洗/向櫃台反應/小姐雖說抱歉/但是一個晚上的花費買到非常不舒適的飯店經驗/
B	用天成集團的明星三不缺一住宿專案/台北花蓮四館雙城遊/住房/房間的大小適中/沒有過度的裝潢/感覺舒適和乾淨/值得推薦
B	餐點非常好吃/龍蝦跟牛排十分美味/值得一推再推的好餐點/房間很舒服/擺設簡約有特色/科技簡約時尚感/讓人一進去就有放鬆的感覺/十分推薦的一家飯店/
B	飯店乾淨/房內還有智能管家/但早餐真的普普/不過還是很舒適的飯店/
B	購買明星3不缺一方案只要9999其中還包含瑞穗天合/花園大酒店出乎我意料之外的好/早餐樣式多樣化/房間也很乾淨/還有小美犀/完全適合懶人的設施
B	公司開會/私人聚會/美食歡唱好地方/地點也四通八達/有聚會派對可以試試看
B	入住翻新的聲控房型/飯店還有自助柑仔店/房客完全免費/這點打動小朋友的心/離南機場夜市很近/下次也是來台北的選擇之一/
B	房間整潔舒適/地點離捷運站近/外食方便/以這住房價位滿優秀的
A	房間設備很好/並加上智能控制很新奇/但在突然牆上壁掛掉下/是還蠻嚇人的/
B	飯店房間乾淨寬敞明亮/吹風機的風力也夠/還有小浴池可泡澡/推推
A	除了床舒服之外/缺點很多/你曾住過飯店/衣櫃內有前房客的褲子/我在這裡就親身見證/
A	菜色一般/份量足夠/但聚餐若事前告知爲生日/彌月/婚宴等相關/會無法開立三聯發票/而且非常嚴格執行/沒有任何變通辦法
B	以客為尊這是一家CP值很高的五星級飯店/地點適中/房間寬敞/收費價格合宜
B	不錯ㄋㄟ/吃到飽/雖然東西不算多/但對不是吃很多的人/很棒了/
A	對騎機車來的客人超級不友善/沒有車位/沒有空間置物/雨衣安全帽沒地方放/超級狼狽/
A	餐廳覺得菜色極差/東西少到不行/buffet餐卷/吃到飽變成定食/東西少的可憐/用一個主餐就想打發/不要把消費者當白癡/就算疫情期間也不該把東西縮水成這樣/吃不飽也沒有餐卷的該有的價值/實際用餐過才敢說/連一星都不到/可笑/
B	重新裝潢後的房間/漂亮乾淨/小美犀的服務很方便/早餐/簡單豐盛
A	麵包店的東西好吃/星期五固定光顧購買/但是都沒有冷氣/難道食物沒有問題嗎/天花板掛的冷氣竟然37度/誇張/
B	服務態度非常好/房間整齊乾淨/視野絕佳/且語音助理功能超強/真的讓人驚艷啊/
B	還不錯/環境好/設備有更新/早餐優
B	也許目前在修繕或整新/但房間隔音真的不優秀/可以再更好
B	還不錯/裡面設備健身房/沒有提前告知正在整修之類/希望可以直接貼在櫃檯/
B	菜色不錯/生魚片新鮮/甜点果汁有水準/二個字/好吃/
B	裝潢新穎/動口就可以關窗簾/關燈/設定冷氣/播放音樂/等/太酷了
B	CP值很高/房間設備很讚/尤其是AI小美犀很厲害/以及甘麻店提供的零食飲料
B	重新裝潢後的房間設備很棒/也加入智能化/唯一缺點就是浴缸太小了/其他都很棒
B	新穎的房型/現代科技的住宿體驗/入住後有小美犀的專屬管家服務/是個超值愉快的住宿體驗
B	這次住的是新裝潢的雙人房/房間很漂亮/是有質感/有品味那種/房間的智能管家/小美犀/新奇/有趣/位於高樓層/景觀很好/床好睡/
B	副理/演技到位/誠懇服務/適合/保險/房仲/飯店/業務
B	環境/服務/用餐氣氛很好/但菜色選擇不多/
B	房間及設置完善/早餐也大致不錯/甜點太甜/只適合嗜甜的人/
A	櫃檯一個男性服務人員態度不佳/有失專業/想不到第一次遇到觀感差的飯店櫃檯/有失星級飯店的感覺
A	甜點隨時有補充/自助晚餐的菜色有點少/
B	櫃檯服務人員非常細心解說/房間整潔乾淨舒適/床非常舒適/隔壁一樓有免費的兒時零嘴可以拿
A	熟食區的菜色很差/沒什可吃/喜歡吃甜點的倒是蠻好的選擇地點/甜點不錯
B	新的裝潢與設施/感覺舒服/人員的服務品質也很好
B	入住的時候因為另了兩次房/退其中一次導致系統一直找不到訂房資料/加上忙著一邊開con/call拖了一陣子/但最後也被順利地解決了
B	菜色雖然不多/但是也很有特色/值得一試
A	一樓自助餐不值得光顧/除了咖啡甜點冰淇淋/其他都乏善可陳/
B	飯店時常整修/是個很乾淨的飯店/又有停車場/他們的麵包店裡的麵包超級好吃/但有點小貴/晚上6點後的折扣就非常值得買了/整修過後的高樓層/就是全新裝璜的住房/優惠方案的價格住到了真是賺到了
B	最近報班大奶妹/長腿妹/幼齒學生妹/人妻/熟女很多很多喔/歡迎你加入來品嘗/LINE/qi1397
B	鄰近小南門站2號出口徒步約5/8分鐘/對面還有家樂福/離華西街夜市步行約10分鐘/整體而言/交通便利/也有提供車位/本次陪朋友帶寶寶入住/有提供床圍和其他嬰兒用品/建議奶瓶消毒鍋要先測試後/再放入房間提供房客使用/避免提供無法使用的器材/另因比較晚入住/請櫃檯提供嬰兒餐具/櫃台人員回答無法提供一事/雖然後來有提供/但也影響此次評分/房間雖然有點小/但勝在乾淨整潔/備品齊全/浴室設備衛浴乾濕分離也有個人浴缸/自助式早餐選項眾多/如果之後沒有帶小朋友/應該可以好好享受美味的早餐/免費柑仔舖活動/提供大小朋友充分享受到孩提時代的零食回憶及樂趣/還算不錯的入住經驗/之後有機會/會再考慮入住此飯店/
A	宴席不知是價位的因素還是/服務人員不專業/
B	價格合理/甜點很棒又好吃的Buffet餐廳
B	場地裝潢華麗/美味平價便當/服務人員態度良好/值得推薦
A	2021/2/26入住/官網訂房一泊二食/1/停車場採車牌辨識/房客入住期間可隨時進出/2/停車場樓層不能搭到客房樓層/要換電梯很安全/3/櫃檯Checkin跟Checkout很制式/有告知高樓層在施工/所以安排低樓層/晚上問男櫃員餐廳在哪/臉臭的跟大便一樣/如果不能詢問請貼告示/4/客房舊舊的但是非常乾淨/廁所一點水痕也沒有/清潔人員很用心/只是燈光室內昏暗/拉開窗簾玻璃髒的要命/5/淋浴間的門沒辦法緊密/水會濺出去/浴缸方型的很小是盤腿進去泡的意思吧/淋浴間的水量很大/浴缸的出水量很小/水只裝一半也要20分鐘/另外一個最糟糕的是門扣是壞的/還好門鎖是好的/只住一晚沒跟櫃台反應/我想飯店不可能不知道/6/晚餐菜色跟份量出乎期待/只是服務生好像太少收盤子很慢/但當天的服務生都很好/早餐我不推薦/除了熟菜咖哩粥這些一定是熱的/其他煎蛋薯餅蛋餅都是冷的/7/頂樓花園沒開放/健身房小小的可以看台北風景很棒/8/地點離西門町走路約10分鐘/坐計程車頂多跳一次表/斜對面24小時家樂福/旁邊是聯合醫院/
B	下午茶還不錯/但菜色有點少/
A	於線上訂房後/打電話詢問飯店有關停車問題/過程中/飯店員維持基本禮貌但是少了點溫度與主動性/失望又無奈下只好取消訂房/改訂鄰近另一家同等級飯店/服務相較之下較符合五星級預期/從/1/電話被轉接3次/客人必須重複說明相同需求/2/因有停車需求/詢問平日飯店停車位狀況/我很納悶/明明是溫和禮貌的提問/飯店人員卻緊張的再堤防什麼/她再三重覆機械式回答/不能承諾/知道/可能/當天/停車狀況/我問了4個相關問題/除了被告知有80個車位之外/其他3個都是以/無法回答/婉拒/我的第5個問題/決定放棄不問了/若沒有停車位/該改停哪裡/可以體諒飯店服務人員面對百種客人難免有不愉快的經驗/但總覺得花園酒店可以再加強在職人員訓練/
B	非常棒的地理位置/服務態度/環境整潔/早餐非常豐富
B	房間乾淨床好睡/浴室備品也都有/不過浴室蓮蓬頭設計有點複雜/我都不確定是不會用還是壞了/最後只好克難的洗澡/飯店員工服務親切/這次訂有送柑仔店體驗跟麵包折價卷/覺得物超所值/交通便利/飯店也有接駁車到捷運/早餐普通/隔音不夠好
A	自助餐真的需要改善/不好吃/南瓜濃湯好鹹
B	感覺乾淨俐落/用餐環境舒適/推薦可以來
B	飯店正在部分改修中/大廳明顯跟以前不一樣/顯得新穎/現代/文青有內涵多了/房間設置了室內AI系統/小美犀/能夠語音聊天/像是SIRI一般/但多了用透過說話來調控房間內燈光/電視等功能/是很特別及科技感十足的經驗/使用過程覺得住宿品質及體驗上都提昇了很多/相信這套系統及裝潢費用要花費很多成本/在疫情時代/還願意下血本/能夠感覺到台北花園的老闆是有用/心/在經營的/從check/in開始/到大廳接待/房間智能服務/遊艋舺接駁車服務/我所接觸到的服務人員都是非常熱情又真誠的/期待雙北解禁後/能夠再來台北旅遊/
A	大部份是沙拉/甜點/飲料/讓人感到有點空虛/
B	第一次入住台北花園大酒店/從櫃台人員到退房時在柑仔店遇到的長者主管/態度都非常親切客氣有溫度/電梯樓層以房卡管制/讓單身女子倍感安心/以這個房價在台北市來說/我認為房間空間算大了/六樓/許多小用心/是讓我驚喜的/1/房內的咖啡是黑咖啡/另外附奶精跟糖包/總算有除了三合一以外的選擇了/2/除了免治馬桶以外/四方型的小浴缸/在天冷時候/還是可以泡澡暖身的/讓我想到東京的飯店中也是這樣的小浴缸/3/牙刷組是軟毛可重複使用的牙刷跟一小條滿滿的高露潔牙膏/讓旅客不用擔心不夠用/4/一大床非常舒適/可惜枕頭有點偏軟/5/入住時提供房客一個塑膠袋/可去隔壁麵包部選擇古早味的小零食跟飲料/這一點應該是這飯店的獨特之處/主管說/這是老闆的點子/佈置一個柑仔店/讓住客開心/這個地點/晚上確實會聽到隔壁醫院的救護車聲音/但是我走去南機場夜市享受晚餐/來回走路的距離剛好適合散步/下次在西區的住宿/很願意再選擇這裡/
B	設施新穎/舒適/交通便利/出外旅行及出差的首選/
B	我們是家庭出遊/入住四人房型/直接官網訂房/當時有優惠活動2999元/活動包含糖果4小袋裝到滿/小朋友很喜歡/下次來台北出遊/還會再來入住/早餐建議多點素食菜色/算偏少/但整體還是可以的/
A	宴會廳偏老舊/布幕偏小/後排看不清楚/宴會餐點偏鹹/服務生訓練有待加強/收杯盤竟然可以直接從我後腦勺撞上去/好險沒受傷/二樓馬桶水量很弱/衛生紙投入馬桶後/很難衝下去/
B	很棒的體驗/高樓層房間視野超級棒的/配套的餐點也不錯/非常超值/肯定回訪/
B	在這吃喜宴/餐點不用說不會有問題/都很好吃/唯一覺得可以改善的是那些實習服務生/不論是態度方面/積極程度都可能還需要再訓練/或是在這種重要場合中不要都安排實習服務生在負責盯場/每一區至少也要有一兩位有足夠經驗的老手在協助吧/噢還有停車場的阿伯超級惱人/不知道是在急幾點的/車子才剛開出停車格要上乘客/不到五秒的時間就在跑過來在旁邊一直催一直催/請我們不要停在路上/重點是整個停車場都沒其他人/我們到底是擋到誰了/停車格就這麼小根本沒法上車是要我們怎樣/嚴重懷疑他有躁鬱症/不然就是一個機掰人/
B	在這邊住兩晚/以目前官網的訂購價格住/還蠻滿意的/服務人員的服務都很好/浴缸蠻小的/要將腳彎曲坐著泡/可惜空中花園再維修中/無法進入/原本看前面的評論擔心醫院的救護車聲音會房間聽到很吵/但其實雖然會聽到/但聽到的次數其實可能連五次都不到/聽到也不是睡覺聽到/覺得沒太大的影響/沒有聽到其他房間的人聲音/房間也很乾淨/入住時有提供每人一個小袋子裝現場自己想要的糖果餅乾/可以裝一次/你要裝很滿也可以/還蠻有趣的/這附近要外面吃東西也都很方便/斜對面還有家樂福/
B	CP值也太高了/期間限定/異地個人辦公室/客房日租專案/只要/888元/含稅/中午還有/星級美味便當/午休時間及下班後的時間/還可以泡澡放鬆/即日起至2021年9月30日/周一/周五適用/每日08/00/18/00/完整十小時/完整十小時/完整十小時/很重要說三次/台北花園大酒店/888元/日/星級美味便當/4選1/京醬肉絲便當/三杯雞便當/蘿勒打拋豬便當/艋舺經典燒肉便當/下列轉貼/台北花園大酒店/Taipei/Garden/Hotel/粉絲團/超值優惠/每日888元/專屬辦公空間/免費客房Wi/Fi/星級美味便當/免費商務文書列印/影印服務/花比麵包坊早餐優惠/客房電視掌握最新疫情動態
B	這次入住是來試試台北花園新裝潢完的房間/智能管家小美犀非常方便/可以語音控制電源開關/還有窗簾/連冷氣溫度都可以語音調控/甚至還有早安及晚安模式/感覺就是鋼鐵人管家賈維斯一樣/小孩子也跟小美犀玩的很開心/防疫期間服務業都很辛苦/櫃檯人員戴著口罩依然親切問早/可以感受到熱情/這點很棒/早餐有台灣本土小吃/小孩子吃紅燒肉吃的很滿足/有時間在來北部入住的話/會優先選擇台北花園大酒店/
B	以五星級飯店自助餐價位算是平價了/樣式不多/但該有都有/但無牛排/甜點樣式及選擇較多/熟食區種類還可以/
B	房間都聲控的/很高科技/也很氣派/
B	這次是來用午餐/午餐在一樓/是吃到飽的選擇/甜點部分口味不錯/比較可惜的是素食選擇很少/需要另外跟餐廳點餐/會提供素食或是蛋奶素的素食套餐/至於餐廳氣氛還不錯/服務生收盤子也蠻有效率的/
B	房間舒適空間大/有智能服務系統/
B	環境乾淨/有提供自助早餐/浴室有淋浴及個人的小浴缸/有免治馬桶/住房還可以免費到一樓領取一包糖果/唯一美中不足的是水管管路聲音過大/不論是自己房間用水或是隔壁房間用水/都會聽到水在牆壁裡流動的聲音/影響睡眠品質/退房時有將這個狀況反映給櫃檯人員
B	娘家在台北/很少住飯店/難得農曆春節初三初四我們三人共以11000元價格住宿三人房號1512二晚/房間雖小但床和衛浴間都挺大的/住起來很舒適/環境和衛浴設備很乾淨沒有髒污/淋浴花灑蓮蓬頭和toto電腦馬桶用起來都很好/多要求瓶裝水和棉被也很快就送來/價格內含的早餐也不錯/雖然初三早餐大排長龍/但初四便人少了/雖然一樓大廳不大/櫃台人員也未特別親切/但過年期間還要工作也是辛苦了/近捷運站還有西門町商圈/
B	這次是5/5入住新的房間/因為洽公的關係來到台北/聰明的智能管家非常好用/可以聲音控制房內的設備/還可以詢問管家附近美食旅遊資訊非常方便/有這樣的功能的房間/飯店還有做活動/有免費的柑仔舖零食供客人取用/肯定會是我再次入住的首選/只是因為近期接近封城的三級警戒無法再次入住/非常可惜/期待解除警戒後/能夠再次入住/希望台灣能夠順利度過這次難關/天佑台灣/
B	櫃台服務人員親切/房間設施也很好
A	東西選擇不多/但味道是都中規中矩
B	以五星級飯店來說/雙人房2000補助1000價格很便宜/特別要求高樓層及遠離和平醫院/確實不會被外面噪音打擾/但是門外走廊的噪音就比較差了/浴室的浴缸太小了/只能一個人泡/另外/後側這面的夜景還不錯/可以看到漂亮的小南門/一樓有餅乾糖果可以取用有加分/還有/雙人床超級大/很好睡/
B	房間跟床都很大/入住會給一個小袋子/可以到隔壁餐廳裝古早味零食糖果跟一瓶鋁箔包飲料/早餐不錯吃/斜對面有24hr家樂福/服務人員佳/整體感覺不錯/
B	愉悅的用餐體驗/餐點美味多樣式/
A	停車位少停車不便/自助餐菜色普通/
B	超級棒的體驗/真心推薦如果有住台北的都可以來住看看/滿滿的驚喜與很多很好的細節/住過就知道/魔鬼藏在細節裡
B	客房內部翻新整修/很舒適/糕點好吃
B	房間舒適/冷氣適中/電腦服務/新穎/貼心/
B	大廳狹小/人員有禮/設備不錯/浴室排水不良/還在施工中/有噪音/早餐不錯/但菜多半都是冷的/有點可惜
B	整體感受不錯/還有柑仔店糖果免費裝到滿/古早味糖果很讚/只是覺得浴缸有點小/不夠兩人泡/但以價格來說已經很不錯了/房間沒啥異味/隔音也不錯/空中花園的spa池風景也不錯/只是前一秒工作人員用好好的/換我們用時spa鍵就怎麼也無法使用/不過能看到完整的101也就覺得還好了/Ps早餐種類算是多元/鹹粥/牛奶/豆漿/算是好吃的飯店早餐了/除了荷包蛋冷掉後很硬/培根也不是太好吃/但有牛奶的飲料機台已經很不錯了
B	櫃檯小姐的服務跟說明很細心親切/還有貴酒店的/免費柑仔舖活動內容豐富感受到了童年時的回憶/及房客購買麵包及泰式餐廳用餐有7折優惠倍感溫馨/Prime/One/餐廳的服務也是一流/值得一訪再訪/本月就已經光顧了兩次/
B	整體不錯/但是停車場需要重新規劃整理
B	宴席CP值高/值得再度光臨/
B	房間色調沈靜又有低調奢華感/很漂亮/我很喜歡/昨晚住11樓雙人房/窗景/很棒/可以看到11大樓/晚上還有漂亮的小南門/床超級大的/應該是king/size/床墊好睡軟硬適中/床包被套材質很細緻觸感好/棉羽絨被跟枕頭好舒服又暖/而且被子好大難得一次不用跟老公搶棉被/浴室很大/還有可以泡澡/不錯/雖然浴缸不大/很棒的住宿經驗/
A	1/突發狀況處理態度效率差/2/晚餐早餐根本就不好吃也不新鮮/一開始房卡根本無法開門/請房務人員上來也等很久/後來更誇張/大半夜的要回房間房卡又不能開/結果員工的萬能卡也開不了/弄了半天說是門鎖沒電/要求換房還不肯/好不容易進去後盥洗睡覺/結果半夜突然整個停電/充著電的手機一整個沒充到導致沒電關機/他也只大概開啟房內電源/再說是門鎖壞了/後來要退房前一兩小時問我們要不要讓他們維修/睡眠不足加上手機沒電的我們為了接下來的行程怎麼可能還讓他們維修/最後櫃檯也只是淡淡的道歉/然後送我們四本很鳥的筆記本/對大包小包的我們根本負擔/
B	入住三人親子房/雙人床200公分夠大/可以媽咪跟兩個小朋友睡覺/浴室有小浴缸/小朋友可以泡澡/入住可以免費拿糖果餅乾/有室內停車場/附近有24小時家樂福/買早餐也方便/但如果要洗衣服/需步行約5分鐘到附近的自助洗衣/Cp值算高/
A	今天帶家人去吃中餐/說真的有點失望/
A	第一次入住花園酒店/實際感受/分享如下/1/房間還算乾淨/2/櫃檯服務人員令人感覺/冷漠/無微笑/3/客人詢問問題/沒有感受願意協助的熱忱/當時櫃檯也沒什麼客人/整體感受/沒有星級飯店應有的水準/整體感受/不佳
B	交通方便/格局及動線均佳/
B	櫃檯態度很好多給一顆星/隔音糟/聽得到隔壁說話聲跟附近房門開關聲跟外面車流聲/隔壁和平醫院救護車聲也有/但不頻繁/可忍受/空調一開就轟轟叫/開了吵不開悶很困擾/沒有控制面板所以睡覺關燈要走來走去手動關/總共四支檯燈跟兩盞小頂燈/插座除了浴室只有書桌邊跟床頭檯燈的/優點是房間算大/裝潢清潔還成/差不多的房間西門小南門一帶有不少價格更低廉的可選/沒有選這家的必要
B	麵包物美價廉/適合小額核銷國旅/
A	/非常不推薦晚餐的自助餐/沒有吃過如此糟糕透頂的餐廳/剛剛在貴飯店的晚餐自助餐用完餐/餐點非常少/菜色沒了也沒補/用餐一個半小時後/突然說/新年有招待的餐點/海陸雙拼/稍後會幫我們送到桌上/家人們都很期待/結果來了這盤/如圖/每桌四人/送上一盤/我特地詢問服務員/這盤就是海陸雙拼嗎/服務員表示/對喔/
B	來用餐聚會/餐點還不錯
A	訂房時接聽電話禮節不佳/沒有耐心回答客人詢問的問題/飯店人員服務態度不佳/沒有耐心/缺乏熱誠/面容不親切/應對完全沒有禮貌/客人反應問題/無法即時處理/說明不清楚/人員服務有待訓練/更糟糕的是/客人詢問問題/才剛轉頭離開/櫃檯人員還一起嘻笑/太扯了/入住時未主動詢問客人有無停車需不需要登記車號/未依客人訂房時備註提醒事項先期協助或現場再次提醒詢問/有登記辦理台北市住宿補助/入住時未處理/客人反應時/又要要求客人下次再使用/要求辦理之退費部分又不能及時處理/完全感受不出5星級飯店的服務水準/
B	整體而言環境不錯/服務人員也滿好的/只是最後甜點上來時/先前用的鹹食餐盤已占住桌面必須回收的時候我們整桌十人不知為何卻只收了三個/去反應了兩三次才全數收完/令人小錯愕/以及跟他們詢問白開水卻倒了一杯超燙的水過來/連拿起來喝都有點障礙/希望之後能留意改善/辛苦了/
A	跟朋友住三人房/廁所門鎖有問題/一拉就開/浴室水壓很強/有個可愛的小浴缸/朋友覺得不開空調不通風/但我覺得開了很冷/然後溫度選擇感覺像假的/詢問櫃檯後得到的回應是/沒有暖氣/雖然不開空調也不會說太冷/但這部分真希望能標示一下/枕頭有兩個/一個塌/一個調整一下算還可以支撐/床偏硬/睡起來沒什麼後遺症/隔音微妙/聽不到隔壁的聲音/但別人進出房間的房門很大聲/旁邊是醫院/整晚聽到的救護車聲音大概3/4次/
B	我們新光人壽重和第二季績優人員聚餐辦在台北花園大酒店/菜色精緻豐富/勒眼牛排堪稱一絕/我嗑了2塊/服務人員很好的桌邊服務/有些稍微麻煩的要求/她們不厭其煩的照辦了/真的辛苦了/
B	台北花園大酒店有很好的景觀/健身房可以一邊使用跑步機一邊看著中華路的車潮/另一邊重訓的景觀可以看到小南門跟遠方的101/房間乾淨/這次住的是1002家庭房/平日升等方案/一泊二食/房間不小/跟朋友各睡一張雙人床/非常舒適/浴室的淋浴水龍頭有些狀況/可能需要確認一下是不是需要維修/放完熱水之後/要轉冷水時會沒有冷水/要等幾分鐘後才有/不過沒什麼大礙/泡澡還是很舒服/響聚餐廳的餐點種類不少/但可能因為販賣餐券的價格比較低/因此使用的客人人數較多/多數沒有遵守/取餐時戴口罩/的政策/加上桌距抓的比較近/跟朋友交談沒有什麼隱私空間/且外場工作人員似乎普遍工作疲勞/沒有看見任何一位員工微笑/辛苦你們了/櫃檯行李員非常盡責/會主動詢問是不是需要幫忙搬運行李/也會引領住客直到進電梯/是這間飯店裡我遇到少數有溫度的工作人員/櫃檯人員處理報到跟退房的速度非常迅速/但少了渡假飯店的感覺/比較像商務旅館的高效/但冰冷/感/這次的2545/未稅/加稅2800/一泊二食外加平日升等家庭房/真的是非常實惠/祝福飯店在少了日韓客人的旅遊寒冬期/仍可以營運平順/現在還是有入住享一樓懷舊柑仔店餅乾糖果盡情享用的活動/很適合來懷念童年唷/
B	房間乾淨/不算大/浴缸正方形很迷你/饗聚餐廳晚餐還可以/椅子有點鬆動/16樓有健身房/有機會再去看看/離西門很近/2公車站到西門捷運站/3/5要12/00退房/可惜10/00就有裝潢的電鋸聲/
B	入住check/in/是時人太多/櫃檯太窄小導致櫃檯人員忙碌時常相撞/仔細看一下一樓的空間設計十分不妥/因為两旁設商品小舖且須留空間給2間餐廳做營利用途/導致一樓大廳沒有像其他大飯店的高雅水準/看了幾則留言評論鎮真的想為服務員平反/他們態度及耐心非常佳/但飯店客容量太大/一層房間書數多且飯店收了許多家庭遊客需要併床房務工作複雜/明顯清潔人員人力不足/導致無法讓客人準時入住/這真的是資方的問題/最後想向飯店的餐廳致敬/即使客人多/你們的菜餚不草率是各飯店的水準之上/我去過無數家飯店/即使像國際級的大飯店/他們也只是將菜色舖陳看似豐盛但內容草率/烹調不到位/或買外面廉價的小菜充數/花園大飯店的早安豐盛/是真實的豐盛吃得出來每道菜幾乎自做/即使是外買稀飯配菜也開看得出是精選過/且食物盛盤整理的衛生/外場經理非常認真一直巡場整理菜餚的擺盤及清潔/今天坐我隔壁是一位曬的黑黑的服裝看起來是藍領的男人/盤子裝滿菜餚安靜品嚐的食品後滿足的表情/那表情讓我覺得他的胃因為他們飯店美好的食物被慰藉著/所以非常推薦大家光臨這家飯店/因為美好的食物而導致客人非常多/請給服務人員多點耐心/也希望藉此分享能讓飯店能體恤用心耐操勞的服務人員/
A	房間很小/跟網路上的照片差很多/浴缸是個超迷你的正方體/是我住過最迷你的五星飯店
B	2人房內空間規劃舒適/隔音不錯/浴室浴缸似日本單人湯/方形浴缸/乾濕分離/水溫/水壓非常穩定/頂樓健身器材完善/附近除有捷運/u/bike也很方便/24小時的家樂福就在附近/以1千多元價位入住/不含早餐/cp值是不錯的/
B	空間大又舒服/尤其是助理小北七/更是超智能的/
B	飯店相當舒適/附設的早餐也很棒/房間備品除了基本的洗髮沐浴之外/還有提供乳液給房客使用/蠻貼心的服務/
A	餐飲用料/料理樣式及手法皆非飯店水準/與之前差距極大/價格設定雖比其他自助式飯店低/但整體內容完全撐不起目前價格/非常失望
B	超讚的飯店/服務態度好/餐點多樣化
B	房間很日式/不大但是乾淨/服務算不錯/高樓層景緻比預期中漂亮/能看到總統府跟101/這個很加分/早餐種類比預期多/但沒有特別突出菜色/但不過很驚艷麵包種類很多選擇/歐式麵包居多/用料實在/沒看過堅果放這麼多的/服務人員不多但是服務收盤迅速/有特別的泰式米粉湯/但主廚可能沒去過泰國/現在入住有送泰國啤酒跟一個泰式餐點/選了泰式木瓜沙拉/用料有泰國當地不會放的苜蓿芽/還是深深懷疑主廚沒去過泰國/口味已經調整成狠台式了/健身房在頂樓/設備雖然舊/但算齊全/風景也很不錯/只是因為在頂樓/運動後好熱/說實話/沒有想回住的特點/趁有旅遊補助體驗而已/但地點適合觀光客
B	這次使用台北go補助任何房型可折/1000/所以入住標準雙人房不含早在貼/800/當天提早進房/這一點不錯/櫃檯人員表現中規中矩/房務人員比較親切/住客可享用健身房還有一樓的柑仔店/房間很大也有視野可看/一次性廢品和沐浴髮品都很齊全/衛浴乾濕分離也有個人浴缸/而且秒有熱水/床軟中適應但枕頭偏軟/自助式的早餐/餐店味道選擇皆不馬乎/用餐距離小南門捷運站很近/對面還有家樂福/離華西街夜市步行約10分鐘/整體來說在台北算是不錯的住宿/補助後的價格cp值算高/
B	乾淨舒適/隔音好/住了不少飯店的我們很怕吵/但這裏隔音真的很好/環境也很清潔/還會附贈古早味小零食讓小朋友裝到滿/值得推薦/一家三口都滿意/早餐菜色豐富/中西式都有水準
B	CHECK/IN的時候櫃檯才告知我們的房型可以升等為隔日下午二點才退房/雖是好消息/但是太晚告知了/我們隔天午餐行程已訂位/所以一樣是12/00就退房了/覺得很可惜/如果可以提早告知會更好/現在入住有柑仔店古早味零食免費任意取用/飯店早餐樣式很多/味道也在水準之上/房務衛生很整潔/空調設備/浴室水壓水溫也都很好/唯獨鄰近聯合醫院/晚上睡覺時還是聽得到外面救護車的聲音/不知道是不是隔音不好/我們房間樓層在13樓/半夜醒醒睡睡的/因為有帶switch遊戲機去玩/電視離牆壁太近/後面接HDMI的線有點困難/後來飯店工程部人員有來幫忙/感謝/有安心旅遊補助優惠/住房便宜/有國際飯店的水準/CP值很高/
A	看到今週刊對台北花園酒店內的餐廳介紹/ThaiThai/又正好在小孩的學校旁因此去嚐鮮/服務很慢/點完菜過很久還是主動詢問才有人招呼並送上一小皿前菜招待/菜色不多選擇可能是瓦城的四分之一/但特色是黃咖哩搭配生吐司的棺材板吃法/生吐司烤得好吃/生吐司餐廳及麵包房一致價/60/飯店內麵包房有賣且無10/服務費/晚上七點後還有打折/結帳時已經正在結帳櫃檯坐了三分鐘有/一公尺遠的兩個服務人員在聊天聊得不亦樂乎還是發聲後才過來結帳/難怪花園大酒店在我心中一直是不入流的飯店/
A	櫃檯先生服務態度欠佳/專業度不足/很掃興
B	菜色精巧設計/該有的都有/讓人吃得心滿意足/在疫情期間還巧思設計/掛口罩/如圖/於用餐桌角旁/很貼心/
B	雖然不是新飯店但是整體維持非常的好/整潔乾淨舒適/大廳主管態度之好跟專業服務讓我印象深刻感動/房間的床是兩張加大單人合併/超級舒服的/可以翻滾/房間也很夠大/浴室也有免治馬桶/各方面都是星級飯店規格/說到早餐/真的讓人非常滿意/續住兩天都吃的很開心舒服/從麵包到沙拉還有養生菇菇湯/都很棒/現煮擔仔麵/一旁附設的泰國餐廳也非常道地好吃/是娉請泰國主廚掌廚/房客有驚喜優惠折扣/來住宿真的值得品嚐一下/飯店現在也有柑仔店懷舊小點心供應/讓人非常雀躍不已/退房時間12點/真是太人性了/電視台節目也多/逛逛街買買西門町小吃/回到舒服房間看電視吃小吃/真的非常有渡假的Fu/別猶豫了就是這間飯店訂下去不會後悔/價格還這麼可愛/又有停車位/距離捷運也很近/非常推薦/非常非常想再去住/謝謝您們讓我這趟旅程特別溫馨更添美好旅記/
A	連續訂了好多年的年菜/但今年沒了/因為現場人員只讓你枯等/雖在忙結帳/但缺沒請其他人員來協助/一幅不在乎讓客人等的樣子/終於等了半個多小時/只好放棄了/依服務業的標準/真的一星都不值
A	櫃檯小姐口氣沒溫度/房間配置不貼心/床頭沒有插頭/房間插頭數太少/房間電燈主要是用檯燈/一間房間裡有四個檯燈/要那麼多檯燈幹嘛/檯燈一個還快壞了/天花板裝幾個崁燈不是比較美觀又亮嗎/吹風機風力非常不給力/長髮旅客請注意/淋浴間排水系統不佳/對外隔音很好/但上下樓層的隔音效果不好/廁所可以依稀聽到水泥牆內水壓聲/自己房間跟別房/枕頭偏軟/四顆/同價位可以選擇更有溫度的旅館/
A	不是房客/吃了最近很夯的thai/thai來回饋/點餐內容/四人合菜優惠/泰式青木瓜沙拉/蝦醬四季豆/南方叢林咖哩豬/泰式鮮蝦綠咖哩/泰式蝦餅/泰式檸檬魚/冬蔭功海鮮湯/泰國香米/泰式奶茶鹽之花及三瓶泰式啤酒/單點/兩瓶啤酒/20點後買一送一/及巧克力蛋糕/千層蛋糕/推薦/1/泰式奶茶鹽之花/甜度/茶味剛好/且鹹甜感/較一般泰式奶茶不膩口/2/蝦醬四季豆/四季豆清脆有蔬菜甜味/蝦醬沒有很重的腥味/搭配起來清爽/其他/1/泰式檸檬魚/冬蔭功海鮮湯香味感覺不夠/咖哩類及青木瓜表現平平/整體並無特別之處/2/甜點類/千層蛋糕外皮不酥脆/潤溼咬感/感覺擺放日期過久/美食口味很主觀/純粹個人心得分享/服務/1/週五雖無滿桌/但明顯人力不夠/不是忘記客人需求就是等待較久/且教育訓練不足/餐點內容無法流暢推薦/送來東西份數不足/需不斷提醒且啤酒杯子裡有死掉的蒼蠅/未檢查就送給客人/2/新聞稿優惠方案/現場並不能使用/客人主動詢問才告知/心裡感受落差極大/感覺坐地起價/事後再以電話重新詢問/一位是說均可使用振興券/一位說優惠不得併用/這究竟是要讓人誤會到何種地步/3/啤酒買一送一活動無主動解釋/結帳才得知該服務費需以原價/兩瓶/計/整體而言/服務生有熱枕/但對公開的方案和價格落差均不主動告知/永遠等客人詢問或結帳厺才告知/感覺真的很差/
B	住了好幾次的花園酒店/每次的感覺都很棒/早餐的品項雖然不多但是很精緻/今天的蔥花蛋捲/濃濃的蔥花香伴著軟嫩的口感/百香果優格的微酸伴著桑椹優格的清甜/加上杏仁片及南瓜子/忍不住吃了2碗/泰式海鮮湯滿滿的鮮蝦及蕃茄/微酸的口感/讓老媽媽讚歎/
B	午餐選用了咖哩官財板套餐/南方叢林豬咖哩/泰泰厚茶拿鐵/以及咖哩世界套餐/泰式雞肉黃咖哩/TWG/1837黑茶/餐具和擺盤都很漂亮/飲料的選擇很多/品質也相當好/咖哩的口味/就一般水平/但是烤生吐司/蠻香Q的/整體來說/cp值不錯/建議可以來試試中午的套餐組合/
A	每次回娘家都是訂台北花園酒店/這次回來的天數比較久共六天五夜/3/23下午到飯店時櫃檯一位年長男員工/告知現在10樓以上正在施工會比較吵/我反應說訂房時是不是應該主動告知顧客/這次只有我一個人帶小孩回娘家/小朋友睡比較晚又有睡午覺習慣/如果先告知的話/我們是不是可以訂別家飯店/而不是客人到現場才說早上8點到下午五點都在施工/我態度絕對沒有不好只是這樣建議/結果那位男櫃檯不講話/用手指了ㄧ下旁邊的公告叫我看/ㄧ付就是大廳有公告你自己看ㄧ下/隨即立刻說/不然你現在直接辦理退訂/我們全額退費給你/ㄧ直叫我直接退房/ㄧ句抱歉的意思都沒有/態度有夠差勁/我住的天數比較長再加上帶小孩/行李也都是用宅急便寄到飯店/他ㄧ直要我帶著行李/包裹/小孩去別的地方住/還ㄧ直說他可以協助我幫忙訂其他飯店叫我不要入住/當時小孩已經很累需要休息/我說我們需要休息要辦入住/中年男櫃檯居然說/不然你們先住一天明天你們要離開我們會全額退費/幫我辦了入住也刷了我六天五夜的費用/結果房卡居然只給我設定一天而已/我兩張房卡到隔天之後完全沒有辦法用/簡直莫名奇妙六天的錢收好收滿/結果房卡設定只能用ㄧ天而已/真的這麼想要趕客人也不是這樣用這些小動作的吧/10樓以上施工我住726房/每天8點過後就聽見施工的聲音/ㄧ早上就被電鑽還有鐵鎚敲打外加外面車陣的吵雜聲叫醒/以為只有平日會施工/沒有想到假日早上更扯/不到8點就開始施工/我住的日期比較長/又帶小孩行李包裹/如果訂房時可以直接告知我飯店正在施工/我就不會訂了/臨時要找符合我/需求的店根本找不到/櫃檯又跩到不行還故意把我的兩張房卡都只設定一晚/其他服務人員服務都好到不行/唯獨那位中年男員工/你沒有在我訂房時告知施工沒有關係/你態度不好也沒有關係/飯店早餐每天都吃一樣每次來都沒有變化也沒有關係/網友說台北花園是台北鬧鬼大飯店我也沒有關係/我就是喜歡你們的飯店我都可以接受/但是你收了我全額的費用/兩張房卡只給我設定使用ㄧ天而已的這種小動作/我真的很不喜歡這樣/不然每次回娘家ㄧ定都是訂台北花園的豪華房型/
A	小年夜入住/五星級酒店/沒有預期的驚豔/有健身房/沒泳池/也沒三溫暖/房間適中/有暖座馬桶/小浴缸/唯一比較貼心的是/咖啡廳有糖果自己裝每人一袋/算是有過年的年味/
B	第二次入住/設備都很完善整潔/而且服務真的很好/因為台北旅宿補助臨時要截止/所以詢問能否更改時間/客服立刻就幫我處理好了/第一次吃他們的自助晚餐/東西不多但是口味都還可以/蠻推薦優惠時來住/還可以早起去逛唐吉軻德
A	剛剛打去只是想問現在還有沒有跟訂房網站一樣的房間/接電話的徐小姐沒必要叫我去訂房網站訂就好吧/最後我說想詢問雙人房兩小床/用很差的口氣說我們現在全館只剩兩小床/我不是說要兩小床嗎/一間還沒入住服務就令人退避三舍的飯店/不聽完客人問題只想著如何打發客人/素質很差/
B	用餐幾回/自助餐的熟食區都會異動餐點/不會每次去都一樣的菜色/有在用心/甜點區選擇很多/馬卡龍不會因為是自助的關係而有所馬虎/飲品區還有特調的手工果醬能做成氣泡水/非常愉快的用餐環境/豆漿牛奶鍋讓人驚艷/可自行夾喜歡的菜色配鍋非常有趣
B	捷運和公車到達方便/入住沒人還會贈送一小包零食/可以自己去隔壁柑仔店選取/加購早餐也很豐盛/吃的很開心/
B	哈哈哈/我竟然來住離我家一橋之隔的飯店/吃晚餐送住宿/免費觀光巴士/免費早餐/古早味零食吃到飽/商品劵200/台北市政府贊助1000/你猜猜晚餐2人才多少/謝謝招待/房間非常乾淨/真的物超所值
B	服務人員主動幫我升等豪華房/衛浴分2間/還有客廳/床超大/很好睡/早餐的品項真的很多/還有鹹豆漿呢/中/西/日/台式皆有/我們吃蛋奶素食/品項已經很豐富/他們還特別幫我們炒麵/吃得很開心啊/一樓有充滿古早台灣味的柑仔店/許多糖果零食任取/好有趣/下週來台北/一定會再入住
A	這次住宿兩晚/三點半去check/in/結果告知房間尚未準備好要等半小時/半小時後依然還沒好/4/20再去問一次才給房卡/延遲入房應該可以先通知房客而不是讓人傻等/行李也說先寄放那等等會幫我們送上房間/房間好了不見行李/打電話問才說要把行李牌給櫃檯/最後我自己下去領行李也沒有要幫忙送上來是我自己拿上房間/服務態度真的很不行/也沒有任何補償措施只有一句不好意思/非常不推/
B	房間乾淨整潔/零食飲料大方給/熱水很大/唯一缺點就是停車場堆放一堆雜物/
B	櫃檯服務人員親切有理/客房乾淨舒適/採光明亮/景觀也很棒/地理位置很方便/小南門走八分鐘左右即可到達/台北市來說性價比很高的飯店/床很舒服/房間整潔/整體服務人員也都很不錯/咖啡廳價格也很平實/來授課時員工現場服務也很體貼老師/記得我當時電腦突然有問題無法投影/現場員工馬上先借一台筆電給我使用/也讓我順利完成觀光行銷紓困課程/午餐從天成送來的便當非常好吃/對外販售價格也很實惠/對老師非常友善/
A	頂樓花園目前不對外開放/健身房老舊未維護/房間浴缸太小/但淋浴水柱夠強/乾淨度也還維持得不錯/隔音也還ok/若有特價時才會考慮入住
A	九點半下來吃早餐/早餐餐廳門口登記的時候才說要戴口罩/昨天登記房間的時候完全沒有先告知/還跑回房間拿/早餐食物區繞了一圈發現菜色還蠻多的中西式都有但是中式比較多/有很多都空了沒有補/饅頭機就很誇張了/我打開的時候完全沒有溫度/意思就是機器沒有在運轉/都9/30了/有點誇張/涼拌區的筍絲沒有了/後來服人員告知說筍絲裡面都沒有了/很基本的筍絲居然會沒有了/
B	這次入住11樓的3人房/有送泰式下午茶/住房還有送小朋友糖果1包/小孩超愛/用trip/com訂房網/只要3560/房間雖然不大/但應有盡有/床很大很舒服/浴缸小巧精緻/免治馬桶是我的最愛/早餐超級多樣化/雖然吃不多/但視覺享受100分呀/讚讚讚/一定要給五顆星才行/
B	房間雖然稍微老舊/但是乾淨夠大/隔音稍差/隔壁的聲音有點清楚/櫃臺會給一個袋子/可以去一樓裝糖果/不確定是不是常態的/
B	三樓櫻花廳中式料理/好吃
B	用餐環境乾淨舒適/菜色/甜點/飲品都很到位/價格實惠停車方便/適合家庭聚餐/
B	房間很大/空間足夠/盥洗用品附上了飯店少有的潤膚乳/健身房的器材在基本使用都算足夠/較其他飯店是充足的/整體來說很不錯/剛好遇到櫃檯在整修/灰塵多以及施工的音量都有點大聲/在check/out時人員忙著接聽電話/感覺對於我退房時的接待有些遺漏/原本發票想打統編/加上人員只有兩名/顯得有些忙碌/唯一不足的是浴缸太小以及早上房務人員的音量過大
B	前幾天打電話去確認訂房/櫃臺很貼心的告知高樓層客房正在整修/動工時間是每天的8am/5pm/他說已過了最吵雜的階段/但是如果介意的話可以免費取消/已過免費取消時間/雖然是依約入住但飯店這舉動令人好感度倍增/住宿三天兩夜被分配在8樓/期間只有在下午4點多各聽到一次短暫的電鑽聲音/影響微乎其微/感覺兩晚含早餐總共才3317元的房價真是賺到了/這家2008年開業已近13年歷史的飯店房間維持的非常乾淨/玻璃窗外面除外/房內的小沙發及椅子都是皮類材質/不是容易藏污納垢的絨布類/讓人坐起來安心多了/且電視機下面似花崗石或大理石的長條行李臺很方便/兩個行李箱打開放都沒問題/還有免治馬桶/乾濕分離的衛浴/最棒的是淋浴間有我最愛的的花灑/蓮蓬頭及水龍頭/這種三合一的配備在其他的五星飯店都不常見到呢/而且水量超強/在這沐浴真是享受/早餐中規中矩/樣式不少/口味較普通/兩天菜色大致相同/但是有提供自家六國麵包坊的麵包/艋舺鹹粥用料豐富/岀油的鹹蛋黃配白稀飯嘟嘟好/而沙拉區有道/碧玉筍/讓人驚豔/是沒吃過的好滋味/入住期間適逢生日/飯店主動贈送小蛋糕/水果籃及賀卡/這讓平常沒在過生日的我受寵若驚/真是倍感尊榮/開心/飯店位於西門町附近/有地下兩層平面停車位/停車非常方便/而房客入住期間憑房卡還可享有各個餐廳及六國麵包坊七折優惠/另外柑仔店每人ㄧ個塑膠袋糖果餅乾裝到滿/挑戰疊疊樂也充滿童趣/台北花園大酒店整體福利真的不錯/值得推薦喔/
A	2021/2/24為第二次入住/1/入住時/房間裡面的面紙抽幾張就沒了/也沒找到備品/要額外通知櫃檯人員/而且等很久/2/雙人房的大浴巾有兩條/但有一條被掛在浴室握把/一條才是折在層架上/到底是/3/重點/本次入住時/櫃檯沒有主動告知要施工/只有在房間裡面放一張紙條說會施工/但也沒有告知施工時段/讓住客無法因應/早上9點就開始敲敲打打/而且超大聲/等到要退房的時候/又沒施工聲音了/真是好棒棒/睡眠不足的情況下還要工作/驅車回台南/真的很無言/你們都不會覺得這樣會造成住客生命危險嗎/飯店業就算要施工也應該至少等到11點以後吧/我要是知道要施工/就會選擇這次住別家/不然當天告訴我們幾點會施工/我們也會盡量控制自己的工作及睡眠時間/這種不管住客死活的態度真的要不得/他們會施工到七月底/要入住的旅客請三思
B	附近很方便/捷運站近/吃的多/又有家樂福/離西門町近/飯店裡自助也不錯/多樣選擇/且房客7折
B	台北花園大酒店位於台北是中華路/靠近捷運小南門站/近總統府/離西門町很近/交通方便/服務人員親切態度良好/內部設施完善/有提供早餐/食物品項很多/可以提供住宿者選擇用餐/餐廳服務人員親切服務周到貼心/主動為住宿房客提供服務/特別為素食者房客提供素食餐點/以客為尊/很好的口碑/經口耳相傳會增強顧客的向心力和喜好度/以及再度來住宿的意願/如果食材可以多選用新鮮的食材/減少冷凍冷藏食品/會更好更有品質/有貼心的精品優惠推銷是它們的一大特色之一/有幫忙房客叫計程車也是貼心的服務/總體來說/是一間服務很好的市中心的觀光大酒店/值得推薦/還有免費的停車位可以利用/在台北市中心實在難得/讓自己開車來的房客不必為了找停車位而費時煩惱/
A	興致勃勃來到/花園泰X/餐廳用餐/結果極度失望的離開/一進門/氣氛非常吵鬧/桌與桌之間間隔很近/近到一度讓我以為現在不需要防疫了/服務生態度很散漫/要點個餐要去吧檯請他們過來點餐/這就算了/餐點還很令人無言/menu/照片真的真的真的只是僅供參考/第一次吃到以日式定食方式出餐的泰式料理/雖然出餐特別/但是對料理失望到完全不想拍照的地步/而且吃完後/口中還會殘留讓人不舒服的感覺/這家餐廳大概是我心目中分數負分的第一名了
B	住宿還有附贈牛排/自助晚餐/超級超值/床墊無敵好睡/一年2訪值得推薦/
A	一肚子火/一點也不像飯店該有的服務/訂房時雙人房/到時變一樣坪數三人房/說什麼升等/擺明了就是被擠到這種房型/問了也消極不處理/失望透頂/列入北部出差黒名單/
B	東西好吃/但要先定位/
B	服務人員都非常親切/住房還可以天天拿小零食飲料/吃泰式料理還享有7折優惠喔/
B	其實就住附近而已/但每次經過看到此飯店蠻吸引我的/這次入住一晚/真的很乾淨/服務人員態度很好/只是夜晚聽得到鄰居聊天聲音/但是這樣子的價錢/又可以享受大床/真的很棒了/還是會想要再來過夜/
B	舒適的環境/服務很好
A	可能飯店由於大窗戶關係隔音都不好/附近鄰居醫院/晚上救護車很多/且於第二日晚上11點/且隔壁房間小孩聲音大到影響本房睡眠/打電話請櫃檯結果都沒有用/
A	中餐沒有滷牛肉/好失望/菜色普通
B	翻新之後很優質欸/cp值超高的/
B	房間明亮/設備新穎/服務佳/
A	服務待加強/餐點選擇少/
B	房間住起來很舒服/服務人員態度很棒
B	優點/房間空間大/高樓層景觀好/人員服務態度好/整體雖然設備看起來都有年紀但算舒適/地點坐落位置方便/有開車的人到其他景點都不會太遠/龍山寺走路就能到/建議/1/早餐座位不足/建議於check/in時讓房客自選用餐時段/大家分批使用/避免大家都集中於同一時段且餐具及食物明顯跟不上人潮的速度補充/經常空櫃空盤/2/一進房就看到有一隻德國小蟑螂爬過床上逛大街/3/停車位置稍微不足
B	空中花園spa可預約/景觀按摩泡泡浴很棒/餐點設施文創商品都很有特色/走路就到西門/值得推薦
B	因為疫情的關係/房價有優惠/來體驗飯店住宿/買了帶早餐的雙床房型/感覺部份員工訓練是有待加強的/如果是國際級的飯店/廚房員工的素質可能要再提升/有客人的時候聊天比客人還大聲/清炒高麗菜的菜葉夾到不少損傷菜葉/沒有挑掉就拿來炒/11樓房間隔音感覺不錯/房間很滿意/附的沐浴用品乳液香味怡人/很舒服/房間景觀好/窗簾遮光性佳/空調開關或廁所牆附近每隔一陣子會發出小小的低頻噪音/但影響不大/個人覺得吹風機風力偏弱/彈簧床偏硬/
B	第一次到有點錯愕下午大約4/45到/訂兩間房/卻跟我說/車位已滿/卻跟我說/房間一豪華房還沒好/冷氣修繕/但/一切都在半小時/處理好/給了車位給了房間/不過美中不足的地方就是/好像看空中花園/整修中/負評變正好評/哈/櫃檯服務人員態度很好/開心的童玩糖果店/無限吃到飽/晚上美女彈豎琴很有氣氛/還有令人驚艷的早餐八費/吃到飽/吃到撐/吃到滿足/高級/
B	便宜但精緻的飯店/生意很好/但服務完全跟得上/房間乾淨舒適/地理位置好/第一次看到這麼大盆的粥/要記錄一下/
B	離西門町丶剝皮寮都近/早餐多樣丶有浴缸丶有風景/1F的泰式料理用料大方/而且服務人員很用心/竟然還幫忙折睡衣/實在非常貼心/
B	地點不錯/去西門或總統府附近都很快/算是交通方便的地方/如果開車來停車也免費/早餐自助很豐盛/不會太單調/房間整體質感很好/床意外的大/尺寸應該可以睡到3個大人了/高樓層風景也算不錯/幸運一點可以看到101或小南門/廁所衛浴設備都算新/應該是有整新過/房間空間以這樣的價錢在台北來說的話是很有誠意的/不至於像商旅一點點擁擠/兩人有點過大/比較偏向家庭房的感覺了/
B	床很好睡/不過餐點就沒有想像中好吃了/只能說比一般好一點/早餐種類也沒想像的多/但是其實也夠吃了/房間乾淨/浴室的蓮蓬頭水壓很夠/沖澡很舒服/要不是還要上班/其實想再續住一晚/在這邊的睡眠品質很好/都沒有做夢的
B	三人房房間很大很舒服/又乾淨/適逢疫情及促銷期間/住宿價格也很有競爭力/只是停車場車位較少/停車時較為困擾/
A	入住後發現是兩小床合併一大床/發現是/偽雙人床/很傻眼/而且已經在訂房時特別備註還出這樣的包/感受實在很差/櫃檯還說花園大酒店的雙人床大部分都是這樣/這讓人更傻眼了難道花園大酒店都是/偽雙人床/嗎/經爭取後櫃檯願意更換/真雙人床/房型/撿其他客人剛好換房的房間/垃圾桶有垃圾/牙刷被取走沒補/不是什麼大過失就摸摸鼻子認了/打電話給房務後來也補了牙刷過來/抱著滿滿期待入住卻遇到以上事件/很扣分/在官網應清楚說明房型/消費者有知的權利
B	服務很好/房間的設備也很乾淨舒適/房價也不貴/下次還會想來入住/早餐自助式很豐盛/還有柑仔店的免費懷舊糖果可以免費拿/
B	雖然人手不足/但服務人員態度超級有nice/推/
A	兩顆星是給櫃檯服務人員/當初訂房時註明要遠離電梯/入住時也特別再三確認/但最後給了我一間在貨梯旁備品室的房間/整天都是乒乒乓乓的開關門聲音/溫馨家庭房的浴缸小到只能泡腳/餐廳早餐優秀/服務有禮/比客房櫃檯表現好太多/
B	還可以/就差不多4星級飯店的水準
A	從B1搭電梯到1樓要辦理入住時/電梯內有員工/我們推娃娃車來不急進入門就要關上/還好我又按電梯鍵一次/門才打開/電梯內員工滑著手機說/你們要進來啊/這不是廢話嗎/到了房間/發現床單有黑色污漬/雖然知道這是洗不起來/但是也應該鋪在下方並且翻面也才不會明顯/這是觀感問題/隔天要吃早餐/餐廳卻說我訂的房價不含早餐/還好我有留訂房明細/才說是誤會/吃完早餐外出/按了立即清掃燈/三點回房/發現還沒整理/也打給服務中心反映/不知道是員工訓練有待加強還是我和這間連鎖集團飯店八字不合/
B	訂房時發生小意外/打電話問有房間但隔天訂房組卻回我沒有/但後來飯店的處理讓我感到意外/非常之好/入住後環境空間舒適又大/對比前一天住福華飯店更勝一籌/因為帶小孩同行需要奶瓶消毒鍋/結果是壞掉的/但飯店後續處理也很妥適/協助向其他好心的房間客人借給我們用一下/這間飯店服務大致算起來不錯/是會重複想再去的/列入造訪臺北必住飯店名單/
B	住起來很舒服/房間很乾淨
A	房內算乾淨/枕頭好躺/電梯人很多/只有兩台可以使用等很久/早餐原本很期待結果很普通選擇不多/認真打分數應該只有70分/
A	停車位少/參加晚宴五點就滿了/桌子以10人桌來說偏小/上菜速度前面很慢/後面又趕速度
B	好吃料多價錢時在便宜
B	一樓的饗聚廚房/中西日式餐點種類繁多/新鮮好吃/但部分餐飲烹調方式可再加強/豐盛沙拉吧水果甜點吧/各式麵包可以自己DIY漢堡/泰式風味小吃的切仔麵米粉河粉/還有無限量供應的Haganduz冰淇淋及各式飲料/服務人員不太夠/因此有一兩個顯得浮動/但大多數親切熱心/穿梭往來於用餐區/環境優美冷氣溫度宜人/來客量八九成/但不顯擁擠混亂/午餐時間從11點開始/供餐到下午2/00/用餐時間夠長/可以讓饕客盡情享用悠閒朶頤/
A	第一次入住/個人體驗上大致上還行/硬體設施難免都會有老化/所以這部分沒什麼太多需要挑剔的/比較嚴重的問題是飯店房間的隔音/除了走在走廊上就能聽到房內小孩子的嘻笑聲及大人聊天的聲音/最讓我不解的是/原本浴室附了一個迷你浴缸是美事一件/但只要打開水龍頭/房間就會聽到轟隆轟隆的水流聲/再者是馬桶的沖水設計/我對於願意提供免治馬桶的飯店一向都給予很正面的評價/但入住當天要使用時按了好幾個鈕免治馬桶卻都毫無反應/我仔細的檢查了一番/才發現電源根本就是關閉的/除了節約能源這一點要鼓掌之外/免治馬桶其實有省電功能/我想大家都知道/這是我第一次遇到飯店沒把免治馬桶電源打開/造成是被用冷水在洗屁屁/台北昨晚12/15度/但讓我最傻眼的是上完廁所按下沖水鈕後/隔了幾十秒後會有一聲很大聲的/碰/我的直覺是馬桶水箱注水滿了水流入口突然被關閉/造成跟用力關門一樣的聲響/我自己被這聲驚人的聲響嚇到好幾次/實在是挺傻眼又不得不接受的先天問題/最後是我又遇到了類似問題/但最奇怪的是這間飯店並沒有主動打電話給客人提醒退房時間/而是在我退房時跟我說/下次請準時退房喔/這倒也是我第一次聽到櫃檯人員說這樣的話/感覺我延誤退房10幾20分鐘以上/造成飯店極大的不便/我願意就退房delay那幾分鐘這件事向飯店及工作人員說聲抱歉/也很感謝您們/
A	新開的花園Thai/Thai/服務素質有待加強/點餐時飲料是熱的冷的不清楚/上菜打破酒杯跟啤酒把同行友人衣服都用濕玻璃碎片彈到其他人腳沒有任何道歉/補上啤酒又上錯/上五個碗有三個碗沒洗乾淨有烘乾的飯粒/結帳時的服務人員站在收銀臺前卻問我們是單點嗎/詢問會員跟三倍券優惠也不清楚自家三倍券使用規範/後來資深的協助/列出的明細明顯沒有帶入菜單優惠還要用筆跟計算機/新人也沒提醒要用會員/我們提醒後又再按計算機算一次/泰式餐點選擇不多但口味都有一定水準/反而是最一開始招待了炒泡麵/但泡麵已經非常軟/反而扣分/
B	地點離西門町近/房間空間舒適/早餐選項多/住客可自取一袋古早味零食/小孩大人都開心/泰式餐廳的食物風味蠻好的/泰式啤酒好喝/若有機會/會再入住/
B	位於走廊最後的豪華客房一直是我的最愛/大面積的落地窗和舒適的沙發/最適合辦公和發呆/
B	Primes/one/的所有餐點都好好吃/
A	食物有蟑螂/員工處理不是很主動積極/某些員工服務讓人覺得員工很厭世
B	住了好幾次的花園酒店/每次的感覺都很棒/早餐的品項雖然不多但是很精緻/今天的蔥花蛋捲/濃濃的蔥花香伴著軟嫩的口感/百香果優格的微酸伴著桑椹優格的清甜/加上杏仁片及南瓜子/忍不住吃了2碗/泰式海鮮湯滿滿的鮮蝦及蕃茄/微酸的口感/讓老媽媽讚歎/
B	4/4/4/5入住/房間整潔/服務良好/硬體設備不錯/唯獨隔音不佳
A	地點好方便停車/以價位來看食物算多/所以精緻度可加強
B	整體而言環境不錯/服務人員也滿好的/只是最後甜點上來時/先前用的鹹食餐盤已占住桌面必須回收的時候我們整桌十人不知為何卻只收了三個/去反應了兩三次才全數收完/令人小錯愕/以及跟他們詢問白開水卻倒了一杯超燙的水過來/連拿起來喝都有點障礙/希望之後能留意改善/辛苦了/
B	以房價換算Cp值算高一般住宿水準餐點不算精緻但大眾化口味ok
B	設備好/窗外風景優美
A	不是房客/吃了最近很夯的thai/thai來回饋/點餐內容/四人合菜優惠/泰式青木瓜沙拉/蝦醬四季豆/南方叢林咖哩豬/泰式鮮蝦綠咖哩/泰式蝦餅/泰式檸檬魚/冬蔭功海鮮湯/泰國香米/泰式奶茶鹽之花及三瓶泰式啤酒/單點/兩瓶啤酒/20點後買一送一/及巧克力蛋糕/千層蛋糕/推薦/1/泰式奶茶鹽之花/甜度/茶味剛好/且鹹甜感/較一般泰式奶茶不膩口/2/蝦醬四季豆/四季豆清脆有蔬菜甜味/蝦醬沒有很重的腥味/搭配起來清爽/其他/1/泰式檸檬魚/冬蔭功海鮮湯香味感覺不夠/咖哩類及青木瓜表現平平/整體並無特別之處/2/甜點類/千層蛋糕外皮不酥脆/潤溼咬感/感覺擺放日期過久/美食口味很主觀/純粹個人心得分享/服務/1/週五雖無滿桌/但明顯人力不夠/不是忘記客人需求就是等待較久/且教育訓練不足/餐點內容無法流暢推薦/送來東西份數不足/需不斷提醒且啤酒杯子裡有死掉的蒼蠅/未檢查就送給客人/2/新聞稿優惠方案/現場並不能使用/客人主動詢問才告知/心裡感受落差極大/感覺坐地起價/事後再以電話重新詢問/一位是說均可使用振興券/一位說優惠不得併用/這究竟是要讓人誤會到何種地步/3/啤酒買一送一活動無主動解釋/結帳才得知該服務費需以原價/兩瓶/計/整體而言/服務生有熱枕/但對公開的方案和價格落差均不主動告知/永遠等客人詢問或結帳厺才告知/感覺真的很差/
B	離捷運站近/交通便利/附有停車場
B	還好/一般/
A	很失望/永遠不會再來/從來沒有在住宿期間就如此失望/因為工作關係需要找一個就近地點住宿/找遍了這附近說花園是這邊唯一五星/我並不期望以這價錢能有五星服務/環境但很多地方令人感到四星也完全不值/三星也勉強/我先說唯一可以讚的是水壓足夠/如果到台灣旅遊/大多飯店都有水壓不足問題/這裡反而不錯/而差的地方很多/不想浪費太多時間/簡單來說/最劣的是設施/用具很舊/連房內枱面玻璃也充滿舊的污跡/竟然可以繼續使用/佩服/另外/毛巾頗舊/灰灰的/每天打掃房間的服務也毫無品質可言/有些洗護用品每天都不會檢查及補給/toilet的厠紙每天只有一卷/用畢2/3也不會補/真的很吝嗇/仍要住上數天/好希望快一點離開/後補/check/out那一天/櫃檯男生服務態度也很配合這酒店/非常沒禮貌/
B	服務周到/裝潢氣氛舒服/住宿兩天很滿意/最愛的是他的床/真的可以睡在上面一整天/有機會想再來住/
A	沒有飲水機需要直接跟櫃檯取水/有限制房客飲水的情形/委託寄件還要自己找紙箱/那就別提供這項服務
B	非常棒/還有10/13晚上櫃檯人員/一位先生服務很好/口氣感覺就是很重視顧客/真的很喜歡花園飯店/住了3/4天/每天房務人員都把房間整理的很乾淨
A	早上被飯店施工的聲音吵起來/超大聲超吵的/就算住5樓還是覺得非常吵/根本不是人住的
A	感覺不好聽說是掛星星的飯店/床罩破成這樣捨不得換是怎樣/早餐8點才能吃好餓啊/雖然菜色豐富可是耐不住餓啊/然後蘋果是整顆讓客人啃嗎/沒切都不敢拿/巴樂該挖的籽沒挖倒是把無礙的皮削了/好無言
B	這裡的餐點都非常好吃/服務人員非常親切/讓客人感到舒適/很快的我們應該會再度光顧/
B	餐廳用餐/體驗普通/
A	太差了/門卡進不去/整個壞掉/晚上大停電戶/還不給換房間/真的是很差的體驗/然後晚上的自助餐真的誇張的爛/熟食才6樣/東西少的可以/海鮮也不新鮮/真的/爛
B	大推/配合國旅補助用超優惠價格住進超高CP值的五星級飯店/飯店內設備完全/且許多小細節也都注意到如身體乳液/雙USB轉接頭/等等/如有機會會再次入住/
B	剛在花園大酒店辦完婚禮/對於飯店的服務及菜色非常滿意/尤其是宴會部的Nico賴芊羽小姐非常專業及認真負責/五星級飯店當之無愧/
B	超級推薦花園大酒店/首先因為早餐能弄到這麼棒/就很值得來住宿了/這裡的早餐光是艋舺鹹粥/可自己加料的鹹豆漿及杏仁茶/就已太厲害/近年來最喜歡的飯店早餐就在花園酒店了/入住時櫃檯會給個透明塑膠袋/旁邊的花園柑仔店/古早味糖果/餅乾可以裝到滿裝到爽/飲料還任拿任喝/這實在讓小孩樂壞了/這成本可不低耶/補足了飯店沒有親子設施的不足/房間乾淨整潔/景觀也不錯/我們住宿的房間直接可欣賞打燈的總統府和剛去的101/房間冷氣很冷/熱水水壓穩定/意外的喜歡那個小浴缸/必須盤腿泡澡/呵/遇到的服務人員態度都很好/雖然沒有飲水機/但需要幾瓶礦泉水/櫃檯直接請房務拿給你不囉嗦/停車場也不錯/台北市有的飯店難停車的要命/飯店地點絕佳/很多景點走路都可到/龍山寺/總統府/西門町/植物園/等/此次是因參觀總統府而選擇住宿花園酒店/離小南門捷運站走路5分鐘/房價也相對合理/會想再回訪的一家好飯店/
A	你們家便當有夠難吃/肉不像肉/菜不想菜黏呼呼的
B	床好睡/室內乾淨/空間大/櫃檯服務親切/價格實惠/建議有開車訂保證車位方案體驗很好/早餐吧不過不失/如果調整價格並增加早餐精緻度/就完美了
B	房間超大又整潔/小南門站走5分鐘就到/有提供免費糖果餅乾薑母茶/過色時間雙人房才2500
B	第一次住花園酒店/定了泰泰專案/入住還送兩瓶啤酒加上一份小菜/最棒的是給小孩子一個袋子裝糖果/服務跟各方面都很好/也有停車場/距離捷運也近/下次還會再住/枕頭太軟可能是唯一的小缺點/讚/
B	9/24入住/一切都很好/櫃台服務人員也很友善/房間軟硬體也都很/棒/唯獨自助式晚餐需要加強/美中不足/還好當天不很餓/很愉快的住宿經驗/
B	我覺得菜色不錯/也蠻好吃/只是份量不是很多/但一般飯店差不多都這樣/費用也不是很便宜/這次十個人吃大约花費七千多
B	美食/溫馨的夜晚/真的感受到回家的窩心/謝謝你們的用心/
B	交通便利/鄰近龍山寺的觀光飯店
B	飯店完全沒有煙味/15樓風景不錯/可以看到101/床鋪柔軟/浴廁乾淨/服務人員親切/鄰近西門町商圈/晚上可以走走/距離捷運站很近/走路5分鐘可到/因疫情關係/房價便宜/住起來CP值很高/有機會會再回訪住宿/
A	太扯了/早上九點下來吃早餐居然還要排隊等/住過上百間飯店第一次遇到早餐要等的/爛透了/還敢說五星級/Really/bad/I/can/t/believe/I/have/to/stay/in/a/loooooooong/line/and/wait/for/the/breakfast/at/9/o/clock/Ridiculous/
A	饗聚廚房下午茶還好/中途提供的海鮮粥有燒焦味/有告知服務人員/粥馬上收回/改換2隻泰式蝦/服務人員態度很優
A	兩個月前訂房/飯店裝修有噪音與粉塵竟臨櫃才告知/服務品質令人失望/
B	房間很寬廣也很乾淨/浴室備品也很高級哦/交通方便/走路就到西門町/離總統府也很近/
B	住四人房/視野不錯/不過窗戶玻璃實在太髒了/廁所浴缸超小/床軟硬適中/枕頭偏軟/房間隔音設備不錯/旁邊是和平醫院都沒有聽到救護聲的聲音/可能因為住10樓吧/早餐真的很難吃/不推/真的別加價吃早餐/你一定會後悔/沒有一樣好吃/粥裡面還有隔夜飯大顆粒/有點傻眼/生菜我也覺得沒有很新鮮/最基本的培根也煎的不脆/擔仔麵也沒味道豬肉味很重/廚師加油好嗎/對了/還有柑仔店可以拿餅乾糖果吃/還不錯喔
B	好喜歡這家美食/裝潢超豪華/服務親切/特推/會想再去的店家/
B	房間舒適/冷氣足/床墊軟硬適中/睡好眠/浴室備品沐浴露/洗髮/含精油/不油不膩/淋浴水量很充沛/早餐可以選擇的食物也很多
B	鬧中取靜/頗有其趣/PRIME/ONE牛排館很不錯/台北花園大酒店/Taipei/Garden/Hotel/中華路的喧囂/一走進台北花園大酒店/下稱花園/似乎就收斂許多/把奔騰的車流過篩/留下愉悅的心情/迎接度假的節拍/受限於建地的關係/花園的動線有點奇妙/但換個角度想/也頗有幾分探索桃花源的趣味/愛吃的我選擇花園的/老饕必嘗PRIME/ONE牛排館住宿專案/一泊三食兩人同行每人2150/其實就是4300/而且假日不加價/內容包括/六國酒吧晚茶點心/Happy/Hour無限暢飲/米其林餐盤推薦PRIME/ONE牛排館精緻套餐/和/翌日饗聚廚房精緻Buffet早餐/但我入住的時間點比較敏感所以改成套餐/一連串豐盛的豢養計畫/相當適合在週末實踐/託友人之福升等到花園套房/我非常喜歡那個可以俯瞰小南門/遠眺中正紀念堂/兩廳院和台北101的小客廳/座椅舒適景色佳/是個日夜皆美晨昏皆宜的放鬆區塊/臥室沉穩大方/一張兩公尺見方的雙人床加上一張超大的書桌/充分展現能文能武動靜皆宜的氛圍/Walk/in/closet有兩道門/不知為何讓我想起深邃美麗的納尼亞傳奇/已經快跟臥室一樣大的浴室是出乎意料的亮點/看到坐浴盆/bidet/的時候比看到免治還新奇/因為浴缸尺寸跟龍頭出水量不成正比/所以想泡澡的話/請務必多點耐心/供應點心的六國酒吧要先出一樓正門/走進麵包店穿過收銀台後才能抵達/有種柳暗花明又一村的感覺/我本來以為點心就是可以續杯的咖啡紅茶加上兩塊小餅乾/後來才發現還有可以免費續盤的沙拉小菜/我是滿喜歡那個牛肚跟龍鬚菜/但是如果再追加的話晚餐可能就會吃不下只得作罷/晚餐地點是花園獲得米其林指南餐盤推薦的PRIME/ONE牛排館/下稱牛排館/但是從館內過去的話要先穿過一個我覺得不是很起眼的小門並走一小段室外步道/雖然不遠/但方向感不好如我之人還是有可能會迷路/請稍加注意/牛排館是這個專案的主角/但我居然忘了拍菜單/扶額/簡單來說就是麵包/沙拉/湯品/主菜和甜點的五件式套餐/相當有誠意的份量讓我光是把湯喝完也差不多飽一半/五分熟的肋眼軟嫩多汁香氣飽滿/盤子上殘留的肉汁都忍不住想要舔乾/而最讓我雀躍的是那輛點心推車/雖然可以任選三款/但怎麼取捨永遠都不簡單/早餐的地點以前叫/六國餐廳/現在更名為/饗聚廚房/原本以自助餐形式供應/但因應相關局勢所以改成中西日三選一套餐/前一晚才因為牛排館套餐吃太飽/所以還跑去花園對面的家樂福跟廣州夜市散步幫助消化/而在早餐端上桌的時候/對那個分量還是有心頭一驚的感覺/人家說美好的一天從豐盛的早餐開始/我覺得想出這個專案的人/應該是把每一餐都當早餐一樣在吃吧/所以如果想了解花園的最新動態或各項餐飲住宿優惠/不妨先去注意一下臉書粉絲專頁/我覺得更有機會撿到有趣的東西/伊萊一直來/伊萊一直玩/伊萊一直住/台北花園大酒店/taipeigardenhotel
B	菜色內容豐富多樣化/獨立包廂空間有很好的隱私性/服務人員超貼心會一直幫你補上果汁飲料/
B	很開心入住花園酒店/入住的時候服務人員Kevin很親切的介紹飯店設施/包括去柑仔舖拿糖果/小朋友超級開心/還提醒我的小孩記得吃完糖果要刷牙哦/很貼心的服務人員/而且人也好帥/房間也很寬敞/乾淨/我們很喜歡/孩子可以泡澡很開心/下次還有去台北/花園酒店是我的首選/
B	三人房房間是兩張單人床合併再一張單人床/所以三個大人睡起來超舒服/空間乾淨/浴室有一個小浴缸/早餐也算很多樣化/整體服務值得給五顆星
B	有室內停車場/可以停到退房當天的晚上/都不額外收費/對外縣市來的遊客算是很貼心的服務/步行至西門町只要10分鐘左右/人行道很完善/搭捷運/公車都很方便/地點相當好/房間和浴室都很整潔/很值得推薦/下次會再來/只是透過網路訂房App/入住時還要押金1000元
B	2020/09/04來吃晚餐/一樓的自助餐廳/用三倍券買餐券方案/等於一人不到400元很可以/但如果是原價就有點母湯
B	親切/服務好/價格實在/交通方便/
A	/150/非常值得購買/500/請做好心理建設/
A	這是我吃過最寒酸的五星極酒店自助餐/樣式少到可憐/去的那天是假日/服務人員跟用餐客人一樣多/料理普通不會讓人討厭/一客八百多似乎貴了點/蔬菜料理很多/我喜歡/因為用餐環境舒適/人少安靜我會再去/不建議愛美食的人去用餐/
A	1/若要求付一千押金/是否應於電話預訂/現場預訂/官網皆顯示說明清楚/2/空中花園於防疫期間停止開放是否應標示明確/3/盥洗用品的質量有待加強/三星都強過花園大酒店/降低價格自然必須接待更多面向的客人/如果不爽也不用擺在臉上/感覺很不愉悅/目前不會考慮再訪/期待各種進步
B	算不錯/餐點是好吃的/服務人員很好/不過捷運站有點遠/離總統府很近
B	1/地點很好/從捷運小南門站出來直行就到了/2/飯店對面有24小時家樂福/龍山寺/華西街夜市步行可到/3/服務人員態度很好/床軟硬適中/4/浴室蓮蓬頭有點難操作/
B	房間乾淨清幽/浴室浴缸是個用坐的正方形浴缸/早餐內容還不錯/但/衛生度/要多加強/整體來說/還可以接受/
B	房間乾淨舒適/臨路市景房很安靜/早餐選項多/非常豐富/距小南門站很近/交通方便/CP值高/
B	牛排館PRIME/One的商業午餐很好吃/肉質鮮美配菜也很棒/停車也很方便/
B	來北部洽公/剛好在Agoda看到/早餐時間為0700起/剛好公務要提早離開/飯店還有備建議餐盒/環境乾淨/安靜/
B	有停車場/離小南門MRT也近/對面又有24hr的家樂福/離西門町也近/又不吵/早餐多樣化/還看的到夜景/廁所還有浴缸/嬰兒床/消毒鍋/以價位來說/CP值很高/2千多塊住六日/出電梯還有香香的味道/這種細節也有注意到/真的很划算/服務也是一極棒/非常喜歡/
B	隔音效果很好/柑仔鋪的零食任你拿/早餐豐盛又豐富/CP值很高的五星酒店/
A	上周入住家庭房/覺得房間規劃不錯/枕頭還有軟硬任選/只是以5星級飯店來說/電視頻道較少/電影台跟歐洲新聞台少/是因以中國客為主嗎/粉多中國新聞台/看不懂
B	VIEW/不錯/這是房間對外的景/夜間忘記拍了/可以直接看到101/也難得在台北市區有這麼寬闊視野的飯店/因為預定的時候是衝著網路上說有夜景可以看訂的/入住時發現看不到/對著一個大建築物/所以直接打電話請櫃檯協助換房/很快就幫我安排好/並且請人員推了行李車來送新房卡以及協助換房/很體貼很細心/如果跟我一樣喜歡景色的/在入住時務必好好的跟櫃檯溝通/我想大家會跟我一樣滿意的/PS/早餐算是非常超值唷/這次訂了一份早餐100/種類算多的/C/P很高/
A	雖然說網站上也可訂房/但直接打電話到飯店自己的訂房組訂房/竟然比任何一家聯合訂房的網站/如Agoda/Hotel/com/都要貴上好多好多/
B	服務與設施都好/更重要的是附設停車場/洽公住宿非常方便
A	早上10/30/還在睡就有人狂按門鈴/正要起身下床/房務人員就自己開門走進來/我衣服都還沒穿好/整個傻眼/問說有要打掃嗎/真的是哈囉/第一/退房時間是12/00/第二/我連住兩晚/如果我有需要會放打掃的門牌/我沒有放/而且直接開門進房是什麼意思/這家飯店都這樣打掃的嗎/無需住客同意就能進房嗎
B	入住酒店時/每個人給一個送塑膠袋/可以去點心櫃裝各式糖果餅乾/還有飲料自取/
A	入住時全部停滿也不會事先告知/停車入口只會舉牌車位已滿/詢問大廳服務人員只能說沒辦法/號稱幾顆星的酒店不過爾爾/不適合再次蒞臨/免費停車只是/傳說/
B	服務人員周到/房價平實/房間空間大/新開的花園泰泰餐廳口味不錯/房客用餐另外可以打折/
A	地點好方便停車/以價位來看食物算多/所以精緻度可加強
A	1/房間冷氣超級不冷跟服務人員反應後來兩次調冷氣結果越調越熱還跟我們說修好了害我們整個晚上睡不好/如果發現修不好應該先幫我們換有冷氣的房間而不是假裝說修好了吧/2/入住前要付押金/1000/訂房前也沒事先說冰箱的飲料跟泡麵使用要錢/退房後才說要從押金扣/整體的感覺就是花錢讓自己睡不好
B	很舒適/人員也很親切
B	房間乾淨/設備齊全
B	一流的設備/地方寬敞/本次訂自助式餐點裡面的VIP包廂/原來裡面還有容納4桌的獨立天地可以辦活動/但是長形地形比較熱鬧不起來/服務員態度的非常好/即時搞到很晚還是笑臉迎人/所以當然要給小費喔/餐點不錯/桌子超大/覺得要夾菜好遙遠喔/停車方便/有免費停車優待/坐捷運西門站也很方便/一桌合菜8000/以飯店來說算便宜的/推薦
A	主廚經典錦便當200元主菜/無錫排骨/椒鹽雞腿/三杯雞/三選一/非常不推薦/不是普通/是/不好吃/難以想像是飯店出的便當/不如去自助餐店
B	清明連假/帶老婆跟女兒一起住這間台北花園大酒店/預訂了有花比壁畫的花比房/裡面有先進的聲控小美犀/還有可愛的花比壁畫/女兒在裡面玩的不亦樂乎/而且兒童住宿還提供斯巴沐浴組還有可愛的牙刷牙杯/雖說花比房比一般房型貴一點/但我覺得真的很值得/
B	網路上的/六國麵包坊/現已改名花園麵包坊/可刷國旅卡/可計入觀光旅遊額度/109/12/31確認/
B	環境清幽安靜/食物水準和價位相符/很喜歡這裡/下次還會光臨/
A	花園酒店因應防疫/把原本的早餐改成10/30後才供應早午餐形式/首先/早餐供應到底跟防疫有何關係/延到這麼晚浪費住客時間等待/打亂行程安排/其次/提供的餐點很不優/改那什麼早午餐形式/就連作為一客單純的早餐都不太及格/簡直是浪費房客的時間即胃的空間/
B	房型舒適整潔服務也好/離西門町/龍山寺/捷運站也近/旅遊機能佳/
B	其實在訂房網站上的性價比是很高的/住在邊間大房間/浴缸和沙發都有/很是滿意/16樓有免費的健身房還有付費的泡湯池及SPA/早餐豐富多樣/應有盡有/只是查了台北有名的飯店Buffet為什麼沒有花園酒店覺得奇怪/去吃了之後大概可以知道/這所有豐富種類的早餐/好像沒有哪一項特別好吃或令人印象深刻/尤其是精緻/可能說不定種類不那麼多/反而有主題性的精緻餐點會讓人更回味無窮/小小建議/
B	Prime/One牛排館的A5和牛菲力滑嫩多汁/五星級甜點只能打包
B	符合五星飯店水準/是很好的體驗/_/訂了一大床/入住時想改成雙床房/櫃檯安排了六樓的房間/住宿房客可以免費拿取雜貨店的餅乾糖果/飲料選項也很多/實際入住的房間跟照片有一模一樣/很大也很乾淨/走道空間很寬敞/放兩個27吋行李箱沒問題/浴室也非常大/幾乎跟房間一樣大/有免治馬桶/淋浴水壓很強/乾濕分離也有一個小浴缸/除了書桌外/還有小桌子可以放東西/兩張沙發椅可以躺/單人床也是加大型的/舒適的無可挑剔/花園非常用心在經營/圖片皆取自網路/
A	前言/上花園官網訂房/要小心/訂一間會給兩間/取消操作時/日期會自動重置/刷卡前要再三確認日期/我是苦主/但我承認我自己沒看仔細/幾年前曾經來住過一次/那時很感覺很清淨簡單/於是這次又選擇花園/這次上來台北主要是全家人隔天一早參加祖母的喪禮/家人需要養足精神/避免舟車勞頓/就打算在5/26號那天入住/沒想到陸客雜亂一堆/房間外沒禮貌的就算了/我入住的502號房/在房間內/半夜1點/似乎隔壁房客玩回來了/他們的放水聲音/水管聲/竟然在我房間可以大聲到壓過外面救護車的聲音/持續到半夜2點多/然後又聽到好像操著大陸口音的人在他們浴室大聲聊天/我們502房聽得一清二楚/隔音也太差了吧/根本就無法好好休息/隔天祖母的喪禮/我整個頭痛欲裂/想避免舟車勞頓/結果反而更慘/再來是冷氣開關偶爾發出答答答的聲音/床頭燈的開關沒喬好的話/會突然一閃一閃/你會以為遇到魔神仔/更扯的是退房前/我和家人再三確認冰箱的啤酒和水要不要錢/有無價目表/找了很久都沒發現有價目表/想說一晚4940元的房價應該都有附贈/就放心的拿了/結果/竟然在退房時服務人員告知我們啤酒要錢/我說怎沒有價目表/或標示清楚以免誤拿/服務人員說有/但他不知道放哪裡/我們又狼狽的回房間/打開行李箱/把兩罐啤酒放回冰箱/然後退房/退房時又遇到好像大陸人的房客在退房時/故意激怒櫃台人員/這個櫃台人員素質也差/三兩下就被激怒的大聲囔曩/這一擔擱/害我們差點趕不上祖母的喪禮/我們這輩子不會再入住了/這種素質的飯店/你們賺我們的錢賺得心安嗎/算了/反正你們有國外觀光客/已經不重品質了/
A	附近不好停車/但距離捷運站很近/步行約3/5分鐘即可到達/服務人員態度還行/但處理事情的方式真的非常不ok/訂房網上寫下午三點可以入住/我們四點多去/櫃檯人員說還有一間沒整理好/要請我們稍等一下/約一小時後會致電通知我們/但過了兩個小時後都完全沒有人打電話/我們打了兩通電話給服務台/第一通完全沒人接/第二通接了後說會把房卡送過來/送來的人員只說了/不好意思/這是你們的房卡/而已/完全沒有要道歉的感覺/整個心情差到極點/床很舒適/但清潔度待加強/在廁所內發現小蟑螂/感覺很糟/窗外的風景很美/高樓層適合拍照/早餐不錯吃/選擇多但仍有許多菜過鹹或過無味/原本打算只給一星/但因為早餐和床所以多加一顆星/整體而言/不推薦入住/覺得cp質沒有很高/除非在打折時住/不然很不划算/希望之後能改進一下/若狀況有變好/會考慮修改或刪除評論
A	只針對該飯店餐廳部分/吃到飽的六國餐廳的服務生/總之是讓人/主餐的部分太少/只推薦甜品部分/一樓另外一邊的酒吧/餐點簡直了/點了咖哩/全部都是微波餐/白飯的碗燙的我拿不起來/飯也有微波後的硬顆粒/湯不知道是什麼時候煮的/附餐甜點的盤子也一言難盡/附上的不是叉子而是湯匙/就一個不到三公分的小蛋糕/用湯匙/很懷疑為什麼這家居然是個星級酒店/拿出來的服務太謎了/
B	環境很棒/房間很乾淨/浴室牆壁完全無黴菌/還有提供好用的沐浴乳/乳液等等/
B	帶家人吃自助式晚餐/位置在和平醫院旁邊/至於停車場從愛國東路進入/地下/菜色不錯吃/餐位全客滿
B	住宿在此是不錯的選項/有各式料理/交通方便/房間也很舒適/
B	停車方便/但飯店內沒有直通牛排館/必須走出飯店才可以/
B	地點好/雖然離西門町還有1公里但整體感覺不會到西門町那麼亂/早餐也精緻
B	古城經典再現/花園尋寶之旅/
A	在雨中的旅行青蛙/這次在花園飯店住宿2天/附近飯店很多/近期住過的四星飯店/這應該算是第四家/飯店的旁邊是仁愛醫院/住在這你要考慮到這一點/雖然對外的隔音還不錯/飯店的大門口就是交通要道/車水馬龍的聲音/在房間內聽不太到/只有救護車那個鳴笛聲/我住10樓一整天都把簾幕拉上/我可以告訴你有6部以上的救護車停在附近/這次住房被升級到4人房/有點莫名其秒/跟我原本訂的房型圖片有落差/完全沒有被升級的喜悅/我當下就反應我不需要4人份的大床啊/但接待人員似有難色/房間裡可能是地毯的關係/讓我感覺有很重的壓迫感/浴室裡有最新的那種沖洗馬桶/比較特別的是還有日式浴缸/浴室配置蠻得我心/但是熱水的部份完全被扣分/要等10秒以上/而且跟凱達/德立莊/北門市民同級相比/是最後一名/尤其又碰上下大雨/被雨淋到的住客若想洗個舒服的熱水澡可能會很失望/在走道上遇見的工作人員都會跟你打招呼/可是飯店對內的隔音很差/房門關著我可以在房內的門縫看見走道上經過的人影/還有飯店對內的隔音很差/再加上我房間的旁邊就是備品儲藏室/第一天下午6/00前/工作人員一個小時超過20次的開關門/差點讓我使出獅吼功飆國罵/真的要請飯店住意一下/請那幾位歐八桑注意一下花園是五星級飯店/開關門要輕輕的好嗎/
B	尋找婚宴會場的過程中意外找到台北花園酒店/接洽的業務/賴芊羽小姐最讓我印象深刻/不但漂亮開朗/活潑可愛/風趣幽默連婚姻禮俗都可以倒背如流/超級專業/在介紹宴會廳時會建議怎麼運用場地的空間/也會提醒要注意的事項/對於婚宴流程完全不清楚的我們給了很大的幫助/所以當下就決定要辦在花園酒了/
A	地點不佳/離捷運站有段距離/附近各景點看似不遠/但走路要15/20分鐘/附近沒有超商/早餐不推/稀飯超級稀/荷包蛋形狀很嚇人/蘿蔔糕不成形之外/每一口都有一個硬結/顛覆我對飯店早餐的認知/水果很棒/Check/in時櫃檯人員當客人面隨意嬉鬧玩笑/很令人傻眼/
A	看起來好看多樣/但不好吃/甜點太甜/麵包不鬆軟/現做的湯麵麵太硬/熱菜沒溫度/桌邊熱湯也不熱/座位沒人也送餐點/感覺食材不新鮮/水果也是/鮮果汁也不好喝
A	才過三個月/港點價錢不變/體積卻大大縮水/我用了一樣的餐具吃相同的餐點/大小差距很明顯/故並非心理上錯覺/
B	除了浴缸很小我覺得沒什麼缺點/以假日2500上下的價位真的很不錯了
A	服務人員有禮親切/餐前麵包和用餐環境都很不錯/但餐點沒有評論上說的這麼好吃
B	房間寬敞舒適/商務樓層環境安靜/交通方便/景觀好/床墊軟硬適中/很棒而且價格公道的五星級酒店
A	停車場收費阿桑只會聊天/不會服務/動作超慢/客訴後還找身上沒員工名牌壯碩男子來助勢/是一次很不愉快消費經驗
A	晚餐是1680/10/套餐/味道普通沒有像標價般令人驚艷/羊肉處理也過於生硬/每道菜上菜都已涼掉/吃不出食物任何鮮美度/會議上的軟硬體服務也無法即時協助/欠缺提早準備的時間觀念/
A	服務很差/開車到飯店下榻才被告知沒有停車位/說官網已註明住房不會保留停車位要自己想辦法/第一次訂房遇到這種事行程都被打亂
B	服務親切/環境優雅/牛排與羊排鮮嫩美味/其他無論是麵包還是冷前菜等也都非常的好吃/水準一級棒
B	1樓自助餐/饗聚/味好不貴/而且/人潮不多/用餐體驗十分舒服
A	六國餐廳體驗蠻差的/第一次吃buffet到處缺盤子/補菜速度也不快/生魚片阿北直接用手去拿生魚片夾子很不衛生/做手捲的臉好像我在跟他要錢一樣臭/菜色的調味很特別/如果喜歡嘗試非台灣人習慣口味的話可以去踩/保證你吃到各式各樣新奇調味/鬆餅/吃起來很像橡膠/其它甜點不是太甜就是太普通/唯一的亮點就是哈根達斯/進去裡面狂吃這個最划算/唯一獲得今天認證好吃的就是滷白菜跟泰式炒河粉/但普遍都有點油/結論/去龍山寺吃吧/除非你想吃八百元的哈根達斯跟滷白菜/
B	房間夠大尤其床/更是一絕/窗外風景不錯/大面落地窗/停車免費早餐又超讚/煎蛋/料理主廚現做/但冰箱飲料/以為是免費/還好喝之前有看到需要支付費用/浴室浴缸/小小的/
B	我發現帶小孩子住過很多飯店/小孩子居然說這家很好下次還要來住/因為酒店一角有童玩及糖果/而且有袋子自己裝不用錢/懷念的嗶嗶糖/軟糖/棒棒糖/口味多種顏色鮮豔/樂了退房還要在進去拿一些/服務人員熱忱親切/我看起來酒店是有一點歲月/應該要改裝/房間算很大/浴室格局配置齊全沖泡浴缸也有免治馬桶多有/但門外地面採用地毯難免有味道/早餐餐廳沒很大但菜色應有盡有/菜色材料烹飪用心/東西是可以吃的/這是我觀察的結果/看剩菜就知道/假期住了三家酒店/小孩子拿的東西常看到薯條雞塊全吃乾淨/一問他說這裡的好吃/重點料理烹飪用心/我相信材料來源差不多/很多餐廳以為提供很多菜就是好/不知道有沒有關心廚餘份量/
B	請好友推薦台北最優質的吃飯地點/台北花園酒店馬先生力薦台北花園酒店/原僅吃下午茶/被馬先生推薦下又找十幾位朋友一起用晚餐/菜色優質服務優/並晚上住下原規劃別家旅館/並有緣與餐飲經理打招呼/他並推薦頂級牛排餐/下次一定再找朋友去最優質服務又有優雅環境的台北花園酒店聚餐住宿
B	尾牙覺得環境不錯/包廂很適合聚餐/菜色部分整套來說牛肉讓人印象深刻/但整體量感覺不夠滿足/服務水準不錯/
B	空間寬敞舒適/餐點種類雖稱不上繁多/但足以讓人享用一頓豐盛佳餚/點心水準不錯/
A	無熱食/主菜鮭魚/豬腳/沙朗牛排/可以三選一/11/30到達時/現場才來七八個人/卻說牛排已沒有了/只好麵包蛋糕吃到飽了/團購卷599元/也嫌貴了/
B	造訪花園thai/thai/人員服務好/環境衛生/廁所乾爽清潔/料理口味佳/網路上說三倍卷1000元可底用1500元/消費1999元套餐也可使用/但到現場時人員確說兩種優惠不能同時使用/唯獨這點讓人小遺憾/
B	先聲明喲/不是房客/是來一樓午茶/響宴的下午茶太可怕了/根本就是邪惡的甜點地獄/馬克龍顏色誘人/但是嘗起來讓人停不下口/自己動手作的巧克力瀑布/沾巧克力的材料有二種口味蛋糕/還好切小塊一點/不然怎麼能一塊接一塊呢/搭配甜點的自動咖啡機並不含糊/豆子和沖煮的水準比起一般店裏的好喝/還有各式茶包隨侍/今夏超流行的氣泡水這裏也有/這個Bogari氣泡水好喝/不能放過/很多人到吃到飽的餐廳都希望嚐到哈牌冰淇淋/對的/這裏也有/而且口味有八種/還有另一個好吃的牌子/等你來發掘/來這裏/有選擇性障礙的人只能希望自己是大胃王/能把所有所有的甜點全部納入/真的太可怕/
B	沒想到外帶的港點CP值頗高/一份50元/除了叉燒包本人不愛之外/其他都很好吃啊/尤其是燒賣跟蘿蔔糕/非常推薦
A	極度烂的自助晚餐/可以的話我會給他負分/首先空調完全不凉/吃得滿身大汗/其次/品款選擇非常少/吃到10點的自助餐/8點多餐點已不補/慢個幾拍很多餐點都吃不到/吃到最後連最基本的水也不補/再者/服務生態度極度懶散/站在甜點櫃前幾分鐘/完全無视我/最後/以這種價位台北市比他好的選擇有好幾百個/第一次去飯店吃自助餐吃到這麼火大/
A	4人房應該只有2大床/結果是4個硬小床組合成2大床/我暈了/床中間凸起的小床邊緣有夠難睡沒睡好/劣/另外/早餐真的不優/不推/
B	場地寬敞/設備優質/可惜一道佛跳牆讓身為老饕的我/只能給給4顆星/
B	很棒的一家酒店/貼心/不過份干擾/唯一一點就是/不知道什麼原因/在房間裡就是會一直流鼻水/整體而言/仍然是相當好的飯店/
B	價位適中/可惜這次來吃自助午餐竟然少了生魚片/離去時因為口罩不小心被服務人員收走/餐廳經理馬上負責的拿出自己的備用口罩提供/這在服務品質上很加分
B	婚宴的餐點口味還不錯/宴席的價格有包含舞台/主持人等/場地就稍微小一些
A	希望酒店能改進一下您的自助吧餐廳謝謝/內場大廚還沒有戴口罩/現在防疫期間/是想要客人跟衛生局檢舉/
B	服務非常好/入住還可以挑自己想吃的零嘴跟飲料/開心/
B	國旅卡旅宿業能刷/零頭用不完就到1樓靠馬路角落的麵包店買麵包吧
B	早餐很豐盛有奇異果先打果汁優格很好吃/飯店房間家庭房/有兩張大張的加大雙人床/睡起來很舒服/離捷運站很近交通很方便你不要
B	房間乾淨/櫃檯人員服務親切/餐點食材多樣新鮮/cp/值很高/
A	整體而言/價位便宜/用網路訂位晚餐兩個人1300/手熟食部分表現不差但是選擇偏少/但是有些菜冷了感覺也是隔餐口感很乾/生魚片普普稍不新鮮/現煎可麗餅好吃
A	自助餐菜色沒有變化
A	今日在二樓包廂吃飯/菜色與口味尚可/但是服務品質實在有很大的進步空間/服務人員本身在收/送餐與整理收下的餐盤整理時/所製造出的聲響/真不是普通的大/金屬與磁盤碰撞乒乓響/完全沒有星級飯店的水準/濕菜與乾菜之間要換碟子/還要去拜託/結論就是/往後的聚餐/我們是不會再將此酒店列入考量/
B	優質飯店/服務親切/自助早餐種類繁多/價格合理/交通方便
B	菜色很棒/服務很好/環境及設備都很佳/是聚餐宴會的好地方/
A	大門進去服務中心的櫃檯人員態度極差/回答客人問題的口氣很不好/降低整個飯店的格調/很失望/飯店漂亮也算乾淨/但是服務人員態度真的需要改進
B	飯店整潔舒適/
B	五星服務/沒有甚麼好挑剔的/自助晚餐在台北來說算很平價/但是不會因為平價就菜色變差/唯一有次牛排肉比較老/不過也是偶爾而已/整體來說/蠻不錯
B	很好/冷氣很足/房間也很乾淨/服務很好/我們弄得太髒亂都有點不好意思/辛苦清潔人員/謝謝/
B	搭捷運還算方便/房間/衛浴寬敞/古早味柑仔店隨意裝到滿/
A	距離捷運站步行約八到十分鐘/桌菜調味偏鹹/KTV的音響與麥克風十分糟糕/同等價味有更好選擇
B	以房價換算Cp值算高一般住宿水準餐點不算精緻但大眾化口味ok
B	有很多CP值高的優惠方案/可延長住宿時間和升等三人房/乾淨安靜寬敞的房間/豐富的早餐/住房還可享七折/實在太好了/一定還會再來
A	中央空調像冰庫一樣/是電費不用錢嗎/房間沒窗戶只能默默忍受像冷凍庫的空調
B	年底公司尾牙選擇在花園飯店舉行/採用的是自助式餐點/提供的餐點不僅種類多/重要的是非常好吃/連不起眼位置的麵包都很鬆軟/服務人員態度也很親切/隨時再旁提供服務/
A	吃裡面6國餐廳料理/上面生魚片/一看就知道是台灣師傅切的/除了不是片狀外/還出現大小不一的情況/熟食方面不是油/就是肉偏乾柴/不推/現打飲料則是不知放多久水果打出來的/西瓜第一次吃完後補上其他芭樂跟鳳梨/最後覺得現煮麵/還有甜點蛋糕和冰淇淋好/其他吃過沒有想再拿/但鮭魚這是拿第二次/連愛吃的蝦子/螺跟孔雀蛤都吃一次/由於新鮮和舊的混雜/一吃到怪味/感覺就差了
A	第一次住這麼爛又貴的飯店/坪數說35坪根本謊報/裡面小的要命/再來訂雙人房結果給兩張單人床/再來浴缸/根本就60/60/拿來洗狗的嗎/再來服務人員有夠跩/好像欠他錢一樣/詢問按摩的內容/結果叫我們去旁邊家樂福按摩就好/有夠傻眼的/沒遇過這麼爛的地方/這輩子不會在來這種地方了/要入住的請三思
B	來參加國泰人壽的講座/飯店不大/但佈置很典雅/服務人員也很積極/會主動詢問需幫忙否/自助餐菜色也不錯/但說真的/盤子太大太重了/其實都很棒/
B	好幾次路過/都只注意到麵包店及西點店/沒想到還有花園區/吧區/牛排館/甚至自助吧滙也在一樓區/因為有訂位去吃吧滙/加上時間充裕/提早到達/一進酒店大門/居然有人比我還早到達/坐在大廳等候/隨意在酒店內走走看看/大廳不算大/但有個相當好的行李寄放區/還有個商務區/相當豪華舒適/有個旋轉門通往花園及牛排館/這裡比大門更有看頭/相當漂亮/回到自助餐廳/陸續有客人進場/但不算多/座位區還不錯/感覺到生菜區很好/菜色多/醬汁也棒/也有起司區/種類不多/很經典/海鮮類很棒/生魚片超好吃/尤其鮭魚/熱食區比較普通/沒現切牛排/只有紅酒燉牛肉/還有意大利麵等等/甜點及水果也有相當質量/當然也有冰淇淋/
A	服務好/但住房沒停車位/浴室淋浴間水會外流/樓上浴室用水房間聽的非常清楚影響睡眠
B	櫃檯服務超親切/價格超親民/下次來台北還會入住的飯店/
B	舒適乾淨房間空間大附停車場/捷運近/位於西門町附近/飯店餐廳食物可口/
B	房間乾淨/地點方便/停車場寬廣退房後不需要馬上開走/可以停到你喜歡的時間/
A	入住不會幫客人留車位/停車場管理員表明關他們什麼事要我們自己想辦法/然後請我們倒車從斜坡上去自己找位置
B	交通方便/親切舒適
B	用餐環境好/CP值高
B	比預期中的舒適/乾淨/大廳的迎賓茶桂花烏龍好喝/柑仔舖的零食飲料也喜歡/
B	環境整潔/服務佳/經常利用該飯店舉辦活動/餐會/
A	房客無法保留停車位/要開車的請三思/從早到晚看停車場剩餘都是0根本沒有要讓人停車的意思
A	僅有吃飯/沒有住宿/吃到飽價格中階/沒特色/只有牛排/沒豬排羊排
A	停車場雜物堆積/燈光閃爍/以一個星級飯店來說/第一印象就扣分/
B	親友聚餐的好地方/可惜中西菜色不足/甜點及冰淇淋/還不錯
B	設備好/窗外風景優美
A	餐宴飲食各具特色/消費ＣＰ值尚划算/停車位置不甚充裕/服務尚有改善空間
A	花園Thai/thai泰式料理/菜單種類不多/味道偏鹹少了泰式的風味/價位不高但份量少/餐具用金色蠻精緻/
B	一家小而美的酒店/各項設施都还新穎/人員服務也很週到/歺飲點合人口味/我给予極高的評價/
B	房間乾淨/住宿可以免費到一樓柑仔店裝一袋餅乾糖果/小朋友很喜歡
A	午餐沒有任何米飯類只有擔仔麵/牛肉/麻辣燙/年長者牙齒不好/吃不到軟食/熟食/屬西式餐飲/沙拉菜/法式麵包/有小蛋糕的甜點/鮮果汁/鋁箔包飲料/咖啡/8/30吃午餐6人出來都吃不飽
B	早餐很多元/房間空間大又乾淨/房價合理/很推喔/
A	爛服務態度/剛入大堂時/那個女前台服務員/x德/x/服務態度很差/當時扣了我家人兩次酒店/我們詢問原因/她解釋很模糊/也態度很不耐煩/想我們快點走/最後/有一個男前堂服務員/告知一星期後會退款/現在兩個星期/還沒收到款
A	下午茶場的女員工/疑似值班經理/態度很差/從頭到尾連您好/謝謝都沒講過/講話口氣也很不好/但是小帥哥員工態度很好
A	一樓的自助吧餐廳整體普通/第一次去時還不錯/但月初去時熟食區品質整體下降了/但是甜點區有現做的可麗餅還不錯/生魚片和旁邊的現煮也不錯
B	4/4/4/5入住/房間整潔/服務良好/硬體設備不錯/唯獨隔音不佳
B	菜色豐富/麵包新鮮/價格便宜/服務態度佳/經濟又實惠/
B	服務人員男的帥女的美/服務又親切
A	自助餐尚可/餐飲服務人員的態度可以再禮貌一些/可能人手不足/有些小小不耐煩
B	六國麵包坊的麵包/蛋糕都好吃/
A	第四次住宿再訪/小南門捷運站2號附近/交通便利/飯店清潔品質仍維持乾淨/四年前會給5分/原因是此次造訪服務普通/未飯店業特質熱忱/觀察看來只是想把事情完成/以上純屬個人看法建議/飯店業是人的行業/集團內飯店服務熱忱度不一
A	停車位不知道在少什麼的/住宿旅客差點沒位子/一堆保留車格也沒車使用/為何不彈性開放/
B	麵包好吃/房客可以7折購買/飯店大方零食飲料免費供應/
A	今晚同濟會在酒店2樓有辦晚宴/柳橙汁必須是要跟服務生要/才會來一杯一杯幫你倒/並不像別家飯店酒席會給一整壺放桌上給大家倒來喝/話說/又不是新鮮的柳橙汁這麼怕人喝/另外/剛開始上菜速度有夠慢/都需差不多半小時才上一道/19/30才開始吃/超花時間的/
A	自住餐就很一般般/熱食上菜速度比收盤速度還慢/蝦子還可以吃/內有俄羅斯卡比索冰淇淋/現打果汁可推/其餘的菜就/打槍
B	花園THAI/THAI吃泰式料理/不錯喔/尤其是咖哩/朋友說很濃郁/我是覺得他家的果醬口味很好/
B	好友勇哥家的喜事/兒子娶媳婦/開心/遇到摯親一定要開喝/
A	飯店/麵包店/麵包不錯吃/飯店旁有和平醫院/若在飯店感覺身體不舒服/就醫很方便/醫院後方急診處/有好吃的店/有更多選擇/飯店附近有家樂福/賣場裡/常有韓國人在大採購/也有熟食/便當/可買/內有店家/如/賣當勞/品田牧場/八坂井屋/等等/
A	一分錢一分貨是大家都明白的道理/之前來用餐也沒這麼差/只剩下冰淇淋是讓我滿意的/以後不會再來了
B	玻璃花園餐廳環境明亮舒適/餐前麵包外酥內軟/意外的好吃/餐點道道精緻美味/特別喜歡清湯的濃郁風味/
B	服務好/糖果餅乾免費取用/有地下停車場/隔音極佳/乾淨度很不錯
B	經過去年一次三天兩夜/今年一次五天四夜的住宿與充分使用各項設施後/這確實是間五星級飯店/雖然/飯店位置沒有緊鄰捷運/健身房不大/餐廳屬性種類有限/房型大同小異/但在安全維護/環境衛生/附近景點密度等等/都有物超所值的感覺/特別是整體的服務品質/令人覺得自然親切/總之/值得您駐足細細品味/
B	France沐浴用品/面紙折三角便利使用小巧思/類似德國衛生袋Sanitary/Bag有入住都包括在備品內/提供免費free/wifi速度普通/鄰近台北車站與西門町商場交通便利/有麥當勞有家樂福有醫院在飯店斜對面/也附有You/Bike/歡迎來台灣/台灣不會讓您失望/
A	家中長輩去住/嫌的不得了/
B	Cp值很高的一家飯店
B	天成飯店集團的機構之一/處處感覺用心經營/從電梯地毯白天用/Hello/晚上用/Good/Evening/免治馬桶/商務休息室/房間設備/浴室設備等/都有貼心之處/溫泉是一賣點/地利之便近龍山寺/華西街/西門町等/是許多國外遊客/商務選擇的飯店之一/附註/2020年1月再度入住/因為實在有好感/
B	服務親切環境舒適
A	很多空間的隔間用木質建材/看起來很高級/但在二樓一有人走動步伐大/就感受到樓地板震動/
B	熟成牛肉挺可口的/服務人員態度非常的好/也有包廂/空間還不錯/就是地下停車場/比較不容易停/其他都很棒/
B	/很好的飯店/靠近西門町很近/過馬路就是家樂福/附屬的麵包坊/晚上八點後有打折/
A	假日住宿/飯店無為房客保留車位/外出返室後/無車位/警衛還叫房客自行想辦法/感官很差
B	用餐環境不錯/熟成牛排很特別/份量有點多最後的甜點都打包了/適合慶祝特別的日子/
A	吃自助吧所提供的菜色及樣式略顯過少/如菜色類能在多點那會更好/但餐廳氛圍算很不錯/
A	想說為了離住家方便在10月14日預定12月21日房間/因為臨時行程有變動不到24小時取消/況且還是提前2個月取消/竟然收取全額費用/致電至客服詢問/換來態度傲慢/毫無退費機制/取消預訂還不是給其他旅客住宿/兩頭賺錢強制消費
A	傳統的酒店格局/加上裝修陳舊/賣相一般/加上設施失修/扣分/電視提供的頻道不全/扣分/頻道表明明有的頻道/如HBO及AXN等都找不到/酒店早餐還算豐富/
A	浴室有蟑螂/水果切開發現快乾掉/
B	交通方便/環境乾淨
B	住宿遇到父親節用餐高峰/沒有停車位/本來非常失望/好在飯店經理協調的很好/
B	早餐好吃又豐富/服務跟房間設施都不錯/離逛的地方和捷運都近
B	餐點好吃/位置好/交通方便小南門捷運站或西門捷運站/走路只要5分鐘內/
B	國旅卡的好幫手/四國麵包坊/可以幫忙消化旅宿業的額度/
B	去西門町15分鐘內能到/很安靜/對面還有個麥當勞/24小時超市/房間燈夠亮/帶孩子住比較好/因為有些暗的酒店帶孩子看不清/帶來很多不便/所以這裡還是值得推薦的/早餐還沒吃/明天吃了再匯報好不好
B	Buffet一律四星/這家也不例外/性價比可以/生魚片很新鮮/本人吃一點不乾淨就容易/是厚片隨意切/我無所謂/唯一奇怪的是熱食區用/紅色/燈光/應改和其它區一樣白色燈光/
B	服務態度很親切/
A	入住時由於考試期間/所以事先有提醒必須要安靜休息的房間/想早點休息時/房間頻頻聽到機器運作聲音/反應後雖然有服務人員前往探查/但依舊出現這種情形/當初如果知道有這種情形/就不會特地挑這間飯店作為考試休息場所/連續兩天情形都沒有改善/實在失望/
A	明明寫吃到九點半/可是明明才9/12分/就給我開始收/是要不要讓人吃啊/
A	Buffet/實在太差/選擇少/也沒什麼主菜/甜點還算好吃
A	食物有蟑螂/員工處理不是很主動積極/某些員工服務讓人覺得員工很厭世
A	來參加宴會/東西普通/投影機效果糟糕/現場音控根本有問題整個吵死人連跟同桌的隔壁朋友講話都有困難/服務生心不在焉/要茶要水講了三個人還沒送/請他打包的他拿去回收倒是把不需要包的拿來給我們/唯一貼心的是在一樓等計程車時發現他們在大廳有提供免費茶水/希望天成集團對於該營業點可以好好改進/明明你們在TICC做餐飲就很不錯為什麼反而飯店變這樣/
B	北市不錯的休習地方/
B	房間滿漂亮/早餐自助餐種類很多/飯店服務人員很親切/離小南門車站只要3/5分鐘
A	請加強員工的訓練/跟客路有合作居然不知道使用/不到一個小時來催收錢五次
B	/看不懂的/很香/中式的餐點/算一下也不少/西式的甜點/挺多的/沒見過的也特別多/就是咖啡好喝到萬萬歲/茶包外國人/喝的古怪花茶什麼花都有/到了冬天還有薰衣草茶包/卻沒有茶香/好古怪/沒有放糖簡直難喝死了/有的時候還能吃到螃蟹/在中餐料理裡面/秋天會吃到螃蟹跟/魚的料理/主廚很會/做中式料理/還會有出現回教徒可以吃的/牛肉料理/味道香濃/湯頭好喝/我一個人就喝了6碗/紅燒牛肉湯/辛香料很多種/問一下服務人員居然跟我說高達20種以上的香料/是回教徒他們吃飯的/高檔食材/紅燒燉牛肉/裡面的蔬菜實在多到/讓你開心的不得了/而且重點是老人可以吃/好柔軟/蔬菜也軟爛/胡蘿蔔/也很入味/洋蔥也夠味夠軟/最重要的牛肉/也頓的夠/軟嫩/所有的蔬食水果/辛香料牛肉味/湯頭美味的/十分難以形容/還有他的蝦子讓你吃到飽/一年四季都有海產/只可惜是冰冷的/給你沾/芥末醬醬油的/海鮮都放在冰塊上面/他們還有/各種各類生魚片/師父主廚會切給你/鮭生很好吃喔
B	大廳的桂花烏龍茶好好喝/還有/這理很適合作為會議場地喔/大推/
B	地下有停車場/停車方便/一樓爸吠還不錯/三樓宴會廳也很耐斯
B	房間特大/浴室寬敞/全電動日式馬桶/設備齊全/在大堂還有薑母紅糖茶提供/十分窩心/
B	服務人員態度很好/房間很乾淨/視野不錯/交通便利/很值得再去/
A	酒店位於中華路上/交通便利/距離小南門捷運站3/分鐘步行路程/距離西門町商圈的捷運西門站10/分鐘步行路程/
B	環境清幽/食物好吃/服務生一直換盤子耶/超優秀的/我第一次看到飯店服務生/換盤子換這麼快的/一直保持環境整潔/厲害/
B	第一次來這裡參加酒展/動線不錯/場地也很乾淨
B	佈置美倫美煥/有西式古典的味道/各廳有不同的特色/一樓還有自家的麵包坊/多角經營不失親民又高級的飯店/
A	餐廳指示牌不是很清楚
A	生日當天送的蛋糕撞臉了/非常有誠意的星級飯店/
B	飯店服務超讚/我是會場佈置的施工師傅/大家互相尊重的感覺很棒/
A	路過購買外帶點心/有些好吃/但手工製作拿捏若能更精準/而非大小與內陷差異明顯或短少/那就太讚了/
B	今晚又來用餐/餐點總是令人驚豔/雖不是大型百匯Buffet/但對於我們一家而言/口味和享用美食的氛圍就是很棒/值得常來享用/
B	情人節吃大餐
B	還不錯/不過隔音效果可以再加強/整晚都聽救護車的聲音
B	五星級的老飯店/服務尚可/重點是好停車
B	來這裏吃下午茶/如買優惠卷的價格實在滑算/菜色不多但都還不錯/也不會人擠人/吃的很舒服/
B	飯店服務很好/早餐也很好吃/距離小南門捷運/剝皮寮/龍山寺/南機場夜市都是步行可到的距離
B	今晚吃自助晚餐/吃葷的有好吃的日式海鮮/吃素的可以額外告知會有組素食套餐/生菜沙拉/水果/甜點都可以吃到主廚們的用心/食材新鮮度高/值得到訪/用餐環境舒適/加上一杯慢磨果汁/幸福感加分/還可以詢問是否有餐券在促銷/今晚用餐整體而言都非常滿意/也許收盤服務速度再快些會更加分/
A	房間很乾淨/辛苦房務人員/但整體服務很差/服務人員沒笑容/入住時飯店人員/對我們帶進去的物品評論一番/退房時服務人員沒將磁扣消磁/還要我們跑一趟櫃臺消磁/整個就是差/在我的堅持不上樓下/他們還是處理好了/基本上酒店是可以處理的/為何要我們跑一趟/五星稱不上/四星勉強/三星還可以
B	房間乾淨/價位在台北來說算中等/蠻多日韓港人住宿/週邊較無可去的地方/離西門町和捷運站要走一小段路/早餐菜色不豐富/口味也一般/
A	入住期間剛好碰到陸客團/經歷擠電梯和早餐時間的混亂場面/此飯店有幾項優點和缺點列舉如下/整體來說不太適合趕時間的商務旅客前往/或許比較適合想在附近遊玩的旅客/且個人心目中覺得此飯店僅有3/5星的等級/優點/1/客房整體還算舒適/衣櫃有附環保購物袋很貼心/2/客房打掃人員服務態度佳/3/飯店附近有家樂福可採購/缺點/1/冷氣溫度不容易維持/偶有忽冷忽熱/2/淋浴的水壓不足/吹風機風力不夠強/3/早餐用餐尚未結束/桌上仍有用餐中的立牌/前往拿取東西後再回來卻整個桌子被清空/幸好尚未被安排其他客人入座/相當令人傻眼/4/早餐部份品項補的速度太慢/5/床稍嫌偏硬/6/床邊的總開關按鈕居然連插座電源都會切斷/只能一個一個去把檯燈電源關掉/不然都沒辦法充手機/7/房間隔音似乎不足/可以聽到隔壁房間的說話聲/8/房間冰箱的冷度無法調整/冷度不夠導致東西壞掉
B	一樓會議廳還不錯/安靜/50人包廂
B	房間明亮乾淨/浴室可泡澡/早餐很豐盛可口/讚/
B	東西不多/但價格合理/南瓜濃湯/推/豬肋排/推/咖啡蛋糕/推/現打綜合果汁/推
B	參加朋友的喜宴/會場很漂亮/可惜新郎新娘走出來的路線不太順/要一直轉彎/餐點就普通/不好不壞/
B	位置靠近小南門捷運站/也離西門町不遠/稍微有點鬧中取靜的感覺/房間乾淨舒適/一樓有餐廳與酒吧/
A	整場吃下來我只記得蝦子還有咖啡機永遠出來的量都不一樣
B	我只用過餐/僅評論餐飲的部分/食材新鮮/buffet/很用心烹調/我冬至那天去吃的buffet/還真的有吃到羊肉爐/生魚片的餐區也很多元/只是漲價漲很多/
B	豪華三人房環境舒服乾淨/早餐的選擇很多/cp值非常高
B	1/電壓不穩/枱燈閃爍/2/吃早餐時/椅子有一個腳鬆動/告訴服務員/希望能收起來/不希望下一位顧客因此摔倒/他還不了解我的用意/講了二次才收起來/可是出去後/看到那椅子又放回去/
B	離捷運站很近/西門站和小南門站走路都可以到/附近可逛西門町/植物園/也有家樂福可採買/或是吃個傻瓜乾麵就在隔壁一條路/很方便/
B	桌菜桌邊服務很不錯/包廂還有卡拉ok可以歡唱/真的不錯/地點也離西門盯不遠/是個部門聚餐好選擇/
B	房間大小跟價格很符合/十分推薦住宿旅遊/
A	一顆星對這家酒店已經多了/床硬得太過分/枕頭也很差/使我不能好好睡覺/脖子和腰十分痛苦/三天的旅程就被這家酒店破壞了/回程時更病了/如此令人幾乎無法睡覺酒店早就該倒閉了/
B	只到過3樓牡丹廳/可容納17桌宴席/主廚精湛手藝呈現中式宴席/
B	這個真的不錯吃/是泰式料理算不錯吃的餐廳/
A	沒有五星級酒店服務品質/特別是一樓自助餐廳/櫃台人員服務態度需加強/
B	我覺得是一間實在的飯店/會議廳很棒/會議點心不錯/六國餐廳的泰式午餐更沒話說/但師傅的臉都好臭就是/
B	離西門町很近交通也很方便/房間也很乾淨/服務親切/早餐也很棒
B	位居於西區市中心/各種交通運輸都很方便/臨近西門町鬧區/吃喝玩樂等購物/越夜越熱鬧/酒店內附設餐廳及麵包店/不論是前來下午茶或各種餐敘及生日/沒有入住皆可前來用餐/餐廳還會隨著各種國內外的不同節慶/隨之變換風味菜色喔/
A	整體感覺不俗/環境設施清潔/亦算舒適/聲稱為四星酒店/但感覺只達三星/早餐食品只是一般/酒店設施不多/但對於不多逗留在酒店內是適合/價錢較實惠/距離捷運站約6/7分鐘路程/週邊沒有購物區或景點/只有家樂福/
A	今天住1509從入住就有個低頻聲音一直在響/反應後說是冷氣問題/但卻又無法解決/住飯店就是因為希望有好的睡眠/但這樣根本完全影響休息/這部份我真的無法接受這回覆/如果可以我會給0顆星打掃清潔很確實/服務可以/就是訂房電話很推託又不主動回覆
A	致電詢問入住事項/一直轉接/好不容易接到了但態度真的很差又輕浮/根本沒有4星飯店的水準/請再加強員工訓練與態度/問到不知道的事情說他這邊不清楚/也不主動幫忙詢問/被動解決問題
B	來此喝喜酒宴/料理的很美味/份量也足夠/本來以為盤大東西少/結果跌破眼鏡/吃的很滿意/
B	很棒的宴會廳與貼心的服務人員/客房接待熱心/地點也適合外來觀光客/推/
B	無論是前台/還是服務人員都很棒/有求必應/當然是合理的/有需要的/床很舒服/可以睡得香/早餐簡單/是自助型式的/
B	服務親切昨天明門扶輪二十三週年慶在國際廳宴會
B	隸屬於外交部的建築物/平常沒有開放參觀/但你可以從大門拍照/看入裡面的建築物非常的美/平常有一些特別的活動或許會開放/是博愛特區裡面/很棒的一個/辦派對的地方通常都是國慶日特別的節日外交部舉辦活動/的地方/或許可以建議政府/在每個月的一些時候開放參觀/繞著這個建築/你可以體會/台北賓館的美/is/the/fusion/of/Foreign/Affairs/Department/of/Taiwan/government/is/don/t/open/regular/day/time/but/you/can/easily/see/and/take/the/picture/fall/in/love/front/door/it/s/really/beautiful/inside/it/s/in/the/government/area/is/for/a/very/nice/place/for/a/party/but/it/s/only/for/special/time/Taiwan/national/day/all/Florida/mobile/for/are/there/countries/special/guest/coming/to/Taiwan
B	用餐環境令人感覺放鬆
B	花園酒店位置很好/觀光客選擇住宿的不錯選擇/離西門町很近/走段路就能到/房間很乾淨整潔/看得出來房務做得很確實/不過個人覺得他的午晚餐自助吧普普/沒有特別好吃/住宿比用餐cp值高
A	根本不是星級飯店/卻自稱五星級/六國餐廳的東西也少得可憐/服務更是爛到一個程度/跟真正的五星級飯店差遠了/
B	牛肉炒麵/排骨炒飯/酸菜豬肚湯很好吃/會想再去吃/
B	交通便捷/會場吊燈燈飾/感覺不錯很隆重/辦理學校結業式氛圍溫馨
A	你們的飯店管理很差勁/說什麼五星級/連1星都不值/連員工的基本的服務態度都沒有/談什麼5星/客戶反映一樣沒改進/管理太差/對客戶反映置之不理/不是一個好體系/
B	用餐環境服務優秀/
B	商務規劃的觀光飯店/服務人員親切有禮/設施都還很新穎/附近大眾運輸很方便/很適合親子兩天一夜的城市旅行落腳/應該還會再訪/
A	台灣最美的風景在這間號稱5星級的酒店完全看不到也感受不到/服務品質超差的/前檯服務人員冷漠/帶看場地的經理冷漠也自不在話下/沒有專業服務素養/也沒有工作熱誠/帶客看玩場地和房間都已事隔10天以後還沒有收到報價/去電催促得到的回饋是敷衍二字/非常糟糕的體驗/
B	地點優越/目標醒目/中西餐/午茶/牛排館/麪包坊/住宿/滿意度很好/口碑推薦/值得力推/讚/
B	讚/菜色也蠻不錯的/好吃/服務態度很好/
B	台北花園大酒店地址位於No/1/Sec/2/Zhonghua/Rd/Zhongzheng/District/台北/是台北最熱門的酒店之一/酒店地理位置較好/距離中正紀念堂打車8分鐘/車程約2/3公里/總統府/步行14分鐘就到啦/很近很近/來台旅遊的孩子們可以盡情玩耍/國立台灣博物館/步行19分鐘/或打車6分鐘/還是步行比較好/西門町/步行16分鐘/剝皮寮老街/步行9分鐘/地理位置是不是超級棒/酒店的硬件設施也是很牛B的/每個客房都配有市景/電話/衛星頻道/平面電視/保險箱/空調/熨斗/書桌/熨衣等設備/免費洗浴用品/衛生間/浴室/拖鞋/迷你吧/冰箱/能讓旅途的人在入住時更加愉快愜意/房間佈置都到位/服務員也很熱情/客人在台北花園大酒店享受的服務與設施會有賓至如歸的感覺/再講究的客人也能在酒店得到滿意的服務/
B	新裝潢房間不錯
A	吃商業午餐/牛排如果沒那麼多筋跟油就覺得價格是比較合理/還好麵包是可以續的
B	交通方便/店家地下就有巴士去台北車站/早餐豐富多選擇/付了2人房價/酒店給了3人房/
A	人不知道多啥/要吃中餐buffe還不給現場訂位/人不到期後才說客滿/爛
A	用餐空間寬敞/服務人員態度佳/但菜色並不是多元/選擇性少/信價比不高/
A	下午茶自助餐東西不多/補東西速度很慢/麻辣燙肉類太硬/要來吃的人要考慮鯊魚煙/布丁/水果塔一次就沒了/內場工作人員徒手拿手捲內餡/也沒帶防飛沫的口罩或器具/衛生堪慮/餐畢前水果台前有一股臭味令人作嘔/餐點價格偏高令人失望
B	叉燒酥好吃/蝦球也不錯/小菜的小魚更是一絕/超級好吃/讓你不禁會多吃好幾隻/服務人員的態度也很好/
A	晚上6點進六國餐廳用餐/馬來西亞美食節/熱食都是冷/溫的/連湯也是溫的/想吃熱的只能吃現煮的切仔麵/吃一盤熱食已不是很想吃了/浪費了636元/全家5人/星級旅館/柳橙汁竟然是粉泡的/唉/不會再來了
A	一樓自助式餐廳CP值不太高/嚐鮮一次就不太會再訪了/
B	很喜歡/房間品質很好/棉被舒適/沐浴品有精油/
B	空間很寬廣/很舒適/除了床之外還有沙發和桌子/要置放行李也都很方便/而且浴室也很乾淨/加上又有大浴缸/整體而言住起來非常滿意/
B	Prime/one/steak/餐廳/無論濕式熟成或乾式熟成牛排都是大推品項/前菜的湯品與熟食也是無敵/紅酒種類雖然不多/但我推薦自己帶酒去搭紅酒會是上選
B	房間寬大舒適/人員客氣/出差旅遊的好選擇/
B	算是cp值高的餐廳/菜色煮的很入味/點甜點的馬卡龍是我超推/我個覺得他的甜點可口精緻/
A	廣告紙有刊登結果到現場已經賣完/應該在廣告上敘明/數量有限/盡速選購
A	二樓女性洗手間的化妝台灰塵很多/感覺是很久沒被打掃的區塊/
A	會議室還不錯/只是現場準備的開水太少/沒水喝/有點美中不足
B	我是來買麵包/種類多/料好實在/且晚上8點後/有打75折/一次買一週的份量/值得住附近的人來買/
B	有區域優勢/方圓兩公里內/類似旅館就兩間/條件不差/價位也符合區塊要求/
B	房間乾淨/旁邊有家樂福/離鬧區僅僅一站的西區好飯店
A	房型內部看起來還不錯/附近景點也方便逛/
B	地點和場地都不錯/宴會廳有大有小/停車場仍不大/需早點去/菜色普通/
B	牛排館好吃到忘了照相/熟成牛排很推薦/餐廳內也有豐富的酒可以搭配/值得推薦
A	一樓六國自助餐很雷/星期一晚上去/熱炒類餐點味道不好/牛肉吃到兩串臭掉的/手捲架子上有很多小蟑螂/海苔軟軟的/堅果有不新鮮怪味/水果當時有芭樂/西瓜/都白白的品質不好/一顆星是給有禮友善的外場人員
A	零分/第一次住到不含早餐的/五省錢/飯店/差評/負分/網路介紹的不清不楚/按一個星等是不得已/如果不按沒有辦法評論
B	地方乾凈/服務很好
B	房間清雅潔淨/早餐豐富新鮮/適合都會小旅遊住宿
B	自助餐菜色式樣稍少/日式餐廳精緻/2樓有大型中式餐廳/適合婚宴或大型聚餐活動
B	鄰近小南門捷運站/適合住在這裡後細細探索週邊/附近有家樂福/麥當勞/便利超商/如果訂房時沒有另外訂早餐也可以鄰近購買/
A	1樓buffet食材選擇性少/相對價位一般/如需要吃到食材多的話/寧願多加幾百塊/去專門吃buffet的餐廳
A	婚宴不推薦喔/服務員不專業/桌子又超小/餐具也不乾淨
B	寛敞空間/服務態度加上微笑的臉誏我食慾大增/
B	千元的商業午餐令人開心/羊小排鮮嫩可口非常的美味/套餐含精緻的麵包/湯及甜點還有知名的茶品/寬敞明亮的用餐空間/真的令人流連忘返/一定會再訪/
B	這裏的環境很好/風景優美/設施齊全/款待業嘅服務大至優良/是各為香港市民到旅行時的首選之一/
B	環境舒適/牀非常好睡/早餐超優多樣化/好吃/
B	很好吃的一餐/食物的原汁原味都被很棒的展現出來/很喜歡/
B	住過很多次/一開始覺得很棒/現在有點變質/像是房間床單都有味道/不知道是濕氣還是汗的味道/空調也怪怪的好像是壞了/其他一切都可以/服務人員也很nice/
B	在prime/one用餐/中規中矩/物有所值/食物還算美味/如果服務可以再精緻一點可給五顆星/
B	東西不錯/整體場地雖然不新但服務很好/It/has/a/delicious/food/and/great/service/although/the/building/itself/is/not/brand/new/
B	親切感十足/是個會令人回味再三的好飯店
B	會一直來旅居的優秀飯店再台北真的要認真過濾/台北花園酒店是不用再懷疑可以一直來住的優質飯店/推薦給大家
A	日本商務飯店的裝潢/該有的設備/例如浴缸等都準備齊全
B	房間乾淨清幽/人員親切不過熱/一樓的六國餐廳CP值高/就在西門町與總統府附近/方便安全/總統府旁的馬路上會有便衣/看起來很像/
B	豐盛的早餐/口味多元經典/房間乾淨好眠/
B	寧靜溫馨/食材新鮮美味/小聚可推/
B	能遠望101大樓/房間舒適/餐點好吃/餐廳對當月壽星贈送4吋蛋糕
B	還不錯的經驗/5星但不會很貴/早餐不錯/喝的有很多選擇
B	非常本地化的酒店/完全沒有高級的感覺餐廳也普通/離西門町萬華要走一段路/沒有太大的特色可能是比西門町那些小飯店高級一點又不會離西門町太遠僅此而已
A	喜宴上菜超慢/都開桌一小時了才上一道菜
B	地點交通方便/附近餐飲店也不少/
B	舒服景觀好離西門町不遠中正紀念堂也近對面就有家樂福/勿需搭車就能散步走/
A	洗手間有很多蟑螂感覺不衛生
B	當晚櫃檯的接待人員高豐民先生服務親切/且介紹詳細/必推給好友們/
B	參加一個資訊安全的研習/場地還不錯/二邊都有投影機/方便正面與側面的的觀看/參加的人應該有近百人吧/因為休息時間大家都排隊在走廊拿茶點/只是剛開始的時候碰到隔壁應該是保險公司的年會之類的/太high了/還在唱卡啦ok/跟我們這個有點形成反差對比/1個小時候/應該散場了/
B	檸檬磅蛋糕好吃
A	一樓/六國自助餐廳/或三樓/翠庭/中餐廳/價廉物美/位置適中/是市區內CP值極高的用餐場所/
B	沒有住過/但是推薦一樓的麵包店/好吃價格較高/但是每天晚上八點後有折扣活動/可以前來購買/
B	飯店人員貼心的服務/洽公商談臨近市區/交通便利/餐點中西式多種選擇/菜色多樣化/有國際水準/咖啡廳環境舒適/非常適合商談
B	我第一次去/有很多餐廳/可以慢慢去選擇美食
A	婚宴現場/等了三十分鐘/跟五位服務人員詢問/請更換大人餐具為兒童餐具/都等不到/
B	氣氛跟食物真的都不錯/至少很合我的胃口/烤麵包/小圓/真的超好吃/
B	位於西門鬧區邊/享有鬧中取靜的中型星級酒店/酒席菜色水準之上/服務良好/停車席位有限
B	入住有來店禮/很好吃的傳統糖果零食
A	六國餐廳的海鮮真的是很像菜市場/空殼不撿/看起來很噁心/目前看過最噁
B	我覺得跟2017年一樣沒什麼差別只是我比較喜歡2017的早餐覺得比較好吃/今年的早餐越來越不是很喜歡了/
A	偶爾被邀一次/中式料理沒感覺很突出/
A	頂樓滴水/滷味等半天送去別桌/服務態度不好/食物選擇很少
B	今天在這邊辦活動/整體配合度非常好/場地/服務都非常好/超推薦/本身是活動人員沒有機會吃餐點/賓客反應不錯/
B	離小南門捷運站有點距離/扣除這點以外/對於飯店的房間隔音以及各方面都覺得蠻不錯/
B	十年前蓋好的飯店還是很有時尚感/雖然稍稍看得出有些懷舊感/但無損他的風采喔/
B	甜點非常棒大推不輸給老爺/服務人員都很有禮貌/收盤子速度非常快/東西又好吃/
B	自助餐之食材新鮮/但海鮮可再多樣化/
B	乾淨/交通方便
A	為了提前慶祝父親節來用餐/餐點無特別驚豔/扯到爆炸/辦個塔羅活動/白白等一個多小時也沒人關心/等到老師都走了/詢問之下/原來是忘了客人有參加/心情瞬間掉到谷底/
A	雖有五星之名/餐飲價格卻比一線五星旅館便宜/品質亦然/近兩年陸客減少許多/
B	價錢很合理/房間很大又舒適/景觀也不錯/離捷運站近/交通方便/已經入住2次了/真的很好/服務也很好/下次還有機會在來/也會選擇這一間/
A	地點還算好找/餐點蠻特別/口味也不賴/服務生有點太過熱心/會一直詢問打擾到講話跟用餐/
B	這次來開會/整體感受不錯/但稍嫌陳舊/
B	住宿品質高/又有多種餐廳可選擇/
A	花園柑仔店活動很不錯/各個櫃檯人員稍嫌冷漠
B	風景是不錯啦/只是出去車流量蠻大的
B	稍微年紀大的飯店/整體用餐環境不錯/餐具有點髒換過就好了
B	下午茶打包的餐點/工作人員把草莓醬淋在餐點上/回家一看很噁心/
B	服務親切房間內清理很乾淨
B	服務人員親切/房間乾淨寬敞/整體感覺不錯
B	房間非常舒適宜人/景觀非常好/可以欣賞許多知名地標
A	Buffet/熟食品項不多/甜點精緻/但是冰淇淋店員服務還是外國人/不能自己挖
B	淋浴水柱強而有力/遺憾/我不會操作/蹲著洗/
B	房間很乾淨/床很舒肥/早餐也好吃/離捷運站也近/下次還會來/
B	自助餐新菜色豐特別是甜點鮮用餐環境佳
A	區位不錯/展演空間有點小/服務ok
B	飯店房間整潔舒爽/服務周到親切
A	附設的六國餐廳的buffet吃起來感覺比自助餐便當店還差/以這個價格來說非常不ok/
B	2樓大宴會廳與3樓包廂/都適合舉辦餐會與財稅講座/離小南門捷運站也很方便/
B	很棒的房間很舒適
B	適合辦理大型活動
A	在客戶意見表發洩完不滿後/竟然自動轉來google讓我繼續發洩/那我就不客氣的發表我的評論了/如果降到4星我可能還不會太苛求/但是五星/這個清潔真的不行/
B	服務態度佳/東西好吃/
A	食物的種類略少/甜點非常好吃/服務毫無熱誠/收拾速度ok/環境乾淨/但有果螢
B	早餐很豐富/房間和浴室也大間/離小南門捷運站2號出口也幾分就到
B	自助餐CP質高/價格便宜餐點雖然不多/但口味都算美味
B	用餐環境高雅/服務人員親切/中西餐點菜色眾多/物超所值/
B	漂亮的飯店/食物相對平價/麵包店八點以後有七折優惠/還蠻不錯的/
B	場地舒適/食物可口/
B	飯店人員服務都很親切/而且很和善/甚至於還有深夜開行李箱的服務/鎖住忘記密碼ㄒㄒ/真的太貼心
A	房間正常/地點離西門約十五分鐘/比較静/早餐也不錯
B	家庭朋友慶生聚餐好地方/有停車位進出方便
B	菜色不錯/公司行號來此辦團餐推薦
B	一樓西餐廳/餐點好吃/但是聽說已經沒有用玫瑰鹽磚當牛排的盤子了/有點可惜
B	來訂購2021年的得名的母親節蛋糕
A	餐點種類偏少/味道一般/
A	選擇性不多/跟眾多自助餐來說非常少/唯獨甜點跟水果好吃/
A	場地寬敞舒適乾淨/料理味美團聚優選
A	菜色相較鄰近的凱達飯店少很多/服務親切
B	離捷運站近/交通便利/附有停車場
A	櫃檯男服務生解釋說明態度不佳/沒有耐心/有待加強/應平等對待每位顧客
B	一樓服務員很好/三樓港飲合我的口味/隔音不好房間還算乾淨些/床好睡/
B	廁所很乾淨/傍晚用餐時間大廳有音樂演奏/幾間餐廳的CP質算好/服務很不錯/
A	婚宴會場部分新娘休息更衣室離會場有一段距離/麵包坊部分擺設較陳舊/味道普通/
B	服務親切/對面步行3分鐘有家樂福/房間稍微舊一點點/但很乾淨舒適
A	自助餐普通/牛肉很老/生魚片普通/菜色沒有網站上看起來豐富/就是用餐時間很長這一點不錯
A	上各電商找便宜的餐券吧/甜點表現比熱食好上許多
A	菜不新鮮/配菜重複性高/感覺誠意不足/
B	下午茶樣式不多/但很多是手工現製/CP值很高
B	泰國菜非常好吃/還會再來聚餐/
B	一樓自助餐廳內的VIP包廂適合五桌以內的好友聚餐/
B	新的泰式餐廳環境好/餐飲價位親民又好吃/
B	二樓百合廳有卡拉OK可以唱歌
B	飯店舒適乾淨/價位還算親民/
A	地點靠近西門町/逛街方便/早餐用餐的餐點很多都是空的/補充速度很慢跟面對顧客的詢問服務顯得不耐煩
B	中午到台北花園酒店的PRIME/ONE/餐廳吃飯/環境舒適安靜/菜色健康美味品質優/吃了安心/價格合理/麵包非常好吃/很意外/
B	位於市區且交通方便/近捷運站/餐點美味/服務佳
A	東西難吃服務又差/真的是不會來第二次
B	硬體設備不錯/東西也很好吃
A	年夜飯自助餐跟往年一樣沒甚麼變化
B	自助餐的CP值在台北算時平價服務生服務還蠻好的盤子收得很勤快
B	還好/一般/
A	還可以/但是餐廳菜都還好而已/附近凱達/喜來登/飯店很多還可以選擇
B	很棒的住宿體驗/房間乾淨且床與枕頭軟硬適中/
B	一家只提供/上旅館服務/的台灣雞店/我們/只賣身/不賣藝/LINE/eall5888/叫雞諮詢都由雞香奈兒一手經辦/PS/解決情感問題/討論人生理想均在雞王工作期間擇優進/看LINE/eall5888/加好友/從此高潮不用手
A	經/ho/tel/C0M/訂此酒店/入住後評級低分/居然被/ho/tel/C0M/拒絕/可見只收納高評/呃人有一手/評級內容主要提及大陸客很多/不守規矩/爭先恐後/便不准評分公佈在/ho/tel/C0M/供其他準旅客參考
B	用餐氣氛優雅菜色精緻很有特色/服務人員態度優質/值得推薦/
B	食材新鮮/用餐環境乾淨丶不吵雜/價格親民/值得再去
A	春節期間就算強國人比較多/但早餐未吃完就被移走位置/感覺有點扯
B	服務員都很年輕/有些太怯場/詢問菜單內容不清楚/答非所問
B	位置好/離鬧區及捷運站非常近/服務態度佳/會再訪/
B	來過三次都是好友請吃飯吃簡餐/可聊天/烏龍麵前菜好吃入味
B	優質客房與優質服務/確定有停車位/大推/
A	我沒住宿過/但飯店旁邊有家烘焙店還不錯
B	已經第三次入住了/服務超好/人員態度親切
B	菜色換新口味感不同/小卷米粉好吃
B	我大部份是去買蛋糕或麵包/真材實料一分錢一分貨/晚上麵包有特價可以去挑選
B	到六國餐廳用餐/基本覺得跟其他/Buffet有點不同/感覺可以
B	囍宴餐點不錯/會場環境佳
B	泰式料理很好吃/飲料也很棒/大推
B	很乾淨的商務酒店/床很大很好睡/
B	公司或家庭聚餐皆合適/有包廂/附卡拉OK/整體服務品質/軟硬體都不錯/
B	1樓六國餐廳歐式自助餐乾淨好吃平日晚餐700/800元/CP值高/
B	離西門町台北車站都很近/是觀光客/的好選擇
B	餐點還不錯/停車位太少/
B	超棒的飯店/尤其牛排館老饕/超級好吃/
B	buffet種類還OK/在台北市區算是中價位/現煮叻沙麵好吃
B	跟朋友來這裡吃飯/菜色不錯/但是服務需要改進
B	下午茶的/蛋糕/很好吃/飲料種類很多也有現打的果汁
B	乾式熟成肋眼牛排味道濃郁軟嫩/值得嘗試/
B	我們很榮辛能在這裡做表演/我們是貳行程樂團
B	住了四日/service/OK/早餐buffet普通/位置就冇得輸/
A	桌錢不知扣多少在場地費了/菜色口味就一般般/
A	每年都會來此地辦理大型餐會/場地很好/空間夠大/菜色也不錯/價格適中/
B	很不錯的飯店/場地寬闊很好/飯店大廚廚藝也不錯/就是貴了點/
B	一樓的六國餐廳自助餐不錯吃/雖沒有高檔食材/但還是感覺物超所值/
B	生活機能便利/離龍山寺/總統府/西門町都非常近/對面還有一間24小時營業的家樂福
A	來參加婚宴/吃完實在有點不記得有些什麼菜/菜色味道普普通通而已
B	很好的HOTEL/如果前門可以讓九人座的客人下車/會更理想/請思考/
B	喜歡這家的牛排/很好吃/價格大約是1500/2500之間/推薦喜歡吃牛排的你
B	包廂很舒適/還可以歡唱
B	豬肋排很好吃哦/柳橙汁會一直補真好
B	環境好/氣氛佳/服務很好/餐點也好美味值得來品嚐/
B	我只是去用餐/還不錯/空間大
B	一樓西餐廳價格合理/精緻/甜點很驚豔
B	整體環境還不錯/宴會廳高度也夠
B	場地動線明亮/工作人員服務態度都很好
B	餐點太棒了/沒話說/環境舒適/服務親切到位/
A	整潔度不錯/走廊略顯壓迫感/浴缸太小了是方形的有些失望/
A	今天去參加婚宴/盤子是不乾淨的/令人感到意外及失望/
B	日式餐廳和自助餐廳料理都不錯吃/但是價格稍微偏高/
B	主頁看照/外送茶賴ok1520/微/信sso1520台北出差找小姐/臺北旅遊叫小姐/新北市外送motel/淡水旅館飯店叫小姐
B	購買優惠卷去用餐/有停車位/感覺CP值很高/
B	這家服務整體感覺都不錯/蠻多日本跟韓國客/價格也不貴
B	牛排好吃/氣氛佳/服務優/唯礦泉水一瓶280/10/有點貴
B	印尼國家旅遊局/在這小南門旁的飯店舉行/讓我有雙重享受/台北古城與城垣舊址的大道/交織著印尼風華表演/與鄰座的印尼來賓/還聊到雙方的歷史交集/荷蘭人
B	第二次來這裡洽談婚宴事宜/謝謝賴小姐/業務/的專業服務/讓我們省事不少/大推/
B	一間位置很不錯的酒店/房間整潔/酒店之內有餐廳及Spa/步行可到西門町/
B	周圍附近有大停車場/方便停車/但是應該多一個接駁車/不然從捷運站走到那邊有距離/
B	搭公車至門口下車後/受到櫥窗中滿滿的麵包吸引而進入/椰香蔓越莓麵包很好吃呢/
B	房間優/停車場優/可惜早餐還不夠優/而且第二晚遇上房卡自動消磁/處理的不夠好
B	晚餐/Buffet/用餐環境請客佳/還有魔術英俊小生表演精采的表演/
B	每次來台北都會想要待的飯店/Cp值不錯/平日來停車方便/服務人員服務不錯/
B	餐廳的服務人員面帶笑容/親切有禮/服務務價/
B	很乾淨/住起來非常舒服/喜歡他們的食物/下次一定會再來住
B	服務很好/住宿方面也很舒適/大廳的奉茶很好喝/是炎夏的救星
B	裡面的氣氛還算不錯/餐點也很多的選擇
B	這裡的菜色非常棒而且就在西門町你一定要來這裡品嚐這裡的服務/真的非常好
A	牡丹廳/服務好/菜色佳/份量足/大推
B	看圖約妹/小女友外送茶賴ok1520/微信sso1520台北好茶外送買三送一/台北外送約住家/高雄外送服務/台北出差飯店叫小姐/
B	適合宴會/場地高級/菜色不錯
B	孩子在此舉行婚禮/工作人員的貼心服務/跟滿意菜色
B	六國餐廳下午茶/甜點少口味普通/沒有鹹食
B	牛排館服務生很親切/對待小朋友的家長很友善
B	進客房之前要先到花園柑仔舖報到
B	房間舒適/樓下的酒吧也算有氣氛/附近有家樂福/可以買一買在房間內享用
A	停車方便/地址好找/裝潢好/菜色普通/服務態度親切
B	舒服/方便/停車與出入/唯一缺點/房間網路爛/
B	有點老舊/但整體整潔不錯/員工素質佳/服務熱心
B	舒適的住宿環境/服務人員服務態度良好/
B	房間很乾淨沒有塵蟎和異味/採光和空間很好/
A	酒店較舊/我住的是4人房/相對價錢是OK的/
A	六國餐廳食材品質應該是比照非洲六國路邊攤吧/cp值超低
A	自助餐種類不多/盤子因洗滌有刮傷污損痕跡/
B	生魚片新鮮及水果很甜/不過熱炒的食物不太好吃
B	服務態度好/房間也很乾淨/
B	麵包店的麵包好吃/土司很綿密又香/就是價格小貴
A	一個便當200/雞腿便當/雞腿太乾/一個大飯店這樣好笑/
B	二樓婚宴場地挑高無柱/三面牆都有投影機/接待業務陳小姐專業貼心
B	於翠庭舉辦的壽宴/料理實在不浮誇/口味老少咸宜/服務人員細心又親切有禮
B	設備新/乾淨
B	喜宴菜色滿好吃的/東西沒什麼打包/服務人員雖年輕/態度還不錯/
B	還不錯/但地處位置商圈/非常好逛/便利性極佳/很適合年輕族
B	服務人員專業熱情親切/交通方便/附近能購物/餐館小吃多/台北自由行首選旅館/
B	離西門町步行不到10分鐘/方便/不貴的大旅店/
B	乾淨/床鋪舒適/早餐buffet選擇多/
B	熱食/甜點/生魚片都有/也很新鮮/服務也不錯/
B	婚宴場地佳/優質菜色/近小南門捷運站/交通方便/服務人員客氣/
A	沒料
A	動線設計不良/服務以及接待方面經常已一個死要錢的方式面對顧客
B	自助餐菜色豐富/新鮮美味/交通便利
B	環境不錯/好停車寬敞的宴會廳
B	酒店位於西門商圈附近/來這住宿很方便快速遊玩喔/
A	六國餐廳是吃到飽餐廳/菜色多種/價格中等
B	包廂好美/食物美味/
B	菜色不錯跟其他間飯店比起來有些水準
A	整體上沒感覺有什麼好/比一班旅社等級好一點而以/
B	餐點豐富甜點種類繁多/好吃/
B	交通方便/Buffett/菜色比較弱
B	飯店給我們提早進房/然後窗戶很大風景非常好/可以一覽總統府方向
B	雖然沒住過/不過牛排好好吃阿
B	公司在這辦活動/用餐氣氛跟服務很優/推薦
B	高貴不貴/設備齊全/菜色佳/非常適合聚會用餐的好處所/
B	還不錯/住的很舒適
B	環境優雅的飯店/餐廳都有水準之上/
B	地點好/環境乾淨清潔/近龍山寺/剝皮寮/附近有巴士站直通其他地方
B	離捷運站近/是辦活動的好選擇/餐廳菜色及口味及價位都很不錯
B	乾淨/隔音也還不錯/據西門町和捷運站都不遠/還不錯/
B	場地寬闊/宴席的好地方/
B	環境/服務不錯/食物一般
B	飯店算滿新的/有宴會廳/對面就是大賣場/周圍咖啡廳很多
A	親家母請客/在小南門不遠/環境還不錯/
B	服務很好/溫馨住宿
B	這樣價位有浴缸泡澡很棒
A	自助餐很一般/但住宿性價比不錯/
B	地點好/服務態度佳/值得再次光臨/
B	服務好菜餚精緻好吃/停車方便/
A	一樓轉角店面的麵包店/有異於常態的產品/晚上八點後麵包全面打折
B	下午茶輕食/熱量不高/甜點精緻/
B	桌菜擺盤典雅/精緻口感好吃/西門逛街/交通便利
A	餐點不錯
B	菜色豐富美味/近大眾運輸交通便利/
A	一樓自助餐東西不好吃/但是服務不錯/
A	環境不錯/自助餐普通/
B	中式早餐很low/稀飯醬菜大集合
B	服務態度非常好/房間乾淨/隔音好
B	算是西區高檔CP值飯店
B	房間很乾淨/設備齊全/舒適
B	雖然消費滿傷荷包/但一切餐點及服務品質都讓人愉悅/
B	萬華區最優質的飯店有促銷活動歐
A	早餐感覺不到四星的水準/小孩的收費標準過度嚴格/
B	婚宴菜色好吃/乳酪蛋糕跟冰淇淋的味道更是另人懷念
B	硬體設施不算高檔/但是服務人員親切/
A	吃下午茶有馬卡龍/有馬卡龍/馬卡龍/嗯就這樣/沒有物超所值
B	公司在這邊舉辦尾牙/菜色還不錯/服務人員也跑的很勤/
A	餐食美味/但是餐點服務態度還可進步/
B	西式自助餐中它的品質不錯/價格也實在/甜點必吃馬卡龍/
B	整潔舒適的環境/交通便利/停車方便的較新酒店
B	附近景點/西門町/龍山寺/總統府/服務品質優良/服務人員態度親切和善/
B	漂亮的五星級飯店
A	水準頗高/坐著聊聊ok但菜色可選擇的不多
A	團體在哪裡聚餐/菜難吃死了/沒有拿出來/令人喜悅的菜色
B	服務親切/早餐菜式多元化/很棒/
B	很久沒有吃喜酒了/這裡的辦桌菜/口味不錯/超出原先預期
B	下午茶CP值高/餐點也很美味/
B	環境優雅/服務好/食物選項多元
B	環境安靜/優雅適合聚餐聊天/
B	是臺北在地頗負盛名的酒店/酒店服務品質佳/值得推薦
B	價格公道/早餐菜餚尚有成長空間/
B	離捷運站有點遠/對面就是美食街/喜歡一樓戶外咖啡座
B	雖然大廳不是很大/不過服務人員態度親切有禮/
B	適合辦婚宴的場地/餐點都不錯喔/
B	麵包是我吃過最好吃的/每天晚上八點之後麵包店打七折/
B	環境很整潔/裝飾很華麗舒適
A	自助餐菜色少服務很差
B	理膚寶水產品上課地點/位置不充足/主辦方跟地點提供方要加油
B	交通方便/菜色好/服務周道/適合宴會/聚餐/
B	房間很乾淨/冷氣也不會吵/
B	只有讚/只希望浴缸能大點/
B	停車方便/服務人員也都很好
B	乾淨舒適/浴室廁所乾濕分離/免治馬桶/高貴不貴
B	服務人員親切/房間乾淨清爽/
B	服務超級好/讓您會小費給不停
B	離西門町近/逛街住宿/方便
B	服務態度非常好/餐點也非常美味
B	每次外國客人來台灣都住這裡/客人都說是好飯店/
B	食物品項雖不多/但料理/甜點皆好吃
A	用餐環境不錯/但宴會餐點價格偏高
B	這是在台北市離市區很近和小南門捷運站/不遠/是一個/住宿/不錯的地方
B	spa讚/還可刷國旅卡/
B	台北找小姐約妹打炮加LINE/ok1520/微信sso1520/現金消費/滿意付款/台中找小姐約妹打炮加LINE/ok1520/微信sso1520/現金消費/滿意付款/高雄找小姐約妹打炮加LINE/ok1520/微信sso1520/現金消費/滿意付款/台南找小姐約妹打炮加LINE/ok1520/微信sso1520現金消費/滿意付款/彰化找小姐約妹打炮加LINE/ok1520/微信sso1520/現金消費/滿意付款/新竹找小姐約妹打炮加LINE/ok1520/微信sso1520/現金消費/滿意付款/南投找小姐約妹打炮加LINE/ok1520/微信sso1520/現金消費/滿意付款/
B	口味算道地/打拋好吃
B	今天有來過/經過/等12路公車上車
B	下午茶CP值高/餐點也很美味/
B	高貴不貴/設備齊全/菜色佳/非常適合聚會用餐的好處所/
A	晚上6點進六國餐廳用餐/馬來西亞美食節/熱食都是冷/溫的/連湯也是溫的/想吃熱的只能吃現煮的切仔麵/吃一盤熱食已不是很想吃了/浪費了636元/全家5人/星級旅館/柳橙汁竟然是粉泡的/唉/不會再來了
B	今天在這邊辦活動/整體配合度非常好/場地/服務都非常好/超推薦/本身是活動人員沒有機會吃餐點/賓客反應不錯/
B	叉燒酥好吃/蝦球也不錯/小菜的小魚更是一絕/超級好吃/讓你不禁會多吃好幾隻/服務人員的態度也很好/
A	今天去參加婚宴/盤子是不乾淨的/令人感到意外及失望/
B	喜歡這家的牛排/很好吃/價格大約是1500/2500之間/推薦喜歡吃牛排的你
A	房間裏有很重的煙味/很難接受/
A	熱食少又不好吃/生魚片種類不多
B	雖然大廳不是很大/不過服務人員態度親切有禮/
B	台北城內/CP值算是名列前茅的宴會飯店/
B	房間空間很大/早餐選擇很多
B	幾好的酒店/位置方便/行路去西門町亦唔洗太耐
B	江浙菜口味正宗/價格合理/有地下停車/
A	下午茶菜色少菜也略顯粗糙些
A	已經大不如從前了/燒烤類硬到掉牙/口味很可怕啊
B	外帶便當很好吃/價錢也不貴
A	囍宴桌菜水準還不錯/可惜服務員水準不一
B	地點佳/逛街很方便/房間也很不錯/
B	臨近馬路有點吵雜/早餐還ok
B	早餐很棒選擇很多/房間也很乾淨
B	二樓餐廳的場地挑高/還有卡拉ok/感覺還不錯/
B	優質的服務/聚餐吃飯的好地方
B	用餐環境棒/餐點大約8/2分
B	大廳裝潢華麗/房間乾淨舒適/服務人員親切友善
B	服務員親切/溫馨的飯店適合親子同宿
B	初次造訪/參加在裡面辦的活動/食物還不錯吃/
B	早餐豐富/房間乾淨
B	區位好/交通方便的飯店/
B	周遭環境不會太吵雜/小南門就在旁邊/
B	二樓婚宴場地大且無遮掩/推薦
B	比想像中舒適
A	自助餐東西有點少/但服務品質不錯
B	2樓宴會廳寬敞/菜色還不錯
B	飯店乾淨整齊/櫃臺服務人員也很親切/
A	小南門捷運站附近喜宴場所/適合辦行銷課程和三兩好朋友相聚/
B	很高級的餐廳/很舒服的服務/很好吃的餐點/很高級的費用
B	每年除夕夜的圍爐都在台北花園大酒店/
A	非假日中午buffet熱食很少
B	很棒的飯店/服務人員很親切/交通也方便
B	餐點可以再豐富一些和
B	慶功宴/菜色佳/經理親切/環境優雅
A	饗聚廚房櫃台人員服務態度不好/
B	提供扶輪世界一個展現服務熱情的好所在/
B	三星半的宴會場所/好處是市區/捷運在附近/
B	服務佳客房舒適乾淨
B	在底下吃buffet/東西還不錯/但種類太少了
B	地點好/雖門廳較小/餐飲好吃/住宿也不錯
B	服務生態度好/廁所乾淨免治馬桶
B	飯店聚會/聚餐好地方/價格適中/老少咸宜/
B	一進門/可以感覺服務人員夠水準
B	來這裡吃自助餐/空間寬敞/服務良好/
A	房間裏有很重的煙味/很難接受/
B	很清潔/企理/乾淨/離小南門站5分鐘/交通便利
B	餐廳自助餐有異國風味美食/很好吃
A	除了環境還不錯外/其他就沒什麼值得推薦的/
B	鄰近西門町/交通方便房間舒適/
B	開會聚餐的好所在/交通算方便/
B	酒店設施好但餐廳不好吃
B	服務精準到位/可見得訓練很紮實
B	菜色蠻不錯的/就是空間小了點/
B	感覺很舒服/沒有壓力的地方/給個讚
B	來吃喜酒/環境4星/服務5星/停車場4星/菜色3星
B	2018的除夕年夜飯還不錯/算是有水準
B	房間乾淨/服務員客氣/
A	一萬多的餐點/普普通通/希望能進步
B	/花園酒店位處中華路重要地段經貿中心
B	不錯位置稍遠需要開車才方便
B	好多日本人/好像來到國外渡假/餐點好吃/這次是前來出差囉/
B	外國觀光客很多/房間內舒適/床非常舒服
B	一樓餐廳不錯吃/服務也挺好的/
A	食材種類偏少/多樣性少/
A	覺得是個地點方便的地方/把費普普通通
B	有不錯的自助餐廳/離西門町/小南門近/
B	乾淨舒適/週遭景點多
A	去和平醫院週邊經過/路上旁邊行人道上空氣非常不好/
A	房間闊落/餐廳食物一般/職員態度有待改善/
B	乾淨舒適
B	服務好/宴會菜也棒/
A	喜宴場地簡單大方/服務人員親切有禮/
A	鄰近購物消費樣樣都有/交通方便
B	地點適中/停車位充足/熱情服務
B	附設麵包店不錯/晚一點去買還有出清價/
B	尾牙酒席菜不錯吃/場地舞台小了點/
B	牛排館氣氛好/很有情調
B	浴室寬敞/床也很大一張又好睡
B	交通便利/環境舒適乾淨/多樣化飲食選擇
B	Check/in地方較小/進大廳有擠擠的感覺
B	麵包房優
B	三樓宴會廳的柱子有點礙事/餐點好吃
B	蛋糕不錯吃/可刷國旅卡/
B	吃buffet/甜點種類繁多
A	自助餐的食物不敢恭維/牛肉羊肉排好像在咬橡皮筋
B	交通便利價錢公道/服務好/近西門町/
B	牛排屋的戰釜牛排好吃/但肥肉多了點
B	消費不高/服務很好/安靜是談話的好地方/
B	房間很安靜/床很好躺
B	啪啪淫蕩慾望茶莊LINE/pa668/啪啪淫蕩慾望茶莊聯絡方式/line/pa668/台灣出差旅遊好夥伴/放/鬆/加/l/i/n/e/p/a/6/6/8/看/賴/主/頁
A	有菸味/小孩因此過敏大發作/
A	自助餐很棒但貴/
B	裝潢/設備及菜色都不錯/
A	環境不錯/菜色普通/交通方便/
A	廁所清潔人員/兇的像我老闆一樣
B	五星級酒店國都計程車叫車服務/交通方便
B	還不錯/蠻舒服的
B	因為活動才來這邊的/環境蠻不錯的/
B	高檔飯店/服務滿分
B	蛋糕店晚上6點後75折優惠/
B	服務很好/環境衛生/有哺乳室/
A	餐點感覺普通/沒有特別好吃的印象
B	地點交通方便/距離西門町很近
A	沒什麼特色
B	地點佳/服務好/台北南區星級酒店的好選擇/
B	菜色不食推陳出新/空間寬敞/交通方便
B	乾淨舒適/位置適中/交通方便/
B	客房乾淨/房務人員友善
B	有酒吧的抵用券/可惜沒有時間去使用
B	乾淨整潔服務優良/餐點可口美味
B	牛排餐廳很棒/不亞於國外品牌/
B	交通方便/環境高雅/內部陳設氛圍很好/
A	餐盤沒洗乾淨
B	服務親切/城西區唯一一家五星級飯店
B	美中不足的是/隔音設備不好/浴缸太小了
B	西點麵包/並且每天定時打折/吸引顧客大排長龍
B	菜色豐富且可口/適合大群人聚會/
B	地點適當/價位適當/服務良好/房間舒服
B	房間潔淨/面積大/價格便宜丫
B	到這裡開會/服務人員場地佈置非常不錯印象深刻
B	婚宴品質高/餐點美味
B	自助餐菜品比較少
B	龍蝦新鮮/生魚片/蝦子都新鮮/湯頭鮮甜
B	麵包總類多/環境不錯
B	臨近觀光景點/商務大樓/很適合休閒和洽公時的飯店
B	昨天在2F國際廳吃喜酒/菜色還不錯吃
B	菜色不錯/環境也佳
A	在飯店房間遺忘東西/房務清潔人員不老實
B	服務態度跟環境衛生讓人感覺到舒服
B	台北市雙贏扶輪社/固定每週二在這例會/歡迎您
B	經濟實惠/交通方便/距離西門町商圈又近
B	餐點好吃/空間寬敞/服務佳
B	交通方便/樓上有運動器材可用
B	料理不錯/宴會廳新穎
B	備有停車場
B	交通方便/美食很多/價格還好
B	很適合會議場合的地方/
B	很新的飯店/料理我覺得好吃
B	旅宿優選
B	還不錯/服務生很周到
A	自助餐的熟食區真的不太行
A	菜色不多/廚房不用心/唉/太差
B	服務專業/房間品質良好/假日時常客滿
B	多樣食材/豐富多彩
B	東西還不錯吃/但選擇太少了
B	房間很舒適/
B	服務親切/東西很好吃/
A	自助餐的種類有點少/蠻可惜的
A	入住時一樓還在改建/
A	自助餐點cp值並不是很高/
B	靠近龍山寺及西門町的酒店/步行即可到達很方便
B	非常推薦
B	餐點種類少/但CP值高
A	陸客居多/個人素質實在/不說也胃罷/
B	用餐環境清悠服務態度親切
B	環境悠靜/服務人員也很親切
B	中大型會議聚餐好地點/價格合理
B	如果房價有促銷才會考慮住這裡/
B	食材還不錯用餐還愉快/
A	餐點普通/服務生人數不足
B	六國料理/食物多元化/價格合理
B	好每天到這買咖啡看正妹
B	有沖洗馬桶/小地方很細心/喜歡
B	服務超優/房間乾淨
A	/770生魚片/蛋糕/冰淇淋優
B	服務態度很好/食材也好吃
B	用餐環境不錯但餐點尚可
B	離小南門捷運站走路約5分鐘
A	浴室設備有問題/
A	跟場地比起來/食物有些差強人意
B	跟大直典華比起來這間比較好吃
B	牛肉真的不錯吃/
B	熱食普普/甜點很讚
A	蛋糕還不錯就樣式太少
B	五星級酒店/只是近交通要道/尖峰時段易塞車
B	有特價1699一晚
B	空間非常大舒服
B	環境舒適/餐點尚可
B	1樓酒吧/是個/聊聊/交流/的好地方/
B	甜點素質高於生/熟食/
B	下午茶優閒/乾淨/價位中等
A	只有三星級評價/CP值不高
B	菜不多/但還不錯吃
B	還不錯/但缺少三溫暖/游泳池
B	員工專業熱誠服務非常好/賓至如歸/讚啦
B	餐點好吃可惜菜式太少了
A	牛排館餐點精緻/口味獨特
B	交通方便/至西門町/萬華老街很近
B	用餐環境佳/好停車/
B	算是平價中的飯店說
A	服務算好/菜色比以前的好
B	標準現代旅館/餐廳不錯/
B	非常格致/輕鬆的氣氛讓人嚮往
A	在這邊舉辦同學聚會上菜速度超慢
B	服務品質很好/房間新穎寬敞
B	高檔典雅美味饗宴
B	空間寬敞/舒適明亮/停車方便/乾淨高雅
B	肉品不夠多/甜點好吃
A	不好吃的自助餐/並不推薦/
A	有點老舊以及環境不夠乾淨
B	還可以/甜點還不錯
B	餐點好吃但要價不斐
A	西式套餐可能太西式了/我還不太習慣
A	不重視顧客填寫的線上問卷
B	動線不清/服務人員訓練不足/
B	日本料理很強大/住宿又舒服
B	氣派專業的飯店/不過門口抽煙的太多
B	交通便利/團體聚餐不錯的地方/
B	乾淨/舒適/值得再來
B	房間不錯/歐式自助餐好吃
B	歐式自助餐還不錯
B	具觀光飯店應有之水準/
A	餐點普通/沒有該有的水準
B	菜色還不錯/服務好/
A	來過一次/絕對不會再來/
B	方便/高雅/形象/但價格不親民/
B	早餐好吃又多樣
A	餐點還不錯/服務好
A	会議廳蛮大的适合大型會議之用
B	停車方便/菜色豐富
B	住宿旅遊的好地方/近西門叮
B	食物新鮮/服務人員親切/
B	設備好/但服務有點美中不足
B	麻雀雖小/五臟俱全
B	刷國民旅遊卡的好去處/交通相當便利
B	乾淨/服務好/交通便利
B	五星級的酒店/早餐蠻豐富的/
B	可辦婚宴/但場地蠻小的/
B	讚
B	環境舒服
B	環境優美/地點交通方便/美食
A	廚師/生魚片/一臉不開心
B	服務人員態度超棒
B	距離家樂福西門店很近的飯店
B	高級飯店/住宿餐飲齊全/
B	餐點美味佳餚/服務好
B	地點交通方便/服務人員態度佳
A	服務員態度極差/電視節目太少
B	推門對推小孩的客人不太友善
B	服務不錯
B	台北市區中華路上的飯店/有多間宴會廳
A	自助餐的/餐點並不多
B	價錢公道/還能代叫車輛
B	服務人員態度熱忱/值得肯定/
A	開會議的好地方/交通方便
A	價位配合內容沒有驚喜
B	喜宴餐點精緻/服務到位
B	建議買餐券/免殘念
B	整體滿意/只是冷氣太凍
B	交通方便/服務品質好/好停車
B	大廳賣麵包的麵包店/麵包很好吃
A	婚宴國際廳上菜好慢/
A	衛浴隔音有待加強
B	非常舒服的住宿環境/
B	贊交通方便附近/逛街逛街很方便
B	溫馨/cp值高
B	床軟/乾淨
B	餐點好吃不貴/流沙包好吃
A	員工沒笑容/出入口窄小沒引導
B	乾淨/舒適/值得推薦
B	交通方便/餐點也不錯
B	服務好
B	服務不錯/菜色也不錯吃/
B	自助餐廳好吃
B	餐點豐富/停車方便
B	坐車方便服務有禮貌
B	火雞肉大餐/好吃又大隻/啦/
B	非常棒的住宿體驗/
A	地點不錯/就這樣/
B	設備不錯/交通位置適中
B	餐點及點心都很棒/
A	專做日本觀光客的感覺/
B	麻雀雖小/五藏俱全/
B	還不錯/生意挺好
B	乾淨舒適/床很好睡
A	吃完以後/沒有什麼好吃的食物的地方
B	CP值高/可以再來
B	廁所乾淨讚讚/
B	服務好/貼心/乾淨的飯店/
B	離西門町近/來臺北都住這間
B	六國餐廳的麵包/料好實在
B	這邊開會還不錯/環境很好
B	在市中心交通方便/麵包店生意很好
B	港式飲茶好吃也不貴/
B	不錯/方便逛夜市/早餐好吃
B	牛排水準不差/好吃
B	地點好環境佳服務親切/
B	國際2019冷氣新品發表會
B	菜餚鮮色/服務優質/
B	地點好/但是星星多貼了1顆/
A	環境甚為狹小/但慎整潔/
B	臺灣優質鮮鮑/男人歡樂天地LINE/pa668/臺灣優質鮮鮑/男人歡樂天地LINE/pa668/臺灣優質鮮鮑/男人歡樂天地LINE/pa668/臺灣優質鮮鮑/男人歡樂天地LINE/pa668/臺灣優質鮮鮑/男人歡樂天地LINE/pa668
B	來台北必住的飯店
B	經理及服務人員專業/CP值高
B	小而巧/還行
B	宴客的場地好/餐好吃
A	地點靠近捷運小南門站/交通方便/
B	參加婚宴/暫無壞印象/
B	大飯店/適合舉辦會議
A	餐廳自助餐還好啦
B	常在2樓上課/空間大氣派
B	服務親切/乾淨/
A	自助餐真的還好
A	只有甜點好吃
B	場地優雅大器/服務人員體貼周到
B	服務不錯/餐點好吃
B	挺舒適的飯店
B	頂樓view很驚豔/
B	乾淨整潔/服務舒適
B	CP值高的飯店
A	食材用的太廉價了/
A	地下停車場車格有點小
B	Cp值高的飯店
B	餐點好吃/服務週到
B	只是都沒標示清楚/有些都要錢也/
B	婚禮場地/菜色都不錯
A	餐點真的不行
B	很漂亮舒適的酒店
B	整體感覺很舒服
B	服務親切讓你都賓至如歸
B	餐廳菜色不錯吃
A	路過沒住過
B	有適合宴客的大型宴客餐廳
B	都市中心星級酒店/交通方便
B	值得再住的飯店
B	使用餐券/比較划算
B	很愛他家一樓的麵包
B	讚
B	餐點不錯/且服務不錯
B	大廳氣派/餐點好/
B	開會/宴客的好地方/
B	在此享用下午茶十分悠閒愜意
B	舒適服務品質都很棒
B	環境明亮/餐點也好
A	服務親切/地點交通方便
B	家庭旅遊住宿的好選擇
A	下午茶就是在平常用餐的餐廳
B	感覺比較有旅遊氣氛
B	床/枕頭好好睡
B	小南門旁/近龍山寺/夜市
A	buffet質感越來越差/
A	朋友結婚去的/還可以
B	場地豪華/搭捷運比較方便
B	用餐辦宴席的好地方
B	鬧中取靜/氛圍宜人
B	離西門町很近但又安靜
B	牛排店裡的食物超讚
B	菜色不錯/環境優美
B	服務親切
B	不錯的飯店/
B	咖啡廳氣氛不錯
B	麵包好吃晚上有特惠時間
A	整體還酸性不錯
B	舒適/服務態度佳
B	新開始使用的會議場地
B	服務不錯
B	安靜低調/適合家人聚餐
B	空間設計很不錯的酒店
A	環境不錯/菜色一般
A	地點好/菜色普通
B	文山區婚宴的不二選擇
A	價位合理/品質可再加強
A	服務態度太被動
B	服務貼心/牛排好吃
B	舉辦宴會聚餐的好地方
B	很乾淨很舒適
B	宴客廳比想像中的好
B	餐點好服務佳/
B	價格不貴/CP值很高
A	價錢有高喲/
B	服務態度很棒
B	沒看到花園的花園酒店
B	餐廳蠻好吃的/
B	比較小一點的飯店旅店
B	服務佳/場地乾淨/
B	乾淨/地扳亮/讚
B	寧靜一隅卻又與熱鬧一線之隔
B	很溫暖的裝潢
B	新舒適
B	婚宴菜不錯吃
B	疫情期間CP值高
B	地方整潔/舒適怡人
B	服務親切勤快/環境優雅/
B	離捷運站近/服務佳
B	生魚片好吃
B	服務親切/交通方便
A	離西門町最近的星級新的飯店
B	酒席費用高貴/牛排費用高貴/
B	麵包坊平價好吃
B	雞湯很好喝/
A	價格便宜吃到飽
B	餐點好吃
B	服務很週道/人員很親切
B	六國餐廳歐式自助餐
B	麵包蛋糕都超/好吃
B	尾牙餐點還不錯吃
B	靠近西門町的五星級飯店/
B	宴會菜色普通
B	態度很親切/
B	乾淨舒適/服務親切
B	買麵包刷國旅/
B	自助餐蠻好吃的
B	近西門商圈/地點方便/
B	Prime/One/牛排館好吃/
B	床很舒適
B	牛排館很不錯
A	櫃檯服務超差
B	中大型聚會的宴會場所
B	今年菜色很讚
B	環境優良/服務很好/
B	服務親切/環境優雅
B	方便出入/大廳稍小
B	很適合聚餐的地方
B	有免費停車場
B	服務親切/裝修豪華
B	餐飲好氣氛佳
B	都會小巧的五星飯店
B	很好的感覺
B	酒店服務貼心/整潔/
A	櫻花蝦油飯不錯吃
B	服務人員親切/離西門近
B	乾淨美麗親切的飯店
B	一樓餐廳精緻
A	百匯還是沒進步
A	西區比較像樣的飯店
B	服務專業親切熱心
A	下午茶菜色有點少
A	上下車極不便
B	馬卡龍超好吃/
B	晚餐還不錯吃
B	服務態度親切/太棒了/
B	床睡起來很舒服
A	桌菜還不難吃
A	素食不錯吃唷/
A	餐點水準平平
B	餐點還算可以
B	有摩術表演超精采
A	自助餐點不好吃
A	開個會/沒啥意見
B	週末下午茶氣氛好
B	清爽的裝潢/怡人的服務
B	房間雅緻/房價合理/
A	食物種類有點少
B	很好吃的中餐廳
B	很棒的住宿環境
B	位於市區/交通便利
A	常經過/從沒進去過
B	自助吧種類繁多
B	價格不貴/交通方便
B	服務及用餐優質
B	住宿價錢尚可
A	地點好/四通八達
B	下午茶不錯吃
A	環境衛生都不錯/
A	服務專業/空間舒敞/
B	交通方便/價格公道
B	地點好餐點讚
B	新穎/早餐好/
A	很高尚的用餐場地
A	自助餐還不錯
B	Cp/值不錯
A	單獨/無百年
B	台北市西區最佳的宴會場所
A	挺用心的服務人員/
A	路過
B	服務親切/交通方便
B	餐點很新鮮
A	菜色還不錯/
A	餐點補充很慢/
B	菜色佳/服務好
B	住起來舒服
A	上餐速度有待加強
B	餐點意外好吃
B	百匯好吃
B	大廳明亮/房間寬敞
B	台北花園大酒店buffet還不錯
B	不愧是五星飯店
A	老舊/無創新/
B	有點年紀的五星飯店/沒有免費使用的泳池/房間整潔乾淨/面向總統府一側可以清楚看到101/服務熱忱/親切/適合家庭/入住者可免費停車/
A	自助餐還好
A	感覺環境乾淨
B	還不錯的飯店
B	服務態度親切
B	設施完善/交通方便
B	食材與口味皆不錯
B	好吃/人親切
B	婚禮宴客好場所
B	東西普普服務不錯
B	乾淨地點㑈
B	地居鬧市/交通方便/
A	餐點還不錯
B	近西門商圈的飯店
B	喜歡prime/one/牛排館
B	服務很好/乾淨/
B	地點佳/人員親切/
B	麵包坊讚/交通便利
B	性價比高
B	來喝喜酒/不錯
B	還不錯/好貴啊
B	餐點不錯吃
B	優質/美觀/服務親切
B	服務人員很親切專業
B	主廚很nice
B	讚/
B	住宿/牛排/麵包
B	還不錯的飯店
B	很美/服務好
B	廁所很乾淨
B	擺設良好/設備高級
B	實在太讚/
B	Buffet價格實惠
B	氣派/典雅/高貴不貴
B	真的非常滿意
A	感覺不佳
B	餐點不錯吃
B	109/5/19陸客入住
A	自助餐東西少
B	這裡的早餐不錯
B	參加珠寶特賣會
A	還不錯吃/
B	優質的飯店
B	服務態度一級棒
B	還不錯吃
B	明亮/舒適
B	Buffet還不錯
B	餐飲水準高
B	舒適/交通方便
B	會想再入住
B	氣氛不錯
B	服務態度佳
B	還可以吃
B	認真在經營的飯店
B	菜色還不錯
A	團體陸客很多
B	服務周到/_/
B	方便到西門町
A	比較不熟悉那附近
B	牛排館不錯
B	服務很迅速
A	設備規劃完善
B	舒適感覺不錯
B	乾淨便利
B	氛圍不錯的地方
B	餐廳服務好
B	環境位置俱佳/
B	不知道花園在哪
B	咖啡廳讚
A	服務人員佳
B	甜點不錯
B	非常舒服的酒店房間
B	停車方便
A	離捷運站稍稍遠
B	服務好
B	社團活動餐敘
A	價格不便宜
B	還不錯哦/
B	宴會好所在
B	住宿房間舒適/
B	餐點好吃
B	還不錯/
B	餐點美味
B	服務還不錯
B	適合中型喜宴
B	cp值不錯
B	餐點好吃
A	服務態度較差
A	還行
B	乾淨/簡潔/舒適
B	詩意見分歧見面的
B	性價比很高
B	服務態度良好
B	好地方值得光顧
B	餐點美味
B	東西不錯吃
B	地理位置方便/合適家庭及商務旅行/鄰近地鐵甲夜市/出行及購物都方便/環境及衛生都可以/各位應該可以放心/雖然設施一般/但都值得介紹/但/注意/高峰期的價錢會不合理的提價/請注意/
B	乾淨舒服
B	劉金柱/永遠回憶
A	位於和平醫院旁
B	餐點普通
A	沒有特別之處/
B	方便/服務好
B	牛排館服務很好
B	餐點不錯
B	好棒的餐廳
B	友善的服務人員
B	麵包好吃
B	冷氣很強
B	服務態度親切
B	內裝很新
B	很舒適
A	服務態度普通
B	餐點好吃
B	旁邊的六國餐廳很安靜/因為平常日客人很少/
B	有錢多多來
A	餐點普通
B	溫馨/舒適
B	環境舒適
B	評過了
B	參加喜宴/感覺很棒很舒服
A	常來此開會
B	房間舒適乾淨/飯店員工服務貼心/
B	麵包店不錯
B	餐點好吃
B	東西好吃/
A	清潔度待加強
A	人變多了/
B	星級美食/
B	讚/
B	小小美美的市區大/飯店/水準不錯/
A	廁所乾淨
B	新奇體驗
B	不錯/
B	歐式自助餐/還可以/
A	還可
B	舒適
B	不錯
B	景觀不錯
B	還不錯
B	房間乾淨
A	天成集團的/
B	麵包好吃
B	聚會/這雞湯好喝
A	麵包讚
B	還不錯
A	格局有點小
B	物美價合理
A	還不錯的地方
B	不錯
B	超讚
B	很棒的飯店
B	精緻好吃
B	貼心的飯店
A	餐廳中規中矩
B	近距離會議
B	環境清潔
B	價格公道
B	還不錯
B	舒適/便利
A	有待過/很操
B	優質飯店
B	氣氛好
A	優
B	不錯
B	中華路上的地標
B	整潔/友善/
A	服務
B	房間寬敞
B	服務讚
B	環境很好
B	服務不錯
A	環境優雅
B	讚
B	點心精緻
B	環境很好
A	地點好
B	環境不錯
B	麵包好吃
B	消費不高
B	還不錯
B	環境舒服
B	服務不好
B	老牌飯店
B	東西精緻
B	服務佳
B	台北五星級酒店
B	高檔餐廳
A	不錯
B	宴客休閒
B	簡單/乾淨
B	服務不錯
B	天成的時空/
B	贊
B	環境良好
B	飯店
B	食物精緻
B	不錯/
B	還可以
B	環境舒適
B	高級的大飯店
A	星級新酒店
B	服務不錯
B	舒適
B	裝潢新
A	還可以
A	宴會
B	服務佳
B	設備周全
B	不錯
B	服務好
B	乾淨
B	不錯
B	高級
B	舒適
A	清靜的空間
A	很難吃
B	收費合理
A	不錯
B	小巧精緻
A	地點適中
B	場地不錯
B	不錯
B	親切的服務
B	悠閒
B	不錯
B	環境幽靜
B	高級飯店
B	服務親切
B	乾淨
B	不錯
B	麵包品質不錯
B	安靜
B	舒適
B	不錯
A	地點不錯
B	地點不錯
B	環境ok
B	不錯
B	餐廳
A	地點優越
A	飯店格局不大
B	中規中矩的酒店
B	麵包店不錯
B	開會地點
B	交通便利/環境舒適
A	服務/
B	場地優
B	環境佳
B	牡丹廳
B	優質/
B	富麗堂皇/
A	親切/
B	/情人節快樂/一泊二食專案/房型/一大床但可惜是兩張單人合併/躺在中間會有沉下去的感覺不太好/浴室備品充足/有日式的小湯屋但大人只能一人無法泡全身/床上擺放天成集團的限定乖乖/柚子口味/智能管家/聲控開關窗簾/放音樂/開關電視/客房服務等/感應不是很靈敏/需要反覆好多次/柑仔舖/櫃檯發一個袋子提供去飯店隔壁一樓/有古早味的糖果零食可自取/這點很加分/饗聚廚房/晚餐/自助晚餐提供瓶裝啤酒喝到飽/水果有新鮮百香果不錯/現切牛肉稍微老一點/生魚片不錯/泰式甜蝦鮮甜/麻油豬肉湯不錯/但肉骨茶味道非常淡/甜點種類多/但吃起來都不道地/尤其是歐培拉跟馬卡龍非常失望/晚班似乎人手不足/甜點櫃位一直沒人/走去跟服務人員詢問/反被問我們這不是來了/有點傻眼的服務素質/建議教育訓練要注意/穿著西裝我以為是領班呢/饗聚廚房/早餐/早餐有原味優格/紅茶茶葉蛋/牛奶類/香蕉/飲料種類很多/早餐人員充足/且很勤的補貨跟收拾/整體來說/內裝新穎/燈光非常適合拍照/採光佳/上述稍微改善應可以更好
B	在1樓的泰國菜餐廳吃飯/有特色/符合大眾口味
B	房價輕民/房間乾淨舒適/小美犀很聰明/柑仔店還可以抓滿滿的零食來吃喔
A	有一段時間沒光臨了/以往印象沒有90也100分/只是今天因早到/感覺服務人員的服務態度實在有待加強/請改進才是正道/
B	飯店很好
B	餐廳內的用餐口味跟品質不太好/建議訂房時不要訂有含餐的/可以走到家樂福那棟吃/大概走路5分鐘/扣除飲食/住房的環境整潔度很好/舒適度也不錯/全新的房間就是讚/
A	今年因為疫情過年年菜外帶/口味真的一般般/用料也很普通/不太值得兩萬多塊的價格
B	會再選擇入住飯店/停車便利/也提供3張單人床房/適合開車出遊台北/只有ㄧ個小孩的家庭/
A	訂房網站上寫可以使用健身房/但入住後櫃檯也沒有講/上去才發現根本沒開放/櫃人員態度也怪怪的/好像訓練不足/去一次就不想再去了
B	好地方和很好的客房服務/但無線網絡很差/出差需要考慮/
B	我和父母在60多歲時私下安排了旅行/早餐有豐富的菜單/這項服務很好/可能是因為它曾在日本旅行中使用過/巴士站就在附近/考慮到費用/這是相當不錯的/所以這是我想再次入住的酒店/
B	早餐會場很大很舒適/有很多變化/而且很好吃/而且我住的時間比較長/因為它是空的/房間很乾淨/景色很好/酒店也很安靜/
A	平均自助晚餐/沒有什麼真正偉大或令人難忘的/我可能會一次又一次去/熱食品種不多/關於甜點的更多選擇/如果您是甜點愛好者/那麼您可能會喜歡這個地方/
B	房間很大/比較乾淨/投注也很好/Wi/Fi也可以在沒有密碼的情況下使用/但有時很難切斷/浴缸不大但最好與淋浴分開/淋浴在水中很強/所以如果你弄錯了/你就會沉浸在水中/但是/從淋浴間到浴缸的隔斷是負的/不可能直接去/乾衣機的空氣量很小/頭髮不會變乾/早餐是自助餐/有很多種/但個人並不好/在麵包和蔬菜中似乎沒有什麼東西好吃/方便/因為酒店附近有一個24小時超市/您可以在短時間內乘出租車前往夜市/雖然有一個負面的觀點/但我認為如果你只重視在台灣逗留的話/這是一個可以推薦的酒店/
B	絕對是我住過的最好的酒店之一/房間乾淨整潔/我們的視野很簡單/我和我的朋友在這裡住了4天/這是個不錯的地方/它附近的夜市和火車站/大樓的側面還有一家麵包店/我喜歡自助早餐/一定會再來推薦這個/
B	這裡麵包房的蜂蜜蛋糕還有16樓的SPA是台北本地人的秘密花園/當然一樓的熟成牛排店要提早搶先預定哦/老派優質的台北酒店/住房價格很實惠/走路去西門盯很方便/還不會鬧哄哄的/
B	父母來台灣時我們會安排的/車站離酒店有點遠/但是我認為家樂福就在我眼前/早餐種類很多/所以我覺得這對價格有好處/
B	住在2019年9月17日/大堂充滿了奢華/但事實並非如此/但酒店乾淨整潔/還有走廊/浴缸呈方形/主要由淋浴器製成/但這不是問題/水壓不是很令人滿意/但它是如此之好/房間裡有一個插座/還有一個USB端口/床邊還有一個插座/以確保舒適的電源/前面的對應也很愉快/自助早餐超出了預期的價值/
A	它傷害了日本商務酒店的醜陋/最好不要擔心因為它是一家五星級酒店/我用它3晚4天/首先/是否使用過牙刷/還有一些東西有被打開和使用的證據/由於走廊裡有一個清潔工/我有一個新的手勢/看來我父母的房間裡的浴巾很濕/衛生紙沒有變化/它丟失並被召喚/帶它需要很長時間/退房時間是12/00/但房間清潔在12/00之前開始/你可能會害怕即使你有行李也可以放在手裡/最好不要放棄貴重物品/我早上離開了我的房間/當我回來時/我在房間裡遇到了一名清潔工/曾經有過一段時間/早餐豐富多樣/員工的態度很糟糕/吧/這個最好不要去/工作人員根本不懂酒精/他在看書的同時製作清酒/有人在準備好時就喝完了/我會等一會兒/順便說一句/我們是四個人/但沒有其他客戶/令人失望的是/教育工作者的教學是不切實際的/因為它整體上是美麗的/
B	這是第二次使用它/房間很乾淨/浴缸和淋浴不是歐洲的許多單元類型也很好/但是變成了獨立式/幾年前我住的時候/我的早餐還不夠好/但現在我升級得很好/早餐很美味/種類豐富/我住了3晚/但我每天都換菜單/所以我很期待每天早上吃早餐/特別是/我喜歡煎蛋捲和我在眼前烤製的一些中式菜單/此外/當我去台北時/這是一個很好的酒店/可以再次照顧/
B	一個不錯的酒店/我們得到了一個非常好的協議/並對我們得到的東西感到非常滿意/早餐很棒/雖然我希望在這些日子裡換菜的時候多一點/在一周的時間裡/我幾乎都是一樣的/接待員非常友好/每當我們遇到問題時都會幫助他們/房間很好/有我們喜歡的現代淋浴/如果你打算去那裡度假/這絕對物有所值/
A	該位置非常棒/步行即可到達地鐵站/3個不同的夜市/著名的購物區以及許多咖啡館和餐館/房間裡的所有必需品看起來都很可愛/美景和日式廁所/辦理入住手續時出現了問題/我們預訂了一張帶雙人床的房間/但改為2張單人床/他們並沒有真正道歉/作為解決方案/他們提出將他們並排在一起/健身器材很舊/但仍然可以使用/在線查看照片時沒有池/他們只是從按摩浴缸中選擇了一個不錯的方面/以使其看起來像一個游泳池/另外請注意/按摩浴缸需要至少提前一個小時預訂/並需要額外付費/
B	住在城市景觀房/這是一幢高層房間/所以在晴朗的一天睜開眼睛時能夠看到明亮的天空真是太好了/那不是一個夢幻般的夜景/但我能夠欣賞到令人滿意的城市風光/房間條件整潔/總體還不錯/房間雖然不大/但與日本的商務酒店相比還是足夠寬敞/每天都充滿了便利設施/清潔整潔而令人滿意/就個人而言/擁有兩個手提箱的大儲物空間真是太好了/就位置而言/家樂福距離酒店僅有1分鐘的步行路程/這是最大的優勢/西門町等繁忙地區受到公共汽車的限制/步行10分鐘即可到達較遠的地方/但是酒店門前有一個巴士站/因此這不是一個大問題/與台北車站或西門車站相比/到市區的距離可能有點不方便/但我個人很滿意/因為酒店的價格條件很好/
B	龍山寺/Seomunjeong/台北車站/早餐非常好/它看起來像一個很好的酒店自助晚餐/日本人比韓國人多/家庭間的房間比五星級酒店的房間小/浴室和淋浴間分開是好的/隔音和服務水平是基本的酒店/建議作為前往台北南部的旅館/
B	CP值很高的住宿/
B	適合家庭旅行的酒店/可輕鬆到達/員工服務和友善是不同的/這真令人失望/房間條件不好/清潔服務很好/吹風機非常脆弱/因此如果頭髮較長/則很難/早餐包括米飯/泡菜/魚等/適合家庭旅行/最靠近的巴士站是地鐵站/步行不遠即可到達/如果是家庭旅行/您可以在後門乘坐出租車/我喜歡使用Uber應用程序/
B	當我到達酒店時/我盡量不要相信預訂應用程序上的照片/當我對我調整過的照片和導演的照片做出保留後/我感到很失望/在這次旅行中/情況非常緊急/因此我決定在不仔細查看的情況下對其進行打折/但這真的很舒服/我不知道/但是那是一家酒店/我每晚必須支付1000美元的押金/您可以現金付款/因此/如果您不使用房間冰箱中的飲料/則退房時將退還這些飲料/我出門回家後/打掃了房間/整齊地整理了新的毛巾和被褥/由於流感處於大流行狀態/因此即使離開一會兒/Bellboy也會檢查您的體溫/我問櫃檯上是否有開瓶器或多餘的筷子/但他們請他們把它帶到了房間/早餐也得到了指導/菜餚被刪除了/而且很友好/我見過有評論說早餐是中國口味/所以如果您在這裡不能選擇早餐/很可能就不適合您在台灣品嚐/沒關係/很好吃/我在那裡有所有東西/住了兩天真的很好/如果我下次再去台灣/我一定要留在這裡/櫃檯上不會說韓語/但是如果您會說英語/那就沒有困難/步行到西門町比較麻煩/如果乘地鐵穿過馬路到有限的藝術大師那裡/那就是西門站/龍山寺距離酒店僅幾步之遙/這是一個愉快的旅程/
A	房間面積足夠大/但是/房間中只有1個不間斷電源插座/要關閉燈/所有其他插座都將關閉/自助早餐應該是6am/10am/但是有些菜在早上8點沒有補充/
B	酒店位置優越/靠近地鐵站/龍山寺及其夜市/如果你喜歡亞洲早餐/你會很激動/友好和樂於助人的員工當我們預訂時/我們要求樓上的房間有一個美景/我們在頂樓有一個俯瞰台北101的房間/你能說什麼呢/謝謝你/很快見到你/
B	乘坐1961路公交車到達終點/您就在酒店對面/我用存款2000美元的卡片刮了它/整個酒店整潔乾淨/但是當我睡著的時候/風扇發出一些聲音/無論是否是空調/早餐很不錯/交通也步行/10分鐘到西門站/不到5分鐘到家樂福/
B	酒店的位置非常好/去各個地方很方便/該設施也非常令人滿意/因為它是一個四人間/可供父母和孩子使用/而且很方便/因為你可以在酒店前面換錢/你可以做韓元/而且美元當然是可能的/它比101大樓/不比機場好/要好一點/
B	適合家庭旅行的酒店/可輕鬆到達/員工服務和友善是不同的/這真令人失望/房間條件不好/清潔服務很好/吹風機非常脆弱/因此如果頭髮較長/則很難/早餐包括米飯/泡菜/魚等/適合家庭旅行/最靠近的巴士站是地鐵站/步行不遠即可到達/如果是家庭旅行/您可以在後門乘坐出租車/我喜歡使用Uber應用程序/
B	我很滿意地去了那裡/剝皮iao街/龍山寺/家樂福和中正紀念堂都在附近/所以散步很舒服/這裡有一筆押金/但每晚是台灣1000美元/我訂了兩間房住了2晚/花了4000美元/而且早餐很好吃/早餐從6點到10點/請告訴我們您的房間號和人數/如果您打開電視第9頻道/就可以看到韓國頻道/
B	乘坐1961路公交車到達終點/您就在酒店對面/我用存款2000美元的卡片刮了它/整個酒店整潔乾淨/但是當我睡著的時候/風扇發出一些聲音/無論是否是空調/早餐很不錯/交通也步行/10分鐘到西門站/不到5分鐘到家樂福/
B	挺好的/
B	這是第二次使用它/房間很乾淨/浴缸和淋浴不是歐洲的許多單元類型也很好/但是變成了獨立式/幾年前我住的時候/我的早餐還不夠好/但現在我升級得很好/早餐很美味/種類豐富/我住了3晚/但我每天都換菜單/所以我很期待每天早上吃早餐/特別是/我喜歡煎蛋捲和我在眼前烤製的一些中式菜單/此外/當我去台北時/這是一個很好的酒店/可以再次照顧/
B	在自然天成大酒店系列台北車站的產品/它是一個大的酒店/宴會廳和自助餐廳/房間很乾淨/用得好/人也很親切接待/此前/有麻煩預訂該機構的失誤的時候/我們有一個令人驚訝的合理處理/有一個超級大的家樂福就在街對面/是不是困擾甚至紀念品/靠近珍珠奶茶店/便利店/也好吃的餐廳很多/它是關於步行到西門5分鐘/
B	不要指望早餐/這有點不舒服/因為房間很小/洗手池中的水壓很低/但是我並不擔心他/每天都為我打掃衛生/我在後門後面的水果店裡買了很多/如果您去後門/這裡有一家便利店/
B	住在2019年9月17日/大堂充滿了奢華/但事實並非如此/但酒店乾淨整潔/還有走廊/浴缸呈方形/主要由淋浴器製成/但這不是問題/水壓不是很令人滿意/但它是如此之好/房間裡有一個插座/還有一個USB端口/床邊還有一個插座/以確保舒適的電源/前面的對應也很愉快/自助早餐超出了預期的價值/
A	它傷害了日本商務酒店的醜陋/最好不要擔心因為它是一家五星級酒店/我用它3晚4天/首先/是否使用過牙刷/還有一些東西有被打開和使用的證據/由於走廊裡有一個清潔工/我有一個新的手勢/看來我父母的房間裡的浴巾很濕/衛生紙沒有變化/它丟失並被召喚/帶它需要很長時間/退房時間是12/00/但房間清潔在12/00之前開始/你可能會害怕即使你有行李也可以放在手裡/最好不要放棄貴重物品/我早上離開了我的房間/當我回來時/我在房間裡遇到了一名清潔工/曾經有過一段時間/早餐豐富多樣/員工的態度很糟糕/吧/這個最好不要去/工作人員根本不懂酒精/他在看書的同時製作清酒/有人在準備好時就喝完了/我會等一會兒/順便說一句/我們是四個人/但沒有其他客戶/令人失望的是/教育工作者的教學是不切實際的/因為它整體上是美麗的/
B	位置好/位置好/位置好/有24H麥當勞/
B	這是一個非常漂亮的酒店/Washlet也很完整/推薦日本人使用/還有吹風機/牙刷和剃須等設施/因此無需從日本帶來/此外/當下雨時用折疊傘無法完成/我還借給我們一把傘/上面寫著酒店的名字/早餐也很美味/我覺得它對孩子們有好處/因為還有一個冰淇淋/我有一個血腥的鼻子起床睡覺/但我清理了它/酒店附近有家樂福/所以您可以忘記購買紀念品/或者如果您在晚上餓了就可以立即去購物/熱情好客又好了/我想我去台北時會再次感激不盡/
B	關閉家樂福在車站附近/房間裡也乾淨/內置的洗髮水和沐浴露也這是一個好聞多想去買/但台灣不習慣氣味的八角首次/早餐沒有吃任何方式/你有吃是否Morimori熟悉台灣第二次/
A	不太好的酒店/因為它的價格/服務和住宿質量都不符合他們的5星級/我會說四星級對他們是公平的/但服務可能是3/5星/我預訂這家酒店是因為我的家人回台灣聖誕節假期/全部是因為它的位置和等級/以及一個漂亮的頂部屋頂花園/但是當我們在2016年聖誕節前幾天晚上呆在那裡時/繁忙時期/他們的頂層屋頂花園已關閉/健身房幾乎沒有機器故障/前台工作人員通常不會微笑或打招呼/您不會期望每晚支付近/300NZ/240US/的費用/他們有一個合理的小型大堂/甚至他們的酒吧券都不是很誠實/買1杯飲料並獲得1杯免費飲料券/但是我們被要求買2杯飲料並獲得2杯飲料/否則/酒吧不接受我們的券/在感覺到我們有點浪費了辛苦賺來的錢之後/我不會再回到那裡了/一個半價的三星級酒店/我們住在這裡/然後才搬到這家花園酒店/僅提供半價優惠和優越的地理位置/並為全家人提供免費自助早餐和24小時免費酒吧和小吃/也提供免費洗衣服務/儘管房間小了30/40/隔音效果也差強人意/但是我的家人覺得我們整個台北之旅都應該住在那家三星級酒店/不應該在這家花園酒店上浪費錢/
B	我們與朋友和家人一起使用了3名成人和1名兒童/我同意你寫的客戶服務/但我並不擔心/因為我在台灣/房間被當作一個三人間/但如果床被移動以防止兒童摔倒/它就會充滿灰塵/所以清潔更像是一項艱苦的工作/我有點擔心/因為有些孩子躺在地板上或赤腳走在房間裡/房間很大/還有一個可以容納三個人的行李箱/淋浴時的水壓不是妨礙/所以要非常小心/我突然打開水龍頭/卻沒有想到壓力那麼大/淋浴頭扭曲了天花板/w很大的水壓/我們在屋頂的空中花園裡使用了按摩浴缸/但每幀40分鐘的費用為500TWD/我從20/00開始在框架中使用它/但它處於特許狀態/沒有其他客戶/晚上絕對比白天好/它不熱/夜景非常好/在夏天/G也是urouro/因為天空花園在戶外/所以要小心/因為台灣/G無法幫助它/我一般都很滿意/
A	第一印像是一個古老的旅遊酒店/一個小的/舊的路邊酒店/但設施很舊/但工作人員很友好/自助早餐很棒/
B	我在2018年3月住了3晚/我很放心/因為有一個會說日語的工作人員/地鐵站就在附近/步行即可到達夜市和龍山寺/所以非常方便/早餐豐富/享受而不累/我下次去台北時想留下來/
B	這是為期三天的商務旅行的第一天晚上/前台足夠靈活/可以在無法使用預定的房間時提供升級房間的服務/不確定當我的航班非常接近午夜時退房時間的可容納性/我沒有興趣想知道周圍的情況/有趣的是/浴室的淋浴/清潔部分與馬桶部分是分開的/地毯很乾淨/至少沒有提示我去找拖鞋/床單/枕頭/嬰兒床很乾而且聞起來很香/wifi很容易上手/總的來說/如果不用擔心褪色的油漆家具或被美妙的早晨景緻所補償/則值得花費/順便說一句/我不介意早餐不包括在內/直到大廳沒有免費咖啡為止/
B	有4個甜蜜的/考慮到它在海外的事實/位置相當好/清潔度非常好/我沒有在這裡吃過飯/酒店門前設有巴士站/便利店/郵局和附近的超市/位於前面的茶葉服務器Keiryo/Oolong茶非常美味/每次經過時我都會喝它/前台並沒有達到令人愉快的回應/但我們能夠安排一個叫醒電話和一輛出租車到返回機場/沒有任何問題/我並不是說我會說日語/但是那個說日語的紀念品店員實在是更好/如果你只是睡覺/沒有問題的酒店/我用了很多出租車去觀光/但是當我回到酒店時/說/台北花園酒店/並沒有幫助司機/您可以在台北漢庭花園酒店寫下來理解它/我去其他酒店買紀念品/但這對於豪華酒店來說也是如此/
B	格調比較七八十年代/雖然朋友說起了不過十年/但房間的面積相當不錯/窗外景緻寬闊/完全沒有壓逼感/衛生間很好/隔音亦佳/廿四小時營業的家樂福就在對面/是買手信或睡不著閒逛的好選擇/附近有康莊大道直達西門町/在涼快的晚上從哪兒漫步不超過十分鐘回酒店是很愜意的事/
B	浴室很大/不僅淋浴房/但它很小/但我累了/因為有一個浴缸/自助早餐有很多種類的食物/酒店有一家麵包店/所以麵包很豐富/因為它很美味/最好在預訂時加入早餐/
B	它不是市區/但如果你乘坐出租車/你不會迷路/步行即可到達龍山寺/在我逗留期間/我每天都能夠訪問Ryuzanji/房間很漂亮/沒有特別的抱怨/我已經寫了一張紙條/要求補充肥皂/但直到最後一天我才看到它/早餐種類繁多/味道也不錯/沒有抱怨/我的兄弟做了煎蛋捲做飯很難/但我認為這對我來說更好/似乎有一個日本員工/但一切都用英語支持/我想用它來下一次台北旅行/
A	從Seamonding乘坐巴士站/約7分鐘/就在家樂福面前/我早餐時沒有韓國料理/房間很乾淨/床和廁所都很好/我想我能以這個價格遇到一家好酒店因為我在Seamonding走了一會兒/
B	尼斯/現代化的酒店/地理位置非常便利/我們喜歡馬路對面的家樂福/擁有按摩浴缸/做很多散步/會很不錯/但是他們的房間裡確實有淋浴和浴缸/捷運站步行5分鐘/
B	令人驚嘆的酒店/房間很漂亮/乾淨/有豪華的感覺/從我們房間的景色太棒了/到目前為止/我們在台灣所有的酒店中吃過的最好的早餐/我會說這家酒店給最挑剔的人留下深刻的印象/
B	我在自助晚餐上用它/我第一次被要求喝酒/但沒有紹興/這頓飯很美味/有一個生魚片角/您還可以烹製火鍋和單寧/水果和甜點很豐富/但是/如果包含服務費/沒有額外飲料的人均不到3000日元/那麼Cospa會降低嗎/順便說一句/這位客人似乎15/的折扣/
B	與台灣所有高品質酒店一樣/這家酒店為我們提供多種食物選擇/我喜歡三樓的中餐廳/因為新鮮的食物/良好的服務和合理的價格/這個地方乾淨寬敞/適合家庭聚會/
A	請注意/這家酒店無法控製酒店的空氣污染/因為很多中國遊客打破了房間內的規則/我的兩個孩子在過敏期間有過敏問題和痛苦/孩子們整晚都在咳嗽/我也有三個晚上不眠之夜/酒店承認他們無能為力/
A	優點/房間很寬敞/可以放很多行李/清潔/缺點/自助早餐補充速度不夠快/早上10點之前吃了很多食物/早餐已經結束了/而且/洗澡時水會從淋浴中漏出/地板墊一直濕/
B	我們從車站步行一點/但附近有一個公共汽車站/方便去任何地方/有工作人員會說日語/很容易/早餐不是那麼好吃/所以最好從附近的家樂福買麵包/我覺得最好去吃早餐/
B	美麗的酒店/超級友好的工作人員/去酒店時我最常去的是床和洗手間/床很柔軟/但不會下沉/洗手間超現代/乾淨/Le/fusion自助餐也很棒/
B	我一大早就到了/孩子們去吃飯時睡著了/我請你早點辦理入住手續/我很快就辦理了入住手續/12F城市景觀/我之前問過一個蠕變/家樂福就在街對面/感覺很好/家庭旅行順利開始/
B	良好的設施和服務/很棒的位置/唯一的缺點是早餐食品/質量是平均的/他們不會改變菜單/所以它在幾天后變老/我們住了五個晚上/肯定會推薦這個地方/
B	我很滿意地去了那裡/剝皮iao街/龍山寺/家樂福和中正紀念堂都在附近/所以散步很舒服/這裡有一筆押金/但每晚是台灣1000美元/我訂了兩間房住了2晚/花了4000美元/而且早餐很好吃/早餐從6點到10點/請告訴我們您的房間號和人數/如果您打開電視第9頻道/就可以看到韓國頻道/
B	含早餐的價格合理/馬路對面有家樂福/所以您可以購買食物或購買禮物/我沒有坐地鐵/只用了出租車/但是出租車的費用與首爾相似/
A	房間很乾淨/陽台很大很漂亮/工作人員非常愉快/但辦理登機手續很累很久/如果沒有這樣的話/我想再次入住/但我會花很多時間/所以我不能再這樣做了/
A	我會給這家五星級酒店/一個5星評價/如果食物情況沒有那麼成問題/特別是素食者/自助早餐確實有素食選擇/與酒店內的其他餐廳不同/但周圍有一種時髦的氣味/沒有食物的氣味/更不用說蟑螂漫步在菜餚之間/並沒有幫助我食慾/其餘的很完美/房間/服務等/
B	餐廳的早餐很美味/有一個會說日語的工作人員/這是我在兩個父母之間的第一次旅行/但我保持安逸/它遠離市中心/很安靜/如果我們離開是因為出租車很便宜/但在市區可能感覺很容易出去/清潔也很整潔/每天服用2瓶塑料水/
A	蟑螂走出壁櫥/如果房間很好而且早餐很美味怎麼辦/某些員工對客戶並不十分關注/我不能在早餐桌上放一把叉刀/從不推薦/去另一家酒店/並得到更好的待遇/
B	下午茶/菜色/可先Google/
B	清潔也做得很好/並且有日本工作人員/所以我感到放心/價格也合理/早餐為自助式/但菜單豐富/最近的地鐵站有點遠/
B	早餐在家樂福門前美味可口/溫暖的水散發出來/火勢中等明亮/我睡了很多/因為冬天我不能加熱/
A	台北花園大飯店的經歷真是奇怪而又不太愉快/訂了台北花園家庭房3晚/但是/在抵達前1週/他們打電話說/我們預定的家庭房將進行一些翻新/在我們住宿期間將無法使用/他們在台北花園提供2間連通房/也可以免費升級至姐妹酒店Cosmos/Hotel家庭房/我們選擇搬到波斯菊/但是/Cosmos中升級後的房間很舊/酒店看上去很舊/我們決定在Cosmos住一晚後搬回台北花園/並選擇兩個連通房/令我們驚訝的是/他們將我們登記到家庭房/與我們最初預訂的房間相同/直到今天/我仍然不明白他們為什麼說我們預訂的房間不可用/但是當我們登記入住時可以使用嗎/家庭不大/但是可以接受/至少酒店比宇宙酒店新得多/位置在小南夢站附近/酒店工作人員的問候不多/我會說客戶服務很差/早餐不好/酒店附近沒什麼/對面就是24小時Carrefore和Macdonal/步行到希梅姆汀/
B	每天干淨整潔/工作人員很友好/旅行的第一天房間有點涼爽/只有空調/
B	兩天前我用過兩間臥室/房間的清潔度也很乾淨/床單也沒有濕潤/早餐很好吃/線路也不錯/家樂福在房間窗戶外清晰可見/
B	步行和乘地鐵方便的位置/早餐很有趣又美味/熱情好客/cospa很棒/還有當地的餐館/推薦/
B	遺憾的是/由於某種原因我們無法儲存熱水/但它足夠乾淨/早餐很美味/我很高興能說日語並走到西門/
B	不錯的酒店/接待可能會更大/但房間很好/這才是最重要的/早餐也很好吃煎蛋站和國際美食/有一個小健身房/但足夠整體鍛煉身體/
B	房間很漂亮有一個浴缸/但是曾經是一個浴缸/曾經在浴缸外面走過/然後在它旁邊使用淋浴/因為麻煩/我感覺就像在浴缸裡洗一樣/有小孩的家庭可能很難是的/
B	這家酒店很乾淨/工作人員非常友好和樂於助人/自助早餐的靈感來自亞洲/想像豬肉包子/炒蔬菜和米飯/但還設有煎蛋棒/新鮮水果/各種麵包和麵包卷/甚至還有穀物/晚餐時/酒店設有幾家餐廳和一家麵包店/他們在街對面還有家樂福雜貨店和美食廣場/該酒店距離小南地鐵站有5分鐘的步行路程/員工絕對會讓您感到賓至如歸/並且對孩子友善/他們帶著微笑和喜悅歡迎我們的家人/我們第一次住在那裡時/我們的房間出現了輕微問題/並在20分鐘之內派出了一名工作人員來解決這一問題/我們第二次住在這裡/是在入住時間前幾個小時到達的/預留的房間還沒有準備好/但是為了減輕不便/工作人員免費將我們升級到了更大的房間/我給酒店4星而不是5星的唯一原因是/當我們在那裡時/室外庭院花園正在進行裝修/健身設施中的跑步機也正在維修中/否則/他們將獲得5顆星中的5顆/我們會再呆在那裡/
B	新的和美好的印象/16樓的健身房很窄/16F有一個帶薪的按摩浴缸/酒店的通信很好/有幾個人會說日語/房間裡有一個衛洗麗/這是非常方便和推薦/因為有Jaderakuku/便利店/餐廳等/西門鎮也在附近/
B	很高興聽到房間裡沒有難聞的氣味/因為它似乎完全禁煙/清潔也做得很好/此外/在辦理登機手續時升級房間也很不錯/早餐既不好也不壞/
B	從代客/前台到家政的完美服務/房間有點陳舊/但洗手間很大/我不確定早餐是否值得支付額外費用/因為台北有很多更好的選擇/傳授我在全球範圍內住過的最好的酒店之一/
B	家庭旅行/我很滿意/離西門站和龍山寺站很遠/我要步行約10分鐘/但我旅行時很累/有一個站更近/所以去那裡/我住在一個有兩張大床的房間/但它太小了/不適合很多人使用/但床本身很大/所以兩個人都可以/不要指望早餐/這主要是中國人的口味/友善的員工/
B	房間和衛生間整潔而且很好/獨立的半浴室和淋浴間和舒適的床/早餐是一種很好的麵包香腸水果/但它沒有變化/當食物耗盡時/它不會立即充滿/
B	小美犀/智能酒店/真有趣/
A	距新門町繁華購物區僅20分鐘步行路程/從清潔的角度來看還有改進的餘地/下次我不是我最喜歡的酒店選擇/
B	既然你可以在旅遊中吃很多東西/我變得便秘了/我早上起床/能夠馬上運動/這是一次方便的飛行/我有一個可以運動的環境/這是最好的/
B	這家酒店地理位置優越/距小南門和西門站僅5分鐘路程/此外/它就在家樂福旁邊/服務很好/毛巾和水每天都充滿/
A	好多朋友喜愛的用餐地點/因是自助式的/加上有現點/少/的/感覺不錯/只是各人口感不一/對我而言並不太喜歡且沒有變化/去了幾次/
B	房間整潔乾淨/舒適/有很多種類的早餐/但味道還可以/我希望這是一個更方便的位置/
B	我選擇留在台灣作為免費旅遊目的地/但我並不擔心/但我不關心地點和展館/服務也溫和而安靜/關於它的最好的事情是/在免費旅行中是如此的好/我打算在機場用地鐵/距離觀光景點有不到2至30分鐘的步行路程/我們在凝膠上有一個很好的酒店早餐/我去過很多地方/但我喜歡這裡的酒店早餐凝膠/請過來享用早餐/沒有遺憾/
B	用於JTB包遊/台灣桃園機場/新千歲機場往返機票/三晚酒店計劃/Clean/乾淨/每天換毛巾/Kon/靠近Konanmon地鐵站/你可以步行到西門/Cal/Calfool/接近七十一/附近的咖啡廳/還有一家時尚的皮具店/included/包括自助早餐/僅使用一次/我吃熱面/水果和茶/房間裡沒有插頭/當我告訴前台時/他們很好地回應/18日在Calfool購買了一瓶啤酒/在前台/我告訴他我要他用英語打開蓋子/工作人員將插頭插入房間並打開了/很抱歉帶進去/
B	我們用了三個晚上/但是很寬敞/很乾淨/可以舒適地度過/沒有任何問題/前台有會說日語的工作人員/交通可能有點不方便/但距離地鐵站有5分鐘的步行路程/距離Nishimon市區有15分鐘的步行路程/
B	非常漂亮的設計和舒適的住宿/枕頭有點太軟了/吹風機效果不好/引發了/否則相當不錯/
B	房間狀況良好/房間條件好/但不要有什麼理由單獨殘疾人那個房間的遊客/
B	它提供良好的服務/經理們都很善良/他們會說英語/房間質量也不錯/一個小壞處是房間和酒店設備可能不干淨/
A	是bochi/bochi/第一次來台灣/我是第一次/你是第一次嗎/這種服務對於這樣的客戶服務/這是一個誠實的印象/我不期待它/就像這樣/內部乾淨整潔/在此之後/需要非常謹慎地對員工進行培訓/努力工作傳達給我們的客戶/不是言辭而是態度/
B	酒店是一個人性化的規模/房間是早餐/這是一個小小的車站大廳/友好而高效的工作人員/非常舒適的房間/非常好的早餐/尤其是距離紅樓區和夜市街道僅10分鐘步行路程/
B	住宿的好地方/房間很乾淨/
A	良好的位置條件/浴室有淋浴間/我希望衛生紙有備用/我被要求通過電話帶來/淋浴房下方的模具/這是三/
B	朋友從香港來入住台北花園還不錯/只是家庭四人房空間稍微有點小/一樓自助餐廳大人980/小朋友半價是不貴但是餐點品種有點少味道普通/
B	酒店地理位置優越/位於酒店後面/距離酒店2分鐘路程/靠近小南門站/方便您前往西門町市中心/在酒店對面有一家家樂福/所以非常方便拿到東西和小吃/酒店明智/房間乾淨寬敞/酒店的工作人員也很好/住宿/如果您打算在西門町住宿/那麼強烈推薦這家酒店/因為您可以在酒店附近找到所需的一切/
A	感謝租約修理停車場的空調/
B	很棒的酒店提供美味的早餐/早餐餐廳很小/因此客人必須等待桌子滿了/步行5分鐘到xiaonanmem站/位於酒店後面的2家便利店/
A	沒有備用衛生紙/Yabe/我明白了/它移動了mrt/有點遠/_/是的/這是一輛出租車/請叫我一輛出租車/呃/自己打電話給我/我很失望/因為這是一家不錯的酒店/房間也很正常/還不錯/收費也很便宜/
B	房間豪華/乾淨/寬敞/房間的景色也很棒/位置很好/有小南門/龍山寺和西門站都在步行距離之內/酒店對面還有一家家樂福/開放時間為24小時/因此您可以隨時獲得台灣美食/
B	可以免費使用日語的無線網絡連接的工作人員提供前台和禮賓服務/從車站大約需要5分鐘/前面斜對面設有24小時營業的購物大樓/
B	步行五分鐘即可到達小南門地鐵站/綠線/此外/家樂福/24小時營業/距離馬路對角僅一箭之遙/在底樓有一家麵包店/因此您可以在830pm之前的任何時間方便地拿一個麵包/酒店房間乾淨整潔/房間禁止吸煙/每天將英文報紙送到房間/大堂餐廳供應自助早餐/直到上午10點/選擇是合理的/但每天變化不大/住了7晚/所以第三天的早餐讓他們感到無聊/
A	第一個房間聞到並預訂了浴缸/但沒有浴缸/廁所傳感器壞了/我改變了因為我想改變房間/我去改變它/但我不會說英語/所以我告訴浴室傳感器它沒關係/背後的外觀是培訓中心的感覺/你必須穿著洗髮水和沐浴露/
A	早餐不錯/米粉煎蛋捲餐廳/房間條件不是很好/坐浴盆壞了/浴缸旁排水口堵塞/穿孔的枕頭/工作人員都很友好/
A	昨晚參加一場國際廳晚宴/其中一道是清炒乾貝/西洋芹/還有一道是大白菜燴銀杏/感覺很陽春/不太像星級飯店的菜色/
B	這家酒店靠近地鐵站/提供美味的早餐和前台的日本OK工作人員/我覺得一切都是一樣的/但沒有暖氣/建議穿上厚厚的衣服/
B	我住得很好/我使用了家庭房/床很寬/水很好/位置也很好/滿意/
B	非常不錯的酒店/我在這家酒店住了大約4天/這是一個非常好的酒店/他們提供了良好的食物和空間/如果您計劃住在這個地區/您可以嘗試這家酒店/它也非常靠近西門町夜市/所以你可以在晚上四處走走/
B	雖然它不是台北的中心/但我認為這是一個好地方/因為它可以方便地前往台灣北部和北部的所有交通和購物之旅/它位於大堂旁邊的大堂旁邊/
B	這是一個非常漂亮的酒店/您也可以步行到西門/推薦因為附近有一家大型超市/酒店的人不是日本流利的/自助早餐非常美味/非常滿意/
B	位置好/員工友善/頂樓的健身房有點小/但視野很好/
A	我們在2018年底的3天后使用了3天/我們預訂了兩個小學生共進早餐的計劃/2名成人/2名小學生/我在預訂後收到了一封電子郵件/並告訴我兒童早餐不包括在內/當我在辦理登機手續時詢問早餐時/我要求每天早上在餐廳接待處添加早餐/是不是沒有這樣的人在餐廳的接待處感到困惑的感覺/早餐通常都會吃/我認為沒有問題/因為自助餐系統中有這麼多類型/我原以為它是免費的床/但我沒有任何兒童用品/另外/難以使用安裝在淋浴室的全身洗滌和護髮素/並且使用帶來的東西/有人寫道/有一個會說日語的工作人員/但我沒有看到/這可能是時間或時間的問題/接待處和餐廳都是英文的/因為它離地鐵站很近/所以運動很容易/巴士站很近/取決於路線/如果你只是睡覺吃早餐/我認為沒問題/
B	從地鐵站步行的房間條件好/但是不遠/建議那些使用出租車而不是公共交通工具的人/
B	酒店位於小南門站/西門町捷運之間/到艋胛龍山寺步行十分鐘左右/西門町八分鐘/酒店服務好/安靜/早餐時人多/但引導有序/是度假的不錯選擇/
A	與我住過的世界各地的酒店相比/它很不錯但不是最好的/價格匹配接近/考慮到我很高興的城市/取決於標準/工作人員很好/很乾淨/
B	優秀的客房/一流的設施和合理的價格/位置便利/方便前往捷運和西門町夜市/工作人員也非常有禮貌和樂於助人/
B	它位於一個非常中心的位置/步行幾分鐘即可到達地鐵站/步行即可到達中正紀念公園和西門丁/馬路對面有24小時路程/你可以在商場裡找到麥當勞和星巴克/酒店很乾淨/所有工作人員都很友好/強烈推薦的住宿地點/
B	房間很大/床很好/所以我可以睡個好覺/淋浴的排水不好/
B	早餐是現場烹飪和愉快/臥舖乾淨安全/讓您可以安心入住/
B	非常方便/但價格合理/距離西門町約10分鐘步行路程/不是非常擁擠/非常接近24小時的家樂福/這有助於進行任何最後一分鐘的購買/位於小南門地鐵站附近/步行6分鐘/我們與2位年邁的父母和1名2歲的孩子一起旅行/
B	地理位置優越/毗鄰巴士站/距離地鐵站和西門町僅幾步之遙/酒店提供豐盛的自助早餐和一流的餐廳/漂亮的房間和良好的服務/
A	房間有點陳舊和小/整個酒店都有一股奇怪的氣味/壁紙也剝落了/雖然水壓很好/
B	酒店很漂亮/有日語指導/通過卡預付的3/000新台幣押金是什麼/是/
B	房間很大很乾淨/位置太好了/不同於評論/附近有很多地方可以去/我沒有嘗試將它與其他地方比較/但我非常舒服地使用它/早餐很複雜/沒有什麼可吃的/
B	很乾淨/非常友好的工作人員/乘坐捷運到石林夜市/如果你喜歡牛肉麵/就是牛牛肉麵/Just/Beef/Noodles/就在酒店後面/新鮮水果和果汁就位於Aiguo/W/Rd隔壁的出租車旁邊/享受我們在台北花園酒店的住宿/
B	非常好的住宿地點/很棒的自助早餐和住宿/良好的氛圍和非常多樣化/10/10會推薦/
B	這是一個非常乾淨的酒店/工作人員很棒/它離地鐵有點遠/但房間很乾淨/值得推薦/
B	舒適的酒店位於中心位置/步行5至10分鐘即可到達西門町/與家樂福相反/所以你需要購買一些必需品/這是相當方便的/最近的地鐵站是西門/Ximen/距離台北車站/Taipei/Main/Station/僅一站路程/體面的早餐/將推薦給旅客帶來更多預算/讓您住得舒適/
B	房間設施也很新/很漂亮/早餐也可以享用很多菜單/我想再次使用它/
B	這是台北一家不錯的酒店/它位於萬華區/工作人員會說英語/因此很容易溝通/酒店靠近西門夜市/是台灣最受歡迎的夜市之一/所以在那裡買些食物很容易/附近還有地鐵站和當地火車站/
B	酒店舒適/可愛/位於市中心/方便旅行/舒適的客房/現代而乾淨的設施/下面有許多日式和中式餐廳/擁有豐富的歷史氛圍和菜餚/價格適中/禮貌/友好的工作人員/
B	房間乾淨而且寬敞/雖然它遠離市中心/但它靠近云云地鐵的南大門站/方便前往城市/
B	地方清潔/用兩張4呎雙人床/房間不設浴袍/需問前台取/齊體滿意/
A	房間很大/幾個能說日語的員工/早餐擠滿了團體客人和外面的人/我也了解這個味道/
B	設施也很乾淨/我吃了一頓自助早餐/但這是一頓與日本人見面的飯/水果已滿/
B	很不錯的酒店/它很漂亮/只需10分鐘即可到達西門鎮/下次去台北的時候/我還是想留在這家酒店/
B	有三個房間/所以超市就在附近/所以很容易提早餐/
B	現代/乾淨/保存完好的酒店/房間很寬敞/方便前往附近的5分鐘地鐵站和家樂福穿過高速公路/
B	代客送花/求婚成功/法式浪漫花束/
B	位置優越/距離西門町區僅3個交通燈/房間稍微偏小/但非常乾淨舒適/
B	帶孩子的床和房間舒適度足夠6晚/另外/我想在訪問酒店時留在台灣/只有一個地方/不幸的是浴規浴缸太小/即使我縮小了你旁邊的淋浴間/我也想讓你鋪開浴缸/總的來說/這是一個很棒的房間/非常感謝你/
A	靠近家樂福/有許多餐館/步行10分鐘即可到達西門町/房間乾淨現代/浴缸太小/
B	家樂福就在附近/我喜歡購物/健身房位於相當高的樓層/所以看到台灣城市景觀很有趣/
B	我認為這是一個很方便去玩的酒店/你可以步行到西門/早餐以Büffe格式享用/
B	住宿的好地方/私人而公共/位置很好/乾淨寬敞的客房/豐富而充實的早餐/
B	酒店有點舊/但位置很好/很容易使用家樂福/地鐵就在附近/5分鐘/
B	家樂福和真正的東西/隔音還可以/是三人間/房間比您想像的寬敞整潔/我很擔心/因為評論很差/物有所值/
B	它將在2016年10月使用/順便說一句/這裡的工作人員根本不懂韓語/HotelClub/com的三人間/3張單人床/不可取消/不含早餐/預訂580/000韓元/包括3晚住宿/1/信息/代客/大堂工作人員沒有人員問候/除了一個之外/2/住宿期間入住3晚/但如果您要求我更換座位/如果看起來乾淨/我將無法檢查3個細菌/有人可以使用某人使用的床上用品是可以接受的/3/101我要求塔景/但說沒有樹池房/那對我來說這是一個安靜的房間/但路邊的區域很吵/韓國人很高興/我過去見過其他人/但是這是一家專門從事日語的酒店/沒有日語的日語工作人員/我還親眼目睹了日本團隊的團體旅行/如果您知道您的床上用品是洗衣店/您曾經使用過Nami/您想要5分嗎/我想對此次審核發表意見/好點/房間大小/舒適/清潔男人好/總的來說/下次我會用這個數量尋找一個更好的地方/
B	優越的地理位優秀的員工/早餐不是很好/除此之外/一個很好的經驗/
B	我想給三顆星/因為酒店及其周圍正在進行建設/但這只是暫時的/
B	優秀的酒店/一切都感覺新/乾淨/絕對值得入住/位置也很好/
B	位置處於鬧區週邊/附近有西門町/廣州夜市/龍山寺/植物園/中正紀念堂等/公共交通工具非常方便/
B	這是早餐前/但非常好/位置很好/很安靜/
A	這家酒店有空間限制/沒有游泳池/歐陸式美食選擇有限/
B	房間很大很乾淨/位置不是那麼好/但它不是那麼消極/因為你可以騎上地鐵/
B	如果梳妝台的出口壞了/我就無法使用它/除此之外/房間很乾淨/我完全滿意/
B	這是便宜但乾淨/有水和最少的設施/但它足夠好/沒有任何不便/
B	友好和乾淨的房間食物也很新鮮/所以你可以輕鬆休息/直到你吃得好/
B	參觀自助餐/而不是酒店/價格好於預期/不擁擠/好服務/
B	乾淨友好的工作人員/加床非單人床3間三人房也舒適/龍山寺/靠近家樂福/交通便利/
B	不錯的酒店去台北的任何地方/步行10分鐘西門/龍山寺/酒南門站/家樂福3分鐘/斜對面建築/
B	吃過早餐/品種和口味都很好/酒店旁邊有一個水果店/出售優質的台灣當地水果/
B	非常好的設備齊全的客房/非常棒的服務/附近有許多設施/購物和飲食/家樂福等/
B	很好/
B	家樂福正對面/房間宜人而整潔/很遺憾沒有高層休息室/
B	靠近西門町/小食多樣選擇/酒店房間寬敞/遠眺市景/很好的住宿地點/
B	我早晚回到家裡時會做出預約/
A	位置好/價格實惠/僅供參考/如果您不想錯過羊角麵包/就應該早點吃早餐/
A	台北花園酒店態度不好/要求雞蛋/工作人員說雞蛋來自晚上8點/早餐開始時間是早上6點/整個酒店都不能生產陽光明媚的雞蛋/
B	工作人員友好/房間乾淨/家樂福在附近3/4分鐘方便/飯菜soso/
B	服務特別好/一直加飲料加湯/最後好多沒吃完/太滿足/離著我們單位近/以後可以經常過來了/
B	非常漂亮的酒店/
B	好服務/整理房間/位置也靠近地標/友好的講英語的工作人員/
B	不是5星級/但仍然是不錯的住宿地點/前往九份的出租車包機服務非常好/
B	一個很好的酒店/餐廳提供美味的中餐/我們訪問台北時/我們成為忠誠的讚助人/
B	你去學校旅行/早餐是自助式的/很美味/這是個人印象/
B	步行10分鐘到西門迪/離地鐵站很近/房間很乾淨/附近有很多餐館/強烈推薦/
B	這是一個方便的台北觀光地點/24小時超市也在附近/
B	很棒的酒店/良好的服務和乾淨的房間/客房舒適而寬敞/極力推薦/
B	位置/房間/便利設施/通信沒有任何投訴/龍山寺/Chujo/Kinendo距離酒店僅幾步之遙/
B	尚可/
B	看/照/約/妹/line/658228現金/交易/更多妹妹加我線上諮詢/line/658228/有妞不操/大逆不道/見妞就操/替天行道/人妻/正妹/ol學生妹妹/專櫃/夜店妹/空姐/外約旅館/現金交易/看照約妹/服務地點/大台北/大桃園/大台中/大彰化/大南投/大新竹/大高雄/
A	價格還不錯/冬天天氣很冷的時候有個浴缸很好/
B	位置定位服務清潔度很好/自助早餐有點令人失望/
B	外面沒有那麼令人印象深刻的酒店/但是內部卻非常令人印象深刻/房間寬敞/所有奢侈品/非常豐富的早餐/
B	就像一家豪華酒店/還有一個健身房/自助早餐種類繁多/美味可口/
B	良好的地理位置和乾淨的台北旅行/特別是我喜歡他們的浴缸/那是一個可愛的正方形/
B	從酒店可以看到台北101/一個大房間/但這是我第一次知道有存款/事先沒有通知/
B	很好/
A	3星級的水準/
B	週末住宿的好地方/離火車站不太近/但仍然方便出行觀光/
B	乾淨友好的員工/很有幫助/享受我的住宿/
B	地鐵站附近的好位置/高標準和美味的早餐/有用的船員/
B	一個很棒的酒店住宿/友好的工作人員/乾淨/你會期待什麼/物有所值/
A	自助餐菜色很差不值得花近八佰元吃/
B	我來過這裡/價格可以/服務員微笑服務很周到/是一個很舒心的地方/在這裡度假很安心/
B	工作人員彬彬有禮/樂於助人/房間很舒適/也很寬敞/
B	房間配套齊/寬大舒適/服務員有禮貌/很好/
B	食物好吃/
B	很棒的酒店/漂亮的房間/良好的早餐和樂於助人的員工/
B	位置好/位置好/位置好/有24H麥當勞/
B	位置很好/一點也不嘈雜/非常方便/您可以在返回之前先到家樂福/
A	沒有蟑螂/寬闊整齊/它就在醫院旁邊/所以我晚上聽到救護車/
B	Wooww/乾淨酒店/設施還可以/食物很好/salluuttt/
B	24小時附近有一家超市/很方便/你可以步行到龍山寺/
B	我們在2011年3月住了2晚/但這是一個非常好的酒店/
B	日語也很好/自助餐也很好/所以這是一個美麗的酒店/
B	這是非常愉快/在一個非常方便的位置/它靠近夜市/房間很舒適/
B	清掃的比較乾淨/但是還是感覺設施比較舊了/而且隔音很差/
B	不錯的酒店/非常友好的工作人員/還提供美味的早餐/
B	很棒的酒店住在感嘆號評論很好/房間乾淨/非常好/
A	一般吧/早餐有點貴/選項不多/
B	床很寬敞/設有獨立浴缸和淋浴/這對日本人有好處/我很開心/
B	菜餚刀功一流/好吃/
B	它非常乾淨/安靜/但在台北的一切中間/服務迅速而專業/完全回來了/
B	酒店距離小南門站不到5分鐘步行路程/步行即可到達西門町/
B	房間乾淨舒適/我想再次入住/
B	非常好的現代酒店舒適和熱情/步行5分鐘到地鐵站/
B	熱情好客是友好的/早餐也很好/
B	它聞起來像香煙/但它很親切/Carref/3分鐘/
B	優越的地理位置和良好的房靠近龍山寺和和平紀念館/
B	服務很好/觸摸人很容易/遺憾的是它離車站有點遠/
A	酒店很好/但早餐很無味/位置很差/
A	體面的酒店有大房間/但老和衰老開始顯現/
B	CP值高/
B	大房間/清潔/友好的員工/推薦的/
B	我有點不喜歡早餐/家樂福距離酒店有5分鐘的路程/
B	那很好/位於家樂福路對面/地鐵站很近/除了早餐/
B	蜂蜜蛋糕非常好吃/
B	良好的位置5星級酒店/寬敞的客房和舒適的床/
B	這是一個美麗的酒店/因為地鐵附近所以觀光的訪問是好的/
B	交通方便/宴客的好地方/
B	它既小又舒適/但如果沒有按摩/你就無法進入水療中心/
B	口味尚可交通方便/
B	這是一個非常不錯的酒店/我想一定用下一個/
B	服務很好/那裡的早餐食物可能會更好/
B	乾淨/友好/還可以/早餐很棒/
B	前台非常友好的工作人員和客房服務/強烈推薦/
B	我沒有意識到這家酒店位於所有設施的中間/在台北住宿的好地方/
B	好的/
B	三樓的食物很棒/私人/嘗試他們的魚/
A	感到酒店前台工作人員的對應不那麼好了/
A	失望的下午茶/
B	我們兩個人使用了/但是房間漂亮/日語被理解了/
