A	假日泡湯家庭4人房2小時1988/雙人房1388起/因為家裡有2位小朋友/目前飯店規定超過100cm/雙人房每位小孩酌收/200/所以最後選擇了家庭房507房/泡完後感想是/缺點部分/1/沖澡蓮蓬頭設計位置不佳/沖洗的蓮蓬頭架設在溫泉水龍頭上方/因為浴缸不算小/所以變成若要沖洗/邊放溫泉/蓮蓬頭將無處可掛/沖澡非常不便/變成需沖完後等待放溫泉/費時/2/下午茶口味平平/下午茶說是吃到飽/會先給一盤蛋糕/一點水果/蛋糕口味非常普通/其他自助吧東西的選擇性也不算多/鬆餅可能因疫情期間由現場服務人員直接協助製作/但口頭告知號碼/造成最後次序混亂/3/停車場較小/若有幸現場有車位/需留下鑰匙供現場人員調整車位/但因為車位太少/故大多車子工作人員會建議自行去收費停車場/4/接待櫃台因天冷生意好/態度略顯高傲/5/房內雖有暖氣按鈕/實際是沒有暖氣/優點部分/1/停車場/餐廳的服務人員態度親切/2/4人房房內空間大/3/餐廳旁有一間小小的兒童遊戲室/供2/3位小朋友稍作遊玩/結論/價格無法與服務及泡湯的品質對應上/CP值很低/若是貪圖其泡湯/又可喝下午茶/附近美食眾多/更強烈建議在附近選擇自己想吃的/再選個稍便宜些的湯屋/對我而言絕非親子泡湯的首選/我個人也不會再次光臨/另現場有給好評/送小禮物/這或許是因為他能維持一定評價的重要因素/這2顆星/單純是給停車場及餐廳的服務人員/
A	非常差的體驗/缺點/1/房內整潔極差/浴室內遺留著之前客人的毛髮/面紙盒內/床的底部等很多角落都是灰塵/2/一定要等到18/00才能入房/可能其他時間房間是要給來泡湯1/2個小時的旅客才這樣規定/3/一樓停車場停車不一定停得到/就算有得停也得把鑰匙交出去/因為停車空間小/管理者會多次的啟動客人的車子挪動調度空間/如果沒空間需要停到其他地方會館也沒有任何補助/4/寄放行李非常隨便/會把行李直接放在櫃檯旁邊的客人等候區的地上/其他客人隨便都能碰觸到您的行李/5/下午茶的甜點除了鬆餅以外其他都不怎麼樣/早餐也是/種類樣式非常少/6/空調設備差/會有很大的噪音/隔壁房有人抽煙也聞得到/因為準備退房就算了/7/隔音很差/外面的聲音可以很清楚的聽到/隔壁房間的聲音也能聽到/8/床跟枕頭不怎麼好睡/前面幾點會讓睡眠品質降低/整體體驗很差/價位也不算低/就當做自己衰小花錢買經驗/
A	訂的是雅緻雙人房/地點位置很方便/池水流水量很大/但是房間打掃有待加強/不僅溫泉池隨處可見灰灰的污垢/磁磚中有大大的縫隙也無修理/感覺池水流到縫隙內也無法清理/縫隙裡面有無發霉也無法確認/邊泡邊看到那個黑黑的縫隙水就這樣灌進去/實在讓人很無言/房間內靠近地板淺色木製牆壁的部分亦無打掃/眼睛遠處直視就是一塊塊的污漬/看到就些嚇人/燈具上面也都是灰塵/桌子是黑色大理石材質/看上去全部是細細的毛絮/如果只是泡湯就勉強眼不見為淨/住宿可能就不會再去了/下午茶及早餐雖是附贈的/但東西實在太少/第二天就放棄不吃了/小朋友到現場要加費/但是其實並沒有要求加床/卻一天加500元/感覺是用500元使用不是小朋友專用的備品跟毛巾/問櫃檯人員也不太理會/只是說是規定小朋友就是要加費/覺得只適合泡湯不適合住宿/
A	我住的是經濟雙人房/雖然是最平價的套房但也是要3500/撇除空間跟設備不談/因為也沒有多好/就環境跟感受來說明/1/房間看得出很明顯沒有在打掃/熱水壺上面滿是灰塵/衣架金屬勾環的部分全部都生鏽發霉/2/我的房間是窗戶正對旁邊的防火巷/車聲人聲非常明顯/樓上小孩蹦蹦跳跳的聲音也非常大聲/3/泡湯的池子塞子塞不緊/很容易泡到一半水會越來越少/4/房間貼的木頭地板也是浮凸翹起/在房間走還被一片沒黏好的地板絆倒/總結/如果你是很追求泡湯也想要有好的休息環境/這裡非常不推薦/性價比不錯高/網站的照片跟實際長得完全不一樣/如果你只是想打砲的話也不要來這裡/
A	因為家住的遠/北投難停車/所以事先詢問是否一定有車位/確認/有預定客人就一定有車位/後才訂房/當下就刷了4千多/到現場時才改口有車位但不會保留給任何人/你要自行到外面找車位或自費找停車場/根本就是欺騙消費者/當下決定要退房轉去其他家/櫃檯卻又說可以退房但不退費/約莫耗了20分鐘/湊巧有泡湯客人離開/居然才說有客人走了你可以停了/這是什麼鬼邏輯/飯店自行調度有問題要客人自行解決/入住要晚上6點後/超收臨時泡湯客人/致使預定客人權益喪失/結果要自行吃悶虧/結果/網站訂房照片與現場不符/照片看起來很棒/入住卻與照片有差異/老舊且隔音很差/隔天早餐/餐廳人手不足/在入口站了5分鐘/沒人安排座位也看不到服務人員/BTW/早餐東西很少/絕對不會再光臨/不推薦/價格跟CP值天差地遠/
A	連一星都不想給/住到3樓的真的三思/入住當天/事先有打電話詢問是否有停車場or停車格/服務人員當時說有帶客泊車/到了現場說沒車位/叫我們去外面停/停比較遠還要自己停就算了/還要停車費/重點是/跟電話講的不一樣/女服務人員說/因為打電話詢問的時候還有車位/到現場的時候沒有/然後沒有提前告知還推給晚班的/我就很傻眼/我們總共Vip兩間/4599兩間/憑什麼連車位都沒有/再來3樓Vip房型比一般雙人套房的房型還要小/我真的不知道花快5000去住一個比一般套房還小的意義何在/房間放完東西基本上沒位置/我們訂了四間/就3樓vip比8樓vip跟一般套房還要小超多/再者/男經理的態度極差/處理事情的方式就是/你要嘛住/要嘛就不要住全額退費/反正沒有遇過這麼小的房間/而且還花了快五千塊還不含停車位/吵了整晚基本上也沒休息到/最後也只能自認雖小/可能他們店的vip跟我所認知的vip不一樣吧呵呵
A	1/假日住宿雙人房2日費用7698元/因孩子超過100公分/告知需額外支付1000元費用/所以共支付8698元/加人並未增加任何盥洗用品/一樣極小的房間一樣的雙人床/服務人員說明加人費用是因為早餐及下午茶/但隔日下午茶及早餐券需第二日才能領取/2/下午茶部分/服務人員提供一份固定內容的餐盤/4個小蛋糕與2片水果/並說明架上餐食採自助式取用/但事實上架上只剩殘餘幾片餅乾幾乎全部空盤/讓人大失所望/本想第二日提早去享用下午茶/卻在第二日早上領券時告知當日不提供下午茶/讓人傻眼/3/浴室浴缸很大/但沒有可以放置衣服的地方/需勉強放在潮濕的洗手台或馬桶蓋上方/或是洗手台下放置毛巾的小空間/使用上非常不方便/4/飯店隔音極差/在等電梯時就可以聽到房內男女大聲的互動/帶著小孩不知如何解釋/新北投有許多可以住宿的溫泉會館/後續住宿會記取此次經驗/以免重蹈覆轍造成不愉快的渡假經驗/
A	浴缸太小/兩個人要分開泡/不過白磺溫泉泡起來舒服/所以給兩顆星/放水要等很久/蓮蓬頭還斷斷續續/水也忽冷忽熱/感覺很糟/再來房間沙發是破的/枕頭有血漬/整體看起來乾淨/但仔細看細節就會覺得很不行/再來是自助吧下午茶的部分/除了每人供應的四種小點/還拿了肉包/鬆餅/卡里卡里餅乾/果凍/皮蛋瘦肉粥/柳橙汁/皮蛋瘦肉粥是唯一可以吃的/鬆餅味道超像調理包/肉包冷掉了內餡又難吃/餅乾和果凍正常/但是我認為自助吧附餅乾很沒有誠意/柳橙汁像用粉泡的/請加強各項衛生觀念/乾淨一點/浴池大一點/沒有下午茶也無所謂/不然我覺得真的不值得/1088這個價格/整體感覺下來非常雷/
B	整齊清潔/服務人員笑容可掬是第一印象/房間感覺有重新裝修過/也清掃的很乾淨/浴室溫泉出水量大/不需要等很久就可放滿整個浴缸/泡完澡後滿身的溫泉味/久久不能散去/光就溫泉及房間的感受性來說/讚/唯一覺得可惜的是/免費提供的下午茶略顯單薄/可選擇性不多/不過DIY鬆餅吃到飽倒是很爽/
A	訂了他們所謂的VIP房型/結果一進房門發現裡面可用空間小到靠北/甚至比便宜的房型還小/有夠壓迫/住到3樓房型得人要三思了/房內空氣有夠糟/電視上滿滿灰塵/牆邊還有奇怪得污漬/有夠傻眼/再來我今天訂VIP房型/連停車位也沒有/還要去外面停收費的/說有代客泊車/到現場卻沒停車位/電話中也沒告知晚到會沒停車位/請問vip是這種待遇/再來/那邊有一位男性疑似主管/態度差到不行/一進去不知道再跩什麼/房間有問題有疑慮一直在推鍋/一副大不了退你們錢的嘴臉/反而櫃檯小姐態度很好/要住這裡的人真的要三思了/喔還有隔音超差/除了溫泉好一點以外/其他都爛到不行
A	一進房間很重的霉味撲鼻而來/有夠可怕/浴缸一個人泡只能屈膝/身高高的人更慘/暖氣不暖/就乾脆關掉開窗戶通風/結果窗戶被風吹到玻璃前後搖晃/碰撞窗框的聲音吵到睡不著/最後還是關窗開空調/空調吹出來的風也都是霉味/天花板出風口的板子還在上上下下的移動/最讓我生氣的是我們房間的門在半夜被打開/我極度淺眠/所以立馬從床上坐起/但門馬上就被關起來了/所以是房務人員開錯門嗎/總結來說體驗極差/設備拜託都好好保養一下/
A	離捷運站步行不到十分鐘/就在綠建築的北投圖書館對面/離超商/小吃店等都很近/交通算是便利的/中規中矩的溫泉會館/一樓左邊是用作停車場/可停約十部車/右邊則是check/in的櫃檯/可能是溫泉季的關係要做泡湯客的生意/在訂房時就告知要晚上八點時才可入住/早到的客人則在二樓咖啡廳提供下午茶點心/有糕點/餅乾/布丁/包子/一些水果/咖啡/客惟尼及現作的鬆餅等/看似豐富其實/感受就因人而異了/雙人房房間不大/也沒提供放行李箱的架子/浴室泡溫泉的池也很小/男性只能容納一人/如果想來個鴛鴦浴就真的很侷促/想轉個身都沒辦法/由於沒有乾濕分離設計/所以泡完溫泉洗好澡後基本上整個浴室地板就是濕濕的/感覺很不舒服/房間內的空調系統應該是老舊的關係/開啟後就一直轟隆隆的響/吵的根本無法入眠/沒辦法最後只能把空調關閉/讓室內安靜些/隱隱約約仍有小冰箱馬達運轉的聲音在伴眠/但還好沒太大的影響/提供的早餐很普通/中西式都有/白粥/各式簡單小菜/西式則是吐司/果醬/加上下午茶那些零食等等/跟一般民宿業者提供的早餐很類似/要吃飽沒問題/精緻就談不上了/還好原本就是計畫一早要去北投市場吃美食的/所以就草草用餐完畢退房閃人了/
B	在北投公園前面/離周遭景點便利/空調聞起來比較不ok/房間還可以蠻寬敞/有溫泉浴缸/放水時聲音有點大/附贈下午茶/可惜當晚7點入住只供應到8點/鬆餅不能自己做/由一個員工負責態度可加強/明明就還沒拿到叫我們等/好了之後卻說不是給你們了嗎/明明就有人重複拿/早餐就還行/收餐盤的阿姨態度不錯/
A	真心建議大家/除非是一個人來泡湯/絕對不要泡最便宜的湯房/1088/之前泡別的房型覺得還可以/這次平常日來也沒有其他房型的選擇/用klook買卷居然也被拒絕使用/那幹嘛還賣/這次泡這個房型真的超級糟糕的/湯池超級小/只能一個一個人泡/而且蓮蓬頭的水也超小/熱水等超久/很沒有品質/總之/兩顆星送給還可以的溫泉水
B	房間舒適安靜/當天被安排的房型窗景也還不錯/寢具與衛浴設備俱全/又有溫泉水可以悠閒泡湯/非常適合家庭旅遊過夜/或雙人旅行短暫歇息/另附有下午茶或晚餐能享用/
A	2021/12/18入住四人房/結論是/非常不推薦住宿/1/入住時間令人問號/原本是通知18/00/詢問以後櫃檯人員說要18/30/還非常不專業的說本來就是通知18/30/如果無法準時入住其實可以說明一下就好/但硬要爭辯說不是18/00/感覺非常差/2/房間隔音非常差/幾乎整晚都在聽樓上的腳步/奔跑/聲/隔壁房間的人在聊天/放溫泉的聲音都聽得一清二楚/3/服務人手不足且有問題/下午茶的鬆餅目前只能服務員製作/週六本來就是人潮高峰/服務員以口頭告知號碼的方式作為順序/但自己搞不清楚給到幾號/還發生重複給號碼的問題/其實給個號碼牌就可以解決/不然為了一個鬆餅搞得像戰爭一樣/綜合以上/如果只是進去泡個一兩小時的湯屋可能沒差/但住宿的話真的讓人感覺很不好/看了其他評論也有蠻多類似的狀況/看起來業者本身其實也沒有要處理的意思/還是建議大家不要花錢受罪/
B	我只有泡湯/整體感覺很棒/服務人員每一個都非常認真以及禮貌/下午茶其實普通/但是給滿分是因為/這個價位能吃到簡單下午茶已經不錯了/會再來
A	房間老舊/塵蟎味很重/浴缸是正方型的偏小/只能容納一個成人/吹風機和冰箱很陽春/住宿有提供下午茶和早餐/停車有代客泊車服務/住宿一晚價格偏高/CP值不高/若非有白硫磺溫泉/建議汽車旅館還比較好/
B	提前抵達/櫃檯送了下午茶餐卷以及早餐卷/服務態度良好/節假日人流較大/建議提前預定/內附汽車停車位/機車/停車位X3/尚未入住/入住時間6/00/
B	春節期間來泡溫泉/兩小時價錢在1388/1988之間/我的房型是1688的/依照這個CP質當然不高/畢竟春節期間加價蠻多的/設備一切都普通/空間較小/家具都稍微舊一點/地板還破了一個小洞/不過用房後還有附贈自助餐/還算可以啦/只是選擇性不多
A	今天和朋友共兩組現場預約泡湯/空等了4小時以上/看到訂房的顧客陸續進入/詢問現場人員/得到的回應是泡湯和住宿不衝突/而且還告訴我們/建議不要等了/讓人滿頭問號/同時還告訴我們可以先把一間住宿讓出來給我們使用/我當時想/如果住宿顧客抵達要check/in卻等不到房要怎麼辦/想預約的顧客請三思/
A	住宿提供下午茶及早餐/一泊二食/門面漂亮/有提供停車/及泊車/須留鑰匙/滿滿的名人牆/用餐過程中/因疫情關係/所以DIY鬆餅部分全部取消/由餐廳阿姨代客製作/但2位阿姨很忙/所以不時透露出不耐煩反應/及口氣/有提供遊戲室/4歲至12歲能使用/有提供澡盆及幼兒床/遊戲床那種/入住707房型為無床板/可以放心孩子不會掉下來的風險/但房間灰塵及床下垃圾很驚人/當天還遇到大跳電/所以睡眠完全受影響/還好最後算和平落幕/最後想說/會館人員大部分都很客氣很好/公共空間相對乾淨舒適/但房間內環境衛生及硬體設備真的有很大的改善空間/如果沒有跳電那趴/沒有灰塵四溢及不小心看到的床下景象/那我覺得一切真的都很棒/
A	一開始現場預約櫃檯女店員也沒說要等多久/一個多小時後來問說還要一個半/兩小時/一個半小時過後再問又要一個小時/總共等了三個多小時/浴缸設計也不良/還有菸味跟不知名的頭髮/除了便宜點之外沒別的好處
A	再次相見/不如懷念/以前是988房型任選/這次我們選的是1288的房型/房間裝修的很奇怪以前簡單大方的感覺沒了變成巴里島回憶時鐘牆跟巴洛克公主混搭風/床外的四角木架跟蚊帳顯得多餘/不知道打掃阿姨要怎麼打掃/哭哭/躺在床上兩眼發直看到天花板跟那公主風木架似乎都是粉桃色系/看得我不知如何是好/只剩羽絨被跟枕頭沒變/平日泡湯下午茶根本什麼都沒有/以前是大方的讓客人自己夾/現在就是一人一份/就各放一點/點/可能怕你吃/我覺得以前來的開心感都沒了/堪稱勤儉質樸/以前供到21/00改成20/00/連DIY鬆餅都不見了/餐廳的大姐愛理不理/給你空盤跟叉子/實際上那盤子只能夾小肉包/15/顆/再來是可利亞巨型茶凍或布丁/再來是紫米紅豆粥跟以前一樣/本來以為價錢調漲/服務會優化/看來是我想太多/調漲價錢應該是因為房型整修/價錢上升但下午茶弱化讓你失落感更大/溫泉水堪稱溫冷水/不熱不濃水流也不夠強/光放水就放了一陣子/記憶中的嘉賓閣只能留在記憶/後悔介紹了新朋友去/三顆星純粹是櫃檯小姐打來催促的態度語氣很溫柔體貼/是今晚唯一的救贖/另一個幸運就是在九樓/泡湯沒特別被吵到/3/5樓替你默哀/櫃檯本來在三樓改成一樓/敬逝去的青春/還我記憶中的嘉賓閣啊/
A	強烈不推薦/不到7點就來現場等候湯屋/等了足足4小時以上/店員卻跟我們講建議不要等候了/這很明顯就是房間湯屋安排不當/如果湯屋不夠或是其他客人要加時間難道你們算不出來等候時間嗎/如果要建議不要等候為什麼不提前告知/把在等的客人當傻子嗎/連給一顆星都覺得浪費
B	位於新北投溫泉區有自有停車位/平日1380兩個小時的套房式湯屋/還附贈兩客到21點以前的點心自助吧/比起大老遠地跑去烏來/這邊的cp值真的頗高
A	等候時間過長房間處理方式不當/湯屋可以加時也沒跟後面的客人講讓後面的客人空等/空等了4小時以上
B	天氣冷的平日想泡湯/但到處都客滿/終於有問到嘉賓閣/收費便宜還有送下午茶吃到飽/整體很不錯/池水小了一點兩人泡湯有點擠/兒童室很小一間但很可愛/
B	感謝前人的評論/這次來的整體感覺挺不錯的/停車場阿北有協助引導/房內乾淨泡湯舒服/讓小小孩爬來爬去沒問題/半自助點心簡單但泡湯後能止餓就挺好的
B	不錯的溫泉飯店特別是9點以後入住有很多的優惠/早餐的清粥小菜是真的很溫馨/有停車位/不過是先來先到
A	第一次來這邊住/完全不推/廁所小/設備又老舊/晚上要上床睡覺時發現床單上有血漬反映給櫃檯/櫃檯說了一句好叫工作人員去換床單/我說可以換房間嗎/結果說不是只有床單有血漬嗎/第一次遇到這種情況欸/有夠噁
B	價格合理/可泡湯休息又有下午茶/以一千多來說CP算很高/地點很好/離捷運站近
A	噁心至極/說八點才能入房/詢問是否是因為下午有接泡湯的客人/原本是純粹好奇/結果櫃檯一直顧左右而言他/搞得我一肚子火呵呵/一進房又看到這稀巴爛的模樣/真的是爛透了欸
B	溫泉房超讚/無法電話預定兩小時湯屋泡湯是優點也是缺點/上午來排隊很容易就能排到位置/算是太慢預定湯屋排不到好時間時的好選擇
A	泡溫泉到一半/突沒有熱溫泉/還好業者處理素度還算快/並且補時數給我們/雖不太滿意但可以接受/
A	1/淋浴設備比較老舊/蓮蓬頭可能都被溫泉水給蛀的挺嚴重的/而且開水還會分岔/是該常常換一下/另外熬湯的勺用料非不鏽鋼/導致上頭都是鐵鏽/也是要注意的部分/2/衛生的部分也是要注意/一進房間上廁所時裏頭上一個客人的大便還沒沖乾淨/3/一樣衛生的部分/寄放行李放在地上就算了/拿起來還有大蟑螂爬上行李/這/也太令人難忘了/我想應該要注意一下了/
B	這次前往北投休息一下泡溫泉跟妹妹一起雙人房這樣/整體來說雖然隔音不好溫泉蠻小的/但是服務人員態度很好而且有下午茶吃裡面的人幫忙製作鬆餅也很有禮貌所以給了五星/
B	二個小時休息/房間格局ok/睡眠舒適/可以泡溫泉/陽台有種植綠色植物/落地窗視野目視過去/也是挺舒服的/
A	已經來過好幾次/第一次泡這麼小的雙人池/1288/兩個人很難一起泡/之前泡池子還滿大的/滿失望的
B	初次造訪/建築整體比預想中的好/設備看起來使用有段時間了/但還蠻乾淨/工作人員服務親切/下午茶區的工作人員雖然只有一位阿姨/忙綠也不忘親切/有著舒服的體驗/超棒/餐點簡單/量也蠻多的/會適時補足/唯一缺憾是/冰淇淋太硬了/不好挖取/訂房附早餐/工作人員精神飽滿又親切/用餐起來格外舒心/中式餐點偏多/蔬菜新鮮/補餐迅速/不管幾點抵達/都能吃到每個口味/西式僅有吐司可用/覺得可惜/房間內就能泡湯/想泡幾次都很ok/湯池看似小但腳還能伸直泡/超舒服的硫磺泉/離新北投捷運很近/下次還想造訪/
A	當天詢問泡湯是否有空房/服務台小姐無提供房型照片以及房型價目表/直接告知費用和房號/立即結帳/進房後看到浴池有點傻眼/就算是兩人房/浴池也未免太狹小了吧/一個人進去連腳都無法伸直/且溫泉水熱度也不高/冬天泡會覺得稍冷了些/下午茶餐點普普/但空間是舒服的/不過還是建議如果真的想好好泡溫泉的朋友可以另尋他處/要不就提前詢問有無價位較高的房型/總體來說單論泡湯而言cp/值不高/
B	離捷運站蠻近的/櫃台態度很好/溫泉加水速度算快/床適中偏硬還不錯/下午茶不用特別期待/
B	晚鳥住宿很不錯/住滿12小時/環境也乾淨/小巧可愛/櫃台人員專業/可惜隔音真的小差/早上門外其他人進出走動講路都聽的清楚/
B	飯店環境清幽/位市中心/很方便/下午茶不錯吃/餐廳大姐服務態度很好/很熱心/
A	一進到房間就有很濃的煙味/跟櫃台反應後有馬上派人來噴灑像是除味的東西/後來洗澡的時候才發現煙味是疑似是從排氣孔的地方飄出來的/熏得這溫泉完全泡不下去/晚上睡覺即便關上浴室門/煙味還是會進入房間/整晚都睡得很不安寧/明明是來泡湯放鬆的/湯不但沒泡到還搞得很緊繃/當初也是特別挑選全面禁菸的住宿/卻還是遇到這樣的事情/覺得已經是全面禁菸的旅館就應該把關煙客/才不會造成其他客人的權益受損/下午茶跟早餐都非常好吃用餐環境都還不錯/比較推薦來泡湯休息/住宿的部分就十分不推
B	房間冷氣不冷有霉味/不過價格不高還算可以接受啦/下午茶的鬆餅冷掉不好吃很硬沒味道/溫泉很棒
A	不適合單純想泡溫泉的人前往/水溫不太穩定/不夠熱/浴缸很小/塑膠腳踏墊/很臭/還披散在浴缸旁/不知道什麼意思/腳在踩的東西/你們放在浴缸上/很/髒/如果泡湯一小200的價格我就算了/但收一千多/然後/服務不甘願/櫃檯人員/服務對談非常/平淡/房型未主動告知/也不知道排隊等到的會是什麼房型/下午茶的服務人員/態度滿好的/謝謝/
B	湯屋沒有廁所/廁所是在房外共用的/整體來說是乾淨的/但隔音不太好/
A	在團購網訂購並於上週六入住/感想如下/優點/1/離捷運站/大約走路5分鐘左右/附近熱鬧且交通便利/旁邊即有便利商店/2/大夜班櫃台與房務人員態度與服務較好/3/願意替房客先代收當天慶生所需的物品且可佔放數日/缺點/1/整體教育訓練不足且早班櫃檯人員態度需加強/與團購網訂購故需去電確定入住日期/預約電話中雙重確認入住時間為4pm與退房時間為12pm/但當天人到櫃檯要check/in時才被告知6pm方能入住/櫃檯服務人員一開始表現出驚訝/錯愕的態度/因為雙方對於入住的時間有誤可理解/但直接在客人面前對彼此說/等等看是誰接電話的/這種狀況建議不要在客人面前直接碎嘴吧/然後被告知盡量現在/大約4/15pm/幫我們安排入住/隔了5/10分鐘後遞交房卡給我/但等一上樓發現房門大敞開裡面根本沒整理好/還是我們站在門口等房務告知他們需清掃/後來等待時間中下去大廳繼續等/小姐明顯就記得我們但也不詢問為何要再回櫃台也就算了/還是我們自己大概抓打掃的時間後又再請櫃台跟房務確認房間是否打掃完畢/可否入住了/如果房間根本沒整理好可以不要這樣整人嗎/2/飯店偏舊/我們住的1001房冷氣完全不涼/連走廊還比房間涼/晚上8點開的設定為20度直到隔天早上房間溫度還顯示30度/但朋友入住的另兩間房1002與1003卻沒這問題/絕對不要住1001除非你是一個超耐熱的人/而且整個飯店只有一台電梯/尖峰時間需花費時間等電梯/3/打座機至櫃台詢問冷氣溫度調節的開關在哪/三間房間的人在不同時間打過去/沒有ㄧ次接電話/後來打了2/3次電話也不接便直接下樓詢問/到了櫃台發現根本沒顧客/那時也8/9pm應該算離峰時間了吧/櫃檯小姐也有兩位/但真的不懂如果不接電話為何房間內要裝設電話/入住後對於其建議是/不推薦/假日入住時感覺像是飯店要房間的使用時間卡好卡滿/在過夜客人未入住前把休息泡湯的時間卡滿/讓人懷疑房間真的有打掃乾淨嗎/
A	一進房發現圖文不符就到櫃檯做全額退費/櫃檯似乎也習以為常/也沒問緣由就同意退/
A	櫃檯有夠隨便的/沒問都不會詳細說明/房間壁癌明顯/隔音差/吹風機設立在泡湯浴室/都不知道這樣容易觸電嗎/
B	假日兩人泡湯休息/兩小時1288附午晚茶/覺得是這一帶休息套房cp/值最高的
A	沒有提早告知超時收費標準/而且是因為電梯/跟前一位客人退房太慢/導致我們超時/然後一樣跟我們收費/服務真爛
B	溫泉很棒/希望水溫能熱一點更好/還有下午茶可以吃/很享受
B	每年都會光臨/今年有整修過感覺比之前還不錯/但溫泉水溫度大約37度左右/可能要調整好水溫/不然會太涼
A	感覺很差/防疫期間/沒有確實要求實聯制/管制非常鬆散/冰箱內竟然有別人喝過的水未整理/排水孔也有上位房客的頭髮未清理/告知櫃檯/櫃檯處理方式消極態度回答/房務沒整理到/
A	真的要看評價/隔音非常差/設施和環境等都非常的破舊/且圖文不符/不要再被騙了
B	櫃檯小姐服務很好/二小時的泡湯過後還可以免費享用下午茶/餐點都是美味的小蛋糕和小盤水果/吃到飽有鬆餅跟果汁咖啡冰淇淋也有一口肉包/地瓜包/芋頭包/很值得推薦愛泡湯的人/
A	房間跟照片有落差根本照騙/一進門都是霉味/冷氣孔和床頭上方都已經發霉/廁所抽風很吵很慢/冷氣也是很吵/整晚睡的很不安穩/第一次這麼想趕快退房/一晚三千多/還是平日入住/這種只會拉低北投和台灣的住宿觀感/
A	網上看到超美的房型就直接下訂單了/check/in進房後房間/是真的超/復古/左右兩間有情侶聲音還有小孩尖叫聲音/隔音真的很不好/後來詢問櫃檯加價升等房型/裝潢才好了許多/換了不同樓層後/走廊隔音依然像劇院般真實/如果你想體驗劇院般效果/不仿拿張椅子坐在走道上/真/的/很/精/彩/進房後隔壁/講話聲音一清二楚/我真的什麼都有聽到/後來隔壁休息結束清掃人員換垃圾袋也聽得出來/再後來下對情侶入場/過程/時間到/你問我怎麼什麼細節都知道/因為我房間裝了/不是/是因為那天下大雨我出不了們/只能在房裡享受劇院般的podcast/好了/視覺享受大概到凌晨1點結束/隔天早上/說好的10點送早餐/8點就在外面敲門/他們說/因為系統壞了/所以統一8點送餐/那我是不是可以退房也說/我系統壞掉了/12點才修復好/房間很美啦/我給3顆星/休息應該是不錯選擇/住宿就/戴耳塞吧
B	房間舒適乾淨/所有的服務人員也都超級親切/24小時都能辦理入住超級方便/這次住的是10樓高樓層/景觀超美/而且早餐超級好吃/浴缸大一點的話更好/大推/
B	這是第二次入住/服務態度/早餐品質/清潔度都有提昇/仍是下次到北投的好選擇
B	高雅實惠/泡湯附下午茶/有專用停車位/房間電話沒有操作說明/空調開關沒標示/花了一些時間才找到/有空還會再去光臨
A	上網查才發現有提供下午茶/但去的時候櫃檯完全沒提到/退房還房卡也都沒講/房間熱水也要等很久才有
A	房間超小/浴缸也很小/有給晚茶卷/結果下來只有小肉包/其他完全空盤/連飲料都見底/服務員穿著便服/服務怠慢/人生中最差的住房及用餐體驗/
B	台北市北投區嘉賓閣溫泉會館在新北投地區獨樹一格/這是一家開業至今長達七十六年老會館/嘉賓魯下午茶就是小而美精緻用餐/吃巧又吃飽餐點/社會各界名人光顧過老字號溫泉會館/來此地不論是開車停車或是搭乘大眾交通工具都很便利/此地提供舒適且具有時尚感的休閒渡假空間/讓每位路過的旅人都想留連駐足/
B	入住前提供的下午茶/隔日的早餐/種類雖非繁多/但已足夠/小而美的精緻/加上親切的服務品質/值得再來/
A	第三次造訪/之前兩次體驗算不錯/但是於10/09於第三次造訪時體驗變差了/泡湯假日988/2人2小時/有位男櫃台人員說泡湯有附贈下午茶/20/00是最後入場時間喔/但是當我們在趕在20/00前到餐廳享用下午茶時/卻發現20/00後依然可以入場/順境覺得傻眼/也有些權益受損的感覺/員工教育訓練需要多加強/
B	以休息又能泡湯的價位真的很便宜/雖然只剩單人湯/但不要太胖兩個人還是能一起泡/床組躺起來很舒服都不想回家了/
A	總結/千萬別聽/停車阿伯的任何一個字/請一定要下車/去櫃檯問仔細/再去解決停車的問題/
B	有下午茶的時間很貼心/而且蛋糕/也很好吃/服務人員態度很好/溫泉水也很舒服/附近吃東西或是超商都很方便/走下樓就有/下次還會再來
B	這間會館的入住時間會根據房型不同而不太一樣/約莫16/00/退房時間為12/00/此次入住的是庭園雙人房/入口有小玄關可以脫鞋/地板是木地板/光腳也不會有沙沙的感覺/此房型是加大雙人床/兩大一小/五歲/都綽綽有餘/床頭有附設插座及電燈開關/非常貼心/愛伊特很討厭還得起來關燈的設計/到底是有多懶/XD/床頭燈不會很亮/即使晚上睡著開著/也不會刺激眼睛/
A	網站上提供的照片與實際入住體驗/簡直天差地/若不是太晚入住的話/實在很想退房/浴缸十分狹小/沒有給予地墊或毛巾/出入浴缸非常容易因地板濕滑而跌倒/盼盡快改善
B	泡湯還可以吃下午茶/二樓咖啡廳寬敞舒適/DIY鬆餅好吃/
A	1/櫃檯搞錯入住時間/2/空調只有冷氣/如果太冷/只能關掉/或是多送被子/
B	房間舒適乾淨明亮/來泡溫泉還有美味下午茶/蛋糕鬆餅都很好吃/
B	午晚茶很棒/房間很乾淨很舒服/下次還可以再泡湯
A	此次花了2600多入住/602/房/很不ok/杯子/電熱水瓶/應該許久沒碰了吧/灰塵/浴池也太小了吧/
B	因為剛好嘉賓閣可以使用熊好券/就來住住看/有點超出我的預期/CP值高/服務好/房間view也好/一夜好眠/下次天冷的時候再來泡湯/
A	下午茶能吃的東西真的蠻傻眼的/兩種果凍/餅乾/肉包/紅豆湯/鬆餅/冰淇淋/咖啡機還只有一種咖啡/連個拿鐵都沒有/飲料也只有兩種/檸檬紅茶/柳橙汁/就這樣而已
A	房間很多灰塵/地上很多頭髮/四人房天花板很低又很老舊/中央空調很冷/無法關上也無法調高溫度/跟櫃檯反應/有送棉被來房間/浴室蓮蓬頭在浴池裡/大家要一起擠在浴池裡依依洗完後/才能開溫泉水放水泡澡/傻眼的慢慢等水放滿/已經冷死/只能說照片與實際內容差很多/
A	房間老舊有煙味/床很硬/冷氣很吵/隔音差半夜房務打掃房間都聽得到/池子很髒/裝潢跟官網落差很大
A	官網跟實際房間真的完全落差/溫泉池小到腳都伸不直/地板凹凸不平/牆面剝落/我真的無法形容進房後的失落感跟詫異/隔音也爆差/不能回訪也不推薦價格也不算有CP值的一間/真的要說勉強過關的是餐廳/以上
A	房間真的很小/舊/冷氣整晚冷颼颼/棉被潮濕/水龍頭老舊/熱水緩慢/下午茶時間很誇張/一人299只能用餐一小時
B	位置離捷運站很方便/旁邊有公園過個小馬路就可以散步走走/附贈的小點滿用心的/整體而言還不錯唷/
A	浴室通風系統管路疑似與他樓層相通/以致於濃濃煙味四竄/受煙害肆虐一夜/對不抽菸的人來說真的非常痛苦/禁煙管理有待加強/
B	鄰近捷運/樓下超商/房間乾淨/價格實惠/另外還有下午茶/
A	下午茶吃到飽縮水/疫情後只能吃到幾塊蛋糕/疫情前可吃到多種糕點/現在沒有了/感覺退步
B	早餐好吃床舒適態度很好/只是溫泉池有點小/
A	櫃檯小姐態度有夠跩/客人走進來完全不招呼/還要叫她才要回應/我還以為沒人在/然後眼神很不屑/態度也很輕蔑/根本懶得理客人/看都不想看/只回一句滿房了喔/就轉回去看自己的東西/這種態度真的不用出來工作/什麼東西/你以為你是誰/是欠你幾百萬/要不是隔壁改成防疫旅館我連問都不想來問/一顆星都不值/爛東西/
B	現場等候進房/櫃檯人員態度尚可/溫泉狀態佳/但房內隔音效果較差聽得到其他聲響
B	地點好/有下午茶跟早餐/又可泡湯/價格不貴
B	泡湯CP值很高/下午茶服務人員超讚/會主動詢問需不需要鬆餅/棒棒棒/
A	住了這邊最貴的庭園景觀房/應該/浴缸頭髮一堆/先幫忙洗了30分鐘然後一掀開床單頭髮更多了/溫泉水管漏水加上巨型蟑螂/雖然飯店人員有協助處理態度也很好但是這個清潔品質不敢恭維啊/一星完全給服務態度/
A	第一次打電話提醒還剩10分鐘/也跟櫃檯說再延長時間/結果過5分鐘又再打來說時間要到了是怎樣/很想聊天/
A	溫泉水質很不錯/房間view不錯面對公園視野清新/早餐豐富/不過打掃要再加強一下/冰箱一開就看到頭髮/房間隔音不佳/櫃檯臉上沒笑容也不怎麼親切/建議加強櫃檯人員迎賓訓練
B	看的出是新整修起來的溫泉旅社/人員服務/環境與整潔度/中式早餐/價格方面/整體評比/是很好的/CP值算很高/不錯/請繼續加油維持下去
B	浴室很大/水很熱/溫泉舒服/房間大致乾淨/只有小細節要注意/
B	各項服務皆讓人驚艷/下午茶服務人員非常親切/會熱心主動詢問是否需要鬆餅/現烤鬆餅好吃喔/
B	價格還可以接受/建議下午茶可以多增加食物點心等等部分
B	價格親民/床也算舒服/但窗簾超卡一度關不上/關上瞬間/螺絲還掉下/業者還是應該檢查一下基本設備/
B	浴缸的高度有點高不是很方便入浴/除此之外體驗很不錯/費用不高/時間長/高CP值/下次還會想來
B	溫泉還不錯/空調舒適/房間寬敞/餐廳的服務人員非常客氣/很喜歡/謝謝/
B	距離新北投捷運站近/會館對面就是北投圖書館和溫泉博物館/在二樓用餐時/可以看到公園及圖書館/景色優美/
B	最便宜的房間浴室/就兩人來說略小/午晚餐和早餐很不錯/
B	住宿有午晚茶/早餐/溫泉很舒服/還有車位很方便/很棒/
B	我們入住2人房/還能加床/2大2小住/很剛好/早上素餐盒菜和粥/咖啡都很用心準備/讓人感到幸福滋味/
B	早餐跟午晚茶很好吃/而且離捷運站很近/房務人員服務態度很棒/下次還會再來泡溫泉
A	六樓四人房/房型有點擁擠/設備跟拍攝的有落差/重點是隔音太差了/11點多聽到外面打掃人員再打掃的聲音/馬桶蓋翻來翻去/房間手動空調/太大聲/半夜起床關空調/沒多久對面房間叫床聲都聽的一清二楚/隔音真的要加強
A	服務觀感很差/電話訂房時間說16/00/Check/in櫃檯小姐卻是先跟同事回應查一下是誰接的電話/以為溝通好了可以讓我們入住/結果房間完全沒整理好/服裝SOP很差/回Lobby等/櫃檯小姐也沒打算前來通知房間已經整理好了/但房務服務態度很好
B	早餐豐富多樣/下午茶好吃/溫泉舒服/床舒適
B	第一次去泡湯/5樓還不錯/泡完湯2樓吃點心冰淇淋/吃到飽/小孩説下次還想再來
B	很棒的體驗/早餐比想像中的優秀/房間也很精緻/視野也很漂亮
A	十分鐘前打一通電話告知/要自己算時間沒在十分鐘內下樓他們就會算錢/加超時費前會通知您但事實上它們已經加費了/接到電話立馬下樓依然被收加時費/
B	景點極佳/價格合理/交通方便/湯屋很舒服/服務人員很親切/很有禮貌很專業/餐點精緻又好吃/是放鬆的好地方
B	下午茶好吃/對面剛好是公園好舒服好悠哉
B	環境不錯/還有免費下午茶/重點是服務也很好/會再過來
B	浴缸小了點/泡完還有下午茶點可供食用/
A	房間浴缸極小不容2人/價錢又高/溫泉尚可/
A	不是很喜歡的住宿/電視故障/修理人員一進房滿身煙味/非常不舒服/不會再回訪
B	環境舒適/溫泉舒服/早餐多樣化/
B	環境還不錯/溫泉水龍頭的水很大/下午茶不錯
B	覺得不錯的溫泉會館/有下午茶也有早餐/CP值還不錯
A	若真心想泡溫泉/這邊不適合
A	爬完山/逛個街/想找的地方沖個水休息一下/得到的回覆是/不好意思/不提提供單人服務/是想說之前來過/印象還好/如今真的很糟/明明前2個月也是單人/也有提供休息/所以現在一個人就不供應就是了/
B	地點超棒的/走出飯店/對面就是北投公園/且是直通圖書舘入口/房間空間大小適中/有悠閒的自在感/
B	泡湯房間/環境很棒/屋內暖色系很適合帶家人一起
A	/溫/泉/還好天氣/還不算太冷/餐點不要期待就不會受傷害
B	因疫情影響無法入住/本飯店已無條件協助取消訂房/支持優良服務態度
B	好吃的下午茶/還有冰淇淋/每次都來這間
B	整體環境很乾淨/空間大小舒適/服務員很熱情/親切/
B	下午茶好吃/房間乾淨/泡湯舒服/
A	房間煙味也太重/櫃子上還有人家愛愛的精液/
B	看起來高級又舒適/另有招待下午茶/特別喔
B	下午茶的服務人員很可愛/態度等很親切/辛苦了
B	床舒服/吃的也不錯/環境優良
B	CP質不錯/有提供下午茶小蛋糕咖啡/建議提供牛奶/有免費停車
A	1/房間與走廊都是灰塵與塵蟎/早上起床手機跟眼鏡佈滿一層灰塵/電視螢幕表面也黏滿灰/2/網站的房型照片很新穎明亮乾淨/但房間實體根本不是這麼一回事/燈光不足/插座也不方便提供手機充電/四人房大概只有兩個可用插座/灰塵真的很多/3/只要關掉冷氣/空氣交換機會一起停掉/房間空氣不流通很悶/尤其冬天真的很不想吹冷氣或開窗/若是開窗馬路車聲也很困擾/4/早上用早餐服務人員給我們沒有洗乾淨的盤子/手上油油的只好再拿回去換/我們訂了兩間房/因為爸媽難得北上/想找舒適舒服的會館待一晚/但到現場發現環境品質不好/垃圾堆滿電梯跟住房客戶一起搭乘/有當場反應住房感受和網站的房型照與現實落差太大/服務人員有退我們每間房1000元的費用/但真的不是錢的問題/
A	2/18晚上8點入住/不到12點打電話來說溫泉管壞了/沒溫泉/沒溫泉/那我來泡什麼/下午茶菜色每次來都差不多/下午茶時間好像是從下午2/00開始到晚上9/00詳細時間還是問一下櫃檯/早餐菜色多為中式/菜盤沒有保溫效果所以會吃到冷冷的菜/早上也碰到咖啡機故障/第一次入住/狀況頗多啊/浴巾洗到毛邊了也還在用/這種不是算消耗品嗎/房間梳妝臺照明也不明亮/浴室防滑跟扶手應該要加強/免得發生危險/泡湯時間較長比較不匆忙
A	2021/4/7/這次住的是平日/2799的嘉賓雙人房房型/看得出是舊建築重新整修過的/且整修的不是很好/有個最大的問題是/蓮蓬頭在溫泉池內/意即要先洗完澡才能開始放溫泉水/不能洗好馬上就泡溫泉/空調的聲音很大/浴室抽風的聲音更大/無法好好享受泡湯/房間插座不多/床頭兩側居然都沒有插座/最好自備延長線/吹風機是達新牌的小支吹風機/建議可自備/1F是停車場/3F才是check/in櫃檯/蠻特別的設計/隔音不太好/唯一的好處是價格親民/算起來CP值還行/有附下午茶及早餐/有停車場/還不錯
A	被照片騙了/agoda不是長這樣/
B	泡湯好選擇/下午茶美味/推薦給大家
B	跟老婆來小旅遊/舒服還可以用熊好卷
B	溫泉真的很讚/裝潢也精緻/很棒
A	一顆星距離捷運站近/二是給床很軟/昨天第一次去/櫃檯在三樓/我覺得櫃檯小姐態度可以再親切點會更好/登記完說要去二樓等/但應該說清處/在二樓哪裡等/安排的房間是還行但是泡湯浴缸太小/之後的下午茶時間好怪/在kklook買的/有說14/16點的/也有寫14/18/之後去櫃檯問是到21點的樣子/然後下午茶東西好少沒什麼可吃的/有位阿姨她的態度好差/或許她怕別人弄壞diy的機器但態度要好一點/總之/不推/有去過一次就好/
B	交通便利/二樓景觀餐廳/用餐環境舒適/
B	房間不到/池子有點小/但離捷運站近
A	插座太少/也不方便充電/一個在浴室/一個在冰箱上方/入住兩晚/未事先告知白天12點需退房把行李帶至櫃檯寄放/晚上再領回行李及房卡/訂房時未告知/check/in時也未告知/直到晚上入住才說/雖說可以理解/但還是要事先告知比較好/也因為白天需退房/贈送的下午茶也沒機會享用/湯池偏小但深度夠/不過沒有任何扶手可抓略為危險/優點是服務人員態度都不錯
A	櫃檯登記泡湯是在三樓/這次泡湯是10樓的房間/走到十樓在走道直接撲鼻的是像KTV包廂室的煙味/進入房間床的對面就有景觀不過正對著對面住宅/所以窗簾還是必須整個拉下/浴室小澡池也很小只適合單人泡湯但是深度夠深/入池跟起身都要小心/因為沒有可以安全抓住施力的地方/白磺溫泉弱酸性溫泉水親膚的特性/泡完硫磺味不會殘留在身/泡湯後有免費提供一小時的下午茶/餐廳在二樓/空間跟裝潢很舒適/透過窗戶直接對著北投圖書館/飲料有咖啡/冰飲還有黃金蕎麥茶跟薄荷甜菊茶/紅豆湯/甜品蛋糕七種選擇/服務人員也會依照現場更換不同蛋糕或蔥油餅/也有餅乾跟果凍/冰淇淋/水果/比我想像中的簡約下午茶還豐富/一小時後進入捷運月台才發現泡湯時拔下的銀飾忘記在房間/立馬回頭到三樓櫃檯詢問/櫃檯人員幫忙詢問/還好樓房人員回覆說有保管著/只是還沒告知櫃檯所以還沒轉交櫃檯/失而復得真的很開心/
B	因為想去的溫泉都客滿了/所以來這間/房間像是汽車旅館的感覺/泡湯池就在廁所裡/泡湯池非常的小/兩個人會非常擠/房內有床/電視/拖鞋/但是沒有對外窗戶/溫泉非常燙/使用要小心/泡完可以去2樓享用自助bar/東西蠻多的/有鬆餅DIY還有紅豆湯/麵包等各式食物/雖不算高級/但也還可以/無限享用/蠻大方的/整體服務也還算親切/不會因為生意好就態度差/
A	如果想花四千多住在整間塵蟎的房間就來吧
A	一個只適合做下午茶方案的溫泉飯店/因為使用台北GO/方案訂了3980庭園觀景房/扣掉補助剩2980/但是庭園觀景房是你噪音的來源/我是週一平日入住/很重要說3遍/吵到我都還沒退房寫評論/住在3樓櫃台房/你可以聽到旁邊7/11下貨的聲音/房間靠近馬路邊/各式各樣的汽機車惱人的改裝引擎聲你都聽的到/房間充滿KTV味/買一罐空氣除臭劑這麼難嗎/自己幸好有帶酒精精油噴霧/真的不太適合住一晚/比較適合你玩兩個小時/隔音效果差你不能想像/隔音很差很差很差/說3遍很重要/你還聽的到一樓停車場關車門的聲音/
A	房間很老舊/跟照片差很大/地上摸到很多碎垃圾/現在想想我都懷疑茶杯有沒有洗/燈光非常昏暗/看東西很吃力/多盞日光燈不行嗎/櫃台人員很好/有停車場跟下午茶/所以多給一點顆星/
B	房價很乾淨/很推/值得來
A	在klook上看到他們的廣告文案/想打電話來預約打了好幾次都打不通/後來我們決定隔天直接去/去到現場/櫃檯在三樓/且很小/給了我號碼牌說要等半小時/服務也是沒很好/在二樓到待區/等了不到十分鐘就叫號/到櫃檯/說Klook要上面先買票/我一看價格只差八塊台幣/988元/klook/980元/就直接現場購買/上去之後發現房間/超舊/超小/浴缸一個人都小更何況我們兩位/立刻回到三樓櫃檯提出換房/他告知要一千六百多吧/可以加大房間/剛好那個房間就在櫃檯隔壁所以讓我們看了一下/有重新裝潢/房間稍大/但是浴缸也很小/我們直接退費去隔壁家了/我覺得根本仗著有不怎樣的下午茶/使用時間兩小時來吸引貪小便宜的顧客/實質上品質真的很差/我後來去隔壁隔壁隔壁家/價格一千五百多/房間又大又新/雖然沒下午茶使用時間一個半/但是也夠了/
B	溫泉很棒/但午晚茶還好/
B	浴缸有點小/裝潢尚可/乾淨/附近比起來算便宜了
B	其實還不錯/不過等待區跟櫃檯是分開來的/第一次來會有些搞不清楚/純泡湯沒有住宿/所以房間只有短暫停留/感覺還OK/有下午茶/鬆餅DIY/算CP值取向的店家/
B	checkin時櫃檯服務人員態度超好/雖然我們中午提早到了/房間還不能入住/但能先寄放行李/就算小朋友在旁邊吵鬧/還是很有耐心地介紹房型跟周遭的觀光景點/還大方讓小朋友去2樓的兒童遊戲室吹冷氣玩玩具/聽櫃檯人員說是兩個月前新裝潢好的空間/裡面設計得好有品味好溫馨/最後小孩還捨不得離開呢/我們是住雅緻雙人房型/還有贈送一客宇治抹茶紅豆牛奶冰/抹茶糖漿/煉乳跟配料都給超多的/一個人吃大概會很飽吧/很喜歡8樓窗外看下去的景色/早上起床後還又泡了一次湯才下去用早餐/這次特地休假帶家人來北投度假覺得真是物超所值/很滿意/下次還想再來試試看其他房型
B	之前有帶小孩入住/當初會選擇這間/只是很單純/因為它有床是靠牆/個人覺得帶小孩這樣比較安全/因為我是一打二/本來覺得最小的房型/在大多數的飯店都沒有景觀/不抱太大希望/沒想到也是面公園耶/真好/景觀很漂亮很舒服/後來有去用下午茶/服務人員也很貼心/幫忙烤鬆餅/就連早餐也讓我很驚嘆/居然還有烤雞腿/雖然樣式不多但是一直在變化/有嚇到我的事/好像已經接近中午了吧/台灣人的習慣大概要等到快收了才要吃飯/服務人員還是很親切/這在別的飯店有些不好說/老飯店有這樣的水準我真的覺得很推
B	非常棒的溫泉旅館/下次會再來訪
B	房間分為老舊與新房/完全顯示在價格上/浴池夠深/泡得超舒服/點心雖樣式不多/但都好吃/對於泡湯完一定會餓的我們/是個超大享受/
B	四人家庭房房間很乾淨/舒適/價錢也合理/來的時候有免費泊車/泡湯完還有免費下午茶可以享用/還有兒童遊戲室/
A	在momo買的電子券/常理上/雙人房的溫泉浴缸是雙人的/誰知道到現場才告知/浴缸只能單人使用/所以只好加價換房/只能說下次買還是要看仔細點/房型幸福或美滿/一點都無感了/下午茶也是很單調/加上餐廳內只有一個人要負責收餐券/補菜/給麵糊等/所以服務員態度也沒好到那去/
A	1/第一次/1888的房間溫泉出水量超小/小到流到浴池後/水的溫度連溫水都稱不上/2/之後換到1388的房型/變成電視不能看/冷氣不涼/3/供應的下午茶/有號稱可以DIY的鬆餅/卻被廚房阿姨大小聲/說等她有空會弄/你們不要自己動手/
A	下午茶有點差強人意/早餐就很不錯/重新裝潢的格局讓人人感覺舒服/但是浴室的提供物讓人難過/只是一次忘了帶刮鬍刀/只好使用飯店提供的刀具/就換得刮破臉得下場/光止血就花了2小時/貴店不算低消費住宿/建議多花10/20元提供好點刮鬍刀或使用耗材/讓顧客能更多享受/少點意外/
A	1/房間感覺滿老舊的/生鏽的生鏽/打掃的也不是很乾淨/茶壺上都灰塵/電視剛打開的時候還一直閃黑/睡前發現茶壺上的燈也是快壞了一直閃/我住601/2/下午茶竟然沒有碗/只能用咖啡杯盛稀飯/餐具也都是塑膠一次性的/3/唯一的優點就是服務態度都不錯
A	普通一般價格還好/休息兩小時/九佰有找
B	兩人湯屋/現場排隊/約10/20分鐘就叫號了/有完整的住宿設施/平日2小時988/Cp值蠻高的/還有付下午茶吃到飽/雖然麵包類居多/但還有粥跟飲品不錯/房間整體浴池小了點/但蠻夠用的/
B	終於拍到神秘的櫃檯小姐/老闆對不起/跑個步/流著汗/洗個澡/泡個湯/人生短短數十載/要對自己好一點就要來嘉賓閣溫泉會館體驗一下/美人湯/白磺泉/絕對不會讓你失望/看我邊泡邊喝茶就知道了/舒服啊/為何覺得自己越來越帥/溫泉/的緣故嗎/
B	北投公園旁地/空氣新鮮有寧靜風的氣息/早餐風味不錯/下午茶的茶點能再豐盛會更加分/總體上這個價位物超所值/
B	泡湯/住宿皆適宜/泡湯2小時988/住宿不定期優惠
B	Check/in進房後房門被打開兩次/一次還很確定有上鎖/因為當時有聽到房門外有房務人員說話的聲音/還有對講機對話/所以打去櫃檯確認是不是房務開錯門/結果櫃檯回應/沒有清潔人員去你們的樓層喔/可能是其他房的客人開錯房間/我門再請主管看一下監視器/等等/那我聽到的對講機聲音是幻聽囉/而且如果說是其他房客開錯更恐怖吧/一張房卡可以開全部的房間/那不是其他房客都可以隨時進來偷東西/如果櫃檯誠實一點的話還能接受/這種睜眼說瞎話的回應還蠻令人傻眼的/撇除這個事件/其他的都還不錯
B	環境/挺舒服的又乾淨/12/25/26住幸福雙人房/2999/唯一覺得可惜的是浴缸實在太小了/正方形的/大概只塞得下一個成人/溫泉水也不夠熱/餐點/1/下午茶/用餐時段14/00/21/00/選擇不多/算是中規中矩/可DIY鬆餅/2/早餐/清粥小菜/吐司/算蠻好吃的/推薦與否/有預算限制的可以參考/這個價位有這樣的品質已經算很不錯了/
B	非常棒的溫泉飯店/值得推薦/
A	浴池沒有清潔乾淨/設備環境不足
A	飯店/房間/硬體有點老舊/浴室地板有點滑/隔音欠佳/有送下午茶/不是精緻型的/不過麵包類的不少/吃飽沒有問題/
B	可以在kook買泡湯卷/下午茶1小時/泡湯2小時/但是泡澡區很小/只能一個人泡湯/如果有需要可以考慮一下/要不然現在有台北有補助1000住宿/也可以選住宿/這樣ㄧ泊二食也不錯
B	Cp值很高/只是來泡溫泉/沒有住/雖然房間感覺陳設稍顯陳舊/但是設備齊全/床很舒服/而且含餐/也好吃/廁所乾淨/服務生控場很好/可以使用2小時/沒有壓力很充裕/
B	泡湯和住宿兩者建議選泡湯即可/下午茶有自助鬆餅/味道不錯/但住宿搭配的早餐很可惜/都是便宜的醬菜類/不是很值得/
B	冷氣很冷/溫泉/很舒服/乾淨
B	住宿/比想像中的還大/雖然只是最簡易的雙人房/一張標準雙人床/裡面看起來都是整修過/典雅/浴缸雖然小小的/可以讓一個媽媽加兩個幼兒沒問題/竟然還有小小遊戲室/服務/真的要大讚/所有的人員/包含清潔人員的素質都很高/服務超前/下雨天還主動借我們傘/很多服務都主動詢問/餐點/大讚/早餐/下午茶到晚上當晚餐/這次住三天二夜/沒想到價格便宜/餐點也這麼好/不是一直吃一樣的東西/菜色一直換/公婆也都大稱讚到不行/又乾淨/停車/空間較小/但是基本都有位置/進入時/把鑰匙交給拍車人員/記得給小費/整體上/依照價格與整體服務/CP值超高/令人驚艷
A	周五晚上訂了間四人房/溫泉跟房間我覺得還好/就是看起來有點年代的感覺/下午茶普普沒什麼/但是房間空調很差/出風口直接對著頭吹/整個晚上都睡不好/設計這樣對泡溫泉的客人來說真的不好/
A	湯屋裡的浴缸邊邊角角都是垢/用手戳一下就掉了/打掃有待加強/吹風機的線頭也有些鬆脫/備品應該做檢查/前10分鐘電話通知並沒有詢問是否加時/歸還房卡時會跟你說超過5分鐘系統自動跳加時哦/需補付300元/建議去放鬆的各位要/自己/注意時間/別傻傻的在房間兩個等待客服人員打電話通知你時間結束了/
B	在momo購買優惠券/泡湯兩小時還有簡單下午茶/環境乾淨整齊/泡湯空氣流通非常舒服/CP值很高/會在回購/
B	飯店位置交通便利/由捷運新北投站步行約5分鐘即可抵達/備品齊全/環境乾淨/雖然有些老舊/但偶爾下班花點小錢泡個湯也很好/泡完還有簡單的自助吧可以補充體力/
A	房間天花板太低了/浴缸太小/不過溫泉水很大/床很軟/地理位置不錯/早餐算普通
A	隔音超差/冷氣超大聲/停車位很少/要吃下午茶也不能提早入場/我是覺得/要嘛不要送下午茶/不然就是要先在外面停車/去吃那一小時下午茶後在去外面繞繞/在等6點回去/所以要來就不要吃下午茶/直接六點住宿就好/不然沒停車位
A	對於買票卷的客人根本不當作一回事/買了票卷說是不用預約/我出發前兩天打了電話問了一下/服務人員說要到現場等候/等候的時間少則30分鐘/多則2小時/還要限定6/00以前完成泡湯/票卷上完全沒有說明/誰一大早就閑閑去那排隊/而且他們還要先依現場客人為主安排房間/沒法跟上人家賣票卷就不要賣/打壞我的興致也浪費你我的時間/真的生氣/而且樓上評論圖文不符/這種店家根本就是詐騙集團/
B	泡湯很舒服/下午茶很好吃
B	房間乾淨/廁所的門無法靠上有點不方便
B	乾淨/舒適/簡約/溫泉池不小
A	訂房網站看照片不錯/一晚上也不便宜快三千/結果一進去看/房間老舊/浴池小到沒辦法兩個人泡/重點是無法理解浴室設計/我要洗澡還沒地方可以洗/必須站在浴池裡才能洗/洗完再包著浴巾站在旁邊冷到發抖幫浴池放水/床上有灰塵/床後面也有/床旁桌沒有插座可充電/門雖然是電子設備/但縫很大/完全看得到外面/安全堪憂/然後隔音超級差/半夜一兩點打掃聊天的聲音很清楚/根本睡不好/早餐也不好/這個價格根本不值得/
A	下午茶附的盤子吃巧克力鬆餅弄髒了/跟服務人員要求一個新盤子竟然被拒絕了/整個大傻眼/洗個盤子有這麼難嗎/
B	嘉賓閣是我們常來的温泉飯店/今天的下午茶多了一道美味的廣東粥/雖然只是簡單的食材/但卻能吃出師傅烹調的用心和滿滿的誠意/讓整個下午茶時光增添了一點小確幸
A	泡湯988房型超級小/而且天花板離地大概2/1m而已/整個很壓迫/蓮蓬頭的水也很小/整體而言偏差/多的一顆心給下午茶/雖然不好吃/但有準備算有心/
A	房間燈光暗隔音差/不符合價位/特別是下午茶餐廳大嬸疑大陸口音/對客人很不客氣說話很大聲很兇/一直說沒吃的要出去等還站著一直盯著人看/午茶外加一人要/299也沒什麼料/感覺很不好/泊車人員客氣態度好/但不會再訪/
B	服務親切/離捷運站很近走路5分鐘/這次是預訂2399的雙人房/白磺溫泉很舒服/浴缸有點小/但兩個人泡剛好/房間設計滿溫馨的/對面就是公園/
B	交通/距離新北投捷運局走路五分鐘可以到達/地理位置方便/房間設備/屬於比較有歷史的房間/房間還算乾淨/有提供礦泉水/沐浴設備/毛巾/浴池可以兩個人面對面一起泡/是長方形的浴池/溫泉屬於硫磺泉/使用人多的時候水量較小/另外有一般冷熱水可以沐浴/飲食/泡湯附送兩人份下午茶/有提供一些麵包/三明治/蛋糕/小包子等等食物/價位/兩人兩小時套房泡湯價位是1088元另外贈送下午茶/算是高CP值/但是想要新穎裝潢設備可能要選更高價位的飯店/
B	住這裡搭配最近振興旅遊很划算/身份證每人每天扣1000/第二天開始會再扣500/還有送觀光巴士車票/下午有下午茶可以吃/也有附早餐/雖說品項沒有很多/但是也夠了/CP值很高/住房隔音倒是需要加強/我們住的房型/不適合老人小孩去/進去浴缸有點危險/困難/不知道別房怎麼樣就是了
A	進房後想先泡溫泉/將水漏進浴缸/蒸氣充斥浴室後/鏡子就浮現出上個旅客留下的紀念/有圖有真相/這不是我們寫的/房間內瀰漫著滿滿霉味/還好冷氣下去有散/但是冷氣超級吵又是舊式無法調溫度/開著會沒辦法睡覺的程度/想像整晚有人在你旁邊拿響板一直喀喀喀卡卡/床頭板跟床旁邊的牆面裝飾板/都是包裹著皮革的材質/兩者摸起來都濕濕黏黏滑滑的/可以確定房間濕氣過重/廁所門關不起來也是個問題/只有鎖上才能讓它關上/門的頁片估計是壞了/或是設計會回彈的類型/讓門強迫保持開啟狀態/導致廁所的水氣跟味道完整飄散在房間內/以這個房間氣味狀況/不是硫磺味/跟潮濕程度/只能說讓它不值這個價格/住宿贈送的下午茶/不知道是不是接近要收攤的時間呢/但感想是看看就好/根本就有跟沒有一樣/那個咖啡跟飲料們大概是拿來糊弄的程度/最好喝的是白開水/包子區看起來像沒在動但其實是有熱可以吃/鬆餅普普奶粉味很重唯一亮點是現烤/說好的自助霸就是沒幾樣的麵包澱粉類跟化學果凍布丁組成/如果不是附贈的我覺得不必走進來/我們還沒吃早餐/估計也跟下午茶差不多/目前不抱期待沒有傷害/溫泉品質真的不錯/純粹泡湯倒是好選擇/星星是給溫泉品質跟服務態度的/床組基本還好/睡起來滿舒服的/
A	溫泉池小/不知道為什麼衣服都會殘留硫磺味道/下午茶非常弱/紅豆湯好喝/主要就是還算便宜
B	泉質不錯/好泡/又有美味下午茶/自製鬆餅/有時還有皮蛋瘦肉粥/美味/
B	舒適/乾淨/整潔的環境/是每年冬天必來泡湯之處/泡完湯還能吃好吃的下午茶/是給自己與家人休閒/放鬆的好地方/真的覺得嘉賓閣CP值超高的/
A	一切很好/就是很可惜沒找到吹風機
B	風景很棒/很用心的一家飯店/環境很乾淨/下午茶點心豐富/泡完湯還可以享受自助式下午茶真的很滿足/會讓人想一來再來的一家飯店/
A	入口從停車場進去/櫃檯在三樓/餐廳在二樓/兩年前去泡湯好像才800多/最近一次去結帳要1288變好貴/現場等候大概要30分鐘/1小時左右/當天在等的時候還因為櫃檯叫錯號碼/害我還多走那個樓梯兩次/房間還算乾淨整潔/浴室格局有點小/浴缸空間2人勉強可以一起洗/整體房況我覺得還不錯/附贈的下午茶則是我覺得落差最大的地方/2年前去的那次印象中還有多種蛋糕可以選/這次去都只有一些麵包類型的食物/滿滿的麵粉類製品/吃了很膩/還有兩盤是一般的餅乾/烤箱裡黑黑髒髒的有點不敢用/紅豆湯的部分一定要特別講/上次吃印象超深刻綿密紅豆湯/我還回去研究要怎麼煮才有這種口感/結果這次去吃大失所望/紅豆沒煮透/甜度也不夠/
B	老店新裝/如果說要往上比較/當然沒有比得上有名號的溫泉會館/但是如針對池水及附贈的下午茶/它的CP值就會很高/如果可以的話/就一些小細節的改善/相信整體評價/會更勝出/
B	溫泉不錯/水量水溫足/服務很好/但櫃臺處稍嫌狹若同時多組進入可能會擁擠/入住時間為24小時都可/值得嘉許/早上餐點簡單但也不錯
B	飯店位置交通便利/由捷運新北投站步行約5分鐘即可抵達/周邊生活機能很好/旁邊就有超商/咖啡店速食店林立/散步10至15分鐘就能到美食多到選擇困難症發作的北投市場/房間乾淨舒適但對外的隔音不太好/浴缸高度太高進出不方便/早餐簡單美味/飯店對面就是北投圖書館/用餐後過去走走逛逛很舒服/是休息放鬆的好選擇/
B	這裡是個溫泉會館/價錢便宜/休息兩個小時980塊最低消費/唯一的差別他有供點心/到晚上9點/去的時候可以先不用吃飯先吃甜點/洗完澡後/再出來逛街到士林夜市再補充食物最好不過/
B	舒適/乾淨/整潔的環境/是冬天必來泡湯之處/泡完湯還能吃非常好吃的下午茶/是給自己與家人休閒/放鬆的好地方/真的覺得嘉賓閣CP值超高的非常值得推薦/
A	圖文不符/泡湯池很小/個人池/販售票券時照片是放裝潢好的房間/當下也詢問/泡湯是這個房間嗎/也得到/對/的回答才買的/結果/一進去是舊的房間/下樓櫃檯一詢問才知道/那個房間要加價三百塊/所以根本就被欺騙了/完全欺騙消費者/櫃檯也承認說/對/抱歉/但他們甚麼都無法處理及解決/感官即差/果然一分錢一分貨/799/就不用太要求了/還有包含下午茶吃到飽/其實很划算/如果不知道房型的話/
A	外表裝潢新穎/廁所老舊/櫃檯人員態度很好/不過沒有詳細說明等候時間可以先去2樓坐著等/結果我就傻傻的加價住貴的房型/有點傻眼
B	我喜歡嘉賓閣這間飯店/因為環境舒適/整潔/也有下午茶和早餐/泡完湯還能吃豐盛的下午茶/而且會館離捷站很近交通真的很便利/真心覺得嘉賓閣CP值很讚/來嘉賓閣會館可以讓人放鬆/也是冬天必來泡湯的好地方/是非常值得推薦/
A	下午茶的服務人員態度很差沒辦法接受/也許一分錢一分貨吧/如果那樣我了解了/我應該去好一點的飯店/寧願多花一點錢而不應該花錢找氣受/
A	對外隔音不理想/聽到外頭車輛行駛聲音/幸福雙人房很小/浴缸是單人長方形的/廁所擁擠/洗澡站在馬桶和浴缸中間洗/冷氣聲音太吵/睡覺一直聽到轟隆隆/廁所聞得到其他樓層的煙味/很老的會館/溫泉是不錯/有純有熱是舒服/但其他問題真的要再改善/
B	女友/推薦/帶我來/第一次泡雅緻房/第二次泡庭園房/部分新裝潢房間/很棒欸/想來泡湯的推薦一個/還有下午茶/Cp值不賴
B	我很喜歡/因為這間飯店/有下午茶還有早餐/非常貼心/有時候住房可能吃晚餐/或者泡湯完嘴饞/到2樓就有點心可以享用/還有鬆餅/整體讓人愉悅
B	餐廳的小姐服務很好/離早餐時間還有10分鐘結束/會逐桌的跟每桌客人說明/很棒/只可惜因為是晚鳥入住/沒有吃到紅豆湯/
B	附有停車場的溫泉會館/設備就房間內大浴缸那樣正常泡澡/附有供餐可以在泡完後去使用/也可以泡澡前使用/
B	浴缸沒有很大但是也夠深/一個人泡起來還算可以/但價格經濟實惠/整體還OK/
B	很棒的飯店/CP值超高/標準房/房間比想像中的大/我們二大二小/不會很擁擠/自己帶嬰兒床/廁所/感覺整修過/池子兩個寶寶加上一個大人還可以/早餐/令人驚喜/住兩晚/菜色一直變化/餐廳旁邊還有一個小小的遊戲室/下午茶/可以當作晚餐吃/菜色也一直變化/邊吃早餐/窗外就是綠油油的公園/好愜意/人員服務/從櫃檯到清潔人員都是非常有水準的/還主動把傘借給我們/人超好/看到我們有小孩/好貼心/停車/比較狹小/但一進來/就有服務人員幫忙停車/鑰匙交給他/記得給小費喔/地點/前方就是公園/離新北投捷運超近/很棒的地點
B	下午茶區的阿姨不曉得在兇什麼/平日泡湯贈送的下午茶普普/有無真的都可/環境不錯/純泡湯的話浴池偏小/綜合評價四個星
A	泡湯分兩個價位/一個10xx/一個1788/差別在房間的泡湯池大小/cp值非常低/溫泉水量超小/放到能泡湯的水量大概要20分鐘吧/蓮蓬頭固定在泡湯池旁/非常不方便/衛生紙卷還是空的/換了兩間房間都有菸臭味跟檳榔味/床邊還能看到使用過的衛生紙/陽台地板夾縫都是煙蒂/泡湯有贈送下午茶/但是進去看了根本不會想吃就離開了/停車場是代客泊車形式/要離開時剛好遇到客人剛來跟要離開的/前前後後等移車站了五分鐘/還不如貼一點錢去加賀屋還比較好/簡單來說不建議
B	整體來說還不錯/櫃台在三樓/一樓是停車場/電梯有點小/只有一台/住宿有附下午茶和早餐/房內泡湯溫泉水舒服/服務人員友善
B	用餐環境舒適溫泉舒服
B	這次泡湯選櫃檯小姐推薦的雅緻房型/櫃檯小姐會介紹房型/這次是浴池比較大/可以一起泡的/而且平日還多贈送一小時欸/還有送自助式下午茶/價格才1288/CP值很高欸/在北投/其他間兩個小時/價格就蠻高/大推/小姐還有介紹庭院房型湯屋/感覺很美/前面有小陽台可以拍網美照/下次要來試試/
B	飯店位置交通便利/館內備品齊全/環境空間寬敞乾淨/泡完還湯有簡單的自助吧可以享用補充體力/推/
B	房間跟泡澡都很棒/高經理人超好又認真/4顆星是因為房間電視不能看/聽說是因為硫磺/
A	住宿只有一個方形可以泡/很小/溫泉難入浴/對於腿腳不好的人不適合
B	停車方便/泊車大哥親切/房間簡單/乾淨/舒適/泡湯後還有點心可食用/假日休閒放鬆的選擇之一
A	房間很舊/跟網路圖文不符啊/下午茶就是一些麵包而已/餐廳阿姨跟後母一樣/有夠沒禮貌
B	泡湯要排隊/不過有下午茶可以先享用/三人泡湯有提供雙人浴缸/算是蠻貼心的了/
A	一進飯店就聞到好臭的味道/退房的時候職員說是溫泉硫磺的味道/進房間都是很臭的味道/也感覺濕濕發霉/整個人好不舒服/房間燈光也暗暗的/手機自動調光了/所以圖片看起來才光亮/有一張很老舊的搖搖椅/四周塵很多/感覺很髒/房間有提供避孕套/這裡也有日租/讓我有love/hotel的感覺/好可怕/最恐怖的是浴室/超髒的/水龍頭發黃/那個所謂溫泉池黃黃舊舊/感覺很髒/最後都不敢用/還有/洗澡的時候地板去水很差/還有把洗手台底部的垃圾浮出來/超可怕的/淩晨4點走廊外還有人跟職員在講話/跟本沒隔音/這是我十年內在台灣遇過最可怕的飯店/台幣2/799根本不值/跟官方網站的圖片差太多了/不要被騙啊/
B	停車方便/客房舒適/溫泉水滑洗凝脂/很好/乾淨/面對著北投公園/風景真是不錯/對於住宿客的小要求都能滿足/cp值高
B	整體上都還不錯/只可惜室內網路收訊頗差/店家提供的WIFI也不是很穩定
B	很多網評反映浴缸小/所以增加了一點預算/升級成/長浴缸/房型/可以兩個人一起泡澡/還有很大的空間/很不錯/一千出頭兩小時/泡湯C/P值很高/還有下午茶券可以使用/咖啡廳服務員很熱情協助與講解鬆餅機使用方式/彷彿像烘培課/大大加分/
A	1/為新北投溫泉區老飯店/設備不新/整齊/清潔度不一/浴缸大/小要看運氣/時常看到裂縫與髒污/濕氣重/霉味重/而且常有前面房客的垃圾/無言/2/二人泡湯房間/有分大/小浴缸分別/價格不同/一次二小時/小孩要加價/平日有優惠價/還算可以/假日恢復原價/就沒那個價值了/附近很多溫泉旅店可以選擇/更新/1/近日前往/一家三口/而且小孩也有多付費/卻不同以往/給比較適合家庭的房間/竟然給全樓層裡/最小間/的房間/前面的其他二人情侶/反而給大間房間/我們在正後方有聽到/而且現在是炎夏/不是泡湯旺季/並沒有滿房喔/顯然櫃臺人員隨意安排房間/而無視我們是一家三口/而且有多付費/2/靠近安全梯/的極小房間/有一面竟然是木板隔間/電視遙控器還故障/只有二張非常小的凳子/連孩子都覺得怎麼給這麼小/這麼差的房間/還不如去附近的平價湯屋/3/儘管櫃臺小姐大小眼/讓我們很失望/所幸點心部門的服務員還是一樣貼心/熱心/讓人稍感安慰/2020過/舊曆/年更新/1/新年恢復原價位/而且泡湯只能現場領號碼牌候位/三樓櫃臺完全無位置可供等候/而且無法留手機等候通知/需要自己打電話回櫃臺詢問目前號碼到哪裡/2/意思就是/可以先去外面逛逛/可是要一直常常/隨時打電話回櫃臺問號碼到了沒/過號就沒了/3/不像有些餐廳/飯店是服務人員會電話通知號碼即將到/嘉賓閣這點真的非常/不貼心/而且/說實在話/此飯店已經設備/裝潢老舊/浴缸品質良莠不一/房間品質常常要/碰運氣/過年恢復原價/其實已經沒什麼競爭性了/4/於是/最後我們寧可再多花一些費用/到附近/等級較高/的溫泉飯店泡湯/有/大廳/可以稍做休息等候/而且櫃臺小姐會時常提醒/通知/房間品質也比較好/乾淨/優質/浴缸大/家人全體都更開心/5/所以/真的不必執著於以往習慣的飯店/有時也會讓人失望的啊/枉費我們以前還跟許多親友推薦/以後/還是附近多問/多比較/多體驗幾家/溫泉旅店密集/其實很競爭/更能找到適合自己和家人的/泡湯/溫泉飯店/
A	3/14晚上訂房/有送兩張免費餐卷/到櫃台/小姐/房間/正在/打掃請先去2樓使用自助吧等候房間/等了約一小時真的覺得太久/跑回櫃檯詢問櫃台小姐/櫃檯小姐才說/大概/還要再一小時/我/真的太久了沒辦法等我需要退房/櫃檯小姐/那房間送的餐卷一張是299元/兩人要收598元/我/我們一個人完全沒用餐另一個人只吃一塊麵包/這樣要跟我收598/櫃檯小姐/說那你要把票卷環我才能退費/我/問題是一下進餐廳還沒用餐/餐廳阿姨就把票卷收走換成兩個空盤/空盤上完全沒有放過食物也沒使用過/櫃檯小姐/那沒辦法/還是要收598元/不然你先去餐廳等一下/我叫房務/先/幫你們收/此時小姐一直引導你繼續等也不願透露等候時間/我/那大概還要多久/小姐/大概30分鐘左右/我/妳們一開始應該就跟客人說整理房間要多久時間/一直引導到餐廳騙到餐卷錢/誰會來只花299元買一個沒提供什麼餐點的地方用餐/櫃檯小姐竟然說/你也沒問啊/我想說你們用餐不會那麼快/竟然反怪客人沒先問/然後竟然用她自己角度想說/我/妳一開始說/正在/打掃/後面追問妳才說/還要再一小時/跟妳反應後妳才說/先幫你打掃/代表一開始根本還沒開始打掃不就是欺騙我們/我沒問是因為正常理解已經正在打掃頂多30分鐘左右吧/才不追問/開始反怪我們自己沒問/我以前常來這間嘉賓閣/至從今天的服務態度還有這種餐費你們也敢收的下去/祝你們生意興隆/我會考慮附近其他溫泉旅館的/
B	服務很棒/溫泉很舒服
B	整體感覺很棒很舒適/可以一大早看到對面公園以及北投圖書館/是一家CP值很高的溫泉會館
B	離捷運站很近/走路不到幾分鐘就能到達/周邊的景點也不少/有北投圖書館跟溫泉博物館/推薦來這邊泡湯/
B	曾經入住過/給我的感覺非常好/服務跟餐點都很好/附近有很多景點搭配很適合住宿或泡湯/
B	旅館位置/嘉賓閣位於北投公園旁/離附近商店街與捷運站/走路約2分鐘/非常方便/旅館價錢/本次使用狗麻吉優惠入住/價錢比周遭旅館便宜很多/停車問題/其一樓整區為室內停車場與電梯口/入住時會由停車場服務人員泊車/並代管鑰匙/住宿空間/此次入住標準雙人房型/整體空間還能接受/房內無意味也乾淨/燈光浪漫柔和/情調不錯/中等面積的無中框大窗戶/高處夜景美不勝收/床鋪軟硬度/依個人感覺為適中偏軟的質感/身體躺著極為放鬆/浴室裡轉為明亮無壓力的空間/惟盥洗空間設計有點不良/其石造浴缸除了只能一人泡澡外/亦因其浴缸側壁過高/而蓮蓬頭位於石造浴缸內/若得盥洗/必要跨過那過高的浴缸側壁/才能使用/實在不便且有點危險/美中不足/總體評價/此旅館老少咸宜/捷運站/商店街等機能非常方便/若無優惠一般價格也是平實可接受的範圍/房內惟浴室空間設計不佳扣一顆星/其它部分cp值則為中等偏高/是可以考慮嚐鮮或再次入住的好選擇/
B	離捷運站近/還有下午茶可以吃/小孩自己做/鬆餅很開心/房間雖然不是很大但床很舒適/浴池夠深泡起來很舒服
B	環境整潔/舒適的床跟風景
B	960休息兩小時/有溫泉/有下午茶/但下午茶的盤子常常是空的/感覺他們希望每個人只吃一點/房間不錯/浴池這價位的偏小/簡單的說就是一分錢一分貨/960也別想要太好/要浴池大一點跟下午茶好吃一點的會建議去價位差不多的樂山/
A	應該是有再重新裝潢的會館/有些部分有舊有新/是還可接受/只是/今日房型是幸福雙人湯房/2H/988但浴池小到我167公分進去都覺得擠/更別說再擠第2個人/且現在也不接待1人消費湯屋不是嗎/浴池就在蓮蓬頭下/要沖澡就是一定會把週邊弄溼/不管地上或洗手台旁邊/除非是在浴池裡洗/但總不可能在裡面洗完才來放水吧/只能說清潔人員辛苦了/本來衝著大浴池想去放鬆結果/一看到浴池就/雖然有附下午茶點是很貼心/種類也不算少/服務人員也都算不錯/要去的人可能要先問浴池尺寸/
A	服務人員態度都很好/訂3人房平日3980/住706/隔音差是客氣的批評/乖聲很多/隔壁上廁所/小孩吵鬧都聽的到/路上車子的聲音更是讓你整夜不眛/泡湯可以/睡覺/不要了吧/還有/床頭櫃沒插座/電視旁有鬆掉的不能通電插座/櫃子打開有電線外露的電箱/破損的木板/發霉補漆的天花板/差不多這樣/
B	服務超棒的/溫泉洗完身體滑滑的疲勞都消除啦/還有就是沐浴乳超級香啦/離開前就買了幾瓶/
B	覺得蠻不錯/雖然浴缸比較小點/但價格實惠/泡湯/下午茶/這樣蠻讚的/推推推
B	停車場為泊車服務/需交鑰匙給服務生/換取單據/之後搭電梯至三樓櫃檯/即可入房泡湯/泡湯池偏小/兩個人有點窄/房間設計天花板沒有很高/讓人有壓迫感/小而巧/房間還可以/但床上會不小心看到頭髮出現/有附咖啡包/泡湯完可以泡杯咖啡享受一下很舒服/硫磺味不會到很重/有點白色的感覺/不是黃色的硫磺色
B	CP還算很不錯滴/剛好有冬季補助款1000元/打完折住宿一人差不多接近900元/白磺溫泉/沒有奇怪刺鼻味/浴池剛剛可以擠下2個女生/如果只是想住宿睡覺泡澡的話/大小其實是很Ok啦/隔天早餐的餐廳很美/周圍也有一点小小的景點可以走走晃晃/唯一沒有很厲害的是隔音有一点点不太好
B	Cp值滿高的一間湯屋/2小時的湯屋還有贈送簡單的下午茶/覺得挺不錯的/因為通常泡完湯肚子都會有點餓/
A	人家是貝多芬九號交響曲/這間的客房是冷氣交響曲/整晚聽冷氣在叫在吵就好了/窗外的隔音真的不行/淺眠的人不推薦/客房的燈會自己關掉/膽小的人會被嚇死/建議泡湯就好不要住宿
B	入住時間較晚但有兒童遊戲室/真是拯救疲憊的父母/房間有煙味立即給換一間乾淨的房間/下午茶跟早餐都很棒/選擇豐富
A	難怪最低價會是2折起/先是房卡無法讀取/再來是電視無法收視/遙控器無法使用/最誇張的就是用過的咖啡攪拌棒居然沒有換/這應該是我這輩子住過最差勁的會館/喔不/這不能叫會館/應該是最差勁的工寮/
A	還Ok的溫泉湯屋/分大小池/但小池也泡過大一點的小池/如他人review/內寫的/有點憑運氣/第一次花1388/2hr/平日泡大池/池子確實滿意/房間內到處可見改裝後的小痕跡/算乾淨但有點老舊/供餐到21/00/因此晚上來泡湯是吃不到的/
A	曾經住宿過一次/房間及浴缸都不是很大/如果能夠重新裝潢改進空間/可以再試試/
B	很多年未來新北投泡溫泉了/這裡的溫泉是屬于硫黃礦溫泉奶白色/硫黃味比較重/過年期間人比一般少/房間式的泡湯2小時/浴室水池大泡起來舒適性高/下午泡完還有下午茶招待/整体來說還是不錯的/
B	早餐偏中式也有烤土司/房間乾淨/唯一缺點就是冷氣有噪音
B	喜歡嘉賓閣的服務人員親切接待客人/以及泡湯還有下午茶的提供/可以慢調生活/非常適合全家大小一起去/
B	第二次去/住到美滿房型/房間較幸福大但浴室較小/建議可在浴室或房間加裝掛勾/這次的早餐菜色跟上回不太一樣/覺更合我口味/醃漬小菜很爽口/現炒青菜清甜/可惜咖啡偏苦了些
B	泡湯環境優美/還有精緻下午茶/覺得不錯/一到秋冬季節都會想來享受放鬆一下/Ｏ/Ｏ
B	環境舒適/服務良好/很讚/
B	泡湯/下午茶上網買卷799/2人/2hr/很適合小資情侶來泡溫泉休息/雙人泡湯剛好擠的下兩個人/如果很注重地板整潔的不建議來/床和枕頭就是標準飯店配備
A	下午茶餐廳阿姨服務態度很差/全家人整個泡湯心情都不好了/非常不推薦的地方/
A	飯店位置交通便利/由捷運新北投站步行約10分鐘內即可抵達/備品齊全/環境乾淨
B	以休息兩小時的價格來說/cp值爆表/這附近找不到這價格了/其他確定在價格上是可以體諒的
A	中規中矩的房間/床很舒服/隔音好/洗澡跟泡湯是一起/沒辦法先放溫泉水/要等等另一個人也洗好才能泡/浴缸偏小只能一個人/兩個人會太擠/浴缸高度較高/泡完跨出來沒有台階/地上濕的要小心一點/插座位置不方便/在進門的走道旁兩個插座/床的兩側都沒有/兩個人的手機跟行動電源只能輪流充/交通便利/走幾分鐘就是捷運站/超商也很近/過馬路就是北投公園/
B	客房泡湯2小時/以家庭房來說/CP/值算不錯/而且還有附簡單的下午茶/浴室算大/另外房間外面沒有景觀/下午茶的地方外面剛好是公園/景色不錯還蠻放鬆的/
B	溫泉品質不錯/服務人員態度親切/床坐起來舒服/但浴室規劃設計不是很好/使用時不太方便/湯屋附贈的下午茶還不錯/水果蛋糕跟三明治都很好吃/
B	氣氛溫馨/環境清幽/經典白湯/櫃檯小姐很有氣質喔/
A	本來詢問了價錢覺得cp值蠻高環境也不錯正要停車入住的時候/非常不高興/泊車的那位態度非常差/沒車位一開始就要說/叫我停進去/結果沒車位又叫我去停外面/我就在門口等他指示/也不指揮在那邊掃地/當我空氣/怎樣200萬的重機不是車是嗎看我沒有/我毫不猶豫去隔壁消費/
A	第一次來時覺得不錯/今天來509房電視一直斷訊不能看/床頭燈裡面還有衛生紙/房型老舊冷氣也只有大中小能調/挺失望的/
B	十年前很常來/隔了這麼久再訪/裝潢依舊不過時/環境很美/溫泉超讚/服務人員也都很讚/
B	午後時間只是作短暫的休息/泡湯/雖然是夏日/但仍讓我享受到放鬆/回復體力後/繼續下一個行程/對了/有附下午茶/這個就是附加的/別要求太多/謝謝招待/
B	第一次嘗試這麼棒的溫泉旅遊
B	溫泉/水質很棒/還有豐富的下午茶很超值/非常值得推薦泡湯的好地方
B	雖然浴缸很小/但是櫃檯超級親切/出車禍無法準時抵達/還幫我延後時間/大推
A	房間跟官網照片很有落差/隔音無敵差/自己加價升級換成更好的房型/原本想要降等另一間房型煙味爆重只好加價升等/還是聽得到隔壁房或外面的車聲/房內清潔也有待加強/裝飾燈具上很多灰/還有前ㄧ客房留下的保險套/完全破壞住的興致/整體交通很便利/飯店人員服務很客氣/食物中上/溫泉湯屋尚可/裝潢還行/但是房間太不ok了/
B	價格不貴/物超所值/乾淨沒菸味/白磺溫泉算是相對少見的了/而且溫度很舒服不會燙傷/下午茶區到晚上9點結束/點心種類很多/難得的是完全沒有地雷/都是美味順口的/肉包跟奶黃包是用大廠牌的/用餐環境寬敞不擁擠/慢慢享用到飽/
A	房間乾淨不過浴室的蓮蓬頭有點老舊/隔音不太好都能聽到外面走廊的吵雜聲/插座的位置不太方便床頭櫃如果也有插座的話可以更方便使用
A	第一次去感受不是很好/設備有點舊/燈光昏暗/打開房門還有點潮濕的氣味/但是服務人員很棒/樓下就有超商很方便/也有停車場算是便利/只是對房間的感受度還是很差
A	溫泉溫度不會太高/不適合泡太久/很快就涼掉/必須趕緊起來/
B	附近看看/價錢可以接受/有停車場/也有下午茶及早餐/離捷運還有商圈愛/景點都很近/房間內溫泉也泡的很開心/下次還會在來
B	溫泉純/有感溫泉泡了就知道/如果是住宿的話/現推安心旅遊可折原價1千/電話訂房可使用/早餐推薦給/喜歡輕淡飲食的人/稱之為/九宮格/蠻可愛的
B	櫃台人員專業有禮貌/房間舒適溫泉很舒服/提供的餐點也很不錯/
B	早餐的選擇性稍微略少一些例如湯類的/住宿環境不錯/期待能更好/
A	房型跟網站上的落差很大/標示不能抽煙/可是一入住的第一間房間就充滿煙味/跟櫃檯反應後有幫忙換房間/第二間一樣是很重的煙味/一樣跟櫃檯反應/說不好意思幫你換別的樓層的房間/進去後/第三間仍是滿滿煙味/於是再次跟櫃檯反應/他們說不好意思/要請您稍等/我派人上去確認/確認完後他們自己也說煙味的確很重/不好意思/但我納悶的是/貴飯店在幫忙換房間的時候/難道不重視客人的反應/直接換一個有同樣問題的房間給我們/這就算櫃檯人員口氣好/可我身為顧客卻覺得敷衍/根本沒有去確認是否新的房間符合我最低要求/不要有煙味/我花了/2600/卻連最基本的要求都做不到/也沒有任何補償/就只說在Booking上預定的無法取消/這樣的話/是否以後住房間/都要先看過再付錢/最後換了第四間房間/櫃檯人員說這間我們確認過了/沒有煙味/但一進去/就是很濃的芳香劑/比廁所芳香還難聞/這個味道/有點腦袋的人都知道/就是要蓋煙味/何況我以前也做過飯店人員/果然/隔天一退房/身上的衣物/頭髮/無一處不是煙味/真的感受非常糟糕/我甚至連1星都不想給/若有人問/為何房間不開空調/我們測試過/不開空調的話感覺還好一些/因為空調的風吹下來感覺更不舒服/房間有陽台/為何不開窗/那兩天天氣非常熱/蚊蟲就比較多/加上也沒有裝紗窗/還是別讓自己受二重折磨/以上為實際體驗/給各位參考/
A	來了兩次/第一次陽臺髒亂/既然有室外陽臺/桌椅該乾淨/浴室蓮蓬頭的水不是全部從蓮蓬頭出來/原因是水管跟蓮蓬頭沒鎖緊/第二次是陽臺一樣髒亂/桌椅有生鏽斑痕/室內角落有些蜘蛛絲飄盪/浴室蓮蓬頭一樣沒鎖緊/下午茶竟然有空盤子/沒有東西擺放/廚房人員沒見上麵包/比第一次更糟/晚到的客人吃啥/
B	/VIP雙人房/NT/3699/含2客下午茶/早餐/鄰近新北投捷運站/走路五分鐘內/對面即是北投公園/旁邊有7/11及各式連鎖餐飲店/一樓備有停車場/2樓為餐廳/下午茶店包括各式小蛋糕/布丁/水果/熱紅豆湯/饅頭包子及冰淇淋/不過僅供應至晚上9點/VIP雙人房的大小較為適中/澡池還有一個階梯可供坐著泡湯/房內設備乍看起來算是簡約新穎/不過細看還是有小部分設施有點斑駁/積塵/房間的空調稍微有點大聲/房務人員及櫃檯小姐的服務態度都不錯/
B	很讚耶/我們團體活動去住一晚/有一份午晚茶跟早餐/房間很讚/
A	今天消費了兩個小時的客房泡湯/大約過了一小想泡第二次時/流出的溫泉水完全不熱而且讓人有種就是一般自來水的感覺/和旅館人員反映後半小時還沒修好/最後受不了兩小時時間還沒到就退房了/和旅館經理要求補償時完全感覺不到旅館經理想好好處理的誠意/argue後被用消費打七折草草打發/這種設施品質和處理態度讓人完全不會想再來一次/
B	每年都會北上固定去住個幾天的休息聖地/休假搭乘大眾運輸四處遊玩走走後回旅館休息可以直接在房間泡著當地的温泉舒緩全身的疲累這是多麼舒服的事/房間也是獨立空調/避免別間房客在房間抽煙我這間也煙味/獨立空調真的很重要滴/因為在其它很多旅館碰到很多是中央空調然後搞到整間房莫名都煙味無法睡覺/餐廳有含自助式早餐及下午茶其實也是蠻推薦大家去吃看看的/乾淨衛生/千萬別錯過營養好吃的燉紅豆湯/呵呵/
B	價格實惠還有下午茶吃到飽還不錯/就是泡湯的浴缸很小而已
B	房間舒適乾淨/室內湯屋很讚/且有停車場也近捷運站非常方便/
A	房間拍太好/進去真實場景以為在玫瑰瞳鈴眼時代/服務人員優秀/一顆給她/
A	房間分兩種/1288/比較大間/以及/899/我跟我女朋友選的是1288的湯屋/房間裡面空間還算乾淨/泡湯浴缸很大/兩個都可以腳伸直那種大小/然後有有線電視可以看整體算不錯/可惜硬要把價格拉高/因此有所謂/附送的下午茶/然後下午茶的空間都是超級劣質的小蛋糕小餅乾/奇怪的茶凍布丁包子/唯一比較好的就是可以自己做鬆餅/但是我認為這家店可以不要硬強調/附送下午茶/來提升價位會更好/
B	房間裡面的浴缸泡澡池子塞子塞不太住/容易漏出水/不過房間裡面的床倒是很舒服/而且連電梯裡面都有裝飾/是很用心的一間/
B	下午茶到晚上9點/吃完晚餐再回來吃甜點也不錯/但/洗澡跟浴池沒分開/洗完澡再放水要等很久/無法一人洗澡一人泡澡/全家洗完都不知道幾點了/浴池牆又好高/老人小孩要小心/
A	兩人泡湯房/浴池不適合老人家/進出不便/老人家腳不好無法蹲坐進去/N字型/
B	因/樓進入是停車區/要搭電梯上三樓才是櫃臺/像我常去新北投公園/泡溫泉都選別家/不敢進這家/直到今白天才選這家泡看看/所以/樓門面很重要/還是要給客戶明亮安全感/價位合理/房間裝潢還可以/箅乾淨/溫泉白磺泡完全身輕鬆很多/皮膚也變得稍為白晳/很喜歡白磺溫泉/
B	溫泉無味/我喜歡/
B	房間不錯/還有獨立小陽台/不過剛好住進的石頭泡湯是只能塞一個人的/偶爾來放鬆休閒非常不賴/
B	北投地區/性價比還不錯的溫泉會館
B	為了小禮物/評價/還行
B	雖然接待处不顯眼/浴室少点掛衣服的地方/和泡池扶手/但交通方便/乾淨企理/冷氣可調較/境观開揚/服務很贴心/有家的感覺/
B	算CP值高的溫泉旅館/當天2人休息泡溫泉2hr/溫泉浴缸有點窄/不過房間很棒/泡完還可以無限時吃下午茶餐/但我記錯時間是14/00開始供應/所以在外面繞了一圈後才又返回享用/餐點就是簡單的三明治/糕點/小包子/熱甜湯/餅乾零食/冰淇淋/布丁/熱茶/用餐環境很悠閒還有放音樂/期待不要太高/不過泡完還能吃真的很不錯了/買餐券只要750/很划算/還可以順便北投一日遊/
B	兩人房型泡湯雖然不大/不過也剛剛好/泡完湯還有附設餐廳/餐廳東西還挺不錯的
A	房間坪數不大/但還算溫馨/可是浴缸太小了/就像家裡的浴缸的2/3/可能是排給我們的房型是比較小的浴缸/我看一些網友分享的/是比較長形的浴缸/除非兩個人都是瘦子才有辦法一起泡/下午茶有10幾樣點心/早餐的內容有點簡單/會館內部就是簡單沒有太多的綴飾/C/P值應該還不錯的一家/
A	環境跟服務不錯/預約住宿的也要確認入住前是不是有人剛使用完畢/要拿房卡時還聽到櫃檯打電話問整理完了嗎/好像在可入住時間/入住之間有人使用過該房間/感覺不太好/地板也太滑一不小心就會摔個四腳朝天/隔音設備也有待加強/聽得到隔壁房間巨大的開關門聲/容易被嚇到/
A	這裡是泡溫泉的地方停車方便/房間還算ok/好的是泡完可以有套餐跟飲料可以吃/相當不錯就是泡完再吃飯剛剛好/價錢還ok大概1000到1200之間時間兩個小時/
B	覺得還不錯/適合稍微泡泡湯/但是水流小了些/等待時間比較久
A	負責下午茶綁頭髮/沒戴眼鏡的阿姨/態度很差/不太想搭理客人/完全沒有服務熱忱
A	我們住四人房/覺得有點老舊/普普的旅店/停車要給小費/床跟沙發都放在地板/有些按鈕似乎沒作用/充電孔少又高/溫泉浴缸太高了且沒階梯/連我年輕人跨進去都有困難/不錯的地方就是有私人溫泉/早餐還可/吃早餐的空間寬敞/地點不錯/覺得價格高於品質/如果價格再低/我的給分就會提高
A	一般的溫泉旅館/詢問櫃台在三樓/一整棟有好幾層/泡完溫泉外面在二樓有小點心跟飲料可以用/有蛋糕也有簡單的水果/如果溫泉房間不夠/需要在餐廳旁邊等候/個人認為有些設備需要做更新/有些蓮蓬頭水壓不夠/老舊/燈座不能使用/玄關地板踩踏過度要更換/牆壁有些地方要整修等問題/溫泉浴池一般房有點狹小/基本上還是以一個人的空間為主/價錢上算中上/這樣的硬體設備其實不需要這樣的價錢/或許是附近提供泡湯的店家都提供價錢的關係/這裡也是有提供住宿的選項給客戶過夜/附上的圖片為二樓餐廳跟等候的地點/供各位參考/
B	新北投站下車後/訪問了幾間溫泉飯店或旅館/因為是要純泡湯及不想泡大眾池的考量/最後選擇了這家/只能給看倌們說/讚/2個小時990元假日費用喔/出去房間後/櫃台還給我們輕鬆下午茶卷2張/到樓下餐廳享用/這不是我們預期中的事/因為櫃台事先也沒講/所以感覺又賺到了/雖然沒有飯店那麼豪華/但不錯了/人要會感恩/總之今天來這/算是對了日後若來這/再遇到人多或嫌價錢貴的人/來這就對了/
B	朋友非常推薦/可以泡湯也可以下午茶/冷冷的天氣適合全家大小/去桑一下/
A	房間訂2599但實際到現場浴缸超小老舊/所以加價到3199換了這個重新裝潢的/兩個人身高180跟173泡湯還算舒適/腳都可以伸直/但沒有房間確實小很多/也沒有小桌子可以使用
A	部份房間面對公園/少數房間有陽台/溫泉為白硫磺泉/不可密閉泡湯/有安全顧慮/停車場在一樓/櫃台在三樓/早餐尚可/下午茶尚待加強
A	選了/2099櫃檯推薦較大的房間泡湯過夜/結果上了601號房充滿了超濃煙味/整個傻眼/換房後701一樣也是有難聞的殘留煙味/房間陰暗又小又老舊/浴室的溫泉浴缸也非常小/我們又疲累又晚只好委屈過夜/相較於好幾年前的泡湯經驗整個大失所望/飯店業者完全不在乎品質/整體大概只有隔天早餐還OK/非常的不推薦/
B	價位相對較低/設備不算新且房內稍有煙味/但溫泉池夠大/且早餐算對的起房價/CP值不錯
A	星星是給很好的服務態度/除了櫃檯/有第四台/位置好/餐點非常不合胃口/只有一個電梯要等超久/建議帶老人小孩來的要多注意他們安全/只住過四人房/如下/房內的浴池很高/卻內外都沒有階梯/手不夠長的話一定要進入池內才能開關蓮蓬頭和溫泉水/另外/房間暗/煙味重/插座極少
A	櫃台人員服務很親切/我早上有喝咖啡的習慣/但咖啡的選項太Low了只有黑咖啡而已/且喝起來有點酸/
A	入住5樓房型大小適中/浴缸也寬敞可雙腿伸直/地理位置極佳/落地窗外公園綠觀/部分設備略顯不足/如蓮蓬頭握柄分離/遮光廉的滑軌老舊/改裝過的電線外漏/臥室夜間光源略嫌不足/但隔音能力首要改善/早上都是被對間喊人聲給吵醒/夜間能聽到他房的行李整理聲/
B	下午茶用餐空間舒適/視野良好/DIY鬆餅小朋友最愛/溫泉池舒適/適合家庭旅遊/
B	臨時來泡個溫泉休息一下/假日時段基本雙人988/房間雖不大但還算舒適/附的洗髮乳很順不乾澀不打結/自助下午茶樣式不多/但都還不錯吃/整體感覺很棒/
B	環境有點霉味/其餘還ok
B	泡湯環境舒服/現在來泡湯還有下午茶可以吃/真的很划算/
A	設備老舊/不知道是不是很怕房客充電/插座只有兩個/一個在電視機上面的天花板/一個在浴室/這樣就算了/還在浴室的洗手台上發現兩根長頭髮/馬桶裡還留了一張衛生紙/會不會太誇張/這樣的情況都懷疑清潔人員是不是連泡湯池都沒洗/永遠不會再光顧/
B	提供泡湯的好環境/重新裝修後有更好的泡湯品質/推薦大家來享用
B	舒適/很療癒的下午茶/紅豆湯/芋頭湯/美味麵包/蛋糕/不管他變胖/吃起來/滿足
A	泡溫泉重點就是那個池子與水質/光是放水就放了40分鐘/跟服務員反應他竟然說這邊水流本來就這麼小你這間浴缸又比較大/就邊坐邊等水放滿/水流小也不能怪池子大害我們浪費那40分鐘在等水滿吧/最後才給我們加30分鐘/但感覺真的很差/多加錢換大池子結果在那邊浪費時間等水滿/泡過這麼多沒等過這麼久的/
B	光吃下午茶還沒入住我就給滿分/地理位置好/隔壁超商/對面圖書館/滿分刷起來
A	優點/床舒適/窗戶外面公園景觀漂亮/櫃台人員親切/缺點/浴池真的太小/洗手台比浴池還寬/浴室非乾溼分離/而且會積水/只能代客泊車/明明飯店停車場還有位子/不讓客人自己停車
A	餐廳服務員態度不好請他幫一個小弟弟竟然兇我
B	平日的泡湯方案三小時/還含下午茶/交通非常方便/在溫泉博物館附近/湯池會有一些硫磺痕跡/但不影響泡湯/附床的湯屋很棒/可以休息
B	有重新裝潢過/客房裡面較現代化/房間小而溫馨/電視超大/但是但是不知道是不是每一間翻修過的房型都離櫃檯很近/感覺隔音有點不好
B	房間很棒/很乾淨/甚至結束可以有下午茶點吃到飽/簡單的三明治/布丁/麵包等等/接待人員也都很親切/唯一缺點就是泡溫泉的浴缸有點小/價格部分也算是很優惠/所以要求不多
A	1F有室內停車位/離商圈捷運站很近/辦理入住快又親切/家庭房浴缸很大/水壓也很穩定/泉質沒話說/唯一覺得可惜的是/下午茶及早餐選擇不多/
A	11/11入住好像是803房/3399浴缸很小滿舊的/因為前面沒空房/晚上八點才能入住/說贈送下午茶/不過那時已經沒什麼/而且剛過晚餐時間也吃不下/想說退房在用結果不行
B	地理位置方便/週末可以帶小孩來個親子溫泉一日遊/價位親切/很推薦親子家庭/
A	早餐不錯/下午茶普通/自製鬆餅還算有趣/餐廳服務人員還滿親切/房間我是住兩人房/床還算滿舒服/椅子也滿喜歡的/但是冷氣不冷/有蚊子/浴池有夠小/算是滿可惜的地方/
B	雙人溫泉房不大但有景觀/下午茶二人只要NTD100/東西雖然不多但cp值夠/二樓廚房丫姨很客氣又親切/
A	10/21入住/這是第三次入住/以前入住感覺都還不錯/但這次/一進房間喉嚨開始痛/原以為是冷氣太強/但關掉冷氣還是不舒服/結果是整體環境灰塵/塵蹣/讓人不舒服/一離開地毯區就沒有不舒服感/房間內冰箱有一隻小強/房內很多螞蟻/地上有許多頭髮/床舖/被子都有很重的灰塵塵蹣味/清潔做的不徹底/
B	泡湯舒服/還提供餐點/但都是甜的/下次可增加鹹的
A	衛生清潔都不錯/溫泉品質亦可/值得光顧/泡溫泉/休息/收費也合很理/
B	房間舒適/但浴池稍微小了些/泡完湯/還可以到2樓享用點心/點心吧/服務人員態度很親切
B	温泉很好/房間重新裝潢還可以/就是點心餐食差一點
A	2016/10/25光復節/當天是否是假日/當地的溫泉業者顯然不同調/所以無法順利使用溫泉季買的溫泉卷/但可以理解的是2H/960/假日價/已經是整排最便宜的/可惜無法安排到稍大的浴池/午茶部分非常簡單/比較有趣的是自製鬆餅/整體環境還算乾淨/8樓有煙味/
B	VIP雙人房住宿一晚3299/有問題打電話至服務台也馬上派人來處理/打掃阿姨還幫我們再刷一次浴缸拿新拖鞋/池子很大泡起來很舒服放鬆/缺點大概就是電視訊號不好/沒辦法看/很可惜/枉費螢幕那麼大/在捷運站附近而已交通很方便/有送下午茶和早餐/只可惜鬆餅的巧克力醬沒了/整體而言算很不錯/下次有機會會再度來訪/
A	房間有煙味/地上很多頭髮沒掃乾淨/吹風機上有灰塵/床邊的插座也無法使用/感覺很久沒有人認真打掃/
A	燈光太暗/浴缸太小/wifi訊號很差幾乎沒有/這次住宿費用2699/基本上除上訴幾點都很nice/還附贈下午茶和早餐/服務員態度也ok/其實以溫泉水來說會讓我覺得有點貴
B	櫃檯人員服務好/很客氣/房間的隔音設備不好/走廊人員走動/拖鞋聲/談話聲都聽的到/水聲/別間浴室用水或是沖水的聲音/可以再改進/
B	全室壁紙方式更新裝潢/平價住宿/櫃台接待樓層完全沒有暫時置放行李/包包/或手上東西的檯面或架子/掏皮夾或簽名時完全手忙腳亂/建議可擺個小置物檯面方便客人切克映/切克傲/
B	每年都會帶老婆去泡湯/下午茶還吃到飽/超值/
B	走廊上的香味很好/跟劣質的香味差很多/住宿一晚可有免費供應兩餐/
A	泡溫泉的地方超小而且還跟淋浴共用地方太誇張了/床邊沒插頭甚至有的插頭還不能用/一進門還有一股煙味/蠻糟糕的
B	/讚
A	一進飯店就聞到好臭的味道/退房的時候職員說是溫泉硫磺的味道/進房間都是很臭的味道/也感覺濕濕發霉/整個人好不舒服/房間燈光也暗暗的/手機自動調光了/所以圖片看起來才光亮/有一張很老舊的搖搖椅/四周塵很多/感覺很髒/房間有提供避孕套/這裡也有日租/讓我有love/hotel的感覺/好可怕/最恐怖的是浴室/超髒的/水龍頭發黃/那個所謂溫泉池黃黃舊舊/感覺很髒/最後都不敢用/還有/洗澡的時候地板去水很差/還有把洗手台底部的垃圾浮出來/超可怕的/淩晨4點走廊外還有人跟職員在講話/跟本沒隔音/這是我十年內在台灣遇過最可怕的飯店/台幣2/799根本不值/跟官方網站的圖片差太多了/不要被騙啊/
A	爛死了/湯屋沒位置也不提早講/停車場服務人員都亂回答/教育訓練做很爛
A	交通便利/房間的視野不錯/服務人員也都很親切
B	房間整體乾淨
B	服務人員很有禮貌
B	溫泉泉質很棒/還有下午茶很超值
B	環境舒適/地理環境好/泡湯舒服/餐點美味/值得推薦/
B	服務周到/住宿泡湯下午茶優/放鬆休閒好地方
B	旅館位置/嘉賓閣位於北投公園旁/離附近商店街與捷運站/走路約2分鐘/非常方便/旅館價錢/本次使用狗麻吉優惠入住/價錢比周遭旅館便宜很多/停車問題/其一樓整區為室內停車場與電梯口/入住時會由停車場服務人員泊車/並代管鑰匙/住宿空間/此次入住標準雙人房型/整體空間還能接受/房內無意味也乾淨/燈光浪漫柔和/情調不錯/中等面積的無中框大窗戶/高處夜景美不勝收/床鋪軟硬度/依個人感覺為適中偏軟的質感/身體躺著極為放鬆/浴室裡轉為明亮無壓力的空間/惟盥洗空間設計有點不良/其石造浴缸除了只能一人泡澡外/亦因其浴缸側壁過高/而蓮蓬頭位於石造浴缸內/若得盥洗/必要跨過那過高的浴缸側壁/才能使用/實在不便且有點危險/美中不足/總體評價/此旅館老少咸宜/捷運站/商店街等機能非常方便/若無優惠一般價格也是平實可接受的範圍/房內惟浴室空間設計不佳扣一顆星/其它部分cp值則為中等偏高/是可以考慮嚐鮮或再次入住的好選擇/
B	如果沒有預算問題/又能在北投住一晚/真的超級建議選擇嘉賓閣有露台的限量房/面對北投公園參天的柏樹/露台有賞景的休閒桌椅/花園打理的生氣蓬勃/晚上打上燈光更顯氣氛/喝杯啤酒/咖啡/面對眼前的美景/心真的是醉了/
B	在北投算是平價的/泡溫泉還有下午茶/CP值不錯/
B	舒服的空間/泡完湯還有精緻的下午茶/還有開心的旅人/
A	隔音不好是真的/在門口可以聽到隔壁的聲音/但裝潢和價格cp值覺得還行/畢竟還有下午茶/喊爛就花大錢去住飯店就好了/一分錢/一分貨/
B	房間乾淨/服務員親切/下午茶也不錯/已經二訪了/
A	官網放的照片內有沙發桌子裝潢不錯/但現場入住的房型沒有/裝潢老舊感覺不太一樣差很多/有種照片太騙被欺騙的感覺/隔音很差/隔壁樓上走路聲都聽的到
B	房間非常的大/椅子是愛心造型的/非常的可愛/旁邊就是公園/服務人員也非常的親切/隨身物品壞掉了還會幫忙修理/親自送到房間/下午茶可以自行做鬆餅/下午茶非常的好吃/如果下次會來的話第一個選擇就是它/
A	櫃檯的服務小姐態度真讓人不舒服/說話也不看你語氣冷冷的愛理不理/費用還可以設備也soso/就都還過得去拉
A	很差勁/10月份就打電話預訂房間/說的價錢跟現場到說的價錢完全不一樣/假日2990/房間也沒有好到哪裡去/下午茶都是一堆麵包而已/從一開始來住1980到現在的設備完全都一樣/不知道到底是調整在哪裡/
A	房間空調故障/已將空調調到最大/整晚睡到全身汗/早餐更傻眼/醬菜配稀飯/完全無sp值可言/2人房的泡湯池/只能容納1人/要價2999/而且/床頭櫃還留有前位客人/使用過的棉花棒/
B	這兩個月好像有新的房型/蠻大的很舒適/適合情侶及夫妻/早餐地瓜稀飯好吃/下午茶的鬆餅DIY超有趣的/服務人員態度也都不錯/在新北投區算CP值極高的溫泉旅館啦/
B	乾淨/裝潢很新/唯一溫泉水量很小/整池放滿要超過一小時吧/還要再加冷熱水/
B	價格實惠/房間乾淨/寬敞/安靜/代客泊車停車免費/暖呼呼泡完湯再搭配吃到飽的下午茶/讓人很滿足/
B	令我最意外的是/這邊的下午茶跟早餐/讓人很滿意
B	經朋友介紹來北投歷史最悠久的溫泉飯店/非常喜歡水質超好
B	適合全家大小一起去泡湯/還有美味可口的下午茶享用/
A	房型不錯/至於浴缸真的有點小/要說是溫泉水可以說不太像/而且水的溫度等於比一般溫水還要低/房價2799還能接受/
B	離捷運新北投站約300公尺/捷運站走過來一下就到了/7/11隔壁就是/住10樓看出去窗外風景相當不錯/畢竟飯店對面就是北投公園/浴室部分/洗髮乳/沐浴乳/肥皂/牙刷/刮鬍刀都齊全/浴池類似石磚材質/不錯/但是不大/免費下午茶可以DIY鬆餅很好吃/
B	價格平價/有床有電視/還有附點心/可是浴缸有分大小/要先說好/不然泡湯還要彎著腳/那休息就真的泡湯了
B	泡起來很舒服
A	非常糟的經驗/櫃檯跟房務阿姨連線不佳/休息時間被開了兩次門/第一次就算了/還有第二次/小心入住被無限次開門/也沒開發票有逃漏稅之餘/說了才說要開發票/最後退房居然拿棒棒糖給我們/莫名的火上來/給糖了事/萬聖節玩笑嗎/退錢還比較實在/你們調監視器懲處房務阿姨跟我沒有任何關係/如果要體驗被開門的感覺/請趕快入住/他們還會給你棒棒糖跟你說沒事喔/
A	整個房間都是二手煙味/跟店員反應也沒屁用/建議過敏氣喘人不要來這家/會咳到不能呼吸/隔天起來衣服頭髮全是煙味/
B	環境舒適/乾淨/整潔/是給自己與家人休閒/放鬆的好地方/CP值高/值得推薦/
B	房間剛好面向公園/景色很好/下午茶提供到晚上9點
B	離捷運站很近交通便利/舒服的泡湯之後還可以享受超值的下午茶
B	泡湯兩小時/還有小點心可以享用/自製鬆餅/cp值很高/不過浴室內落水頭毛髮好多/打掃清潔需要在加強/
B	住起來頗舒服的/有晚茶和早餐都不錯吃/
A	是我住過隔音最差的旅館/整夜的房務人打掃聲/房客談話關門聲等嚇醒多次/誇張至極/房間內奇怪的廉價芳香劑混和著多種怪味/開窗一小時也不散/假日4599的價格/品質太差
B	CP值蠻高的泡湯/有簡單的下午茶吃到飽/
A	進去第一小時/清潔人員/先/開/門/打電話去反應/看櫃台人員態度很好/所以想說就算了/但是也不太敢泡湯/進去一個小時40分鐘/第二次/開/門/去看門那邊/還露出門縫/偷開門還不關好門/打電話去反應一樣的回應/進去一個小時50分鐘/聽到有人逼卡/外面的人還說這間有人/另一個人說沒有人/只是這次是沒開門/出來之後還聽到清潔人員說/他們出來了出來了/好像我們時間超過一樣/去櫃台反應/還給我們不知道是棒棒糖還什麼的東西/如果大家想一直被看/一直被開門的話/趕快去體驗哦/人生第一次留言
B	硫磺溫泉很舒適/
B	飯店的位置/硬體設施/工作人員的服務態度/不管是早餐下午茶的/只能說好一個/溫泉/溫柔/鄉/
B	我覺得溫泉浴缸可以個放一個小木椅/那個浴缸真的太高
B	新北投有歷史的老牌溫泉旅館/有重新整修過/房間乾淨/浴池太小但泉質佳/早餐在2樓餐廳憑餐券用/有中式的粥/菜/包子/饅頭/也有麵包/美式咖啡/檸檬紅茶/特別的是早餐有冰淇淋/
B	店外美輪美奐/房內明亮舒適/陽台上/俯看能一睹綠蔭寰宇/夜幕低垂之時/則可仰望星塵/
B	泡湯完有小點可以望著公園放空/很舒服/服務也很好
A	整體來說算是還可以啦/環境整潔價錢也ok/但是溫泉的部份讓我有點失望不像是有泡過溫泉吹風機的風太弱了吹頭髮吹很久
A	地點不錯/離捷運站很近/附近吃的餐廳選擇很多/有專人泊車/但是/房間的裝潢跟乾淨度一般/附帶提供的下午茶餐可以用不太好吃來形容/
A	溫泉好泡/床很舒服/食物不好吃/吹風機很爛/消耗品的品質也普通/整體來說CP值很普通
B	泡完溫泉/還有下午茶可以吃/坐著休息片刻/舒服/
B	下午茶用餐空間舒適/視野良好/溫泉池舒適/適合家庭旅遊/
B	春節住宿感覺不錯/看了好多評價一直很猶豫/最後還是決定住看看/其實還不錯/服務人員跟清潔人員都很熱心親切/真的要說缺點的話應該就是早餐種類不多/不過早餐的服務人員也是很熱情
B	設備保養不錯/電視換55吋液晶/還有搖搖椅坐/午後泡湯還有下午茶/o/
B	入住美滿房型/浴池真的真的很迷你/好加在溫泉泡起來很舒服/服務人員非常優/床也非常好睡/西式早餐選項少/中式早餐較優/下次還會入住/但/會選擇大一點的浴池/
B	旅館位置/房間衛生佳/環境舒適/浴缸略小/附下午茶/餐點種類多/還可以自製鬆餅及瑪德蓮/
B	浴室很美很乾淨
B	二訪/服務人員親切專業/喜歡下午茶的鬆餅/早餐選擇性很多吃得很飽/窗外正對圖書館/很美/最喜歡北投的溫泉了/
B	807房/房間算乾淨/裝潢寬敞舒服/溫泉品質ok/浴池大小也剛好/隔音較差/溫泉水出的水壓較弱/價錢還可接受/
A	使用溫泉劵價格便宜/溫泉水過燙/應該有加熱過/要加很多冷水才能泡/泡起來溫泉水很淡/而且樓板太矮比較壓迫/
B	旁邊就是北投公園/景觀不錯/飯店重新裝潢過/所以設備尚算新穎/就是浴缸小了點/雖然是石頭的/但是有點像日本的坐式泡湯浴缸/兩人難以一起泡湯/
A	爛透/戒指跟充電器明明掉在那裡/可是打去問竟然說都沒撿到/房務沒有回報撿到東西/照片跟實境完全不符/早餐騙人/哪來的鬆餅/然後回到家發現/汽車兩邊有貼紙撕下的沾黏痕跡/兩邊的後照鏡撞裂痕跡/總之無言無奈到極點/
A	房價還要2千多/房間燈光太昏暗/床整好像整理一半/整個三分之一的床墊都沒確實在床架上/浴室設計上有點不方便/有泊車服務/早餐馬馬虎虎/好處/夜班櫃檯人員態度不錯/樓下有7/11方便/待加強
B	工作人員服務很好/待人親切/餐廳下午茶及早餐/新鮮/營養/可口/美味/景觀優雅/正對圖書館連吃東西都賞心悅目/房間乾淨雅緻/感覺上就很溫馨/安全舒適/物超所值/
B	cp值高/但房間略小/舊舊的/有下午茶十分划算/
B	國慶日連假來住的訂3399雙人住宿/房間很大/浴缸也很大/水溫ok早上比較沒那麼熱/喜歡的是它房間地板都很乾淨
B	有免費下午茶可以喝/下午茶的餐廳環境舒適而且風景也不錯/
B	泡湯2小時加下午茶/假日1188/平日不到1000/經常去
B	903房/靠公園景觀好/但比較吵/聽的到車聲跟說話的聲音/晚上可以看到星星/房門感應不佳/進房一關門就斷電/弄了很久/冷氣溫度太低/中央空調只能調大中小送風/
A	晚上八點以後才可入住/結果說/送/的下午茶是當天下午/這種攬客話術/不會再買第二次票券
B	預訂了房/因這是思念愛妻之旅/意外的櫃臺問我是否願意改到有小陽臺可露天寫回憶的房間/我毫不考慮的謝謝她們貼心的安排/願意再去時/能再再再住同一間/也謝謝二樓餐廳下午茶的接待/與一樓的代客停車服務/再一次謝謝您們/這是我與故妻到北投唯一的選擇/嘉賓閣/
B	湯屋房間有點老舊/浴缸有點小/腿無法伸直/有送下午茶/覺得不錯還可以自製鬆餅/紅豆紫米湯好喝/推推
A	爛死了/湯屋沒位置也不提早講/停車場服務人員都亂回答/教育訓練做很爛
B	很方便的地點/牛奶白磺泉/很棒/記得水要放久些才會有白白的泉湧現/
B	房間不錯/蠻乾淨的/美中不足就是第四台訊號不好/
B	環境乾淨整潔/隔音佳/擁有相當好的私人放鬆空間/價格便宜且提供下午茶/點心吃到飽以及待客汃車服務/
B	服務很好/泡湯環境很舒適/很適合去放鬆一下
A	四人房房間燈光太暗/能充電的插座太少/有的還不能使用/冷氣明明調最小卻非常的強
B	還可以再做多一些
B	泡湯有送下午茶/房間雖小了點/但整體的感覺還可以/以這個價位算起來CP值/還不錯
B	超值/可惜的是我們房間浴室裡一直有類似抽風機還馬達的聲音/沒辦法去除/那聲音就貼著床的牆壁/不是很好睡/
B	優點是旁邊有許多商店可一吃東西跟買東西/窗戶外看到就是北投的公園/最重要是有溫泉可以泡/很棒
B	未滿18勿加/詢問全套服務請加/LINE/ID/sf885/WeChat/ID/foxygirl8/call/girl外約服務/外送茶優質美女可挑可換/可立即叫小姐外送請/賴sf885/現金交易讓您放心/
A	服務親切/早餐ok/但硬體設備實在太老舊跟突兀了/感覺隨便拼拼湊湊就要給客人使用/四人房浴室裡的設備/完全不符合人體工學/
A	環境衛生不佳/一進房/浴池毛髮一堆自己還要洗浴池才能泡就算了/水壓超小/放水放了40分鐘還放不滿/浪費一堆時間沒什麼泡到湯/泡完身體還癢癢的一塊一塊/北投泡那麼多第一次上網給差評/花了/1460泡兩小時湯屋根本受罪/802號房/根本跟/460湯屋沒兩樣/
B	整體來說還不錯除了泡湯池有點小/下午茶有點雷/免費的/有泊車服務/櫃檯服務也都不錯
B	雖然天氣很熱/不過泡溫泉流汗後/感覺身體輕飄飄/舒服
B	Cp值還不錯/服務人員都很親切/房間設備有點舊但整體用起來還算可以
B	泡完溫泉還能吃個下午茶buffet/有各式包子/甜點/蛋糕/水果/飲料/餅乾/真的太享受了
A	不予置評/用心體會
B	溫泉泉質很棒/還有下午茶很超值
B	2樓餐廳整面落地窗面對知名的北投圖書館/早餐和下午茶都好棒/一定會常常來泡湯/住宿
B	兩位櫃檯女生態度極佳/房間比想像中的大/池子也是/
A	庭園雙人房隔音極差/凌晨可以聽到外面馬路汽車倒車逼逼聲及貨車升降機的聲音/凌晨不斷地聽到隔壁房從牆壁傳來的嬉鬧聲/以及房務人員凌晨在收毛巾的聲音/一剛進房剛放下行李就看到垃圾桶內有三四個用過的岡本保險套及開過的包裝/床邊的吊燈上充滿灰塵/唯獨浴缸泡湯體驗還行/附餐下午茶及早餐內容還行/櫃檯服務態度不錯/但整體住宿體驗奇差無比/
B	交通位置方便/離捷運站/新北投捷運站/不會太遠/附近有便利商店/麥當勞/北投圖書館/大型超商等等/今日的消費方式是在房間泡溫泉後去2樓咖啡廳用餐/泡溫泉2小時/咖啡廳用餐不限時間/但咖啡廳營業時間為14/00/21/00/浴室的溫泉浴缸沒有很大/一個人泡很舒服/兩個人一起泡可能就稍為有點擠了/溫泉水屬於白磺溫泉/泡熱泡累了/可以在房間看看電視或休息/房間很乾淨/有大型的落地窗可以欣賞街景/比起之前泡過/僅提供浴室泡湯/的溫泉旅館/這樣的消費方式來得更悠閒與舒服/_/我很喜歡2樓咖啡廳的用餐環境/窗戶望出去是北投圖書館/咖啡廳中低低的放著英文老歌/整體氣氛非常好/提供的餐點以小餐點為主/其中又以甜點為主/有小麵包/小蛋糕/小包子/鬆餅/水果/冰淇淋/在泡完湯的午後/悠哉悠哉的享受一頓下午茶/真的是非常舒服的享受/_/
B	房間和溫泉的品質對得起這個價格/而且等待區的椅子數量很多/在寒流來的時候不用冒著寒風冷雨等候/
B	泡湯送下午茶cp值高/教學做鬆餅的阿姨人很兇
B	免費的/下午茶/餐點/多樣的早餐/可以/自己做鬆餅/紅豆湯/養生茶/小小三明治/都好好吃喔/服務人員/都很親切/
A	晚上還是聽得到溫泉管線的噪音/不好睡/不過附的午晚茶還不錯/可以自己做鬆餅/很特別
B	整體來說都蠻好的/離捷運站很近/下次還會再來住/
A	很晚才入住/雖然有便宜價格/可是安排了一個不是很舒適的房間/房間的壁紙都脫落了還有很重的潮濕味/感覺很失落/
A	之前去過原本覺得還不錯/但後來去住宿2次感覺很差/一次是房間沒整理還給我們那間的房號/第二次是要出去買東西時發現門鎖故障/這樣的環境怎麼讓人安心住宿呢/
B	湯質不錯/還有代客泊車/晚鳥CP值很高
B	價格合理/房間小巧舒適/景觀怡人/早餐雖簡單/但足夠了/餐廳明亮簡潔/用餐喝咖啡很悠閒/員工服務好/離捷運站很近/非常方便/有去北投/會再訪/
A	吃著二樓免費的下午茶看著窗外風景真的很愜意/以溫泉區價格來說房間CP值算不錯的/唯一缺點只有櫃台服務小姐態度差到一個不行/
B	乾淨舒適又便宜
A	房間泡湯兩小時附贈午晚茶吃到飽/風景不錯/但點心選擇性不多有點失望/
A	房間還不錯/但是浴缸太深了/腿短有點痛苦w/冷氣也太強了/已經用到最小還是很冷
B	每年冬季必去/泡完湯還有點心吃到飽/經濟實惠/
B	新改裝/CP值高/溫泉水質很好/服務人員親切
A	房間小/泡澡說可以兩人的大小/但是小到完全擠住動彈不得/吹風機爛到感覺快爆炸/吹到快解體/櫃子裡還有別人喝剩的空罐
B	地段好/房間乾淨/態度親切/放假來這邊放鬆就對了
A	浴池太小了/一次只能一個人泡/
B	988/二人泡湯兩小時還附下午茶/Cp很高
B	下午茶的自製鬆餅很好吃喔/我一連吃好幾塊/泡湯的浴缸就很普通/房間很舒適但是很小
B	促進血液循環/減輕四肢的酸痛/就靠嘉賓閣了/點心有很棒的紅豆湯/超級棒/
A	房間不大但浴缸夠大/溫度舒適/下午茶和早餐樣式不多/但品質不差
B	覺得浴缸太小了/但特別的是有下午茶可以吃/雖然都是澱粉類
B	早餐很好吃/設備也不錯/停車場客滿位子難找/浴缸超小/但溫泉真的很棒/
B	有別於行義路用餐免費泡湯型態/新北投大都是飯店的泡湯方式/嘉賓閣泡湯/下午茶/算是c/p值高的了/
B	服務人員很親切/溫泉很好泡唷/2樓有/提供餐點
A	浴缸超級小/如果是較便宜的房間/浴缸的尺寸是一個人都有可能略微過小/
B	泡湯兩小時後/享用下午茶/點心豐富多樣/
B	溫泉水質不錯/服務態度佳/浴缸有小了些/下午茶點還不錯吃/
B	服務很不錯/讓我們提前入房/位置離捷運站很近/附近又有7/11/美食也挺多選擇
B	服務周到/住宿泡湯下午茶優/放鬆休閒好地方
A	早餐難吃/TMD音樂一直重複同一首歌/沒CD是不會放廣播嗎/夜間胖櫃檯態度真的跟大家講的一樣差
A	房內/湯池到處菸味非常濃/很臭/整理房間時/床單/被子也只是拉整並無更換/都還有殘留髒東西
B	泡完湯/下午茶套票CP/質不錯/下午茶該有的都有大部分是甜點/還ok
A	Check/in/時才說空調壞了/整個傻眼/還好是冬天/而且櫃台主動退500/Wi/Fi訊號超差/時有時斷OX/房間有蚊子/以上因素讓我整個泡溫泉的fu超差地/半夜1點多還沒睡/工作人員送來了捕蚊燈/貼心哪/
A	服務態度/超差/超差/超差/溫泉季欺騙欺騙消費者說可以星期日用卷/結果只能平日/電話及櫃檯服務都/超差/超差/超差/消費者跟嘉賓閣買卷/要小心/不要再被騙了
B	2樓餐廳整面落地窗面對知名的北投圖書館/早餐和下午茶都好棒/一定會常常來泡湯/住宿
B	附近的北投市場滷肉飯很好吃
B	老闆娘很有氣質/早餐下午茶真材實料/庭園VIP景觀優美/
B	臨時來泡個溫泉休息一下/假日時段基本雙人988/房間雖不大但還算舒適/附的洗髮乳很順不乾澀不打結/自助下午茶樣式不多/但都還不錯吃/整體感覺很棒/
B	960元可以享受泡湯2小時/下午茶1小時/真的還不賴
A	部份房間面對公園/少數房間有陽台/溫泉為白硫磺泉/不可密閉泡湯/有安全顧慮/停車場在一樓/櫃台在三樓/早餐尚可/下午茶尚待加強
B	未滿18勿加/詢問全套服務請加/LINE/ID/sf885/WeChat/ID/foxygirl8/call/girl外約服務/外送茶優質美女可挑可換/可立即叫小姐外送請/賴sf885/現金交易讓您放心/
B	有重新裝潢過/客房裡面較現代化/房間小而溫馨/電視超大/但是但是不知道是不是每一間翻修過的房型都離櫃檯很近/感覺隔音有點不好
A	半夜1點累了想來泡個溫泉/結果浴缸莫名有白色濁濁的物體/反應給值班主管遇到沒處理還請我重新放水一次說之後就沒了/沖掉就沒了的概念/沖掉第二次放水還是出現於是撈了一塊給他們看/值班主管才說請阿姨清於是我就從房間又跑出來在2樓餐廳等了一個小時/客氣反應說真的等累想改住宿貴飯店有什麼補償方案/結果值班主管消極處理態度說我本來就只是來休息要什麼補償方案怎樣/我來休息還來受罪的/
B	雙人溫泉房不大但有景觀/下午茶二人只要NTD100/東西雖然不多但cp值夠/二樓廚房丫姨很客氣又親切/
A	房間還可以/只是用餐沒有那麼好/東西相識度偏多/早上與下午茶來說/早餐比較好/
B	環境舒適/地理環境好/泡湯舒服/餐點美味/值得推薦/
B	整體還不錯/泡完湯還有點心可以吃/只是浴缸太高了感覺爬不出來/
A	沒有wifi/溫泉浴缸小無法兩人同時泡/沒有mod/頻道/沒有成人頻道/情侶不適合來cp值低
B	蠻乾淨我算是蠻喜歡/就是池子比較小
A	價位便宜含下午茶也有停車場/對面就是北投圖書館
A	疫情的關係吧/不満意
B	泡湯還有贈送下午茶/一千元有找/旺季二小時/淡季三小時/價格是附近溫泉旅館較便宜的/
B	服務態度好/房間感覺還不錯/主要是有溫泉可以泡/
A	一般水準的旅館/枕頭與床墊支撐力不足/隔音不太好/但是距離北投各景點很近/價格可接受/
B	泡湯很舒適/房間內直接可泡湯/泡完還有小點心可以吃
B	泡湯價錢合理還有下午茶點心/離捷運站很近/但是房間插頭太少
A	完全沒有事先告知用餐時間/泡完湯沒餐點會可用/應先提早告知/
B	CP值超高/乾淨舒適/溫泉品質佳/貴賓房型泡泉浴缸適中/情侶共浴不會擠/也不會太疏離
B	近捷運站/在圖書館旁/交通方便/但泡湯湯池有點小/泡湯後餐廳有下午茶供應
A	隔音非常差/設備舊/浴室設計不良/沒有一個門可以關緊的/重點是床底下很髒/
B	從團購網買到兩千快有找的住宿卷/覺得還算滿實惠的/窗外景色剛好就是圖書館/不錯/
B	下午茶鬆餅DIY很療癒/房間浴池舒適/
B	960元可以享受泡湯2小時/下午茶1小時/真的還不賴
B	舒服/價廉物美/還有下午茶吃到飽/唯一美中不足/竟然沒有咖啡/有點失望/但服務好
B	樓下有停車場/泡湯價格也不高/還有午茶點心/算不錯的
B	乾淨舒適/泡湯有檜木桶可選擇/並贈送簡易下午茶
B	早餐下午茶都美味/停車場在飯店大樓裡面/3樓chick/in/還滿特別的
A	水壓小/浴缸小/溫泉完全不熱/比水龍頭的熱水溫/房間濕氣很重/想泡溫泉千萬不要去
A	溫泉為白磺泉/溫度剛好/房間很舒適/服務親切/二樓咖啡廳面向北投公園非常舒服
B	有下午茶/感覺很舒服/住宿很放鬆/
B	我姊姊每次從南部上來都住嘉賓閣/非常滿意/
B	渡假的好去處/房間乾淨明亮/水質好/下次還要來玩
A	照片詐欺/浴缸太小/設備老舊/跟溫泉飯店比起來比較像休息旅店/但是是飯店價格/
B	非常體貼的服務品質/服務人員也很佳/住的地方環境很佳非常的滿意
B	符合價位甚至更好/客房內就可以泡溫泉/服務也很好/
B	價位還可以/下午茶跟早餐自助餐還不錯/北投圖書館正對面/乾淨度可
B	享受放鬆的午後泡湯/再享受下午茶/鬆餅味道也不錯/
A	很糟糕/11/11/Fri/明明不是國定假日/硬要說飯店員工當天放假了/故認為是假日/要多收費/跟服務人員抗議也沒用/Terrible/
A	電視上小燈關了/還會一閃一閃/隔音超差/隔壁一直開開關關打掃/從晚上到早上都有人在打掃/根本無法好好休息
B	冷冷的天想帶兒子一起去泡湯/放鬆心情/感受溫暖的氛圍
B	價格公道/設備乾淨
B	老屋拉皮的飯店/表現中規中矩/房間大也舒適/水壓相當強很加分/喜歡/
B	1/泡湯池跟淋浴分開使用/會比較好/2/電視訊號不穩定
B	好的地點/價格逼當/但床鋪須要維修/把螺絲重新鎖緊/異音太大了/
B	泡湯很舒服/又有附下午茶
A	下午茶的紅豆湯很暖/好好喝/
B	不是頂級奢華的享受/卻可以是偷得半日幽閒的好去處
B	下午茶自己動手做鬆餅很好玩/房間乾淨且窗外風景優美/下次一定要再來享受
A	還可以/房間蠻大/但半夜水管蠻吵的
A	交通便利/房間的視野不錯/服務人員也都很親切
B	乾淨衛生/服務生也熱情/房間的風格也不錯
B	乾淨且露台太美麗了/強力推薦愛泡溫泉的大家/可以來北投放鬆放鬆/
A	真的很差/一下門開不起來/一下跳電/真的很恐怖/然後電梯超暗/服務人員態度沒有到很差也沒有很好/不好的回憶/會嚇死/保險套還沒收乾淨/一個傻眼
A	滿團購券的cp值還可以/浴缸偏小/附贈的下午茶東西很少
A	剛好我的房間有煙味/運氣不好/有提供自助下午茶和自助早餐/CP值很高
B	適合全家大小一起去泡湯/好放鬆
B	非常好的住宿環境及體驗/超推/
B	簡約高雅華麗/附自助餐/有停車場/交通便利/風景也不錯/近郊泡湯好地方/
B	來泡湯兩小時/價格平價又不錯/浴缸有點小/泡完還有點心可以享用
A	有點舊/怕吵的人一定要戴耳塞/否則管線的聲音會吵得你睡不著/餐點超普通的/
A	CP值高/泡湯有免費下午茶/地點便利/房間也翻新過
B	雙人泡湯下午茶方案還蠻優惠的820元/平日
B	溫泉真的很舒服/房間乾淨/可直接請他們泊車/對面有溫泉拉麵/很方便
B	設備有點年代/溫泉很棒/熱/硫磺泉
B	溫泉很舒服/但是房間跟溫泉都不大/還算蠻乾淨的
A	不錯/距捷運約200公尺/供早餐/下午茶/風景好/機動性強/樓
A	單純休息2/5小時/溫泉不錯/給的房間沒有照片這麼厲害
A	泡湯還可以喝下午茶/感覺很超值/
B	想要小禮物
A	冷氣噪音太大/很難入眠/溫泉不錯
B	來北投泡湯第一選擇嘉賓閣溫泉會館/讚
B	嘉賓閣溫泉會館交通便利/是北投泡湯好去處
A	個人湯屋湯池太小/下午茶一般/diy鬆餅是亮點
B	嘉賓閣溫泉會館/渡假好地方/泡泡溫泉放鬆一下身心的疲憊/
B	便直啊/在台北有這種價位/泡湯加下午茶/真是物超所值/
B	非常好的cp值/因為泡湯又有免費下午茶喔
B	浴缸太小/我一個人下去就滿了
B	/
A	你好/我今天有住宿/有遺失物品/請聯繫/謝謝
B	離捷運站近/晚上9點前還有小自助霸食用/房型泡湯池多種選擇/棒
B	住宿很舒服/早餐還不錯/
B	老闆娘很有氣質/早餐下午茶真材實料/庭園VIP景觀優美/
B	溫泉水佳房間舒適/附早餐/下午茶/餐點多樣/
B	乾淨舒適/價格親民/服務好/下次會想再住
A	有極簡易式的免費自助下午茶/停車場為留鑰匙的代客泊車方式
B	房間整體乾淨
B	泡溫泉/並有提供下午茶服務/還可以邊吃邊看窗外的景色喔/
B	客房泡湯含午晚茶/有停車位/cp值不錯
A	櫃台小姐服務態度/有須要加強/投光灯照射下房間粉塵有點多/
B	天氣冷泡個湯ok
A	服務生人很好/下午茶單調了點/早餐種類也還好/沒有特別出色
B	就是溫泉泡湯/不過貼心的是從14/00起對泡湯客人提供下午茶
A	普普通通很像在家洗澡/很多地方打掃不乾淨/床上還有鈕扣/燈光很暗/待加強
A	冷氣弱/走道比房間涼爽/但服務不錯/會再造訪/
B	泡湯放鬆的好地方/趕快約一波/
A	稍舊/但泡湯後可下午茶還可以
B	房間很漂亮/洗溫泉附贈下午茶很划算/滿足
B	停車要留鑰匙/泡湯還不錯/價格也可以/房間還算不錯
B	這裡的服務令人感到滿意/泡湯完還有好吃的下午茶甜點
B	第一次到訪/感受到良好的服務/會在回訪
B	冷氣好強ㄟ/但服務態度都很好餒
B	溫泉很優/服務人員很棒/環境清幽/適合放鬆的地方/
B	房間乾淨整齊/下午茶餐點普通/停車方便/但是電梯不好等
A	價格親民/設備普通/有免費下午茶是賣點
B	價格便宜/有下午茶吃到飽還行/房間大/浴缸小
B	環境舒適乾淨/泡湯好舒服/
B	泡湯舒適/下午茶吃到飽且種類不少/高c/p值
A	浴缸的水不是溫泉/之前都去那休息/但衛生條件有待改善
B	泡湯完還有點心可以吃/讚讚
B	溫泉池有點小/但泡湯還能吃點心很棒/
B	住宿有送午晚茶及早餐/對面就是北投公園/非常方便
A	泡湯後有下午茶可吃/可自己做鬆餅吃/挺有趣的/
B	客房環境很好/外面就是北投公園/風景優美/早餐提供的很好吃/
B	還不錯/價格可以/泡湯2小時還有下午茶
B	泡湯後還有下午茶供應/還真不賴/值得推薦/
B	滿舒適的/雖然餐點不多/但清潔/服務/整體算還不錯
B	看起來不錯/很適合休憩放鬆一下
B	聽說這間很美很漂亮/不住不行/
A	隔音超差/出遊還要帶耳塞睡覺
A	泡溫泉季渡假的好地方/有提供下午茶點心可吃/很方便/
A	溫泉不錯/茶點以麵包為主/就不是太豐盛了
B	空間不大/但是泡湯環境還可以/泡湯休息的CP值不錯
B	服務態度好/客房舒適/餐點不錯吃
B	物超所值/交通方便/上午到公園走走/下午泡湯/還有下午茶可享用/
B	泡湯房間舒適/寬敞/下午茶點心好吃/
A	泡湯還可/下午茶太簡單了/且都是甜點/
A	抽號碼牌等待一小時之很久/下午茶東西實在是/沒幾樣也沒什麼/
B	浴缸有點高/對腿短要爬進去的人有點危險
B	撇除浴池太小外其他都不錯/但沐浴乳有古龍水味
A	住宿價格貴/下午茶待加強整體cp值不高
B	水質不錯/好喜歡/很適合渡假
B	平價的住宿休息/免費的自助下午茶/但不是很美味
B	北投溫泉地區算是不錯的溫泉飯店/不是很大的房間/但有很棒的享受/
B	價格宜人風景優美裝潢設計風格不錯
A	房間有點舊/溫泉的水是冷的/隔好久才熱/而且一點溫泉味都沒有/
B	謝謝舉辦活動/好希望可以抽到有獎品
B	房間乾淨/櫃檯人員很親切
A	問問題都沒有回答
A	還可以/就是浴池小一個人泡剛好
B	房務員表示/地球上最不溫暖的副理/
B	價格親民/設備稍老舊房間也有點小/不過在新北投交通方便/
B	早餐還不錯/下午茶普普/隔音較差/服務員優
B	泡湯還有下午茶可以吃/也有停車位/很方便/
B	精緻房不錯/下午茶不優/但紅豆湯還不錯喝
B	對面就是北投公園/房間還算乾淨/還送你免費的下午茶呢
B	服務人員很有禮貌
B	Cp值高/服務好/還會再訪/
B	地點佳/環境幽
B	離捷運站近/還有下午茶/不錯/
B	泡溫泉的好地方
B	溫暖且舒適的環境/服務也很周到
B	冬天就是要來嘉賓閣溫泉會館泡湯
B	泡湯下午茶吃到飽799而已
B	有美食加上絕佳美景/泡湯完後身心舒暢
B	衛浴設備可以在加強一點/溫泉不錯/
B	泡湯附下午茶/價格合理/服務人員態度佳/
B	非常舒適/很棒/下午茶很優
B	環境優美/感覺明亮/來北投一定要來這裡住
B	價位便宜/服務優質/下午茶不喜歡
A	入住溫泉飯店/房間溫泉沒有水/不知道還能夠說什麼了/
B	乾淨舒適/很適合放鬆的地方
B	鄭琳琳/楊明倫/祝您聖誕節快樂/
A	設備老舊/清潔房物人員不夠專業直接開住宿客房間
B	池子小了一點/其他很棒/還有點心/太屌了
B	服務很優/經濟實惠/早餐地瓜稀飯/水果特優
B	泡湯方便/隱密/泡完還有下午茶
A	房間很髒/床頭都是灰塵
B	便宜又有附下午茶的溫泉旅館/CP值很高/
B	床和房間都舒適/工作人員態度很親切
B	房間裡有獨立溫泉水浴缸提供超正
B	古色古香的溫泉/讓溫泉添加一種懷舊感覺
B	環境很舒服價格也很可以/
B	價錢合理/房間舒適/地點鬧中取靜/鄰近捷運站與北投景點
B	平價泡湯休息的好地方/
B	泡溫泉好地方又有點心可吃/
B	泡湯還送下午茶/地點舒適餐點好吃
B	泡湯/下午茶的好地方/
B	品質不錯/價格可以接受/而且風景不錯/泡湯好地方
A	廁所好像剛上完的味道/牆上有頭髮
B	乾淨/清靜/還會再來/
B	房間還不錯/溫泉水也夠熱/
B	服務好/溫泉棒/點心沒很喜歡
B	CP值超高/記得先打電話問問有沒有房間
A	開電視就搞了半小時/0分/不過/整體還OK/
B	服務好/房間大/整理乾淨
B	cp值路線的/如果不介意池子太小可以選擇此處
B	中低價/設備服務都可以接受/想便宜又怕設備不好的來這邊ok
B	房間超棒的但是以那個時間而言真的滿貴
B	幹淨/舒適/床很軟/溫泉夠熱
A	888的雙人狹窄到爆炸/錢沒給夠所以誠意也不夠
B	泉質優良/房間乾淨/還有下午茶
A	房間內有露天小陽台/很棒/可惜房間內有蚊子
B	來北投泡湯/可選這家/
B	服務態度好
B	服務好/燈光美氣氛佳/
B	服務很好/下午茶好吃/
B	CP值超高的溫泉飯店/平價舒適/
B	很讚/溫泉很舒服/Cp高
B	環境優/不錯的泡湯環境/
B	泡湯完了/還有下午茶/不算貴
B	地點好/價格合理/服務人員親切/
B	親切/不過時間/價錢看好算好在入住/會更好唷
B	平日888房間泡湯普通/但1580泡湯房間很讚
B	浴缸雖小/環境是乾淨的
B	客服人員超級親切/服務態度1級棒/
B	前不久再去了第二次/下次還會想再去住宿/
B	溫泉很棒/
A	乾淨/安靜/舒服/但是餐點很難吃
B	有下午茶還不錯/雖然我沒吃
B	浴缸雖小/但是也反映在價錢
A	乾淨/停車方便
B	非常好的服務/還附上下午茶及早餐/非常值得/
B	歡迎大家入住/一級棒
A	價格便宜/單純想泡湯的不錯選擇
B	和家人來泡溫泉/覺得/環/境/清/幽/點心尚可
A	空氣佳/服務人員笑容可掬/住宿的品質有待改空間/
A	告知車輛代停室內/結果整夜停在路邊沒停車格位置/
B	泡完澡還有點心自助壩可以吃
A	臨近捷運便利性足夠/CP值以沒有交通工具來說很高
B	泡湯/下午茶消磨時間的好去處
B	來北投泡湯/可選這家
A	房間有點老舊/但很算乾淨
A	這邊有不錯的下午茶/但是開到21/00
B	重新改裝/環境很好/午茶點點種類多/
B	設施不錯/但泡湯的池有點小
B	住宿券cp值不錯/房間乾淨/早餐不錯
B	附近環境很好/而且很方便/酒店房間清潔
B	泡湯就是要來這泡
B	泡溫泉的好地方/有停車場/
B	北投泡湯必選嘉賓閣溫泉會館
B	床大/浴缸稍小/但整體不錯/
B	/讚
B	價格合理/櫃檯服務態度佳
A	房間很冷中央空調/餐廳女服務員態度不佳
A	櫃檯解說詳細/附餐只到晚上九點
B	泡湯/用餐/才880/可是用餐只到21/00
B	環境優美乾淨舒適/物超所值/
B	有機會一定會安排入住
B	住801房/這價錢還可以拉/CP高
B	好幾年前來才888而已/漲了不少
B	價位合理/還送下午茶喔/
B	讚喔/
B	濕濕冷冷的冬天就是要和老婆來新北投泡溫泉
B	CP值高/櫃台及餐廳服務生服務很好
B	旅遊住宿泡溫泉還有免費的下午茶
B	泡湯溫泉住宿好放鬆
B	價格實在/地點方便/還附早午餐/
B	設備不錯
A	不要單靠照片定房/有一點落差
B	附近的北投市場滷肉飯很好吃
B	讚
B	讚
B	交通機能便利/房間隔音不是很好/
B	泡湯送下午茶/CP值不錯/
B	如平日來/搭配網購價格/CP值蠻高的/
B	還不錯/不用爬太久/價錢合理/
B	風景秀麗/超舒適的泡湯首選
B	價位親民/洗溫泉的好店家
A	地點方便/但其餘則普通一般/別有太多期待
B	房間雖舊/但是CP值高
B	不錯的體驗
B	好住好泡餐點又好吃
B	環境好/服務也棒/
B	地段好/湯質也很棒/
B	交通便利/泡湯/推推
B	價格與實際享用合理/會再消費
B	柯文哲的最愛/餐廳有台北市長簽名
B	環境乾淨/下午茶食物/質素0K
A	泡湯不錯/下午茶較弱
B	住宿價格便宜/但停車不方便
A	以假日來說價格親切/地理位置也方便
B	優質好店家/親民乾淨/
A	平價泡湯/有自助壩台
B	服務員的服務不錯也很專業/
B	價格平易近人/房間也舒適
B	明亮乾淨
A	餐點不是很好/清潔有待加強
B	不錯的住宿
B	動向清楚明亮/人來人往每天一樣
B	平價消費/提供滿意的感受
B	一進房就感覺無敵景觀
A	浴缸好小/有年紀的旅店
B	泡湯完有下午茶點心
B	宇宙無敵超級讚的飯店/
B	還不錯/For抽獎
B	Cp值/很高/還有下午茶
B	浴缸雖小/但是也反映在價錢
B	物值所價/地點便利/環境清幽
B	平日888房間泡湯普通/但1580泡湯房間很讚
B	房間裡有獨立溫泉水浴缸提供超正
B	乾淨/cp值高
B	泡湯/用餐/才880/可是用餐只到21/00
A	普普通通很像在家洗澡/很多地方打掃不乾淨/床上還有鈕扣/燈光很暗/待加強
B	住801房/這價錢還可以拉/CP高
B	景超好/經濟實惠/
B	還沒住過就先給5星
B	View不錯/CP值高
A	房間地板都頭髮/也太傻眼
B	不錯/下次還會去
B	悠閒的下午茶/舒適的泡湯區
B	人員服務親切/環境不錯
B	櫃台二位小姐服務真親切
B	早餐不錯/味道好好/
B	提供餐點/位置又不錯
B	泡湯/舒服/
B	空間舒服
B	還不錯/對面就是北投公園/
B	泡湯住宿一級棒
A	溫泉/視野不錯/客房普通/
B	北部泡湯的好去處
B	物值所價/地點便利/環境清幽
B	服務態度良好/設備不錯
B	優質店家/會在去泡的
B	浴室乾淨/房間明亮
B	整潔/服務態度好
B	2樓餐廳的景觀蠻不錯的
B	住宿好/服務好
A	舊咗啲/房中間距太殘舊
B	推薦泡湯非常舒壓
B	下午茶有DIY鬆餅/
B	看得出來有歲月的痕跡
B	有夠舒適欸
B	整體體驗還不錯
B	泡溫泉QK一下的好地方
A	要晚上七點才能入住/
A	空氣不錯/交通方便/
B	乾淨/cp值高
B	自己玩烤鬆餅/超有趣/
B	我是參加台北市自由行減1000活動/想到北投住一晚/好好犒賞自己一年來的辛苦/順便洗掉一年的穢氣/問了三/四間/只有嘉賓閣的價錢始終如一/不管是在他們的官網上/在Agoda上/電話詢問上/不像附近的某家飯店/我使用優惠還比Agoda貴/有做生意的誠信/服務人員態度很好/可以到晚上9點的下午茶也不錯
B	與友人來泡湯兼下午茶
A	櫃檯小姐臉臭到不行/bj4
B	溫馨/適合家庭泡湯
B	服務好/環境不錯
B	/
B	很方便旁邊就有7/11
B	環境優美/服務一流
B	還算不錯的溫泉旅店
B	地點好/房間乾淨
B	非常棒/cp值不錯/
B	北投在地的很推的溫泉
A	還沒去過/
B	服務超好/有機會再來光顧
B	房間蠻舒適的/
B	贊贊贊
B	泡湯很舒服
B	很棒/櫃檯親切
A	爛/空間狹小/服務態度差/
B	便宜的住宿/好吃的餐點
B	燈光美氣忿佳/
B	環境不錯/東西好吃
B	C/P值不錯/值得前往
B	舒服/時間足夠
B	泡溫泉好去處
A	代客泊車手腳不乾淨/
B	價格好/co值高
B	去了N次/不錯的地方/
B	陳勇豪/王怡斌一起泡湯
B	/
B	房間冷氣有點弱
B	很親切/價格也很親民
B	還不錯/For抽獎
A	重新裝潢後還不錯
A	點心蠻有趣的/
B	還/ok
B	北投泡湯好去處
B	動手做鬆餅/挺好的
B	價格便宜/CP值高/
A	冬天泡湯的好去處
B	服務很好/便宜/舒適
B	紅酒/溫泉/閨蜜/最棒的時刻
B	有鬆餅機可用
B	便宜實在的溫泉飯店
B	經濟實惠/服務周到
A	被騙了/霉味/服務差
B	北投泡湯首選之一
A	設備還蠻不錯
B	洗溫泉的好選擇
B	浴缸有點小
B	安靜/乾淨/服務好
B	整體來說不錯
B	CP值高的泡泉旅館
B	頂樓風景好開闊/
A	不貴/還可以/
B	很棒的旅館
B	泡湯好地方/
B	舒適的泡湯環境
B	溫泉品質佳
B	放鬆身心靈的好地方
B	不錯的環境/讚喔
B	房間乾淨溫泉棒
B	週邊食衣住行方便
B	下午茶點心很好
B	便宜優質的溫泉旅館
B	地理位置滿方便的
B	服務很好/
B	平價又舒適
B	有放鬆的feel
B	環境還不錯/
B	乾淨舒適
B	服務親切週到
B	泡湯的好選擇
B	泡溫泉環境舒適
B	服務優質/
B	出差台北的好選擇
B	裝潢挺好/
B	高CP值的溫泉旅館
B	還行
A	房間有點小
A	太擁擠/小了
B	泡湯好去處
B	便宜/服務佳
B	環境有優美
A	為了不想等所以選擇私人房1780/床投櫃那附近竟然有死老鼠味/到底有沒有用心清潔/連在床上躺都有那味道而且還是越來越濃/噁爆了/花1780ㄧ點都不值
B	開心放鬆
A	沒什麼進步
B	泡湯好選擇
B	Cp還算可以
B	Cp值/很高/還有下午茶
B	內裝美
A	物美價廉的北投區溫泉旅館
B	小而巧的溫泉旅館
B	泡溫泉好所在
B	優質
B	便宜又衛生
A	住一晚的平價旅館
B	還不錯啊/
B	Cp值高/
B	讚
B	不錯
B	泡湯好地方
B	泡溫泉的好地方
B	超讚
A	浴池小的可憐/
B	物超所值的溫泉旅館
B	讚/
B	泡湯下午茶
B	性價比高
B	CP質hen高
B	乾淨舒適/整體來說不錯
B	乾淨/舒適
B	乾淨
B	滿乾淨的
B	捷運站附近
B	設施完善
B	不錯
A	還可以
B	勉強接受/
B	房間溫泉舒適
B	舒適
B	乾淨
B	輕鬆
B	舒適
B	價格實在
B	舒適
B	不錯
B	推薦/
B	不錯
A	不錯
B	不錯
B	溫泉不錯
B	超喜歡這裡/
B	採光/泡湯/
A	泡湯的地方
A	溫泉
B	放鬆舒適
B	地點好
B	私密溫泉房
B	/
B	泡溫泉
B	平價好選擇/泡完湯還可以吃點小東西
A	爛死了/超爛超爛超爛/爛爆/一進房就床上有頭髮/叫來打掃的也一副習以為常/穿鞋子進來隨便換個床單而已/評價都是/當地嚮導/買評價不就好棒棒/有錢真的無所不能欸/爛/房間超小/浴室超小/只有一個小浴缸還淋浴直接跟浴缸合體/房間超級老舊只有大廳拉皮/網站照片全是騙人ㄉ/3400就這樣/不要上當/浪費我時間打這麼長一篇告訴你們要看google評價啊啊啊啊
B	溫泉舒服下午茶好吃Cp高
B	有吃有的泡/價位合理
B	房間乾淨/配色格局舒服/隔音實再有待加強/一進樓層即聽到隔壁房的運動聲響/實在尷尬/
A	剛從會館離開一肚子氣/房間收訊超差wifi也連不上/浴缸很深完全沒階梯可以坐/隔音真的爛到極點/樓上隔壁一舉一動說什麼話都聽的清楚/再加上樓上房客半夜一直踩踏地板跑來跑去影響睡眠/打了好幾通客服完全不接/我們直接放棄/到了隔天一早/女櫃檯打電話來吵我們起床然後接了也不出聲也完全不說是櫃檯/還要我們反問/請問有什麼事嗎/櫃檯沒禮貌就算了還反問怎麼了嗎/一直說是我們撥電話過去的/最後才說那他跟部門確認一下/然後退房要牽車/隔壁車擋住駕駛座門打不開/泊車阿伯也沒有想要移車的意思/我們車鑰匙還一度找不到/只能說/看評論才是最真實的/但因為當晚找不到住宿只好選擇這間/感受超差/
B	讚喔
A	情人節2/13入住雅緻的房型/價格是3999/進入後有幾個問題/1/房間超小/大約只有五坪/已含廁所衛浴/2/泡湯的衛浴跟沖澡是共用的/因此只能先沖完澡才放泡湯的水/非常不方便/3/泡湯的池子高度約60/70公分/沒有任何幫助入池的階梯/對於身材較小的女生非常不方便且危險/然後沒有附浴袍/這次住完覺得不值得這個價格/不推薦
B	我會因為你們員工洪先生的服務再次光臨/讓我體會到熱情有溫度的服務/希望貴公司引以加賞/謝謝洪先生您的服務
B	讚
A	房間/很髒都發霉/不太適合過敏人士休息入住
B	上網找北投舒適又平價休息兩小時/泡湯服務的就只有嘉賓閣/房間大又舒適/電視有第四台還有免費Wi/Fi/可以使用/溫泉/泡下去也很舒服/不會有黏膩感/我是假日來1499房型就/雙人泡湯喔/很適合情侶夫妻來訪聽說晚上八點前過來泡湯會送小點心喔/另外這裡也有住宿及供應早餐服務/第一次來就想給五星好評喔/
A	體驗敢真的有夠差/環境也是/重點是女店員的態度感覺像欠他錢一樣/我已經要下樓了/我聽到房間有電話/我跑進去接/你跟我說再不下樓的就給我加錢/我真的不是很懂/我以經要下樓了/不看監視器/態度是真的差/以後也不會在這種破地方/
B	CP值高/加送午晚茶也不算太差/
B	旅行中的良宿/CP值頗高的溫泉旅店/位處絶佳地點/從陽台可觀賞到生態公園及圖書館美景/住宿的溫泉水質優純度高/值得再度回訪/美中不足的是/下午茶餐點精緻度略顯不足/沒有令人印象的味道/
B	酒店的源頭在Kagaya下方約30米處嗎/因為它具有獨特的硫磺氣味/對於那些不好的人來說/這將是一個不好的地方/酒店不是新的/但沒有設施/每個房間都有溫泉/但便宜的房間有深日式浴缸/隨時都可以飲用/所以最好多次進入/春天的質量也不錯/沒有厚衣服/睡覺很冷/因為沒有暖氣/出於某種原因/即使在這段時間內/房間也有一個冷卻器作為標準配置/通風空氣很冷/
A	論泡湯是經濟實用/還不錯喔/但櫃檯服務人員的應對態度有待檢視/典型的/皮笑肉不笑/給人銳利/勢利/冷漠的感覺/我想請教消費問題/她就是那種省話/眼神不看人的回應/倒是2樓自助餐廳服務的大姊/敬業/和藹/有禮/這才像服務業的門面/
A	好處/我喜歡下午茶服務/美味的麵包和水果茶以及咖啡/位置非常靠近地鐵站/氣氛很好/因為它位於北投公園和圖書館的前面/缺點/早餐不好/房間清潔不干淨可見灰塵/聞起來像個小房間/
A	王某櫃檯小姐態度不佳/房間霉味重/空調差/還有門把自轉長達7分鐘/向櫃檯反應竟回答監視器沒看到人/難道是靈異現象/浴缸小又長黴/不會考慮再入住/
A	我很期待在審查我家人的照片時見到你/我正在尋找一張照片來我的評論/酒店真的是有史以來最好的/房間很熱/硫磺的味道和河口水的味道一樣/鸛是唯一能夠倖存下來的鸛/來吧/我真的病了/我有一個獨立的熱水浴缸/我有一個地板除塵器/它是Dungdakba的Mangkar/Lak/Muntuji寺/我晚上給咖啡券/但我可以吃無限量的麵包/
A	雖然是舊旅館/浴缸較小/但有重新裝潢/視野很棒/對面就是北投圖書館及溫泉博物館/
A	不知道是前台和清潔人員溝通問題還是他們的清潔標準低/浴室很髒/在我願意使用它之前不得不要求工作人員清理它/浴缸很髒/
A	我勒個去/它得到一顆星/因為你不能選擇零星/與我住在台灣的所有令人驚嘆的三星級酒店相比價格昂貴/房間聞起來像一個廉價的妓女整夜吸煙/可怕的性別酒店和我甚至沒有使用的溫泉/因為我不知道有多少人去過那裡/誰清理過它/如果你留下來/你會得到一個安全套/密封看起來像漏水/Brakefast還可以/
A	下午茶點心及服務有待改進/泡湯池裡應該要刷洗乾淨/很多身體的垢都沒刷洗/
B	很棒/
B	下午茶好吃/
B	Cp值很高/
B	早餐好吃/
B	請選擇帶浴缸的房間/沒有必要單獨去溫泉/只有早餐很差/但是下午茶很好吃/
B	早餐好吃/
B	住宿休息泡溫泉不錯的地方/午晚茶任你享用/
B	Thermal/Vally的可愛酒店您可以租一個房間兩個小時/在房間裡享受含硫磺的溫泉水/
B	對於包括自助餐在內的兩個人來說/888ntd的價值2小時/房間乾淨舒適/
B	建議中午來泡/然後吃下午茶點心有自助鬆餅喔/
B	太棒了/cp值超高喔/
B	天然泉水在巨大的浴缸裡/非常放鬆/我會推薦這種體驗/
A	一般般/
B	舒服的/乾淨的/公平的價格/
A	一般般/
B	附下午茶/很棒/便宜/
B	超棒的/交通方便/
B	棒/
B	很好/我真的想嘗試一下/
B	質量很好/而且越來越好/但價格仍然很低/
A	可停車/可泡溫泉/可吃下午茶甜點/
B	Cp值高/但下午茶小失望/
A	不錯的體驗/
B	台灣本地/如果您提前在互聯網上使用電子標牌/則可以負擔得起/
B	很棒/
B	很好/
A	太吵了/
B	很棒/
B	很棒/
B	下午茶好吃/
B	期望它早日加入旺PAY/
B	CP值超高/
B	貴賓室非常好/
B	舒服/
B	好/
B	舒服/
B	清靜/休假的好地方/
B	浴池真的很小/
A	價格０Ｋ/房間略小但五臟俱全/溫泉房的泡池有分大小/當然價格也不同/２小時的時間/溫泉色澤為乳白色/洗完後有下午茶點可享用/
A	便宜又大碗/
B	很棒/
B	很好/
A	高cp值休息/
B	好的/
B	好的/
B	很棒/
B	高CP值/
B	非常好/
B	cP值佳/
B	下午茶普通/
B	推推/
B	酥服/
A	CP值高/
B	CP值高/
B	CP值高/
A	浴池太小/
B	友善的員工/勤勞的員工/
B	CP值高/
A	浴缸太小/
B	交通方便/
B	吃早餐的view/
B	Cp值高/
B	CP值高/
B	每晚兩頓飯/
B	很棒/
B	好的/
B	好的/
A	普通/
A	普通/
A	普通/
B	物超所值/
B	好地方/
B	非常棒/
B	跟而女友/
B	可以在去/
B	有用心/
A	差勁的服務/
B	Comfotable/
A	Cp值普普/
B	好地方/
A	普通/
B	好地方/
A	很糟糕/
A	哈哈/
B	博物館/
B	吃吃喝喝/
