B	開車最需要能提供免費停車場/雖然是在中山堂地下停車場/入口是在武昌街/停車場沒有電梯/走路5分鐘左右可至飯店/提供折抵費用至退房11點/和櫃台領取折抵的時數/且無限次進出/很開心/大廳在5樓/大廳有備古早味零食/熱茶供應時間到24點/但只限大廳使用/希望疫情下可以讓房客自裝一些回房內安心使用/房內這間很棒空間很大/放置行李區很長可以放2個以上/是入住很多飯店很少會附2張椅子的/很開心可以雙人一起坐著用餐/而不是只有一位可以座椅子/水瓶放置區很有設計感/為了配合礦泉水還是扁型的呢/不夠喝的話大廳都有提供飲水機/衣架提供五個以上/很方便雙人冬天時需要掛外套/衣物/床是離門很遠/隔音感覺很好/或是當天房客也安靜吧/衛浴/洗手檯都是分開的/不是同一個空間/方便各自使用/
B	/捷絲旅西門町館/4人房3800元/為了看2021年大稻埕情人節煙火秀才來住飯店/適逢假日及活動可看到煙火的飯店早被訂光光/而想住捷絲旅是想搭配爐烤肋眼牛排活動/可惜都被訂光光/只好純1泊1食住宿/還有選擇這裡是因為離捷運站及煙火地點都近/疫情關係5樓Lounge/Bar/輕食吧/7樓萬花筒都沒開放/只有開放6樓健身房及洗衣房/好可惜啊/飯店離西門捷運站走路大概500公尺/樓下有Hello/Kitty的7/11及藏壽司很方便/其實西門町很多美食一點也不怕餓到/承襲捷絲旅一貫工業風風格/但因是商旅所以布置比較少/四人房沒有浴缸/但淋浴空間算大/很乾淨/2張大床睡起來很舒服/還有4人座桌椅休息區/不管內用早餐或外帶美食都很方便/疫情趨緩可選擇在餐廳或房間內食用早餐/而我們選擇在餐廳享用/這樣才有吃早餐的儀式感/採套餐式/有西式及中式兩種口味可以選/西式/炒蛋/薯餅/德式香腸/蔬菜/中式/浦燒鰻油飯/玉子蛋/蔬菜/沙拉/麵包/水果/飲料可無限續/我還是比較喜歡自助式早餐/選擇多一些耶/2021/10/16
B	在外住宿因為價位和性價比/通常都選擇民宿居多/這次因為臨時需求/找到這裡入住/我發現真的很多優點/這次入住的房型是9樓家庭房/優點/1/交通位置極方便/去哪都方便/2/樓下就有7/11/全家和壽司郎/不用擔心飲食/3/雖飯店門面小/但房間的空間不馬虎/對商旅人士或帶小孩的旅客很夠用/4/房間內的設施幾乎都有/最棒的是有很充足的衣帽架/5/浴室雖小/但衛浴和廁所分開/比乾濕分離更好/6/燈座的開關設計簡單易懂/照顧到不同時段睡覺的人/7/房內有一張可工作/吃飯/聊天的長形沙發和桌子/真的是很貼心/讓旅客可以有更多使用上的變化/缺點/1/隔音有點不好/房內小孩的追逐聲/和走廊說話的聲音在夜深的時候比較容易吵雜/因為這次也是帶小孩入住/所以也是擔心吵到別人/就是盡量別讓自己也影響他人/這是入住的第一天感受很好/給大家參考/
B	飯店櫃檯在5樓/因為跟洛碁飯店同棟/地理位置相當不錯/台北火車站和西門捷運站都可以到/走路過斑馬線就到西門町了/這次入住六天/房型是豪華雙人房/床很大/房間高度有點矮/房間雖然沒什麼設備/但基本的都有/飯店入住人數很多/所以如果吵鬧聲其實都聽得到/隔音稍嫌不好/浴室的水管偶爾會聞到臭臭的味道/而且毛巾都偏小條/早餐感覺就是兩組菜色每天換/沒什麼新意/但也算不錯了/採自取自己收/晚上大廳會有點心和咖啡/只供應到10點吧/覺得蠻貼心的是有手機充電器和線提供租借/要押金300元/覺得蠻方便的/服務人員態度都很棒/真的/綜合以上會推薦來住/
B	1/14/1/17北上出差入住三個晚上/單床雙人房的空間雖然不大/但是格局規劃簡潔舒適/不會有壓迫感/床鋪很好入眠/寒流來襲的房間溫度依舊溫暖/浴室空間略小/不過對工作行程來說/整體已足夠/館內服務人員態度良好/第三天早上發現沒有訂到早餐/櫃台還是招待我們用餐/非常感謝/自助式的餐點每天都有些微變化/選擇多樣/方便又美味/旅館有停車抵扣服務/離西門町也近很方便/
B	整體來說CP值很高/而且離西門町非常的近/且一樓就有7/11/很方便/房間雖然沒有到很短/但整體空間不會太壅擠/有無限供應免費的點心/菜脯餅等/飲品/茶/咖啡/檸檬水等/早餐品項不多/但很精緻/也很好吃/餐點也會一直補充/不會有被吃完的狀況/浴室空間很大/但沒有浴缸/吹風機是好的吹風機/不是傳統小支的那種/床也非常的大/軟硬度適中/被子看似單薄/蓋起了非常溫暖/
B	櫃台人員親切/旅店環境乾凈/鄰近商圈及捷運站交通方便/房間內桌椅舒適/床墊軟硬適中超好睡的/且隔天不會腰痠背痛/隔天早餐精緻超好吃/每每入住都有回家的輕鬆感/另已訂農曆年節的房型/期待再次入住/
B	這是第二次住宿/兩次都覺得非常棒/房間佈置有一些皮革裝飾很有質感/空間設計的很舒服/有一些景點壁畫非常有特色/櫃檯服務親切有禮貌/大廳空間還有無限吃的小餅乾和熱咖啡/
B	西門捷絲旅/官網住房專案/2022高鐵聯票1/3月/Go/Green/綠色風潮旅行/一起愛地球/綠色輕旅行/房型/精緻客房/平日1500元/加購高鐵8折/不買高鐵也可以訂/那時候訂完沒幾分鐘打電話來問是不是忘記訂高鐵/真有效率/有買高鐵有延退12點退房/沒買高鐵11點退房/3點入住/環保專案沒有一次用備品/有兩條大毛巾/淋浴間牆壁上有沐浴乳/洗髮精/兩罐礦泉水跟晶華一樣是方形瓶子/大廳有飲水機/咖啡機/1300/0000供應零食吧檯有餅乾茶水/0700/1030早餐/有洗衣機/製冰機/跟洛碁大飯店中華館同一棟大樓/捷絲旅5/8樓/5樓櫃台大廳吃早餐的地方/6樓健身房0900/2100要使用跟櫃台說才開/7/8樓有萬花筒藝術角落給網美水水小孩拍照/入住退房的櫃台人員接待口氣都很好/不愧是晶華體系的旅館有品質/有備註遠離電梯/雖然CI沒有再提醒確認/房間的確安排在最裡面的邊間/空間大/靠近中華路/可惜沒有暖氣/越來越冷還是把空調關掉/廁所免治馬桶/跟淋浴空間分離/早餐不錯/有優格/生菜沙拉/水果很豐富/白粥/豆漿/牛奶/果汁/麵包/果醬/饅頭/穀片/熱菜/肉燥/豬肉片/魚肉/甘藷條/熱狗/通心粉/想用優惠的價格住到捷絲旅/可以考慮環保方案/位置在西門町逛街吃東西很多很方便
B	12月中入住/在官網訂到1900元環保專案/沒有牙刷/紙拖鞋那些/有浴巾/的平日雙人房/搭配高鐵6折聯票實在是超級划算/我們的房間在靠近電梯的轉角/所以沒有感受到別人說隔音差的問題/睡的很好/附贈的自助式早餐非常有誠意/交通的部分搭捷運很方便/離西門逛街的地方也不遠/房間乾淨/水壓也很足夠/下次會再來/
B	位於西門町商圈要到中華路上/每房附贈免費停車在附近的中山堂/需要坐電梯到5樓大廳check/in/提供免費小點心咖啡茶到晚上10點/飯店位置超好/樓下是可愛小七/早餐品項不多但是每樣都好吃用心/電話詢問空調問題也得到非常詳細的說明/不愧是晶華集團/給個讚/美中不足是911房蓮蓬頭水溫很難調而且有一點漏水/但是這個性價比和服務很可以/
B	3人房是給我們轉彎的畸形房跟圖片的豪華三人房長得不一樣/住得還行吧/去年有來住過2人房/大廳的鞦韆跟熊退場了/一切還維持得很好/只有早餐退步了/廚師絕對換人了/手藝得用點心思啊/熱炒的青菜實在放太多油了/其他早餐工作人員甜美熱心
B	浴室附有大風量的Panasonic/吹風機加分/各項備品完整/房間乾淨舒適/櫃檯大廳附咖啡飲品及小點心/寬敞舒適/會讓人想久留
B	入住按摩專案/按摩就在隔壁很方便/服務人員親切/隔音很好/早餐也好吃/也有小小孩放鬆的地方/離西門商圈也很近也方便/樓下就是7/11/唯一缺點房間比較小/依價位跟整體來說/cp值很高也很推薦
A	隔音真的是我住過這麼多飯店以來/史上最差/隔壁房大聲喧嘩/到凌晨2/30/而且還ㄧ直進出門的開關聲/超級無敵大聲/有請服務員提醒ㄧ次了/但也沒改善/外頭大馬路/晚上摩托車聲也很清楚/浴室熱水忽冷忽熱很容易燙到/早餐極簡/非常不美味/空調到ㄧ定溫度會變超大聲/住的非常煎熬/隔壁吵/大馬路聲音/空調雜音/真的超崩潰/直接變黑名單/永不入住/拜託看到我的評論的各位真的請三思
B	房間乾淨/服務態度很好/有小點心咖啡隨時可以食用/桂圓紅棗茶超讚的/
B	這次訂房一樣用Agoda訂房/沒住過捷絲旅所以來體驗看看/整體綜合來說已交通方面很便捷離西門町商圈也只要五分鐘即可到達第二飯店櫃檯人員服務態度很好/設施方面很可惜因疫情問題所以有些沒開放/不過基本該有的都有正常營運/在來早餐方面這次我住三晚所以會有三天吃早餐的時間觀察下來除了基本的生菜沙拉主食麥片麵包沒變之外在主菜方面會做變化都是以三葷三素的菜色做配合不會讓旅客覺得單調也很貼心為吃素的旅客設想/至於隔音方面這我就無法評論畢竟這次我被安排在大間的房間所以沒跟其他客房同一區/整體住下來只有讚且超舒適還有一點我最開心就是他有免治馬桶/很謝謝捷絲旅全體人員的用心感謝你們/辛苦了/
B	住九樓豪華一大床房/有免治馬桶/房內給的水瓶子也滿好攜帶的/五樓這邊也都有給大家一個共用空間/可以談公事/玩桌遊/洗衣機烘衣機又都是免費可用/如果想要借暖風機也可以借到房間/房內吹風機還是panasonic/健身房小小一間/預約機制/覺得可以增加個臥推椅/這樣會讓人可以做比較多重訓而不單單有氧/另外兩層樓還有網美拍照區也滿特別的/服務員也都很親切/重點是/這邊的早餐超豐盛/真的很推薦大家來/而且早餐必須要吃/如果後續也想看到我吃的其他餐廳/or/小吃/手機點擊連結可以使用/Google/追蹤
A	回到飯店房卡突然無法使用/還要特地跑到櫃檯更換/早餐等待過久/房間天花板過低感覺很壓迫/而且房間沒有全身鏡/
B	乾乾淨淨很有風格/大廳休息區各區都很有特色/享用免費供應的古早味零食與飲品/閱讀書籍讓心靜一靜/房間是比較少見的長形兩小床/設計風格蠻舒服的/兩張床中間的沙發/或坐或靠/看電視享用晚餐/非常舒適/床頭邊還有一個小窗台/坐在那裡很有情調/早餐很豐富/廚房就在展示櫃後方/酷/
B	房間乾淨舒適/設計感十足/地點交通方便/另外有提供咖啡跟點心/值得推薦朋友入住
B	第一次住捷絲旅/有高鐵聯票方案超棒的/三人房空間寬敞/室內還有不小的聚會桌/早餐品項豐富好吃/西門店位置方便/服務人員很友善/尤其是櫃檯戴眼鏡的男服務員/給他推推
A	入住一張加大床房型/裡面是兩小床併的/睡在中間感覺到中間有一個縫/官網訂房沒有特別告知/無提供停車補助/到達飯店才知道/高鐵專案沒有提供停車補貼/浴室磁磚全黑色/感覺是為了發霉看不見髒/熱水很難調整/不是太燙就是太涼/有帶小孩入住不推薦/雙人房型只提供兩瓶瓶裝水/飯店告知不能再額外提供
B	我在中秋節連假入住兩天/第一次入住捷絲旅/於西門町捷絲旅/樓下有7/11跟壽司店/分享我的住宿體驗跟價格/1/房間裝潢及格局/訂兩人加大床/裝潢精緻/很有舒適感/落地窗的光線佳/窗簾的遮光效果很好/早上沒有被亮醒/2/浴室/洗澡空間很大/很乾淨/沐浴乳跟洗髮精很香/重點是燈光真的很好/洗起來很舒服/3/設備/吹風機是Panasonic/提供礦泉水/咖啡包/室內拖/電視有第四台/我還看到睡著/4/人員服務/24小時人員服務/晚上23/00/24/00因私人因素/致電到櫃檯/櫃檯服務小姐真的超級有耐心/而且很重視我的要求跟反映/隔天店經理也特別向我提出的要求提供協助/還親手寫了小卡片致意/真的很賓至如歸/對於服務態度100分沒話說/而且是24小時人員都會快速處理我的問題/5/隔音問題/要看房間/我的房間於902真的很安靜/早晚都沒有噪音/6/最後一天退房因睡過頭/飯店沒有打電話吵我/還讓我休息/這點真的非常加分/因為每次去外面住宿/飯店都會10/40提早打擾提醒要退房/影響睡眠/貴飯店晚上以客為尊/真的非常喜歡/特別感謝/你們的服務人員/以及店經理的招待/已經將你們的住宿體驗分享給親朋好友/他們下次皆會指定到西門捷絲旅住宿/
B	兒童友善對待的旅店/服務人員/有耐心/因為有平日入住12歲以下免費的活動/所以入住家庭房/設備環境都乾淨安全/床也很好睡/
A	/9/17更新/花了這麼長的時間寫了這樣詳盡地分享文/沒想到該飯店的台灣區總經理只能拿一個罐頭簡訊出來回覆/完全沒有試著去說明與溝通/所以這也間接地證實我所言不假/真是令人失望/再扣一顆星/打著晶華/晶英子品牌的旗號/在疫情較為趨緩的情況下我終於有機會來做初次體驗/結論是/完全沒有感受到該品牌對外所宣稱的/風格優旅/心細如縷/的感受/更不要說他們官網上所說的以親民/實惠的價格/享受媲美五星飯店的優質服務/我想這次的體驗可以說是媲美五星飯店的價格但卻連三星飯店服務都不如/首先/我這是訂購的是12h宅饗牛排方案/總計是1696/600/2296含午餐但不含早餐/在疫情期間/房價還要近2300的飯店其實不多/例如五星級的六福萬怡就有2022不含早餐的價格/所以我才說這是媲美五星飯店的價格/但付出這樣的費用得到的服務卻是遠遠低過於次/首先在入住時/飯店櫃台小姐告知有做房型升級/滿懷期待地進到房間一開門整個大傻眼/我訂購的是豪華客房一大床/152公分/188公分/但櫃檯給我的卻是精緻家庭房二中床/140公分/188公分/雖然說房間的空間比較大/但我就是兩個人來住而已/額外的空間說實話對我們而言是毫無用處的/更不用說家庭房的配置是把洗手台放到外面並把淋浴間跟馬桶的空間分開來/這樣對需要洗手間隱私的人來說是絕對無法接受的/而這也是我當時訂房時把精緻雙人房兩小床房型排除在外的因素/除次之外/這間房間的電視大概可以說是十年前的機型/３０吋不到的螢幕小到不行/我之前有住過七樓的房間/那邊電視就已經升級為５５吋/真的是天壤之別/所以我進到房間之後就跟櫃台反映此一狀況/但沒想到櫃台人員的態度竟然是跟我一直強調說/這是升等耶/房間不是比較大嗎/而且一直咬定兩種房間的床大小是一樣的/然而對於電視新舊的差別/則是矢口否認有較大電視的房間/一開始說所有房間都是這種電視/甚至反問我上次住是幾號房/但我再三表示我只有兩人住宿/不需要過大空間/況且你們所謂的升等/是從一大床變成兩中床/更不要說我訂的是/豪華/客房而你們所謂的/升等/則是換成/精緻/家庭客房/根本可以說是降等/因為你們精緻房價格就是比豪華便宜不是嗎/況且若我今天是OTA訂房/或是訂的是不指定房型的專案/那被更動房型還說得過去/但我今天是透過你們官方網站訂房的/竟然還會有這種事情發生/在我強烈堅持之下/櫃台小姐只好表示他先幫我喬看看/請我先回房間稍帶/結果就等了快一個小時/櫃檯才來電話告知他們有喬了一個房間給我/本來計畫著１１點入住後下午一點才要用午餐/中間可以好好的在他們有名的床上休息一下/沒想到被這樣一折騰/到快１２點半才正式住到我訂購的房型/而針對這樣的狀況你們也完全沒有給予我任何的補償甚至是協助/所有的行李都是我自己這樣不同樓層的搬/甚至我的這個訂房專案是到隔天１２點退房的/ｃｈｅｃｋｉｎ時完全沒有說明/害我隔天就照著房卡上的說明時間急急忙忙地去退房/事後才發現我根本就不用在退房高峰期去跟著人擠人退房/還真符合你們品牌精神/心細如縷/
B	中午到達飯店/本來只是想借放行李/但櫃檯的小姐就說房間已經整理好可提早入住/看到我們帶孩子/就立刻詢問我們需不需要澡盆及奶瓶消毒鍋/態度積極親切/三人房不會感覺狹窄/環境整潔乾淨/連住兩晚/早餐有變化/口味都好吃/大廳的咖啡/茶/點心也能隨時享用/距離捷運站也很近我真的覺得整體來說/完全不輸五星級飯店/是很棒的住宿體驗
B	12/8傍晚入住慶祝紀念日/因是旅館的型態/原本沒有抱太大的期待/但一進lobby樓層/就感受到旅館各方面的用心與巧思/有別於同價位旅館/一進房間還發現有小小升等到特大床/特別謝謝櫃檯男性主管的貼心服務/非常超出預期/果然是晶華集團旗下品牌/cp值很高/
B	整體而言/房務超級乾淨/讓我們超級放心/大廳的自助式咖啡/茶點/輕工業風的簡單風格/提醒旅人/放慢腳步/細細品嘗旅途的滋味/擺設動線流暢/讓我們放下所有的思緒/回到初心/早餐營養好吃/能量滿滿/值得回訪停留的好地方
A	預定今日入住但臨時身體不舒服/本想聯絡飯店看能否改期入住/如果飯店不答應的話也只能自認/畢竟如果照著條款走飯店並無理虧/但沒想到與飯店聯絡的過程讓我出乎意料/也決定未來不會再入住/一開始致電飯店櫃檯解釋狀況/櫃檯人員說可以改期並轉接至訂房組/但電話遲遲未被訂房組接聽/無奈下只能掛掉重打/前台人員改為要求留下聯絡方式並保證訂房組一定盡快回撥/然後/就沒有然後了/萬般無奈下只能改為聯絡原本的訂房網/請他們代為聯絡/看來他們聯絡的上飯店/因為飯店改口不能改期住宿不能退款等等/原本只是希望聯絡飯店/看能否通融改期/不被接受也是意料中的回答之一/但萬般沒想到此號稱晶華集團旗下飯店的服務與人員訓練竟是如此糟糕/以躲客人的方式來處理事情/這是晶華集團員工教育訓練的其中一條手則嗎/可惜了上次住宿的美好經驗/未來不會再考慮這裡了/
B	如果選項有六顆星/我一定會給更多的星/由於連假怕塞車的關係/選擇了留在台北享受假期/幸好/選了間很滿意的飯店/首先要稱讚房務部/有禮貌/因為我有帶小孩/跟飯店多要了毯子/半夜發現少顆枕頭/一通電話也馬上送到/貼心的員工擔心吵醒小孩/用敲門的方式而不是按門鈴/大心/再來是很多人討論的隔音問題/我們住中華路邊/基本上除了白天會聽到一點點/真的是一點點車聲/半夜完全無聲/隔壁的隔間牆也沒聽到什麼聲音/走廊就真的聽的到聲音/但也沒很大聲/很多飯店比這個吵的更多/我老公是怕吵的人/他都覺得是他可以接受的範圍/最後櫃檯服務人員跟早餐服務人員也是想給100分/隨時注意客人的狀況/有問題立馬幫我解決/早餐是套餐式/咖啡好喝無限續/由於小孩需要吃麵包/他們馬上幫我們變出來/看我們帶小孩/可能擔心我們行李整理太慢/幫我們延後一小時退房/床好睡/棉被舒服/由於我們住2張單人床房型/中間有一個沙發區/晚上直接鋪一鋪讓小孩睡那一塊/才不需要嬰兒床進來佔空間/點點滴滴連我龜毛老公都說下次還要來/如果要說缺點/應該就是/礦泉水太小瓶/要多給幾瓶/吹風機小枝的/吹很久/疫情期間所有設施不開放
B	3人房舒適/床墊偏硬/早餐餐點種類多/午餐爐烤肋眼牛排肉質軟嫩/樓下就有小七採買方便/地點佳/逛街方便/
B	捷絲旅西門館地點超方便/附近有網美7/11和壽司郎/附近有西門商圈/2人房很棒/一層雖然很多間/但不會聽到隔壁的聲音/五樓有飲料Bar跟餅乾可以吃/早餐有很多樣/建議七點用餐/人過多需要排隊用餐/
B	房間簡約乾淨/早餐選擇性多/很豐盛/服務人員態度親切/
B	住好住滿/牛排果然不失所望/午茶吧也很棒/到午夜/沙發區夠多很chill/而且服務到位/竟然幫我把四件寄放行李送入房內/感動/
A	服務態度很好/可是隔音真的很差/本來看到評論想說應該不是每間房都是如此/結果外面走廊的聲音聽得一清二楚/甚至隔壁在浴室洗澡講話都聽得到/我是看到有26小時住房送牛排才訂房的/結果食物也讓我跟我的伴侶不甚滿意/前菜配餐有廉價感就算了/牛排筋很多/我個人是不怕吃肥肉的人/可是筋跟油的部分多到讓我吃到很反胃/且明明有說是七分熟但看起來差不多3到5分/可惜沒拍切面/只想趕快吃完就走/最讓我覺得傻眼的是牛排一端上根本是冷的/整盤最好吃的是花椰菜/連杏鮑菇都能做的很乾很難吃/唯一讓我沒有閃人的點就是櫃檯小姐很親切可愛/除此之外我想不到什麼優點/疫情期間想說不要去外縣市/來這放鬆一下/結果蠻失望的/的確兩千塊的品質可能真的不能要求太多/但感覺沒有一點有對得起客人/要嘛好好找廚師/要嘛搞好房間隔音/還有很多可以改進的地方/但我應該是不會再去這家
B	於中秋節收假後入住/這次訂購的方案為加零方案/1000元入住雙人房含兩份早餐/還幫我們升等兩張大床/加入晶華會員/輸入推薦碼/JA502672/即有機會升等/非常划算/環境整潔很優秀/疫情期間可使用健身房但需預約/每小時一個時段/五樓提供免費洗衣烘衣/洗衣粉10元捐贈給慈善機構/這次使用烘衣機覺得烘一次不太乾可能需多烘幾次/疫情早餐可選擇外帶或內用/分中式/西式/素食/分量充足/每日可能稍微有變化/如果內用的話可以詢問廚房如果食材充足的話可以加點/素食餐點有各種青菜/沒有奇怪的加工食品或是用清粥小菜打發這點很棒/雖然沒去體驗到因疫情關閉的萬花筒空間/以後有機會考慮再次入住/
B	房間乾淨整潔/早餐很好吃/CP值高/非常推薦在西門町玩到很晚去住的人/樓下有7/11/出門走一下就有捷運公車/鄰近西門商圈/真的很棒/
B	捷絲旅西門館地點便利/樓下就有超商跟壽司郎/走路就到西門商圈/四人房蠻大的/五樓有飲料Bar跟餅乾可以吃/早餐有還可以/唯一的缺點就是用餐位置太擠
B	精緻雙人房平日26h退房含兩客牛排/海鮮兩床1999房號七零六景觀很不錯/房間不大但設計的挺精緻有巧思空間不壓迫/比較不OK的是設備的維護/淋浴的花灑座整個已鬆脫/餐點選擇海鮮較美味/在旅宿業裡算是表現得相當出色但牛排的油花分布很不均較可惜/從櫃臺的接待到餐廳的服務人員都讓人印象深刻的客氣/讓人飯店感到軟體方面的重要/
B	第一次如入住捷絲旅飯店/在西門町鬧區/價格CP很高/還有免費早餐及停車折抵/如果要入住記得帶行李箱/方便與停車場提托行李入住/有一小小距離/如再次到台北願意再次造訪/
B	這次入住超乎想像/工作人員幾乎有求必應/雖說有些浮誇/但似乎又找不到更好形容詞/希望不要反而造成店家困擾/餐點也是不錯哦/非常真心推薦/就算家住隔壁也值得到此一住哦/
B	交通便利/距離公車站3/5分鐘的步行距離/捷運站不到10分鐘的步行距離/附近有許多小吃和餐廳可以選擇/到西門町步行距離不超過10分鐘/房間設施就是4/5星級/電視電影頻道超過100台可以選擇/免費WiFi速度夠快/冷氣夠強/5F櫃台接待處可以幫忙補充飲用水/自備水壺/早餐/目前可以選擇內用或外帶/有中式或西式可以選擇/的品質和分量令人滿意/咖啡和果汁都可以無限續杯/用餐時間基本上為1個小時/可以悠閒地享用早餐/目前的零確診方案/C/P值超高/依入住人數提供免費元氣早餐/並且延遲退房時間到14/00/後續如果還有類似的優惠方案/一定會再來入住/希望到時可以吃到自助早餐/享受更好的服務/
A	隔音差/一直聽到走廊的聲音很吵/還有床很硬又小/我176公分睡腳居然會超出去/枕頭也超硬/還有冷氣調自動風量/每次冷氣自動停止的時候會有非常明顯的風吹聲音/一開始還以為有阿飄/後來測試幾次才發現是冷氣/另外有些房間沒有對外窗但網站沒有註明/後來要求換房有給換所以多給一顆星/然後廁所和房間是開放空間/只有一扇門/變成上廁所味道會立刻飄到房間中/且廁所上方沒有獨立抽風/太多地方需要改善/可以在廁所上方多一個獨立抽風吧/還有床換好一點/老實說不是很推薦
B	本次是為家人訂房/我是第一次訂房/而家人是第一次入住捷絲旅/從訂房/家人入住/吃早餐/退房/入住的家人都覺得很不錯/並給予很好的評價/希望下次換我入住捷絲旅/
B	房內空間大/乾淨/整潔/有設計感/衛浴水量充足/樓下有7/11很方便/缺點/枕頭太扁
B	訂購平日1999含牛排及早餐的方案/真的很超值/飯店位於西門商圈/用餐逛街都很方便/飯店本身也很棒/5F的Lobby結合交誼廳是24H提供飲品及茶點/非常貼心/房間空間設計的很舒服/雖然沒有衣櫃但牆壁有很多可掛東西的設計/且多了置放行李空間/淋浴間和廁所分開也很不錯/床和被子蠻舒服的/有使用6樓的健身房/小巧不過乾淨也有飲水及毛巾大大加分/餐食的部份/牛排餐非常美味可口/自助式早餐也很豐富/比預期還美好/
B	地理位置超棒離西門町超近又有免付費停車場/疫情期間早餐有分中西式可選擇餐廳裡內用或外帶到房間內享用/房間的床支撐性很夠睡起來很舒適/淋浴設備的熱水出水量豐沛又很快就出熱水很棒/
B	服務好/餐點好吃/房間有特色且乾淨/CP值很高的旅館
B	CP值高/服務親切/解說分明/5星級房間設施/離公車站牌近/5F櫃檯提供裝水服務/須自備水瓶等/超過百台的電視電影頻道/提供充分的選擇/臨近西門町/只需5分鐘的步行距離/酒店附近有多種美食選擇/
A	超級辣雞/態度非常差/搞的別人欠她們錢一樣/很差勁服務態度/以後再也不來了/
B	櫃台的接待先生/親切有禮/體貼的協助房務需求/設想週到/讓人賓至如歸/餐點更是無懈可擊/捷絲旅西門是我們一家在台北住宿的最優先選擇
B	官網1999有牛排專案/升等房型但兩人給兩床/升等好像也沒啥用處/牛肉還行/但沒到很驚艷/看是含裡面還能接受
B	在西門町綜合大樓裡的飯店旅館/捷絲旅仍保有水準/早餐也不錯/特約中山堂地下停車免費/是在西門町過夜的好選擇/
B	櫃檯有一位應該是來自香港的人員/非常客氣有禮貌/對各項入住規定講的非常詳細/讓這次入住加分不少/方便乾淨/雖然不大但規劃的不錯/搭配官網方案非常划算
B	萬花筒跟童遊趣依然關閉中/並未採取定時人流管制措施/所以如果是為了網美照或親子玩樂/要再思考一下喔/
B	環境不錯/房間的擺設跟設備也很棒/扣一分是隔音不好/然後還沒到退房時間/房務整理人員的動作以及交談聲音很大/這樣被吵醒的感覺很差/
B	地點不錯/房間設計也很好/唯一是冷氣不太能調整/一整個晚上只覺得冷
A	內線電話是裝飾品/無法撥出問客服為何缺刮鬍刀/放櫃台喔/check/in時也不會問一下房客需求/多虧chick/in/時站了10幾分鐘才搞好/空調調不動/只能適應室溫/鏡燈故障不亮/可能疫情之下一切從簡/怪自己貪小便宜得不償失/一次店無誤/
B	既有大廈重新裝潢/內裝令人滿意/但房間空間配置有點侷限/早餐一樣好吃/性價比佳/
B	二次入住/早餐非常豐盛/房間舒服乾淨/床很好睡/隔音尚可
A	網路評價很好/但是今天打去訂房/訂房組人員對自己旅館的住宿方案非常不熟悉/口氣也不客氣/我個人對於前台服務都做不好的旅館/沒有興趣了/
B	房間感覺新裝潢好/很漂亮/住得很舒服/9/20入住櫃檯兩個服務都很好/樓下7/11很方便
B	服務好/房間乾淨整潔/唯一缺點是隔音比較不好/電梯到達樓層的/叮/很大聲
B	捷絲旅西門館/位於台北市中正區漢口街一段144號段41號5樓捷運西門站5號出口步行約5分鐘/交通方便樓下有7/11附近是西門町商圈/步行到DON/DON/DONKI/西門店400公尺大約步行6分鐘因為是搭捷運抵達的所以不知道有沒有停車場飯店內有提供早餐免費WIFI/因為疫情期間公共設施暫時關閉/這次訂房是在Booking/com/預定的高級雙床房1845/詳細房價請洽各大訂房網/台北旅遊/捷絲旅西門町館/捷絲旅/飯店/住宿推薦/住宿/台北住宿/台北景點/西門町/dondondonki西門店/民宿
B	沒想過/未來住就在家旁邊的飯店/真的是不知道為什麼/我想這就是CP值吸引了我/1999含餐實在是太優惠/我真的不知道飯店到底要賺什麼/對我來說/這樣的價錢/只要房間乾淨/能夠有一頓早餐/就讓我感到滿足/但是/這裡他給了更多/有很好的服務/有豐盛的午餐/有很大的房間/這一些很棒/可是冷氣實在太冷/讓我感覺到很寒冷/我一寒冷就會頭痛/我一頭痛就會亂給評價/所以整體來說/這樣的價錢真的是很超值/讓我能夠從我家走出來進到這間飯店/讓人感覺我似乎是神經病/為什麼沒事要來隔壁飯店住/我希望這間旅館生意能夠穩定下來/畢竟這間旅館養了很多員工/一些遊客們不要再吹毛求疵/你們要求那麼多為什麼不直接去五星級飯店住/我覺得他們已經做得很好了/請大家給他們一些鼓勵吧
B	早餐可以內用也可以外帶餐盒/有分中式西式/都很不錯/房間也蠻大的
B	房間設計佳/乾淨/水量大/早餐好吃會想再住的旅店
B	房間設計風格很棒/備品品質也很好/熱水非常熱/水柱非常強/位置很方便還有提供免費停車服務/早餐還不錯/非常好的住宿體驗/
B	櫃台人員親切/房間乾淨整潔/若不想外出選擇外送/時間到了也無須到一樓門口等待/通知外送人員將餐點放到5樓大廳外送專用桌即可/非常貼心的服務/住宿專案選擇性多/非常棒/
A	/蚊子多/霉味大/隔音差/蚊子多/霉味大/隔音差/蚊子多/霉味大/隔音差/文長懶得看請看上面/NT1600/1700/晚/雙人房/一顆星給咖啡/因為都是靠它支撐精神/要不然早就昏死在交誼廳/早就訂房前就用agoda告知需要/安靜位置最好是客人少的樓層/因為很怕吵/不想半夜被迫換房/結果櫃台和我說/沒有收到/我用aogda的訊息通和e/mail在前一天和當天傳消息想確認/櫃台半個都沒收到/西門館在agoda上的e/mail都是錯的話/放了要幹嘛/到現場又重新和櫃台確認/結果安排雖然是/七樓/邊間但一整晚我幾乎沒睡/我遇到的狀況如下/一進房間霉味潮溼重/還得自己和房務要除溼機/除了兩小時終於沒有味道/晚上十點多隔二間的鄰居的講話聲/吹風機聲音超大/隔著門都很清楚/牆壁全都是木板隔間而已/只不過外表改裝得讓你看不出來/一層樓為了要擠20個up房間出來/幾乎沒有隔音可言/十一點多房內出現蚊子/和櫃台反應/櫃台只有蚊香沒有電蚊拍/蚊香半毛用都沒有/蚊子還是飛來飛去/被咬和被吵/半夜重頭戲來了/八樓/給團客住/還有人在跑步的聲音都聽得到/房間唯一對應的外對窗傳來施工的聲音/本來想忍一忍就算了/但會聽得到堆高機機械聲和鋼架敲擊聲/此時/凌晨四點/多/終於受不了請櫃台換房/此時櫃台才終於要幫我換一個周圍鄰居比較少的樓層和房間/我問為什麼不一開始就安排/房務說幾乎客滿只剩家庭房型/因為我訂的是雙人房型/家庭房給我的話飯店又虧到所以不先給/所以我吃苦頭後飯店終於有一點良心給換而且延退房到下午3/00/5/15am才眼睛閉上/7/10am逼自己起床吃早餐/看了菜色後無比後悔起床/8/30am回到房間補眠/還打電話和櫃台提醒不要退房call且請房務打掃手腳輕一點/11/50am就被房務打掃的聲音再度吵醒/無語問蒼天/房務清潔時不時發出吸塵器撞擊牆壁聲或洗廁所聲/根本沒辦法睡/等房務弄完已經13/30以後/還睡個屁/總共睡不到五小時/寫完意見單給櫃台之後/值班經理帶著同事and小禮物道歉/可是有什麼用呢/沒睡飽加上換房/搞來搞去一整晚睡不好/白天行程全完蛋/能補償什麼/一份小禮物能幹嘛/除了增加行李重量沒半點好處/不拿/最後的最後/飯店人員跟我要回誤開的發票/金額也開錯/agoda訂房由aogda開發票非飯店開/真是無言到極致/客人如我真是花錢買罪受/蚊子多/霉味大/隔音差/總有理由來辯解/客人要忍受因為是共用大樓所以蚊子會跟著電梯一起上到飯店內/被咬被吵都是正常的/電蚊拍/補蚊器具是有多難以準備/霉味大/多放幾台除溼機很難嗎/隔音差/最終幫換房且延退房已經算很好了/被房務清掃也吵到不能補眠/延退房又如何/嗯/感恩飯店/讚嘆飯店讓小小散客延退房/到底誰是經營的人啊/值班經理花時間嘴一堆理由還不如想想要怎麼改進/當一次冤大頭就夠了/絕不推薦親友和列為拒絕往來名單/因為三重捷絲旅而想來西門捷絲旅的人/勸你三思而後行/蚊子多/霉味大/隔音差/蚊子多/霉味大/隔音差/蚊子多/霉味大/隔音差/
B	乾淨/舒適的住宿環境/交通便利/離捷運站出口近/可以到西門町走走
A	洗手乳很香/熱水熱的很慢還好現在不是冬天/Check/in時間花很久/感覺我在罰站/
B	感謝旅館為醫護人員加油棧/提供親切服務滿足房客要求/入住舒適隔音好/並提供免費的洗衣烘衣服務/浴室的水可能因膠條老舊而外漏/有發生過空調開關有接觸不良和馬桶微堵的情況
B	房間很適合住一晚的旅程/麻雀雖小/五臟俱全/唯一的缺點就是像迷宮一樣/逃生很危險
B	房間乾淨/服務態度又好/很值得入住喔/
B	整體真的不錯/晶華牛排/真的好好吃/少一顆星主要是房間隔音真的不太好/
B	地理位置方便/房間乾淨/服務人員親切/最喜歡自助早餐/
B	交通方便/逛街也方便/早餐很好吃/櫃檯人員非常親切也詳細解說/房間乾淨/
B	乾淨衛生住起來雖然小了點/但還算舒服舒適適中價位
B	交通便利/房間很大/櫃檯人員服務不錯/早餐很好吃
B	Cp值高加上選按摩卷專案/覺得有放鬆感覺還有逛北門/Cp值很高
B	疫情當前除醫護人員之外飯店人員也是非常辛苦/當高度緊繃精神壓力大之下難免一觸即發/之前入住西門捷絲旅經驗感受是非常好的/櫃檯人員服務專業貼心/盡可能的協助解決旅客需求/看到近期的評論留言/站在客觀立場/某位旅客貼出入住須知實在是看不出哪部分有透露出/禁止醫護/人員入住等內容/之後引發的口水戰也是讓人摸不著頭緒/飯店住房價格不是一直以來都是浮動的嗎/根據飯店等級/淡旺季/住房率/人力資源等等等/本身自己也是從事技術性的服務業工作/疫情期間雖不及一線醫護人員的危急/但畢竟是需要與人有著近距離長時間接觸/精神壓力不容小覷/以上不管如何醫護/飯店等單位大家都辛苦了/非常時期應該相互尊重扶持/情緒宣洩完也就事過境遷/各自堅守崗位/畢竟大家就是為了五斗米折腰
B	不愧是/晶華旗下的旅店/真的超棒的/而且還意外的被升等房型/捷絲位於/捷運西門站跟北門站中間/離台北車站也不遠喔/因為有晶華會員/這次剛好搶到快閃活動不到1400入住還有免費的早餐Cp值真的很高/旅店櫃檯在五樓/樓下有kitty貓7/11/從7/11出來往左邊走就有捷運站入口了/對面有西門町步行幾分鐘就到了/附近很熱鬧啦/不怕無聊/吃的也多/櫃檯講解服務很客氣/有24h服務/供自拍神器/手機充電器/行動電源等/還有行李包裹打包服務/5樓櫃檯旁是休息區/可自助享用迎賓茶點/咖啡茶跟一些小餅乾/還有免費自助洗衣間/六樓有小健身房/七樓有網美可拍照的萬花筒/八樓有兒童遊戲空間/飯店也有特約停車場/房間設計乾淨明亮舒適/空間也大/隔音也很好/還有陽台/床也很好睡/浴室乾濕分離/有獨立吹風機/早餐/雖樣式不多/但每樣都很好吃欸/還有小優格喔/本人是去年聖誕節前來入住/記得入住後還有發email問候/真的很注重每位旅客的感受跟意見/整體體驗真的很棒/不忘來分享一下心得/
B	推推/值得再次回訪/環境部分不得不說非常整潔/房間的設計非常現代又時尚非常喜歡/床的部分非常舒適又好入睡/非常棒的住宿體驗/下次會再回訪的/在這時刻想要跟站在櫃檯的服務人員說聲辛苦了/感謝你們在這時刻/服務著同樣站在第一線的醫療人員/謝謝你們/
B	在台北最喜歡的一間旅店/無論是服務/設施/還是客房的乾淨程度/這些基本的都做得很好/整體有設計感/色調沈穩舒適/公共空間也很寬敞/咖啡點心無限供應/即使用不到/也會感覺飯店十分用心/住了很多次/每次都滿意/
B	喜歡整體的設計和配色/讓人放鬆/服務人員/交通/購物便利/
B	飯店的品質還不錯/唯獨早餐沒有像之前網路上看了一樣/有點失望
B	洗烘衣機問題改善了/幾乎北上就來入住/因為超喜歡他們的大廳的格局/還有難忘的早餐及午餐/
B	非常好的住宿體驗/服務人員態度良好/環境舒適
B	交通方便/逛街也方便/早餐很好吃/櫃檯人員非常親切也詳細解說/房間乾淨/
B	作為警消醫護加油站/感謝你們/有可以洗衣機跟烘乾機/讓人方便梳洗/美中不足的是有些工作人員有待加強/整體上還是不錯的/推薦給大家
B	不愧是/晶華旗下的旅店/真的超棒的/而且還意外的被升等房型/捷絲位於/捷運西門站跟北門站中間/離台北車站也不遠喔/因為有晶華會員/這次剛好搶到快閃活動不到1400入住還有免費的早餐Cp值真的很高/旅店櫃檯在五樓/樓下有kitty貓7/11/從7/11出來往左邊走就有捷運站入口了/對面有西門町步行幾分鐘就到了/附近很熱鬧啦/不怕無聊/吃的也多/櫃檯講解服務很客氣/有24h服務/供自拍神器/手機充電器/行動電源等/還有行李包裹打包服務/5樓櫃檯旁是休息區/可自助享用迎賓茶點/咖啡茶跟一些小餅乾/還有免費自助洗衣間/六樓有小健身房/七樓有網美可拍照的萬花筒/八樓有兒童遊戲空間/飯店也有特約停車場/房間設計乾淨明亮舒適/空間也大/隔音也很好/還有陽台/床也很好睡/浴室乾濕分離/有獨立吹風機/早餐/雖樣式不多/但每樣都很好吃欸/還有小優格喔/本人是去年聖誕節前來入住/記得入住後還有發email問候/真的很注重每位旅客的感受跟意見/整體體驗真的很棒/不忘來分享一下心得/
B	地點方便/服務/硬體也還不錯
A	地點跟環境都相當不錯/鄰近西門町附近也有很多景點/官網訂房還常常有搭配的優惠跟高鐵折扣/已經入住這邊5/6次了/但這幾次住房一直遇到感應磁卡開不了房門的問題/上一次西門町逛到一半突然肚子痛/想趕快回房間上廁所/房門怎麼逼都逼不開/在8樓打電話跟櫃台反應/櫃檯也只叫我回櫃檯重新給我新的磁卡/結果回櫃檯還要排隊等一堆人check/in/這次入住提著大包小包回房/結果又遇到一樣的問題/去櫃檯反應已經遇到這種狀況2/3次了/櫃檯完全沒當一回事還事不關己的說/不知道為什麼有時候房卡就會自己被消磁/正常來講我都還沒退房/房卡應該這樣突然被消磁嗎/如果我一個人入住大包小包的/難道要我在8樓跟5樓之間來來回回/還要排隊等其他客人check/in/out才能幫我處理/如果突然又有內急上廁所的需求/五樓共用區也剛好有人的時候該怎麼辦/不知道其他房客有沒有遇過類似的問題/如果有/希望旅館可以正事這個問題/到底是房卡的問題還是機台哪裡有問題/讓這幾次入住奇檬子都不是很好/撇開這點其他地方都很ok
B	宅饗牛排餐/海鮮餐/制作用心/美味好吃/餐廳服務人員/親切優質
B	推推/值得再次回訪/環境部分不得不說非常整潔/房間的設計非常現代又時尚非常喜歡/床的部分非常舒適又好入睡/非常棒的住宿體驗/下次會再回訪的/在這時刻想要跟站在櫃檯的服務人員說聲辛苦了/感謝你們在這時刻/服務著同樣站在第一線的醫療人員/謝謝你們/
B	飯店的服務人員們辛苦了/目前受到疫情影響還是堅持在前線為我們服務/盡力滿足顧客的需求/並不像其他留言所說的/好的商旅值得推/住過才知道/
A	如果沒有那個心要一起挺醫護/就不要跟市政府合作警消棧了吧/我們都是有穿著完整裝備接觸病人的護理師/比你們還有無菌概念/我們只想要有個安心的地方可以休息/讓家人放心/沒想到被你們漲價就算了/還要簽切結書無接觸才能續住/沒心/
B	旅店大廳位於五樓/環境整潔/設計時尚/床墊舒適/枕頭偏硬/可以更換枕頭/但資訊不夠詳細/不知道更換服務的時間有無規定/入住時也沒有特別說明/早餐不錯/飲料部分沒有奶茶/稍嫌可惜/
B	櫃台人員十分親切/服務很好/放下行李後/可到旁邊櫃台享用茶點/是個十分貼心的服務/房內吹風機為Panasonic/吹髮時/十分快速/加上使用飯店內提供的洗髮產品/髮質具光澤感/入住房間為2人房/房間大小很剛好/不會感到壅擠/但有些房型無空間/同時打開兩個28吋行李箱
B	有小點心跟咖啡可以無限量享用/並且供應到滿晚的/飯店裡面的裝潢看起來也都很現代/還有網美打卡拍照區可以拍照/健身房的部分雖然不大/但還算齊全/有瑜珈墊跟瑜珈球
A	入住2晚家庭雙床房/高樓/優點/1/不論公共空間或房內/硬體設施空間感規劃的很好很新/2/服務人員態度親切合宜/3/雖然是位在大樓5/9樓/但5樓LOBBY以上要刷房卡/相對安全/缺點/1/浴室用水乎冷乎熱/水流瞬間轉熱到根本來不及調冷/極燙人/2/被子蠻薄的/怕冷的人記得入住前先請飯店多加件被子/3/最嚴重的是/房間隔音極差/差到什麼程度呢/隔壁房客打噴嚏/開關牆壁電燈開關/電視影集男女主角的對話都聽得到/更別論遇到隔壁房間住客喧鬧/關門聲/走廊住客進出說話聲/自然更深刻了/所以如果很幸運地/跟左右2間隔壁房的作息時間一致/那困擾不大/但我們卻一路被干擾到半夜近2點/
B	這半年多來陸續住了三次/下次來台北還會是首要考慮的飯店/地點方便/早餐好吃/提供中西式/交誼空間的免費提供義式咖啡機/咖啡香濃好喝/且在交誼廳休息區很舒適放鬆/免費提供洗烘衣機很方便/床很好睡/是很穩固的記憶床墊/睡得很安穩/個人很喜歡/之前第二次入住有發生小插曲讓我不是很高興/但在反應下工作人員後續的應變與回覆與處理良好/房間的人因設計良好/插座多/動線和東西拿取都方便/唯一比較不好的是這次住的冷氣空調聲音稍大/在自動冷暖轉換時候/還有上次住五樓時會較容易聽到外面的聲音/整體來說ＣＰ值很高/
B	1/交通方便/公車/捷運都在附近/2/環境熱鬧/樓下就有超商及連鎖迴轉壽司店/對面即西門町鬧區/3/服務人員專業/有耐心/半夜有遇到問題也會馬上解決/4/餐點多樣/有西式也有中式/容易找到自己想吃的種類/食材也很新鮮美味/5/房間整潔/隔音好/提供多種枕頭選擇/6/旅館提供多種免費使用設施/7/氛圍很令人放鬆/
B	有洗衣有烘乾機/這是我覺得雖離捷運遠/雖然想換/但我還是兩年內/住了十多天/對了/員工訓練很好/每個員工/除了幾位廚師/大家真的超級有禮貌的/這也是讓我不捨得還其他家的原因/
B	廁所很棒/大廳很多東西可以喝跟有位置坐
B	人員親切貼心/環境整潔/冷氣非常冷/夏天入住根本得到救贖/
B	服務人員貼心熱情/這次退房時遺失了一張房卡/櫃檯小姐態度非常好/馬上說沒關係/她們處理即可/非常加分/交通方便/早餐中上水準/整體環境非常有設計感/咖啡機整天可使用更是超乎預期的驚喜/家庭房的假日房價不到3500的價格/非常值得再次入住/超級推薦/
B	服務親切/房間乾淨明亮/值得推薦入住
B	服務親切/注重衛生安全/從抵達的門口/就一個個的要求噴酒精/量體溫之後才能入內/這點非常的好/防疫期間是必須要遵守的/雖然知道房間的房型不大/但入內之後的整潔度還有配色/其實感到非常有格調/洗澡的水壓和熱度也要表揚一下/我雖然想要有浴缸/但是有分開式的衛浴/加上免治馬桶/加分/好用的吹風機/是國際牌的喔/不是那種小小吹很久的/加分/早餐的樣式雖然不是五星/但是我覺得菜色夠多了/也滿意每個工作人員/感覺他們都是有受過訓的/非常的親切禮貌/加分/床好睡/棉被/毛巾都非常乾淨/以為隔音會不好/結果非常安靜/這會是我推薦的北部西門町的住宿首選/
B	疫情高峰期/除了感謝辛苦的醫護人員/這些跟政府配合的旅館業也是很值得感謝的/而沒有站在前線服務的吃瓜群眾/應該多給予支持和鼓勵/我們很害怕/但這些站在前線的所有人員都更害怕/少點捕風捉影的評論/如果無能為力/那就多點鼓勵/醫護人員跟旅館服務人員都在這場防疫大戰都很辛苦/不需要照成筆戰讓雙方對立/謝謝你們為醫護人員出一份力/不要被網路的酸民影響/加油/
B	乾淨/平價/房間大小適中/浴室水量夠的大
B	搭電梯到五樓check/in時/就被大廳的設計吸引住/顏色活潑年輕/有咖啡/茶/小餅乾可自由享用/讓等待入住或逛街完的人有個舒適的等待區/服務人員有耐心/態度良好/此次入住9樓靠馬路邊的兩人單人床房間/乾淨無異味/過敏兒不會打噴嚏/廁所是免治馬桶/與浴室乾濕分離/且使用非一次性的沐浴商品/環保再加分/吹風機很棒/風量足夠/髮量多也沒問題/電視訊號正常/螢幕清晰/床睡起來軟硬適中/枕頭高度也剛好/兩張床的床頭各有自己的插座可以使用/輕輕鬆鬆邊滑手機邊充電/缺點/隔音差/路邊汽機車聲音很清楚/冷氣溫度無法調整/入住還有附早餐/自助式早餐項目多樣/假日房客比較多/需要排隊侯位用餐/建議早點去吃/
B	若是以台北市的平價旅館來說/捷絲旅西門館的確是個非常好的選擇/常常有配合台北城市小旅行的專案/飯店地點交通非常方便/距離台北車站或西門站都相當的近/飯店大廳位在五樓/雖然一樓的入口處稍嫌昏暗/但到達大廳後的感受以及服務人員的服務都相當細心與專業/飯店的設計風格簡單明亮/雙人兩小床的房型為了讓空間顯得寬敞所以採床對床的擺放方式/很特別/飯店的早餐中西式都有/樣式還算多樣/五樓大廳處下午一時到凌晨十二時提供咖啡及餅乾類輕食/可以在這裏小憩很不錯/基本上來說/整體住宿體驗很不錯/是到台北旅行可以參考的住宿點之一/
B	飯店非常舒適/研磨咖啡跟點心免費無限供應/住宿兩天的自助早餐吧是不同風格的/樓下就是7/11的Hello/Kitty主題商店/對面就是西門町了/非常便利/有提供特約停車場免費停車/真是令人十分滿意/
A	隔音差/聽得到隔壁交談聲/入住大概10次/2次遇到蚊子/每次付的價格一樣房間卻愈換愈小/早餐看到小蟑螂在爬/這次讓我想上來評論是因為一位櫃檯小姐態度差/質疑客人證件真實性/都已經住那麼多次是熟客了第一次被懷疑/西門捷絲旅的服務訓練拜託加強一下好嗎
B	滿推薦的/整體感覺的出用心和設計/整體也乾淨床也很大/缺點是廁所聲音比較大/但是個人是無所謂/外面近西門商圈/地點不錯/下面就是7/11/早餐倒是可惜了一點/接待廳算有特色/
B	很乾淨房間雖然是長型的但是他的設計讓人覺得很寬敞動線很好左邊一條長椅再加一條長桌很好使用洗手台也做得很漂亮整體的設計很棒又漂亮
B	建議淺眠的不要來住唷/隔音很差/其他還行
B	難得碰到特惠價/2021/1月份禮拜五入住/兩人房只要1500/地點方便/公車站捷運站都在附近/很適合散步西門町/飯店風格年輕化/色彩豐富/佈置也有點歐洲背包風/應該是位於西門町的關係/有住過高雄館/風格不同/房內空調頗冷/開了暖氣也沒用/只好關了空調/早餐花樣簡單不算太豐富/馬桶是免治的/很舒服/
B	位於西門町外圍/地點好/內部裝潢也不差/服務態度也是很客氣/除了一樓招牌看起來質感不好是滿有內容的一間飯店/車子可停附近中山堂地下停車場/下午三點到隔天11點不收費/推/
A	如果沒有那個心要一起挺醫護/就不要跟市政府合作警消棧了吧/我們都是有穿著完整裝備接觸病人的護理師/比你們還有無菌概念/我們只想要有個安心的地方可以休息/讓家人放心/沒想到被你們漲價就算了/還要簽切結書無接觸才能續住/沒心/
B	位置很棒/價格合理/促銷活動點子多/服務佳/客房乾淨
A	優點/服務人員態度好/早餐比預期好/沙拉水果很新鮮/但用餐空間稍嫌不足/人多需要排隊等待入座才能用餐/缺點/隔音差/天花板很低感覺壓迫/浴廁時常散發一股味道/浴室熱水很難掌控/容易過熱過冷/
B	空間乾淨舒適/提供的沐浴用品和晶英的味道類似/蘭花香/茶包和晶英也是同品牌/房間風格不走晶英中國風/比較偏年輕用色大膽工業風/5樓共同區有餅乾/咖啡/茶/貌似很多桌遊/小朋友玩具/美中不足是與走道隔音很差/還好當天被升級雙床房/睡裡面的床才不容易被走道聲音吵醒/客人蠻多的/
B	/原文06/14更新/捷絲旅經反應後已大幅改善/疫情期間請業者/房務/櫃檯人員注意安全/也希望政府可以提供/防護裝備/給參與/警消醫護加油棧/的業者/這樣才是真正互相保護的好措施/原文5/25更新/捷絲旅與市政府觀傳局合作/警消醫護加油棧/是為了第一線人員/擔心自己可能傳染給家人警消醫護/採取一人一室阻止傳播鏈/是全副武裝照護病人/而不是沒有防護下接觸確診個案/跟醫護被採檢隔離是不一樣的/現在疫情變嚴重/5/21起惡意漲價/且拒絕醫護人員入住/我們又沒有染病/也是穿三級防護照顧病人/為什麼要這樣歧視我們/5/25更新/經許姓主管電話會談後/表示已向市府申請降低價格/員工雖曾有言語行為等歧視醫護人員/恐於疫情下缺乏訓練及安全感/實乃人性/但請不要再有類似行為/我們醫護也想保護你們員工的/此事許姓主管處理得宜/且目前修正醫護得續住/故更新評論/
B	這次住了兩種房型/雙床房的缺點就是冷氣空調很吵/一大床的房型空氣中的灰塵有點多/房型的床跟枕頭都稍微偏硬一些/環境算乾淨/早餐的位子有些桌椅很低不好坐/
B	訂房後因為要改時間/打去飯店客服人員很貼心的幫我調整/入住時飯店服務人員態度都很好/房間也很大很乾淨/很推薦/隔音也很好/我都聽不到住隔壁朋友的任何聲響/連他開門走出去都聽不到
B	這兩天住這的體驗真的是很棒/最重要的服務人員都超親切/有感覺時時刻刻都替入住旅客著想/謝謝你們/其他優點就是地點很好/旅店對面就是西門町商圈/1樓出門就是捷運站地下街搭捷運非常方便/房間很舒適/尤其我們還住到有街景的房型真的棒/早餐應有儘有/也不是隨便用用的/整個就是很美味/吃的很滿足/一定會再來/
B	房間就是窗明几淨/地點也不錯/對面就是熱鬧的地區/早點更是好棒/但沒早餐卻只能一房間扣200元而已哦/會再去/住宿停車免費/
B	房間舒適整齊/交通便利/服務也很好/雖然隔音不是到特別好/但加上早餐多樣化又滿好吃的/還是覺得值得推薦
B	作為警消醫護加油站/感謝你們/有可以洗衣機跟烘乾機/讓人方便梳洗/美中不足的是有些工作人員有待加強/整體上還是不錯的/推薦給大家
A	隔音很差/房間很窄很矮/感覺很壓迫/可以換枕頭/公共空間有免費咖啡吧/早餐不錯/設備都有/但是住起來沒有四星飯店的感覺
B	已經入住第二次/每一個細節都很用心/房間的設計跟裝潢更是沒話說/6樓的隱密健身房/卻有種/麻雀雖小/五臟俱全/的感覺/要比擬外頭的健身房一定不能比/但能當個飯後運動的好去處/7樓/8樓的萬花筒也很用心/喜歡拍照的人別錯過了/5樓的大廳備有小餅乾/咖啡/提供旅客免費取用/連沙發區都讓人一待再待/個人覺得離捷運站有點距離/撇除這點/生活機能很好很方便/
B	中秋連假的第一天/因為兒子一早7/50在台北的比賽/決定前一天先到台北住一晚/但對台北的一般旅店不熟/搜尋了場地附近的住宿/價格都不便宜/帶著兩小也不敢隨便找/突然看到晶華集團旗下的捷絲旅西門館乾淨簡潔的照片/價格很合理/還有公共空間及設施/非常心動/雖然距離場館晚了點/但交通還算便利/馬上去電訂房/原本想訂兩人房就好/沒想到接聽電話的Noriko小姐超貼心/一聽到我們當天很晚才會入住/又帶著兩隻小孩/直接幫我升等成四人房/重點還含四客早餐/又因為無法配合七點才用餐/Noriko小姐請我別擔心/早上六點會幫我們將早餐準備好可以外帶/真是無比暖心的/當天入住時/兩隻小孩好像大姥姥進大觀園/對於旅店大廳裡創新的裝潢及用心的擺設一直發出驚嘆聲/兒子的眼光完全被餐廳角落的手足球檯吸引/無奈必須趕緊就寢/無法讓他玩/進到房間/雖然是Budget/Hotel/空間無法與星級飯店相比/但居然還可以有休閒桌/沙發/行李台/還有我最喜歡廁所跟洗手台分開的規劃/處處見到設計的用心/兩小住飯店總是非常興奮/而舒適乾淨的床鋪/讓他們關了燈/馬上呼嚕嚕一覺到天亮/這次行程太趕了/下此有機會一定會再入住/讓孩子有充分的時間可以好好享受旅店其他貼心的設施/
B	房間舒適/不算大但住得舒服/
B	地點位於西門町捷運站五號出口/往前站直走看到7/11後右轉大約3/5分鐘/地點很方便/對面就是西門町步行街/五樓是招待櫃檯/也提供開放空間/有飲料可自助使用/早上的早餐也是在這裡使用的/早餐種類算多/有中式的粥飯與西式麵包牛奶麥片等/算是還不錯的早餐吧選擇/屬於晶華集團旗下相關企業/目前使用旅遊補助的話/一晚房價一千有找/搭配飯店購買高鐵票/台中到台北僅需要五百多塊/實在很划算/房間內廁所與淋浴間分開/有提供沐浴乳與洗髮精/但是環保房是不另外提供牙刷等一次性商品/如果忘記帶的話/一樓就是7/11/也很方便直接購買/早班櫃檯服務人員態度很好/感覺上口音與我們不大相同/但是親切的態度讓我不自覺幫他們推薦朋友來就住/可惜的是我住的那間房有一些小蚊子一直在飛/有點困擾/不過整體品質價值高/推薦住宿/如果下回朋友來也會帶他一起來住/
A	優點/服務人員親切/房型很大/當天有免費升等/兩人睡三人房/但覺得房間大到五六人來訪都可以/交通位置方便/整體佈置舒服/設施新/缺點/入口的位置不好找/繞了一下才看到/早餐普通/就吃粗飽
B	適合年輕朋友們一起住宿/前台有很棒的桌椅空間可以暢所欲言/而且有免費的磨豆咖啡與茶包/但是不適合我們這些需要安逸一點的商務人士/
B	有點廣東腔的兩位櫃台人員很親切人超好/感覺滿滿的正能量/裝潢設計很棒但淋浴間好像是遺漏裝潢/腳踩著不平小磁磚有刺痛感/水很難調到剛好的溫度會超燙和冰來來回回/健身房有一點不透氣/但其他整體起來因為都很棒所以還是很想再來住/這次和家人住兩晚兩房都滿意
B	櫃台員Hannah服務態度很好/介紹很清楚/浴廁清潔很乾淨/但水溫很高/開熱水時會有慣性開到熱水的位置等待水升溫/但才3秒的時間水變超級燙/如果有帶小孩入住的要小心/是開到冷水位置才會是剛好的水溫/這部分可能要多加注意/廁所跟淋浴間分開/房內還有桌子能使用/能讓三五好友買宵夜回來/聊天都方便/只是不知道是否邊間房緣故/房門旁就是緊急通道/水流聲非常明顯/從大到小/房內還會有類似機器重置的聲音/搭搭搭/每3秒一聲/淺眠的人記得要備註希望別安排邊間/早餐吃得很好/位置等候不會太長的時間/房間內還有個放大鏡/女生化妝很方便/只是水龍頭旁也有個插座/若有使用電器也要注意/總體上入住體驗還不錯/推薦給大家
B	第二次入住西門捷絲旅/這次跟姐妹淘住了兩晚/兩小床的房間面積雖然不大/但兩個人住起來一點也不擁擠/床跟沙發都很舒服/工作人員的態度也都很nice/早餐的品項雖然並不像一般五星級飯店那麼多/但每一道菜都很好吃/有洗衣房真的很方便而且又乾淨/飯店的地點又超優秀/去台北的最佳選擇
B	我朋友超愛/大推/咪兔/下午茶簡單/咖啡好喝/房間乾淨/設計/擺設時尚/中西式早餐很讚/美味/住宿地點佳/到哪都近/
B	今年除夕到捷絲旅西住一晚/很驚艷/一定要推薦給大家/因有點匆忙沒拍照片/所以po的照片是網路找到跟住宿當天一樣佈置很美又有餐桌很特別/早餐也好吃/價格尚可接受/能再優惠一點更好/服務人員也很親切/明年有機會還會再住/忘了說/還有停放台銀對面停車場住宿可免費折抵停車費/真是太貼心了/很讚/
B	飯店的服務人員們辛苦了/目前受到疫情影響還是堅持在前線為我們服務/盡力滿足顧客的需求/並不像其他留言所說的/好的商旅值得推/住過才知道/
B	雙人房房型特別/內裝很有設計感/早餐樣式不多但都很精緻特別/重點是交通便利/西門站走路五分鐘就到/很喜歡/
B	服務好/乾淨/整潔/又位處捷運站/來往相當便利/
B	1/服務人員待客親切自然/看的出訓練有素/2/check/in時/可以帶小朋友到旁邊玩桌遊或用點心喝咖啡/不會無聊/3/房間設計有特色與設備完善/4/可能是房型位置關係沒碰到隔音或水管流水聲問題/5/週末假日會有團客/所以用早餐時間建議八點前/否則用餐人數多要排隊稍等
B	捷絲旅初次來到此住宿/乾淨明亮服務耐心又貼心/美媚帥哥滿星服務/值得再一來
A	凌晨四點被火災警報器驚醒/當下沒有服務人員引導疏散或指示/帶著孩子從7樓走樓梯下一樓廣場等待/消防人員也到現場檢查/直到最後也是看其他房客陸續回房後才敢回去/截至此時亦無飯店人員出現及提供任何說明/直到退房時才道歉/幸好只是虛驚一場/否則後果不勘設想
B	靠近捷運站/公車站/距離臺北車站也不遠/交通便利/不搭公共交通設施/走路也能到達許多景點/服務人員態度好/附近有嘟嘟房停車場提供房客停車/ㄧ樓有7/11/真是太方便了/只是下行李要動作快/怕被開單/旅館櫃檯在5樓/
B	除了位置便利/客房乾淨舒適/早餐也滿多選擇的/特別是飯店櫃檯人員服務都超棒的/也很細心協助處理我的問題/像是寄包裹到國外/地點引導/等/住宿期間特別感謝Johnny/Carol/Stanley/Cathy/Yuki/還有當班的櫃檯/房務人員也都會打招呼/住宿CP質超高/非常推薦/會再來入住/但客房時常預訂滿要提前安排/
A	隔音真的超差/對面房客家庭吵鬧聲完全無法阻隔/之前住過另一分館也是這個問題/優點是地點便利/環境乾淨/很有設計感/但住宿重點應該讓人能夠好好休息/卻睡得不斷被吵醒/覺得很擾人/建議安排客房時可多注意家庭房與其他客群的區隔/
B	有免費的咖啡和小點心/剛好下午提前兩點來/還不能入住/先來個下午茶/真不錯/房間非常有設計感/住得很舒服/剛好疫情關係/一晚不到二千/還有不錯的早餐/真的很超值/
B	房間住起來是舒服的/不會覺得小/設備蠻新的/住起來也覺得乾淨/有窗戶的房間風景還不差/早上可以看到陽光這點很棒/隔音尚可/沒遇到很吵的鄰近房客的話算蠻安靜/有人在吵打電話給房務人員也會處理/早餐雖然沒特別好吃/但算是該有的都有了/簡單吃的話是可以的/以便利程度/服務態度/硬體設備來說/其實都是很不錯的一間旅館
B	本次住宿非常滿意/不過剛剛看到一則評論表示半夜火警曾響起/走逃生梯下去結果一樓鐵門拉起來被困住/想請問這是真的嗎/事後有無改善/謝謝/
B	入住兩晚/地點很方便而且有提供中山堂免費停車/在台北寸土寸金實屬難得/出遊的時候對於飯店需求很簡單/最主要就是睡覺洗澡/所以我最講究房間隔音跟床與枕頭是否好睡/如果有浴缸就加分沒也沒關係/捷絲旅西門隔音很不錯/床稍微有點彈但也蠻好睡/重點是枕頭有四種可以選擇/加上自助早餐雖然種類不多/但是口味都很精緻/下次還會繼續住/
A	隔音真的不好/半夜一直可以聽到碰碰碰的聲音/冷氣也一直無法調高/早餐像打戰一樣/櫃台小姐說是全館客滿/但以雙人房1399含2人早餐/還可折抵440元的停車費跟安心補助/這價位在西門町算是沒得閒了/地點也算不錯/
B	服務人員態度都很好/入住也很舒適/房間的擺設跟整潔度都不錯/不過水盆跟浴室流水有點慢/但無傷大雅/下次有機會還會選擇這間/
B	帶著幼孩/2歲/1歲/2個月/入住2晚/服務很親切/會盡量協助我們的需求/早餐不錯/住2天可以發現有變換菜色/很用心/還有自助咖啡機全天供應/
B	住宿一晚非常舒服/兩個單人床是在側邊腳對腳/房間整個空間很大/床頭旁也有插座/放行李的地方與桌子/洗手台都空間足夠/鄭潔滿分/早餐非常豐盛超級好吃/竟然還有滿舒服的健身小空間/惟中午的牛排並不推薦/
B	訂的是雙人房/雙床/淋浴間和廁所是分開的/洗手台也是在外面/馬桶是免治的/公共空間的質感也很不錯/有簡易健身房/設置休閒空間/網美風格拍照區/小朋友遊戲區/洗衣間/一定要分享的是還有各種機能枕頭可以選擇/交通便利/樓下就是7_11/Hello/Kitty/風格的門市/附近就是西門捷運站/走路約5分鐘/西門商圈過個馬路就到了/離車站/轉運站都不遠/搭計程車10分鐘內到約80元/櫃檯24小時有人服務/可寄放行李/整推薦的CP值高
A	入住兩天2/12入住2/14號退房/我是住823房間有蚊子真的是不好睡覺兩天都被蚊子騷擾第一天被蚊子咬/第二天蚊子在耳邊嗡嗡嗡很難入睡/廁所免治馬桶的溫度無法調整/最主要還是蚊子的問題/真的傻爆眼/希望能夠改進/
B	交通便利/房間寬敞舒適/視線極佳/隔音良好/設備新穎/免治馬桶/衛浴分離/床鋪軟硬適中/冷氣安靜/早餐可/服務人員態度可親/一樓有便利商店/價格平價/令人驚艷/而且有少見的三人房型對三人組的客人來說真的很方便/有朋友出差來台北的話會極推/
B	服務人員非常親切/房間空間足夠設計感十足/看其他評論有提到隔音不好/但我的體驗是還ok/早餐也很好吃/是一次很棒的住宿體驗/非常適合西門町附近遊玩的住宿選擇/
B	優/房間小但東西齊全/洗髮精沐浴乳是茶籽堂的非常喜歡/早餐還算豐富/有停車場是最大的優點/地點也方便/缺/燈光是較暗的那種/公共空間冷氣真的超級冷/桌子底下有明顯垃圾沒有打掃到/備品居然沒有附刮鬍刀/可是官網寫有/不知道是不是房型的問題/
B	整體環境非常漂亮/房間舒適度也給滿分/兩張床不相連給彼此一個不錯的距離/每一層樓都有保留一個特色空間/健身室或是網美打卡空間/等/洗衣/冰塊/咖啡和小點心都是免費自用/以兩個人3000元不到的價格/可以給到滿分
B	有景房間也舒適/價位尚可/建議/1/雙人房桌椅區可以擁有兩張椅子/2/附屬房間擁有一個大杯子裝五樓提供的冰塊/美中不足/大概就是衛浴冷熱水系統改善空間大/真的是難以調整/
B	服務非常迅速周到/出發前一周已經收到住宿提醒通知/說著香港口音的櫃台人員從辦理入住後可享用的設施/到退房後的寄放服務/每個步驟都解釋地相當清楚/謝謝你/這次訂了搭配高鐵假期的方案/贈送的點心還不錯喔/
B	疫情嚴峻的當下/感謝你們挺身而出站在前線提供服務給醫護人員/除了提供住房服務之外/也必須同時保護其他醫護及自己員工的安全/加油/不要被酸民擊倒/
A	性價比佳/房間乾淨且舒服/早餐食物多樣並好吃/交通方便/唯開車前往停車較遠/停車費雖會退費/但須依收據/因此會有以下流程/退房/走路去開車/繳費/須統編/開車到旅館/找到停車位/找的到的話/上樓退費/不然就是1人開車繞圈圈1人上樓退費/
B	樓下就是711/對面是西門町/距離捷運站也很近/櫃臺服務員超有趣也很熱情/雙人房房間廁所和浴室是分離的/還有一面全身鏡跟一個超大洗手化妝台/房間內還有一個大型對外窗/小坐台可以坐在上面跟朋友聊天/因為太喜歡了隔了一天又馬上訂了三人房哈哈哈/三人房超大間/可以在地上翻滾/而且還有一個小沙發區超棒/下次還會入住/
A	入住四人房/房間很乾淨/但雙人床很小/兩顆枕頭加起來的寬度都超過床的寬度/冷氣是中央空調/所以晚上睡覺感到熱也不能調整/房間燈光偏暗/早餐還可以/服務人員蠻親切的/
A	房間隔音非常差/走廊別人講話內容聽得一清二楚/半夜還可以聽到水管水聲流過/早餐8/30去使用/食物選擇少就算了/每一樣都少到見鍋底/感覺不是很好/也是我截至目前為止住過第一家需要自己收拾碗盤餐具的飯店/
A	/請先確認捷絲旅逃生出口能否順利逃出/再決定是否入住/文長/慎入/2/20晚上入住捷絲旅6樓/凌晨4/40左右消防警報大響/響了很久/久到原本以為是誤觸/卻也開始信以為真/是不是真的失火了/馬上收拾物品準備逃生/選擇了離房間最近的逃生出口與其他住客一起往下走到一樓/卻發現/一樓是長年關閉的鐵捲門/根本逃不出去/頓時更令人驚慌害怕/馬上打電話到櫃台求救希望請求開門卻無人應答/我們只能硬著頭皮再往上走回去找到五樓大廳樓層/才有一位櫃檯人員告知是誤觸/在逃生期間都沒有聽到相關廣播/消防人員接著趕到後也確認沒有失火疑慮/當時凌晨五點多給我們的回答是/消防警報異常/便請旅客先行回房/老實說我們也輾轉難眠了/隔天早上到大廳吃早餐時/有人員解釋是7樓有住客抽煙導致的/這與凌晨說的消防警報異常有出入/並詢問是否需要延後入住時間延到下午/我們下午還有原訂行程要走而且想到那扇鐵門誰還睡得著/早已興致缺缺只想儘快離開/退房時櫃檯人員告知細節還在釐清/並送了一份清潔旅行組/目前還沒有等到飯店是否有其他實際致歉補償措施/也不確定飯店釐清結果後是否會再告知當天住宿旅客/若有再上來更新/到現在打完整篇還是驚魂未定/真的還好沒有發生意外不然後果不堪設想/畢竟那個沒有打開的逃生口當時至少有十位住客/房間內標示的逃生路線共有四處/請各位入住旅客務必確認你附近的逃生口是不是真的能逃生/寧可檢查一下/不怕一萬只怕萬一/希望飯店能正視這件事情/還是要草菅人命等到真的發生意外才願意解決/
B	此次是住無窗景防間/房間硬體設備不錯/缺點是容易聽到其他房間盥洗水流聲音/電視若需要接自己的設備/比較麻煩/早餐選擇不多/還算可以/
B	服務人員都很親切/入住時適逢生日還貼心準備小禮物/房間隔音不錯/床也舒服/當天睡得很好/早餐樣式多/吃很飽/
B	捷絲旅JustSleep是晶華酒店集團旗下的子品牌之一/走的是商務旅館的路線/價格比較親民/CP值不錯/這次入住捷絲旅台北西門館/入住雙床房型/假日一晚/平日一晚/二晚均含早/含二天的停車費/使用台北加碼Go之補助/這樣才3000元/算是非常超值/1/位置/捷絲旅台北西門館位於中華路一段的精華地段/走過中華路就到了鼎鼎大名的西門町夜市/對於喜歡逛夜市的朋友非常方便/最近夜市裡又開了有名的唐吉軻德/住很近很方便購物/2/交通/搭大眾運輸工具的人/板南線西門站5號出口步行約5分鐘左右即可到達/開車的人/國道一號下台北交流道/25台北/國道三號在木柵交流道/20木柵/連接進國道三甲/往西行下萬芳交流道後接信義快速道路即可抵達/目前特約停車場在中山堂/可以google/台灣銀行武昌分行/停車場入口在分行的對面/該中山堂停車場車位不少/容易找到位置/惟獨沒有電梯/休旅車在170cm以下的高度也可以停/但是只能停在B2/3/景點/附近的景點有郵政博物館/西門紅樓/北門舊城門/霞海城隍廟等等/都在步行20分鐘左右/4/飯店設施/有健身房/使用時間9/00/21/00/兒童遊戲室/LG滾筒洗衣機烘衣機/24h/算是有不少的設施/但遊戲室兒童的玩具不是很多/希望可以多加一點玩具的數量/5/餐飲/有提供小零食/咖啡可免費食用/早餐種類不多/中規中矩/以這樣的價格/100/人/算是不錯的了/沒有像是高雄中正館的蔬食百匯/不過附近有很多吃的東西了/
B	24小時的拿鐵一解疲憊的靈魂/交通方便四週好逛街/房間粉有設計感/舒適的住宿環境讓人格外放鬆/多元美味精緻早餐開啟一天活力美好/讓人會一再入住的飯店/
B	交通非常便利/服務人員服務態度非常優/最重要的是/超愛他的空間設計/我們這次住的是三人房/裡面還有一個小客廳/盥洗室/廁所跟洗手台都是獨立分開的/完全沒有搶空間的問題/未來有到台北玩還會再去住/
B	昨晚和同事入住三人房/房間非常寬敞舒適/整體來說非常滿意/不過發生一個小插曲是我們本來訂的時候是有附早餐/但其中一位同事本來要下樓吃早餐時被櫃檯告知我們沒有早餐/同事只好作罷直接離開飯店/後來/check/out/時跟櫃台提起此事/櫃檯經理確認過後發現是他們的疏失/態度非常好頻頻跟我們道歉/甚至事後還致電過來要送上小禮物以示歉意/真心覺得這樣的服務態度很優秀/謝謝你們/
A	我住6樓的房間/零晨四點多/7樓火災警報器響起全家大小跑到一樓外等/客服人員沒有解釋原因/一堆人在5樓大廳/聽其他旅客解釋説警報器故障/客服人員沒有人到一樓解釋/也沒有任何迎導/一堆旅客在一樓當傻瓜/房間冰箱還有之前旅客吃剩下的東西留在裡面/
A	1/電話一直忙線打不進去/2/隔音差隔壁開關電燈都聽得到/3/冷氣運轉聲音很大且忽冷忽熱不好睡/4/早餐沒有帶位/強烈建議可以入座時拿個用餐中的牌子/用完餐可以交還櫃台/餐具要自己回收可是很多客人沒有收拾/都不知道這個座位是否還有人使用/5/最重要的是停車可以在中山堂說有補助停車費/退房時已經說消磁了/到了停車場查詢沒有消磁成功/打了很久的電話給飯店人員才終於接通/說已經消磁了再看一下/結果還是沒有/最後請停車場聯絡要先繳費再回去請款/浪費了很多遊玩的時間/多一顆星是給設計/人員服務態度及房內有桌椅可以方便吃東西
B	簡單乾淨的旅館/設備齊全/只要付/10洗衣粉就享有免費自助洗衣烘衣/大廳設有咖啡機/樓下就是7/11和按摩店/對面就是西門町徒步區/地點絕佳/
B	有下午茶迎賓小點供給來住房的客人饗用/各種設施也都蠻完擅的/附近就是熱鬧的西門町樓下也有超商也不怕肚子餓找不到東西吃/價格蠻親民的/是個適合居家旅行商務旅行都適合的地方
B	2/28入住9樓家庭房/房型寬敞舒適/房內的沙發客廳非常適合一家人小聚/設備完善且實用/半夜因空調異音導致失眠/但大夜櫃檯人員Sandy非常體貼並迅速提供解決方案/服務品質非常優秀/絕對會再回來續住
B	房間很大很舒適/台北這個價格非常實在/咖啡廳的咖啡很好喝又是無限續/早餐多樣好吃/選擇多/還有多種水果/附餐的牛排非常軟嫩好吃有水準/大推
B	搭配情人月住房專案真的很划算/
A	沒有刮鬍刀/沒有報紙正常/浴巾毛巾都是袖珍型/衣服空間放置沒有/衣/櫥櫃/淋浴的熱水水壓太小/忽冷忽熱/不容易控制/硬體設施要改善不容易/7點開始供應早餐有非常多的人/餐廳雖小但是供應的效率跟內容非常豐富給他一個/嘉獎/洗臉時發現牙膏非常難/擠出/沒有比較小的毛巾/可洗臉/刮鬍子沒肥皂和刮鬍膏/只有洗臉露/捷絲旅能吸引大批的房客/經營管理有不凡的能力跟誠意/投宿客人可以自助洗衣免費很棒
B	房間很舒適/空間算大/唯一缺點是早餐選擇不多/尖峰時段要排隊等候才能用餐
B	2020/06入住/除花蓮的第二家justsleep/家庭房有小客廳適合吃吃喝喝/空間尚可樓高較低/隔音普通門口仍會有聲音傳入/沐浴備品為茶仔堂/對面即為西門町位置佳/休旅車需停至旁邊中山堂地下停車場/繳費出場後持打上統編發票再到櫃臺退款/早餐在5樓大廳旁用餐/中西式皆有種類尚可/座位數不多且部份是沙發座/建議早點過去/另外全館冷氣都設訂在22度/夏天進出溫差頗大/缺點/房間清潔普通/角落及床下仍有未清潔處/空調過冷不易調整/
B	宅饗牛排餐/海鮮餐/制作用心/美味好吃/餐廳服務人員/親切優質
B	飯店CP值不錯/去哪都方便/環境好/還有健身房/雖然早餐會稍微排隊但因人太多也沒辦法/可是整體來說蠻推薦的/附近就有捷運/以及西門町/也有酒吧喝到醉
B	特價加上安心補助/這間飯店很可以/早餐樣式也很多/味道也不錯/房間乾淨只是水壓有點小/唯一的缺點是冷氣好像不能調溫度/怎麼調都在22度/房間太冷了/不怎麼舒服
B	服務人員態度好/如果沒時間吃早餐還能提供餐盒給你/但東西會變比較少/熱食無法提供/只能提供麵包及飲料水果/
B	第一次参加台北加碼GO的優惠活動/訂了捷絲旅西門館/捷絲旅還有加碼訂高鐵票打折/對我們這次上台北看松山文創小新展有很大的優惠/房間大小剛好/浴室乾濕分離/地理位置離火車站/捷運站都很近/早餐也不錯/有想到台北的可以來住這喔/
B	店內服務不錯地點方便/停車場就是中山停車場基本上就在酒店樓下不院/房間尚可/樓下咖啡吧隨時供應/早餐不錯
B	環境不錯/房型非常特別長方型/廁所浴室分離可惜沒有USB充電座及備品缺少刮鬍刀/棉花棒
B	這是一間以客為尊/注重細節/服務人員訓練有素的小而美旅店/5樓大廳舒適溫馨/坐在這裡喝著熱茶咖啡的氛圍/會讓人忘記後面的行程/近西門捷運站/交通非常方便/因為入住西門捷絲旅/讓我們的旅行充滿喜悅/最近要上台北的旅者趕快訂房體驗/高鐵票還可打75折喔/
B	謝謝這次旅行/捷絲旅的服務/辦理入住人員JANE也很親切/其他服務人員也很棒/不管是外出時要到櫃檯折抵車費/或是詢問一些小問題/人員都很熱心幫忙/下次有機會到到台北/會再列入住宿安排/
B	因參加跟團入住這間/房型規劃獨特/乾淨/有健身房/網美愛的景/無限提供咖啡及簡易點心/樓下有7/11/交通便利/西門町商圈/如果有機會/再住上一回
B	幫可憐的飯店人員補個血/這種時期還要被低素質的人鬧/都幾歲了還用這種方式溝通/很難想像這些人在面臨壓力的時候會怎麼做/要不要考慮換個工作不要來外面害人了/已經長大的小小孩
B	環境舒適放鬆又乾淨/很適合當成小旅行的休憩站/下次還會想來/雖然在一早遇到些許的不愉快/但駐店經理跟一個男生都很積極且關心/的去處理/把房客的小事當大事再處理/雖然不是旅店的問題/但也很積極的在幫我們處理/還幫我們延後了退房時間/真的非常的感謝你們/
B	地點便利/有停車場/也貼心照顧到我們帶著小朋友一早6點就要出門/準備了豐盛方便的輕食早餐讓我們帶著在路上享用/櫃臺/服務也非常親切/尤其是noriko/不時的關心我們的需求/太棒了
B	入住雙人房/兩張單人床/裡面有健身房/房間廁所跟衛浴是分開/有超大鏡子能化妝跟打扮/吹風機是家裡用的那種/頭髮很快就吹乾了/有一張大沙發可以跟朋友一起懶在沙發看電視/不用擔心沒洗澡躺床上/早餐很多樣/選擇蠻多的/服務人員很親切/櫃檯是24小時/卡片只能去入住樓層/住宿起來感覺很安全/離西門町蠻近的/住靠近電梯偶爾會聽到小朋友說話/基本隔音還可以/有機會下次來還是會想住這/整體很舒服/
B	這次在西門捷絲旅優惠時入住/很滿意的是/房間整理的很乾淨/裝潢設計很新穎/下午一點在公共區域有咖啡茶點可享用/此趟因為有小孩還被升等/非常謝謝
B	因為疫情影響還是堅持在前線為我們服務/家一般溫暖的飯店/值得推薦/期望疫情過後/再次入住/
B	整體感覺不錯/唯一不喜歡的是床/對於淺眠的我來說/旁邊的人小小的轉身或動作都讓我感覺床很搖/根本沒辦法好好睡/其他硬體設備都還不錯
B	超值/房間佈置和設計有品味/房內有很多可以掛衣服的地方/再簡單的雙人床房型也有簡單的玄關/可以放背包等物品/四人房則是舒適的小沙發區/位於西門町對面/剛好避開人潮/早餐選擇簡單多樣/咖啡好喝/平常還有小點心/大廳設計舒適/下雨天時還可以買回來在大廳用餐/玩玩小玩具/很貼心/
A	隔音非常的差/隔壁房洗澡/上廁所/甚至連掛衣服衣架碰撞聲都聽得到/整晚完全無法好好休/嚇得我馬上取消下次4晚訂房/
A	CP值很高的旅店/一入門就令人驚艷/很用心的經營/餐食也超優質/但是在網上看到的明明是大大明亮的窗/訂的也是有窗的三人房間/可是入住卻是一個沒有窗戶的房間/很明顯/看到的跟入住的/有點出入/非常失望/希望下次入住時/請一定要給我大大窗戶的房間/
A	房間多數沒有真正對外窗/所謂窗戶房型大多是面對中庭走廊/房間無法曬到太陽和真的空氣對流/
B	使用高鐵假期住房專案/cp值爆表/櫃檯接待人員客氣有禮/中午抵達還幫我們確認房間讓我們提早入住/這種外面高達36度以上的天氣能提早入住簡直就是福音/房間空間很夠用/有免費洗烘衣機24小時開放/大廳有免費小茶點與研磨咖啡/早餐更是出乎意料的優質/還有健身房/非常值得來此一住/
B	和朋友一起入住捷絲旅/有很多細節都一直電話聯絡/工作人員態度很好/都會很仔細有耐心的一一回覆/入住當天臨時才告知工作人員要幫朋友慶生/工作人員貼心的準備一份生日禮物/實在是又驚又喜/服務態度真的是一級棒/
A	明明已和台北市政府合作/因疫情變嚴重而坐地起價/櫃台人員還歧視/鄙視醫護人員/說有錢也不給住/
B	豪華雙人房的床比一般飯店雙人床還大/衛浴空間也很寬敞/掛勾/吊架也很夠用/Lobby有提供免費茶點以及免費自助洗衣烘衣的服務/櫃檯服務人員態度非常親切/快閃優惠價1299元的CP值超高/強力推薦/希望優惠價格持續推出/
B	環境整潔舒適/下次有機會會再前往住宿
B	3人房的2大1小床都很大很好睡/冷氣很冷/有獨立大桌/沙發很加分/掛衣架很多很方便/整體潔淨度也很好/但是/隔音很爛/敏感的人會很痛苦
B	很棒又有風格的旅店/價位平實又乾淨有設計感/是CP值很高的住宿環境/交通又便利/值得推薦
B	位置很好/樓下小7是無嘴貓主題好驚喜還有獨特的熱壓吐司/宵夜吃很可以/這次是雙人二小床房間真的很小但是床頭有插座到處都有插座太貼心了/捷絲旅都有免費的點心飲料可喝一直都是非常照顧出外人的胃但是西門的大廳休息區清潔度有待加強/
B	下午茶的乖乖好好吃/小孩在旁邊玩耍媽媽們喝飲料聊天/超級舒適的/房間整體很滿意/可以各睡各的不用擠/早餐選項有點少/口味偏清淡/但是很養生/
B	這間酒店我和先生已經入住過很多次/每次到台北都差不多是選擇它/特別喜歡酒店的自助早餐/非常好吃/種類很多/員工服務態度親切又細心/就例如這一次入住/就遇到兩件好事/深夜時間有點餓/買了一個即食杯麵/打算到7樓的自助咖啡吧泡熱水的時候/遇見一位服務員/她親自走過來/親切地告訴我水溫可能不夠熱/叫我先回房間內等候/替我泡好杯麵後/再送到我的房間/另外/我們入住後的第二天/外出至晚上回到酒店房間時/竟然發現桌面上一盤擺放得很精緻的小吃/水果及飲品/盤內還有一張寫滿字的心意卡及一隻可愛氣球狗狗/真是一個小驚喜/心意卡內容大概是歡迎及多謝我們再次入住此酒店/這種窩心及親切的感覺/不是很多酒店能做得這麼好/酒店地理位置方便/大門口轉左/步行1/2分鐘/就是西門捷運站了/P/S/酒店門外還有台北車站捷運機場線的/循環線免費巴士/真的非常方便/至於房間方面/感覺很放鬆及舒適/因為比較寬敞的關係/房內就算放了兩個大行李箱/都不會有任何阻礙/隔音方面/其實每一家酒店/都不算做得很好/這裏的噪音程度不算大/尚可接受/這是一間令人想一住再住的好酒店/今次入住/因為酒店內部裝修/所以暫時不能提供自助早餐/他們會有每天早上送餐到房間內/下次再次入住的時候/希望再次吃倒我很喜歡的自助早餐啦/很期待呢/
B	地點方便/服務人員友善/乾淨/不過房間空調為中央式/會間歇性發出聲響/晚上淺眠的人要注意/
A	房號804半夜房間天花板漏水被吵醒/反應後/換房到房號616後/被馬路上的各種聲音吵到無法入睡/牆上寫著的Just/Sleep看起來就感覺格外諷刺/一個三星級旅館連最基本的睡眠品質都可以做不好/真的讓人蠻失望的/目前唯一看起來可以的大概就是這裡的服務態度了吧/
B	不論是接待大廳還是房間都讓人感到很舒適/服務人員的態度也都非常好/早餐的品項沒有到非常多/但該有的都有/房價不貴/地點方便/是不錯的選擇/
B	房間設計很新穎且很多小巧思/例如/牙刷和杯子分兩種顏色/這樣就不會拿錯人的/衣架有兩種一種有夾子一種沒夾子的/床頭挖空的設計可以充電和放隨身物品等等/整體設計太貼心了/唯一美中不足的是7/8樓的萬花筒空間因為燈光的顏色/拍照起來感覺還好/沒有很吸引人呢/
B	之前都覺得好像有更好的選擇所以沒有來住/這次趁著疫情補助來體驗一下/結論是絕對非常驚艷/小細節做的非常到位/不管是早餐還是提供自助洗衣烘衣服務/都讓外出的旅客非常方便/推薦給其他有興趣的人/
B	工作人員很親切/地點利/方便早餐很豐盛
A	週五住宿/感謝櫃檯小姐幫忙升等房型/早餐還不錯旅館的話種類算多了/冷氣會冷熱水會熱/但睡到4點多5點房間出現碰碰聲/七月半應該會嚇死/忽大忽小聲音挺大無法入睡/吿知櫃檯小姐有幫忙找原因/但也找不到聲音來源/因晚上2點才睡/吃完早餐9點多想小睡一下聲音一直不間斷/有點可惜/
B	便宜的價格/位於捷運西門站及北門站之間/7/11樓上/大廳位於5樓/有咖啡吧/餅乾/極具設計感/0700前退房有提供簡易餐盒
A	地點方便/但房間有點太小了/用餐空間也很小/早餐要排隊一陣子/退房時也排隊排了蠻久的
A	飯店位置不錯/但也是唯一優點/晚上冷氣頻繁異音/完全無法入睡/一直可以聽水管水流動的噪音/預訂延長退房專案/過12點回去房門竟然打不開/跑櫃檯兩次才處理好/飯店管理也太糟糕/捷絲旅品牌這麼好/但住宿體驗細節卻很差/以後不會考慮捷絲旅住宿了/
B	捷絲旅/一直以來/是我在外面住宿的首選/本來要參加這次的渣打馬/拉松/但是因為疫情問題延期了/而且/因為我們住在桃園/鄰近部立桃園醫院/本來想/應該不能取消/因為已經剩下1天就到了住宿日/抱著姑且一問的心情/詢問了捷絲旅是否可以取消/想不到捷絲旅同意了/這是一家非常有道德良心的企業/值得支持/當然服務各項指標/也是非常好/所以常被我列為首選/我常用的訂房平台/Agoda/服務也非常的好/值得信任/下次/還會來住
A	三人房房內空間不錯/淋浴間乾濕分離不佳/5樓隔音超慘/樓下車聲超明顯一夜難眠/
B	房間相當舒適/把廁所/洗手台和淋浴間拆開的設計太棒了/早餐對於不挑食/想要挑戰全品項都吃一輪的女生來說剛剛好/而且還有很有特色的刈包/而且還提供免費的洗衣服和烘衣機/洗衣粉也只要小額捐款就可以獲得/另外/想喝冰涼的酒或飲料/除了房間內的冰箱/也有自助冰塊機可以使用/這次使用24小時入住專案感覺真的太划算了/
B	已經和孩子入住幾次了/櫃台人員服務非常親切/早餐好吃/房間也整潔乾淨/交通也很便捷/是每次到台北旅行的首選/
B	利用旅展買的優惠券來住/入住時有爐烤牛排可享用/床鋪不會太軟/響應環保備品刮鬍刀要在櫃臺索取/晚上去西門町逛很方便/
B	櫃檯人員友善親切/自助早餐簡約用心卻不簡單/是有用心的食物搭配組合/房型採光佳/陽台不可用/鄰棟近/稍微可惜/床頭燈的挑選恐怕要更經久耐用才優/仍是值得考慮的好住處/
B	不管是地點還是房間內還是服務或是早餐都很好/值得推薦/下次去台北/一定要再訂這家
B	地點方便/服務/硬體也還不錯
B	每一次到訪台北/都是入住捷絲旅西門館/館內裝修後更覺時尚了不少/房間內提供各類型茶包和水/床褥也是非常舒適/早餐有不同款式選擇/很不錯/員工態度非常友善/今次我訂了一些貨品/他們預先幫我記下/所以順利收取貨物/另外他們英語也説得很好/溝通上一定不會不通的/這次遇到些懂說廣東話的員工/感到特別親切/而且交通便利/捷運5號出口便可直達旅館/基本上是不用找的/而且地面便有7/11/對面已經是西門町商圈了/
B	房間設置很棒/飯店地點優/早餐優/唯一缺點禁煙房仍然有很重的煙味/
A	早餐服務待加強/二次取餐回來後/桌子變成帶位給下一組/然後把我們帶到另一個位子就算了/去沒一分鐘另一個位子的人也取餐回來/然後又把我們帶到了另一個位子/帶位小姐居然還問是我帶你們來的嗎/整個超無言/雖然當天用餐的人滿多的但這樣帶位真的太誇張了/
B	前幾天住過這間飯店/覺得它地點方便/從捷運西門站步行只需兩分鐘/我最喜歡的是它的建築風格/而且房間蠻大的/適合家庭居住/早餐好吃但選擇不多/但缺點是房間的洗手間沒有門鎖/私隱度比較低/整體來說這間飯店我還是蠻喜歡的
A	大廳空間很棒還有免費點心和飲料/但是房間的隔音非常差/整個晚上只聽到走廊上其他房客大聲喧嘩聲/敲門開門關門的聲音/隔壁房間內說話的聲音和電話聲都一清二楚/整個晚上根本無法休息/這種住房隔音品質真的體驗過一次就夠了/
B	離捷運站很近/服務親切/公共區還有提供小點心和咖啡/茶飲/雙床的家庭房空間很寬闊/浴室只有淋浴/床鋪只有140cm/一張床睡二個身材不胖的大人還可以/否則就要考慮是否睡得下/
B	家人一向很喜歡捷絲旅/第一次入住西門館/除了服務親切賓至如歸的好感依舊/發現這裡竟然有適合網紅拍照的教室/效果真特別呢/
B	Cp值高/房間乾淨舒服/大廳有設計感讓每個人都可以找到舒適放鬆的角落好溫暖/
B	去年才剛整修過/處處充滿巧思與設計感的飯店/房間感覺整潔/離捷運站跟西門町大概走路三分鐘就到了/整體而言很滿意/會想再去住/
B	CP值高的飯店/2人房不到2000月/隔音不錯/床也很好睡/燈光設計的不錯/吧台下方的燈可當夜燈
B	從住宿地點前往市區各處都十分方便/安全的門禁管理/客房溫馨舒適/早餐種類選擇眾多也很美味/
B	房間乾淨整潔/床頭設有插座方便手機充電/設計貼心/另有免治馬桶/早餐豐富/房型狹長的房間/離電視太近/建議改善/地點交通便利/靠近西門町/周圍很多景點/
B	早餐吃的飽飽/晚上睡得好/旅店設計風格與動線都讓旅客舒適/
A	有訂一個雙十一的優惠方案/原本訂平日的日期/第一次打電話去更改為假日時還/特別確認/這個方案訂假日會加價嗎/那時候的客服還跟我說是可以訂的/不過那時還沒確認行程/就沒訂/後來再打去確認要改成假日時/客服又說這個方案是不行的/還說有限制幾月前要訂好/那一開始那個客服到底在搞什麼/我就是找不到方案內容所以親自打去確認/我行程都排好了才跟我說不行/以後客服可以專業一點嗎/方案內容就算網站上有寫清楚/但是打去問的時候也要解釋清楚才行吧/給錯誤的資訊真的讓人很不方便/真的非常生氣/
B	還不錯/床非常舒適
B	環境及房間各項細節均維持得很乾淨/也沒有惱人的氣味/很棒/
B	房間打掃的挺乾淨/冷氣也夠冷/水壓也夠/另外早餐小而美/每一樣都好吃/水果也夠甜/第一次入住捷絲西門完全不踩雷/重點是接待即其他服務人員都是正妹/
B	很多專案可以選擇/隨時有咖啡跟小點心/洗衣烘衣服不用錢/可自備也可跟櫃檯買洗衣粉/早餐總類算小綜/但很好吃/家庭房有小客廳很適合一家子吃點心喝小酒
B	入住有ㄧ袋小零食感覺很好/唯獨空調會ㄧ直切換還有馬桶的聲音很大聲一直被嚇到/其他都很不錯/
B	房間/2床/整體很乾淨舒服/一覺到天亮/午餐/牛排很好吃/早餐/超豐富/吃到皮帶多退2格
B	入住時服務櫃檯余/先生服務態度很好很細心的介紹房內設施跟週邊景點/房間乾淨舒適
B	走六號出口出來就能看到飯店/樓下就是小七很方便/服務及房間都很棒
B	地點佳/近板南線西門捷運站/生活機能佳/樓下有7/11及日本第一壽司郎/也靠近西門町/房間也夠大/唯一缺點是房型為長條型/床鋪只能單人床直排放/其他都不賴/
B	第二次入住了/喜歡人員的服務態度及環境乾淨/只是浴室稍嫌暗了點/
B	房間乾淨/寬敞/服務態度好/而且又便宜也很安靜/離捷運站近/無可挑剔的五星
B	超棒的旅店/環境很有設計感/很乾淨舒服/又離捷運西門町超近/cp值很高下次還會想來
B	不僅讓人有家的感覺/還會讓人流連忘返/能夠遇到Carol經理是我這次印象深刻的體驗/之後有機會一定還會再去造訪/
B	超級棒的旅館服務員/感謝你們在這一個多月住宿期對我的照顧/關心/尤其在疫情期間令身在異地的我也感到一絲絲溫暖/請你們繼續保持那份對客人的溫度/令客人在旅館期間都有家的感覺/非常欣賞你們的服務質素及態度/
B	大床房是兩張小床拼在一起的/睡起來不會太舒服/酒店算是乾淨備品也很齊全/我住的房型雖然有窗戶/但是窗戶是不透明也不能打開/有等於沒有
A	捷運西門站地理位置好/樓下就是7/11跟壽司郎/櫃臺設在五樓/交誼廳有提供咖啡飲品還有提供自助洗衣/房間浴室裡面鋪設黑色磁磚顯得有點昏暗/
B	服務人員親切/環境乾淨整潔/早餐中西式都有很適合一家大小/有機會會再入住/
B	房間很不錯/每層樓都有拍照的景點還有健身房/飯店CP值高/服務人員都很好服務態度很好
B	裝潢設計以藍綠色為基調/輔以西門地景的意象圖/飯店有許多巧思的空間/非常推薦家庭客入住/
B	2020/07/23/個人評價/５分/滿分/５分/捷絲旅買一送一加碼送肋眼牛排的專案/之前都沒有買到/這次終於被我趕上了/這次送的地點在台北西門館/捷絲旅的櫃檯在五樓/要找一下電梯才能上去/其實我到的時候才下午一點出頭/原本是想要寄放行李後出去晃一下的/結果櫃台非常善解人意的幫忙辦理了提早入住/因為上次在礁溪館的體驗很不錯/這次進門就先看了廁所提供的吹風機/果然又是國際牌的好東西/房間裝潢有種說不上來的西門町特色/彷彿印象中的西門町就該是這種調調/室內空間很寬敞/還有張小茶几/不會讓人有壓迫感/插座比礁溪館多了非常多/這次加送的肋眼牛排是在捷絲旅的餐廳用餐/前餐是純牛奶羅宋麵包/微糖那種/我很喜歡不甜且無內餡的感覺/番茄蔬菜湯喝起來就是羅宋濃湯/雖然我不喜歡番茄/但是濃湯口感很滑順入喉/搭配麵包很適合/今天的主餐是七分熟的美國肋眼牛排/６盎司/上桌就發現熟度很漂亮/吃起來的感覺就是嫩/入口即化/邊邊有微焦的口感/肉汁有好好被封在牛排內/似乎在上桌前牛排已經有先調味過/鹽巴撒得很剛好/一分鹹/有著提味加分的效果又不影響肉的原味/黑胡椒/紅酒/蘑菇醬/感覺的出來有調製過/不會死辣而是溫順的黑胡椒醬外帶了些許甜味/但是我只有試味道的時候沾了點/畢竟肉本身就處理的很完美/配菜就有點可惜/烤的漂亮但是在整份餐點中味道有點突兀/薯泥滑順好吃/其他就外觀好看而已/隔天的早餐一樣是在餐廳用餐/自助式的早餐很不錯/味道大部分都有到位/因為是買一送一專案還加贈牛排/所以ＣＰ值爆表/除了讓我提早入住外/隔天退房時也主動詢問是否要寄放行李/服務態度/餐點與房間都出乎我意料的好/入住了礁溪館跟西門館以後/我已經被圈粉了/
A	地點很方便/住兩晚不同的房間/但是清潔真的不夠乾淨/地上還有很多頭髮很多污漬/房間有四五隻蚊子/一整晚都不好睡/This/hotel/is/not/cheap/but/cleaning/is/not/up/to/standard
B	餐點好吃/服務人員用心/環境乾淨舒適/交通便利/價位親民/會是來台北住宿的首選
B	很喜歡新潮時麾的旅店設計/2大1小有3人房/不用訂到4人房相對價格親民許多/大廳有迎賓飲料吧
B	價格CP值算高/房間也很乾淨/服務也很好也有合作停車/服務/早餐也很好吃/
B	設計風格獨特/我最喜歡中間的沙發區/吃東西看電視都能很舒服的享受
B	雖然在西門町商圈/但卻沒有鬧區的吵雜/從房間到早餐的配置/都令人為之驚艷/服務人員也相當有耐心/雖然住宿位置在老舊大樓裡/卻有著旅人嚮往的安靜/
B	地點方便/環境舒適/物超所值/捷運站旁四通八達/965公車就可以直達九份/西門町就在旁邊逛街也方便
B	床舖好睡/房間潔淨/櫃台大廳有如咖啡廳/提供免費咖啡餅乾/寄放行李/服務人員親切/交通方便/價錢公道/就直接給5顆星了
B	服務親切/房間乾淨/包括電視遥控器/半夜也有提供咖啡和茶/早餐豐盛美味/大推
B	一如既往的好服務/好舒適/捷絲旅真的是品質保證/
B	很棒的住宿經驗/第二次入住/房間很乾淨/服務人員專業貼心/捷絲旅系列在各地都是划算超值的選擇/
B	房間乾淨整齊/旅店設計不錯/大廳有提供免費冰飲與咖啡餅乾/服務好/地點優
B	两年前住過/次/感覺不錯/所以今次來台選擇再次入住/好像重新裝修過/因為七樓全層還在裝修中/裝修過/切好新穎/房間和床超舒服/早餐不花巧但用心烹調/流/美中不足就是隔音差了少少/台北入住首選/
B	服務很好/早餐很好/還有全天候咖啡可以喝/真好/雖然房間空間不大/但很有設計感/讓我對其他地方的捷絲旅覺得期待/
B	地點便利/房內環境整潔舒適/價格也不貴/是一間CP值很高的旅店/有機會會再訪的
B	服務很好/房間整理好/就讓我們提早進房入住/房間的隔音/格局我很喜歡/又很乾淨
B	房間很舒適/人員服務也很親切很棒/尤其櫃臺人員Carol/服務真的/這間很不錯/會推薦朋友來住/
B	很舒適房間很乾淨還有附早餐/有健身房和一些網美拍照景點
B	服務人員真的很棒/很好的環境/很乾淨美麗的房間/住的很開心/很謝謝服務人員的熱誠接待/
A	1/房客很多/check/in/check/out/甚至吃早餐/都要等/2/隔音不佳/深夜1點多/隔壁房還在大聲吵鬧/
B	房間乾淨也沒有異味/床偏硬但好睡/服務人員親切/早餐好吃很多選擇
B	房間小而舒適/服務人員都很親切/附近美食多/交通便利/會再入住/
B	地點很好/房間乾淨整潔又很寬敞/坐在大廳也很舒服/設備也都很齊全/非常推薦/
B	疫情關係得以到此/除菜色幾乎天天不變/櫃台常會消失很久外/其他都很棒/對了/免費烘衣服/且有四台不需等/棒/
A	西門捷絲旅/有被騙的感覺/跟三重差好多/剛從三重住兩晚來的/首先/休旅車因為高度限制無法下他們配合的停車場/僅能停到幾公尺外的實報實銷停車場/這也就算了/退房時要從停車場把發票拿回很難路邊停車的大樓給他們/才能核銷/再來/我跟她們反應要事先告知/而不是我車卡在路邊才告訴我休旅車下不去/其中一位服務員/是是是/是是是/是是是/是是是/是是是/很多飯店會事先詢問客人的車款並告知停車限制/或事先註記於訂房網/最後/我有一大半是為了酒吧訂的/但酒吧是假的/根本沒有酒吧/明天要去花園飯店吃飯/原本想訂花園/但看到西門捷絲旅有酒吧才訂的/
B	乾淨/安靜/空間大/床也很好躺/可惜的是沒吃到早餐/有機會還會入住/
B	很少幫住宿評價/但第一次住而且是連假感受到的舒適跟服務讓我驚豔/絕對會再訪
B	過年來住/設備服務都滿好/雙人房有點小就是了/
B	住宿環境乾淨/服務人員親切/位置交通便利/開車的/可以停到中山堂停車場
B	CP值高/櫃檯人員親切/附有配合停車場/唯有水管流通聲在夜晚稍嫌大/其餘沒什麼可挑惕/
B	房間設計友善及貼近使用者需求/服務人員親切有禮/早餐也很豐富
A	剛好遇到國小校外教學/早餐時段擠滿人潮/位子不夠/夾取食物也大排長龍/也很多人在咳嗽打噴嚏/ω/
B	早餐很棒/食物品質好/四人房廁所和浴室分開/很好用/服務人員親切有禮貌
B	房間整潔沒話說/每位阿J服務人員都超Nice/孩子心愛的小玩偶/海龜/落在前台/服務人員還細心的幫孩子尋找物歸原主/孩子的餅乾落在大廳/服務人員還拿著餅乾衝到電梯拿給我們/貼心的舉動真的是不勝枚舉/尤其是主任真的幫了我們很大的忙/因為在西門鬧區裏停車位真的很難尋找/主任還幫我們在大樓裏留了車位/讓我們在住宿期間不用為了車位苦腦/真的是太感謝了/
B	住宿環境舒適/服務人員待人親切/早餐也吃得很撐/免去一頓午餐/
B	與媽媽住一晚/服務貼心/因為媽媽生日/房型升等家庭房/還有貼心零食小卡片/舒服的環境裝飾/非常放鬆的小旅程/感謝捷絲旅
B	CP值高/服務人員親切/值得一再光臨/
B	工作人員服務很好/等待入住時輕食的小點心及益智玩具深得孩子們的心/裝潢很時尚/孩子們很喜歡美的冒泡的萬花筒/
B	一切都很棒/防疫也很確實/離西門町很近/方便/但沒有停車場/需停附近停車場/還好停車費不貴/
A	6/27/6/28入住一晚/有幾點抱怨一下/1/在入住前因為有幾件事想問/故撥打電話給櫃檯/結果打了3/5次都沒人接/感覺服務很差/2/先前看官網有停車場所以訂房/沒想到早上11點提早check/in/櫃台通知已經沒有車位了/所以要自己去外/面停再憑發票回來請款/3/入住後發現門外面打掃人員或隔壁隔間只要一有聲音就很大聲/明顯隔音非常不好/4/晚上要睡覺前先整理一下棉被/棉絮和棉被全部從被套跑出來/明顯房務人員沒整理好/害身邊過敏的人發作/5/晚上睡覺後冷氣風一直忽大忽小/且壓縮機聲音非常大且有不明噪音/不知道發生什麼事/讓我睡也睡不好/6/隔天早上被隔壁房間在廁所大聲咳嗽的聲音吵醒/故再聲明一次隔音超差/7/唯一值得慶幸的是早餐品質非常好/故多了一顆星給它/但其他就見仁見智了/
B	房屋乾淨度佳空間大/交通便利/房價也很親民/服務人員態度很好/很推薦大家來住/
B	環境整齊清潔/服務人員態度親切/原訂二單人床/免費升等較大房間/有設計停車方案/在旅館地下室不用為了停車位而煩惱/很值得入住
B	整體環境乾淨舒適/現代年輕風有設計感但不輕浮/早餐令人愉悅
B	商務飯店/整體設計比較新潮/房間使用較多的開放空間/感覺實用性比較高/價格也很優惠
B	放假來到了西門捷絲旅/第一印象跟離開時印象最深刻有三個/服務態度很親切/房間整潔/離開時給我感覺是像家人/下一次一定還會想來喔
B	超酷三人房/房間很漂亮/床有輪子很有趣/服務人員都很好/早餐也好吃/如果廁所能加個鎖就會很棒/因為和朋友住/沒鎖挺尷尬
B	Loddy很大/自助飲料機/像個咖啡館一樣/員工友善/配合中山堂地下停車場/離場前可到櫃臺消磁免費/樓下就有7/11/像在日本一樣方便/
B	服務人員親切/房間超乾淨/雖然只睡1晚/但真的很放鬆/
B	服務態度很親切/仔細介紹旅店附近好玩好吃的地方/房間乾淨佈置的很舒適
A	空間設計有點奇怪/浴室淋浴頭一直掉下來/桌上抬燈也站不太直/空調風口設計奇怪/對著床直吹/第二天起來/馬上中標/早餐也很普通/乏善可陳/隔音很差/聽得到門外旅客講話走路/以及隔壁洗澡用厠所/Interesting/design/of/space/the/shower/head/is/impotent/kept/falling/off/and/the/tabke/lamp/would/not/stand/still/eather/The/air/of/the/ac/kept/blowing/on/the/bed/that/both/of/us/felt/sick/the/following/morning/The/breakfast/is/mediocre/Terrible/soundproof/I/could/hear/people/walking/and/talking/on/the/hall/and/others/using/their/showers/and/toilets/
B	房間乾淨/早餐也好吃/缺點大概就是冷氣聲音真的滿大聲的
B	目前這麼緊張局勢下/謝謝飯店人員為我們辛苦的把關/謝謝你們的付出/
B	服務態度非常好/因首次入住手脫臼受傷了/得到酒店熱情舒適的協助/酒店服務也很好/員工態度一流/特別是一位會說廣東話的男性經理/如再到台北西門町旅遊/還會再次入住/推薦/
B	離捷運站和火車站的距離適中/房間雖然小但很乾淨應有盡有/早上有簡單的早餐和下午茶點心/是還不錯的商務旅館/惟網路定價與現場有些不同調/導致訂房時有些混亂/
B	乾淨又舒適的旅店/離捷運站不遠/過個馬路就可以逛西門町了
B	地點很好/飯店很舒適/但是早餐沒有照片上的好吃
B	辛苦了飯店人員/不要理會那些躲在電腦後的鍵盤俠與酸民/你們辛苦了
A	住宿/早餐都不錯/但為什麼我的牛排餐除了一塊牛排/什麼都沒有/連一碗湯也沒/是不是太撩草/cp值不ok/失望
B	疫情當前/實現社會責任/飯店業也辛苦了/加油/撐下去/
B	Just/Sleep/捷絲旅這個旅館品牌相信很多香港人都住過/它們在西門町的分館新近完成大翻新/旅館設計比之前更潮更有型/最厲害是到處都有打卡位/加上各種貼心服務真叫人樂而忘返/
B	帶全家大小來趟台北輕旅行/入住這家旅店CP值頗高/整體住宿感覺乾淨舒適/服務人員態度親切/真的很親切/特別強調/餐點好吃/雖樣式不多/但每樣都是好吃的/且位於西門町附近/地理位置佳/去哪裏都方便/如果下次來台北/這間應該會是優選/
B	捷絲旅西門館服務真的好窩心/昨天一家人/兩大兩小1/3Y/出國回來只是過夜就要回金門/訂了兩單床房型/沒想到櫃檯人員sandy看了看我們及4件大行李/於是告訴我/你們原本訂的房型有點小/我看你們還帶了小孩為了讓你們舒適一些幫你們升等家庭房/這種貼心/同理心的員工真的值得讚美/進了房間真的好寬敞舒適/內裝真的很時尚/很好拍/真心推薦/房間舒適/服務貼心/
B	乾淨明亮/服務好/缺點/早餐太晚吃的話很多都沒食物都沒補/補的速度很慢
A	太誇張了/明明都付錢了還說沒付錢/要拿刷卡證明才認帳/被誤會的感覺非常不好/以後不會再來住了
A	好一般/一家三口夠用/床大/但廁所有尿味/好難頂/4/F餐廳細/早餐時段太多人/氣氛吾好食少少算/要出外食過/
A	酒店員工友善有禮/洗手間和浴室分開方便各人使用/有多種枕頭可選有新意/
B	房間很乾淨/空間規劃的不錯/早餐很好吃/地點很好/非常推薦/
B	住宿房間跟早上用餐的環境很棒/服務人員也都很親切/
B	讓人安心放心舒適入住的首選/
B	房間簡約但不失典雅/早餐好吃/7/8樓萬花筒好好拍/裡頭人員妹子很正服務又很好
B	便宜乾淨/交通方便/5樓有免費咖啡可以喝/按摩/逛逛街超方便/
A	為什麼不讓醫護人員入住/還要給我們漲價/
B	環境舒適乾淨/裝潢有設計感/早餐不錯/有小孩活動空間
B	楊盛宇/Joyce/超棒/飯店超級棒/好温暖/幸福
B	服務人員友善/環境乾淨舒適/早餐新鮮又好好吃
B	除了停車不便/早餐遇人多須等待/其餘都超讚
B	地點超方便/服務人員親切/是台北市非常超值的住宿選擇/
B	滿滿的CP值/2000塊而已/大廳還有免費的咖啡跟小餅乾/早餐也不錯
B	服務人員態度親切/態度佳/用餐環境悠閒/讓人很舒服/交通方便
B	整齊乾淨方便的旅舍/處處看得出用心/會再次入住/
B	酒店位於西門町對面/走過一條大馬路/或從地下街通過/就可通去西門町/感覺比起住在西門町內舒服得多/帶著行李由台北車站過來的話/坐巴士一個站就到酒店對開的巴士站/很方便/入住時被升級去高級雙床房/房間就更大了/廁所/浴室跟洗手盤是分離的/能減少房友輪侯使用的時間/很不錯/唯一美中不足的/是房門隔聲很差/半夜有住客在走廊邊走邊說話/都被吵醒了/當然/自私嘈吵的住客也有一定責任/
B	看到評論選擇到此酒店入住/整潔乾淨的大廳與房間並不會感覺到壓迫/我跟朋友都感到很舒適很開心/附近交通便利且離西門町也很近/謝謝酒店員工/Wayne/在吃早餐時的介紹和服務/下次如果來台灣有機會選擇這邊入住/
B	房間本身非常不錯/但早餐時間人潮眾多需等候入場
A	小而美的旅宿之地/很溫馨/還有很好的早餐可以享用/
B	很有特色的旅店/不錯的親子住宿/早餐選擇並不多/
A	飯店環境不錯/但是用早餐的位置很少/吃早餐的種類不多
B	近西門町/逛街很方便
B	環境設施舒適/餐點豐富美味/房間人性規劃/周圍停車也算方便/
A	服務態度良好/但房間內棉絮灰塵空氣不好/空調出口灰塵嚴重/
B	房間乾淨/餐廳好吃/唯一缺點是隔音不好/
B	小而美/服務清切/提供咖啡茶點休閒活動很棒/適合住宿/
B	Carol服務人員超級熱心/協助幫忙入住/安心旅遊如何申請/態度親切/讓我們旅遊愉快/
B	房間不錯/對面又是西門町/很適合旅遊居住/房間價錢也可以接受
B	吃/住各方面還不差/地點適中/牛排肥油太多實在動不了/
B	雖然房間小了一點/但是該有的都有/只是隔音差了一點/
B	服務品質及餐飲房間都很不錯/值得再來居住
B	環境舒適服務親切周到
B	床是兩張併一起的/但舒服/早餐美味/每天有變化/但餐廳座位擁擠/淋浴水壓足夠
B	裝潢新穎/房間內就有可以用餐聊天的沙發/很適合朋友出遊訂房/
B	良好的住宿品質客房及服務人員都很讚/
B	國旅專案三人房好喜歡/服務跟早餐也都很好/大推/
B	舒糊的文創小旅
B	現在推出24h住房專案/價格很划算/即使暑假也不貴/之後會回訪/
B	服務人員親切/旅館硬體設備很棒/CP值超高/然後早餐很豐盛/讚讚
B	住宿環境非常乾淨/飯店也位在西門町鬧區附近/來台北或台灣旅遊住宿的好選擇
B	房間舒適/價格實在/CP值很高/還可以暢飲咖啡
A	打著提示安全防護之名/行歧視醫護並漲價之實/
A	雖是晶華體系的飯店/但內裝/設施與價位比差距仍大/飯店員工的體貼服務是唯一的優點/
B	早餐好吃/床超軟/冷氣超強/服務人員美麗大方又親切/
B	房間乾淨/早餐好吃/服務人員態度親切/
B	價錢在西門町來說很划算/還附贈早餐/推薦可以來住
B	地點鄰近西門町交通便利/1樓有7/11很棒/缺點隔音較差/
B	服物ok/住宿還境可以/臨近西門町/交通方便/但是一到退房時間/一樓櫃台擠滿人/且旅客站滿在電梯口/門口樓梯/通往旁邊超商通道/影響通行/需要改善
B	捷運站出口/地點不錯/房間偏小但整潔/早餐選擇不多
B	地點便利/西門3號出口出來後直走就到了/飯店樓下就有7/11
A	大概是背包客多的酒店/日本韓國大陸客多/交通方便/過了馬路就是西門町/了惜中華商場子已走入歷史/原址第一百貨是台北最早的現代化的百貨公司/
B	空間舒適/房間內乾淨早上附餐很讚/會願意再次入住/
B	雖然櫃台小姐有些不熟悉流程漏掉該給的啤酒/但還是值得推薦
B	非常推薦房間舒適寬敞/早餐豐富/地點超好
B	非常喜歡來晶華集團的飯店住宿/服務好/房間乾淨
B	交通方便捷運下五分路就到/早餐環境都不錯
B	物美價廉/地點佳/服務好/陳設也頗有設計感
B	地點適中住宿費合理/有豐富的早餐/很值得/
B	服務人員親切客氣/大廳有免費點心茶類可使用
B	西門地下街出來就到/但是沒有電動手扶梯/洗衣機要排隊/餐廳人多通道不好走/
B	很精緻很乾淨的旅店
B	大廳感覺很舒適又安靜/服務人員有禮貌而且很親切/
B	新改裝後/感覺更優了/雖然餐廳在改裝但早餐送到房間也很棒
B	現代感的裝潢/環境乾淨舒適/員工親切服務好
A	櫃台人員反應慢半拍/好像昨天晚上沒睡飽一樣/問東答西/牛頭不對馬嘴/最要不得的是欺騙客人/這種要不得的行為/竟然發生在台灣/爛透了
B	服務親切/大廳咖啡好喝可以讓人像回到家一樣的放鬆
B	每次臺北出差旅館首選/非常值得推薦
A	房間小了一點/櫃檯小姐服務很好/餐點不錯吃
A	加一個人結果連棉被枕頭都沒給還加錢
A	房間比較小/但清潔乾淨有晶華集團的水準
A	乾淨/床墊容易搖晃/服務人員親切
B	服務非常好/環境很棒/乾淨隔音優良
B	乾淨/服務好/午餐肋眼牛跟博麗廳應該是一樣的
B	整體感覺很好/很滿意/櫃檯工作人員很有禮貌/房間整潔
B	房間乾淨/隔音好/早餐很讚
B	房間新穎乾淨/有設計感/人員態度好
B	真的很舒服/隔音很好冷氣也夠冷
A	服務還可以/但是住的就有點期望太高
B	價錢合理/環境整潔服務態度極佳/值得再去
B	地點很好/可停車/早餐豐盛/牛排優秀/co值高
B	用心安排生日的客房住宿/服務親切/客房整潔/
B	很精緻/年輕感/近西門町/服務人員親切專業認真/
B	很舒適的地方/交誼廳空間很讚/服務員態度良好/
B	服務好環境佳
B	非常親切的服務人員Carol/Stanley/用心的服務客人/來到西門町的飯店首選
B	早餐很豐盛
B	酒店雖小但該具備的也都有/還有個洗衣房/真的還蠻方便的
B	乾淨舒服交通方便/工作人員親切有禮/
B	安靜/乾淨/服務態度又好/輕旅行的選擇/
A	連洗手間都不借的/其他服務會好到哪裡呢/對面的台糖台北會館相對客氣多了/
B	今年剛裝修好/CP值超高的飯店
B	早餐選擇多/裝潢讚/有床邊插座/
B	設計旅館/有特色/跟網美打卡拍照點喔/
B	住起來很舒適/服務人員很讚
B	很好的飯店/有小孩適合來這裡
B	地點優/設備可以/床鋪舒服/早餐可以/
B	地點很好/離捷運很近/房間整潔明亮/
B	設計風格有特色/環境舒適/服務品質良好/
A	還可以價錢不算貴/交通也方便/服務也可以/房間也算乾淨/
B	床很好睡/而且乾淨舒適/地點方便/
B	重新裝潢大廳非常舒服/設計新穎/空間感變大了/期待下次再來/
A	三人房/面向後巷的/不是向大街的/冷氣好嘈/好似煲水聲咁/面向街的二人房則無事/
B	地點很好/方便/但洗衣服務不足/洗衣機數量小/服務時間短/
B	服務很好/房間乾淨/櫃台人員超棒
B	房間很乾淨舒適/早餐很豐盛
A	普普的餐飲/中上的旅店品質/還好/
B	價格便宜且隔音良好/鄰近各大台北景點
B	地點方便/早餐品項不多但口味還不錯/
B	服務態度很好/房間很乾淨
A	交誼廳不錯/有咖啡茶餅乾可享用
B	交通便利/房間乾淨/服務人員親切
B	整體設計不錯/床有些硬
B	服務佳/早餐好吃/清潔度也好/值得再來
B	很不錯的一家飯店/推薦/
B	早餐很不錯喔/感覺很好
B	飯店位置很棒/逛街方便/
B	服務人員的服務態度非常的好
B	服務貼心/處處都有小驚喜/出差最佳選擇
A	周遭生活機能便利/館內設施齊全/值得一住/
B	三人房非常寬敞/設施充沛/地點佳/
B	員工態度有禮/早餐ok/房間整潔乾淨/略嫌有點擠
A	乾淨/舒適/但早餐很一般般
B	位處西門町/非常方便/酒店內沒有什麼設施/Just/sleep/OK/乾淨衛生/
A	服務態度差/根本不管客人有沒有被插隊/不會再來了
B	今天從高雄上來/入住環境很好/服務很好
B	值得您來住一晚/
B	西門町/戀愛時分/排骨麵/美觀園/呷老葛來懷念時代空間全改變美
A	空間狹小/餐點還可以/
B	近捷運/西門町/價格實在/早餐也好吃
B	不虧是晶華體系/平價但小而美/重點乾淨/
B	只有超級棒可以形容/太喜歡整體的cp值了
B	位於地方十分好/在西門町對面/出入搭地鐵十分方便/值得一去/價錢合理
B	Cp值高/服務人員態度親切/餐點好吃
B	乾淨熱情有溫度的一家旅館
B	服務超暖心的/特別是Noreko/Joyce/謝謝她們親切的服務
B	讚/乾淨/早餐好吃/便宜/cp值高
B	房間/正/地點正/仲有個/識講廣東話嘅/員工/解答您的疑難
B	房間的古龍水味道太重/人員服務態度不錯
B	床墊的舒適度很棒/小晶華
B	疫情期間優惠的價格/不來住會後悔
B	房間乾淨/服務人員很棒/
B	公車捷運交通方便/C/P值相當好/
A	服務不是很好/非常不推薦去/去的人如果又客訴只能說/都叫你不要去了/那就不要亂客訴人家服務太爛/
B	除了餐廳也開飯店/其他國際飯店同業也稱讚的好飯店/
B	房間新穎舒服/早餐好吃
B	好旅店/價格也實惠/每次出差首選/
B	超級棒的服務態度
B	乾淨舒適/
B	鄰近西門町/乘捷運方便/酒店簡約乾淨/服務挺好
B	地點方便/有設計感的空間
B	地點佳/住房剛翻新乾淨整潔
A	台北市西門町商圈非常適合的旅店/
B	Carol服務人員非常熱心/協助入住
B	地點方便逛西門町/房型設備則普通
A	不錯的商旅/離西門町又近/
B	交通和購物都方便/舒適/清潔/員工有禮/
B	房間乾淨/早餐豐盛/
B	乾淨舒適/早餐好吃
B	房間設備/空間非常好/
B	服務佳/價位合理/設計新穎
B	幹淨/舒適/性價比高/推推推/
A	位置很好/房間設備有待加強
A	公共洗手間太少/乾淨度不佳
B	櫃檯人員友善/房間舒適/
B	台北輕旅行很舒服/好吃/好玩/好服務
B	非常棒的飯店/值得再次入主
B	客服親切/房間乾淨/
B	環境跟衛生都很好
B	住宿品質很讚/
B	舒服空間大/離車站近
B	員工很友善/早餐超好吃/
B	很讚的旅館/很乾淨喲/
B	服務地點早餐都很棒
B	乾淨舒適/
B	重新裝潢後質感提升/設計感不錯
B	衛浴設備讚/乾淨/其他ok
B	接待員工Noriko等都非常細心用心/謝謝
A	房間環境清潔/交通方便/
B	服務人員有/禮貌/房間空間設計簡單讓我覺得很舒服/
B	服務人員服務態度很親切/地點好/近捷運/
B	地點佳/早餐種類略少
B	房間乾淨
B	缺點是/離停車場有點距離
B	十分方便/西門町夜市對面/旺中帶靜
B	環境乾淨/服務態度良好
B	房間乾淨/大堂職員有善
B	房間不大/但服務品質好
B	文青小旅店/跟西門町周邊很配
A	蠻有人情味/可惜沒可出國走走/
B	早餐可以再多樣點
B	值得推薦
B	空間設計不錯離西門町又近
B	乾淨舒適
B	服務好/環境整潔
B	服務親切/地點方便/
A	整晚睡不著/冷氣不冷/床很難睡
B	房間小巧有設計感
B	舒服/交通方便/工作人員熱心
B	輕鬆溫馨的住宿空間
B	唯一缺點燈光偏暗
B	很棒/乾淨設備不錯
A	地方交通方便/往西門町行幾分鐘就到
B	乾淨/舒適/貼心/
B	服務不錯/牛排好吃/
B	價格適中/地段很好/設備乾淨
B	地理位置超好/遊台北的第一站
B	交通方便/酒店人員有禮
B	服務員有禮/早餐豐富/
B	房間舒適/餐廳早餐可口
B	很舒適/服務很好/很熱情
B	乾淨舒適/服務好
A	交通方便/近捷運/對面就是西門町
B	整齊舒適/冷氣夠強
B	到西門町街頭掃街購物/當晚必定之選
B	服務不錯
B	服務殷勤/早餐有驚喜
B	交通便利/服務親切/
B	人員親切/有回到家的感覺/
B	三人房/好評/
A	覺得還好/別抱太大夢想
B	房間空間夠大夠光猛
B	乾淨/整潔/旺中帶靜/
B	CP值很高的旅館
B	服務好/貼心/
A	整間飯店及房間的氣味都非常難聞/尤其是洗衣間/很讓人反胃/房間的馬桶也好髒/黃黃的/不敢相信跟晶華同個集團/
B	係一間唔錯既酒店
B	不錯/餐點很好吃/牛排肉質軟嫩/早餐豐富營養多種/服務都很周到/房間與餐廳都是居家設計感很舒服
B	環境舒服/乾淨/
B	交通/購物超方便的
B	地點方便/服務貼身/
A	房價比較貴/
A	不要住邊間/
B	一不錯/就是沒有其他設施
A	歧視醫護人員
B	服務人員很親切
A	清潔/交通方便
B	非常優質的旅店
B	地點好/服務佳
A	飲飲食食/十分方便/
B	Lobby營造的很溫馨
A	大部分酒店房間無窗/
B	新/服務好
B	好乾淨的酒店/nice/
B	房間乾淨整齊/服務人員親切/房價親民/CP值超高
B	布置很輕鬆舒服
B	舒適交誼廳
B	9/10/21韓客入住
B	交通方便空間寬闊
B	服務好/什麼都好/
B	服務人員態度佳
B	非常好/值得推薦
B	很優質的商旅
B	服務非常好
B	服務非常好
B	服務很好
B	非常舒適
B	乾淨/現代/親切/
B	櫃台服務人員親切
B	環境很好/
B	前台服務很棒
B	舒適/乾淨
A	差強人意/可多比較/
A	便宜/簡單/樸素
B	乾淨舒適
B	下次再來
B	方便/清潔
B	舒適/乾淨
B	簡單/乾淨
A	冷氣夠冷
A	房間稍嫌狹小
B	簡約卻不失素質
B	服務親切友善
A	乾淨清潔
B	好吃的拉麵
B	乾淨的商旅
B	讚
A	還可以
B	整體優良
B	讚
B	地點絕佳
B	高質素的旅館
B	非常推薦
B	很喜歡
B	不錯
B	地點方便
B	不錯呀/
A	路過/路過
B	捷絲旅台北西門館
B	飯店內不論從大廳到走廊甚至客房內/都非常乾淨舒服/入住當天情人節還有送手工餅乾/好吃/
B	很棒的酒店/很乾淨/舒適的房間/也很寬敞/喜歡小點心/24/7/咖啡/免費小吃等等/接待處的喬伊斯在幫助辦理入住手續和安排/生日慶祝活動/方面非常出色/總的來說/我會推薦這個地方住宿/
B	房間和材料都打掃過/但空間較小/他們提供長期逗留的必需品/我在那里呆了/7/天/有一個組織良好的自助洗衣房/配有英語指導指南/前台工作人員友好而樂於助人/酒店位置很好/靠近興門町夜市/
A	房間本身還可以/乾淨而且相當時尚/對於它的價格來說/它是相當不錯的/但是/如果您在意浴缸/停車位/那麼/我建議您尋找其他地方/總的來說/這是一次不錯的體驗/對我來說/停車方面比較麻煩/
B	時尚的酒店/位置很好/房間的大小也不是太小/恰到好處/一樓有一個7/11/這很方便/喚醒飲料咖啡也很美味/
A	我們的房間有刺鼻的氣味/可能是潮濕/多塵/發霉的氣味/也許是地毯上的氣味/前台派遣了一名清潔女工/她只是進來噴些/什麼氣味/的空氣清新劑/態度和/所有房間都一樣/沒用改變房間/的評論/根據我們的一再要求/她終於帶來了空氣淨化器機器/但是由於有異味/我仍然無法整夜入睡/儘管他也聞到了氣味/但似乎沒有打擾我的室友/給我打電話說很敏感/但是酒店沒有費心去檢查問題是否得到解決/甚至不在意退房時我們是否住得很好/他們可能人手不足/太忙而無法照顧/
B	總的來說/這是一個住在台北的好地方/位置很好/位於西門町/距離台北車站有10/12分鐘的步行路程/6樓的大堂/設有舒適的座椅/免費咖啡和小吃/價格合理/含早餐的住宿物有所值/Stayed高級雙床房和高級三人房/房間乾淨舒適/設有沙發區/早餐是可以接受的/好接待員/
B	乾淨的精品酒店/時尚的設計/堅固而舒適的床/維護良好的客房/友好的工作人員/令人滿意的早餐/地鐵站附近/位置便利/過馬路/您在西門町旅遊區/距離足夠近/只有幾步之遙/足夠遠/無法聽到西門町的喧囂/物業下方有一個以sanrio主題為711的房間/還有instagrammable房間供拍照/
A	位置/Xi西門中部地區交通十分便利/捷運也在附近/並且在下面有一家便利店/房間/這是一間美麗的房間/於2019年9月重新裝修/藝術也很有趣/並且具有實用的佈局/咖啡廳的用餐很舒適/我住在827號房間/但是/電開關很不方便/我無法完成關閉筒燈之類的詳細工作/很可惜沒有浴缸/因為窗戶很少/可能有點發霉/廁所有馬桶/很棒/便利設施/available可以使用牙刷/齒間刷/梳子/烘乾機/洗髮水/毛巾/房鞋/冰箱/礦泉水等/沒有室內服裝/建議您隨身攜帶/還設有投幣式洗衣機和健身房/溫度/despite儘管從一月初開始/這一天的溫度還是很高的/最高溫度為25/最低溫度為16/寒冷的人應該帶上暖和的便服/因為房間裡只有製冷或通風/帶著羽絨服走到外面很熱/因此/如果您攜帶UNIQLO的輕薄便攜式外套/在夜風中變冷也可以/出口/台灣幾乎不需要轉換器/可以直接使用日本的110v家用電器/我也可以用抹子和充電器/如果您不確定/最好帶一個可以在世界範圍內使用的轉換器/這個房間到處都是網點/有待改進的地方/安裝護髮素/淋浴房水流量差且積水/淋浴軟管的連接部分漏水/
B	家庭有足夠的空間使用三間臥室/並有足夠的空間快速用餐/這個觀點有點不幸/因為它正在建設中/但整個觀點都很乾淨/登記入住時間早於常規時間/行李寄存服務非常好/早餐與酒店早餐不符/將Seven/Eleven連接到一樓也是一個很大的優勢/下雨時/您可以使用商場出口而不是mtr出口幾乎不下雨/
B	地理位置優越/使用酒店大樓旁的隧道可輕鬆抵達地下火車站/房間乾淨整潔/空調和通風都很好/在耶穌受難日和周末之前辦理入住和退房手續時/酒店將收取不低於高峰日房價的30/的費用/
B	酒店接待員非常友善和包容/他們很友好/甚至在我生日那天為我唱歌/他們有一個小禮物/一些糖果/這使我開心/他們甚至會說一口流利的英語/並且總是微笑著/每天向您打招呼/整個地方/房間/用餐區/體育館總是很乾淨/地理位置非常好/附近有很多商店和餐館/Definitelt會推薦給我的親戚和朋友/
B	乾淨舒適的房間/大堂為客人提供免費小吃和飲料/友好的酒店接待員/唯一的缺點是/牆壁的隔音效果不好/
B	客房寬敞且設計精美/工作人員非常友好和包容/然而/晚上9點之後/早餐會非常擁擠/食物也會用完/此外/我認為建築物的某些部分現在正在進行一些翻新/可以在白天聽到鑽孔聲音/
B	由於日冕病毒/我不能去/但這是我每年約四次訪問台灣的旅館/我特別喜歡我的妻子/因此很難切換到另一個地方/不是豪華酒店/但是位置/服務和設施都很棒/每次訪問我都會舒適地使用它/
B	位於xmd夜市對面的一條街上/酒店正下方有7/11/5層大堂為客人提供水/咖啡和茶等飲料/那裡也提供了一些小吃/我們的角落房間乾淨/舒適/寬敞/準備將三個行李放在床對面的長凳上/仍然有足夠的空間可以走過/唯一的缺點是/獲得合適的水溫是相當困難的/因為調節它時太熱或太冷/早餐很正常/選擇有限/如果需要/工作人員可以提供幫助并快速提供幫助/他們也能用普通話和英語交談/還提供行李寄存服務/
A	位置很好/接近旅遊預約/設施是汽車旅館級別/早餐不是很好/但價格便宜到足以理解/在浴室裡聞到下水道/浴室瓷磚是黑色的/所以整個氣氛都很暗/汽車在黎明的路上奔跑/摩托車的聲音非常響亮/走廊沒有隔音/我不想再來了/
B	對於住宿是平均水平/但是聚光燈在早餐上/我花了大約60美元/一晚住宿/含兩個人的早餐/台北市很好/
B	位置很棒/便利店在一樓/缺點是在台灣很難找到一個帶窗戶的房間/但它非常可怕/因為它離其他建築物非常近/窗戶上的灰塵太多了/隔音效果太差了/不僅有走廊的聲音/還有其他房間的聲音/我曾經在酒店唱歌/但我聽不到/因為我能聽到其他人的聲音/基本上我沒帶韓國洗髮水沐浴露/香水和清潔是最糟糕的/氣味是檸檬的氣味/混合著男人清涼香水的氣味/在台灣/洗髮水沐浴旅行套裝只賣給了日本/所以沒有照片/但是下次我來台北時/我會再次入住/而整個建築不只是滑倒/而是半個半不同的酒店/
B	我在一個有3張床的三人間住了2天/它的價格很大/價格乾淨/如果你在樹葉上放一個標誌/它會改變床罩/我擔心噪音/但在我逗留時沒有噪音/酒店位於Seamonding的對面/交通便利/酒店門前總是有出租車等候/工作人員都很友好/一樓有一個便利店/除了小型大堂/晚上也很方便/整體非常滿意4/5星/
B	除了有惡臭的升降機/其餘的都很棒/員工很樂於助人/早餐不是很大/但綽綽有餘/提供免費洗衣服務/早餐後/咖啡廳區域清理乾淨/提供小吃和茶/咖啡空間/提供空間的絕佳選擇/客房乾淨舒適/可選擇枕頭/位置也很棒/西門町就在馬路對面/捷運的6號出口就在外面/步行距離到很多地方/
B	我住在一個家庭房/還配有一張餐桌/這是一個非常容易使用的房間/乾淨/無需離開酒店大樓/不說/我可以去Seven/Eleven/接待處的人們也很有禮貌和友好/
B	是遊覽西門町地區的好地方/房間狀況非常好/浴室和淋浴間分開/工作人員很友好/結賬後在航班期間保管行李/所以我可以在附近度過我最後一小時的光線/
B	乾淨舒適的房間價格合理/可訪問性也很好/因此無論您來自哪裡/都可以輕鬆找到它/即使退房後/我也免費放行李/所以我享受了最後一天的旅行/我有足夠的意圖再次入住/但是/如果您走到酒店入口的右邊/將會有很多腳底按摩房/所以請選擇您自己的/這是我第一次來/也是唯一一次愉快的旅行/維塞克也很興奮/Szazzang不知道Gage的發展情況/希望您來台灣愉快/
B	在各方面都完美/早餐非常好/因為酒店附近有很多適合韓國口味的食物和公共交通/這項服務對我們的客戶來說非常好/我建議大量使用/
B	乾淨的房間和舒適的床/我每天都清理乾淨/因為我擅長清潔/但是/即使您關閉浴室門/氣味也會上下流出/在一樓/有一條連接Seven/Eleven的通道/所以很容易來回走動/
B	從台北/西門站可輕鬆抵達這家酒店/早餐價格合理/房間的佈局和設計是獨一無二的/清潔感沒有問題/廁所有洗手間/淋浴間沒有浴缸/我認為前面取決於時間/但日語對應是可能的/在使用西門站的情況下/如果是6號出口則是樓梯/但是在眼前/
B	即使您在入住時間之前抵達/您也可以在5樓的大堂休息室放鬆身心並享用點心/臥室住在高級雙人間/非常時尚/孩子非常喜歡它/浴室也很好/首先沒有抽屜櫃/其次/電視是舊的/不是很不幸/總的來說/我對員工很滿意/
B	優越的地理位置和步行距離到西門町步行區/讓我想起日本/很棒的位置/可以找到yelp或谷歌地圖上的一些評論的地方/步行距離/根據您訂購的房間類型或最後一刻預訂/您可能會得到一個沒有窗戶的房間/房間維護得很好/但我不喜歡扁平粗糙的地毯/前台工作人員講基本的英語並且很有幫助/但清潔人員只講台灣人和一些韓國人/會再來這裡/並試圖找到一個城市景觀的房間/我聽說你應該要求在酒店角落的窗戶間/
B	和3個朋友住在這裡/工作人員非常友好和樂於助人/為我們安排了2間相鄰的房間/位置非常靠近西門町地鐵站/酒店乾淨/隔音房間/聽不到朋友在隔壁房間喊叫/非常棒的早餐有很多食物可供選擇/然而/電視信號並不好/會留在這裡/
B	工作人員服務好/早餐豐富/房閒雖小/但充份利用空間/尤其你在退房時/還有/地方給你休息一陣/有茶水洗手間/椅子足夠/五星級酒店都沒這樣的設備/好酒店贊/
B	乾淨又好/因為在床上排成一排所以睡得好/床很舒服/我住了4/16/18天/但在餐廳建設期間/我在預訂時把早餐帶到了我的房間/我嚐到了它/我有兩天不同的菜單/我當時正在吃早餐/我很厭煩不得不去吃熱湯/
B	我在雙床房住了一晚/房間乾淨/明亮/設計精美/前台的工作人員會為您提供任何信息/
B	最好的早餐是洗衣機和烘乾機/但是/有很多客人需要運氣/稅收是10新台幣/但是捐款使您感覺良好/
B	一樓的便利店好/並且位置也好/早餐還可以/但不是那麼好吃/遺憾/動物形饅頭/它每次都很可愛/我無法控制空調/所以我白天睡得很冷/但調整它太麻煩了/天花板上有一個空調/
B	家庭房是最佳選擇/三張床的雙床房已滿/所以我最終使用了兩張帶兩張雙人床的家庭房/我每天打掃房間/這讓我住了四個晚上/非常令人滿意/沒有加熱器/只有空調/2月初是早春/所以晚上很冷/即使在6樓/我也無法打開窗戶/因為有人的衣架出來了/
B	Just/Sleep強烈推薦/我們早上9點左右到達那裡/我們的入住時間是下午/然後我們想把行李留在前台/Noriko告訴我們/我們可以提前入住/提前入住/提前入住/這對我們來說是個好消息/位置很方便/房間很乾淨/優質的服務/特別是Noriko/Johnny和Chole是那裡最好的員工/
B	一個很好的酒店/酒店品牌為台灣的每個地方都提供了很好的服務/因此最好用5星級評論來形容/這是/Just/Sleep/的第二次訪問/一年前是在宜蘭/
B	這家酒店很棒/不僅便宜/而且乾淨/早餐不錯/他們也有健身房和可以拍照的地方/在接待處旁邊/他們為您提供免費的咖啡/飲料和小吃/供您放鬆身心或與朋友聊天/非常推薦/
B	我使用的是三人房/但是如果空氣沒有空調/那還可以/除了有點陰天/您可以在中間吃的咖啡也很美味/位置也不錯/
A	總體而言是平均水平但接待員Isa和他們的早餐工作人員協助座位安排在與客人交談時可以更友好/禮貌/由於他們的客戶服務低於預期/我們不會支付我們的第二次訪問/
A	它實際上並不壞/嚴重但不適合情侶/雙人床有一扇窗戶/可以看到地板上的後巷走廊/也就是說/除非窗簾關閉/否則有人可以走到窗前偷看/意思是我幾乎沒有任何自然光進入我們的房間/我喜歡那個清晨或者下午休息/只有單獨的單人床可以看到街道上的窗戶/享有美妙的景色/為什麼/歧視/
B	酒店早餐很好/每天更換/酒店還提供自助服務/包括茶和咖啡以及免費的小點心/免費提供洗衣機和烘乾機等洗衣服務/位置靠近西門町區/非常適合散步/然而/由於它的長而窄/房間可能有點奇怪/
A	距離地鐵站有5分鐘的步行路程/房間看起來乾淨/床很大/早餐比NTU分店好/然而/我們的房間沒有視野/天花板很低/大堂也沒有休息區/辦理入住/退房時不方便/早餐室可以變得忙亂而擁擠/洗衣房很方便/然而/我擔心酒店的安全/因為電梯向公眾開放/但不需要卡片掃描儀/
A	我喜歡這個位置/在台北市到處都很好/地鐵站距離酒店不到5分鐘路程/您可以步行前往很多地方/房間有點窄/但沒有任何不便/
B	優越的地理位置/友好的員工和大堂小吃店/房間非常好/房間非常好/
B	很多韓國人/早餐很好/房間條件很好整體設計很時尚/如圖所示/有兒童空間和小運動空間/地理位置優越/大樓的一樓設有便利店/如果你回到台北/你會在這裡睡覺/
B	這是刻薄的/位置非常好/我現在和3個朋友住在一起/但它有點狹窄/但我沒有任何問題/酒店免費提供洗衣服務/還提供免費的冰和塑料杯/Seven/Eleven位於一樓/很方便/吃食物也很好/因為附近有亞種表面和馬拉松房子/
B	非常舒適的酒店/內部空間非常舒適/小而不小的內部空間/舒適的床上用品/早餐也很豐富和美味/如果您來西門町/我肯定會推薦/
A	位置很好/漢庫的光沒有隔音/您可以聽到房間旁邊的雨聲/早餐太大了/不能太大/如果您很敏感/則可以在6點後每20分鐘醒來一次/床上用品很好/
B	在酒店睡覺/這個問題是最重要的事情/這是床的質量/答案是它非常棒/我喜歡堅固的床/他們甚至有早餐/有獼猴桃/食物的種類很多/我推薦這個地方/你不會失望/
B	我們住在高級2單人床房/房間比我想像的要窄/但衛生條件很好/洗髮水/沐浴露/一次性洗漱用品/咖啡壺/冰箱/一切都在那裡/前台工作人員不會講韓語/但英語很好/很善良/它很方便/因為它連接到前面和便利店/我唯一遺漏的是浴室不隔音/呵呵/地理位置優越/步行約15分鐘即可到達冀東紀念館/約需300澳元到優步101到台北101大樓/
B	良好的位置和良好的設施/此外/它是免費的/不含洗滌劑/沒有織物柔軟劑/我下次去台灣期間會再次入住/
B	我在台灣待了3天/非常滿意/早餐也是不同的每天/它很美味/工作人員很友好/價格非常好/強烈/
A	沒有微笑/難聞的氣味和隔音效果/不會再回來了/我非常失望/然而/廚房裡的人很友好/尤其是年輕人/他們帶著溫暖的笑容對我們說早上好/
B	我擔心這是因為結構不尋常/但它比我想像的要寬/我一直很舒服/我比辦理登機手續的時間早到/把行李留在房間裡/然後把行李留在房間裡/
B	我一直住在台灣/位置和房間都很棒/距離Shiman車站大約5到10分鐘/我想這可能是6號出口的電梯/乘坐地鐵很方便/因為有兩條地鐵線路/房間也和朋友一起使用/單人床也不錯/我們早上吃了足夠的早餐/可以出去/工作人員很友好/樂於助人/便利店在一樓/哦/一樓還有一個承載重量/請注意/房間照片是在出發時拍攝的/
B	3星級在這裡想大堂和禮賓生活態度和乾淨的房間/良好的地理位置服務/早餐是肯定的/這是三顆星/但這是不可能的/但我覺得我早餐時很考慮韓國人/這是必要的/這是早餐/但可以出去吃它/但入場以素食為主食在大中國區是不容易的/
B	員工友善/內部內部和房間狀況都不錯/一樓有一家便利店/您每天都可以購買小吃/距離Mos/Burger只有24小時路程/靠近公車站/步行即可到達台北車站/
B	這是一個舒適的酒店/但很奇怪/台灣不是一個吸墨紙/幫助自己自己搬房間/節省大量的小費/良好的條件/高安全性這裡有美味的早餐/台灣人是健康愛好者/在水中有一種濃郁的香豆腐/有一個十字架/與Jok/Omlet一起煮/各種沙拉/
B	這是非常方便/因為它靠近西野站/靠近商店和便利店/房間乾淨/易於使用/舒適/附近還有一家美味的三明治店和Pico米店/
A	它正在建設中/所以我要帶早餐到房間裡/但是我必須給它兩份/但是一份就錯了/詢問是否正在建設中/是否正在建設中/取消早餐並進餐/一樓最好是7/11/七樓有一個小吃店/所以用它吧/除此之外/那是一家中檔酒店/我在Google/Maps上上了公共汽車/但公共汽車站就在我眼前/工作人員都很友善/但是由於早餐我沒有任何問題/所以我把所有的星星都切掉了/
B	這是非常接近Seomonding觀光景點/嗯/我不推薦很多早餐/如果觀光是主要目的/強烈推薦/因為有強烈推薦/沒有浴室/洗衣房/沒有客房服務/
B	與同等價位的其他酒店相比/這是一家非常好的酒店/自助餐廳的早餐時間是早上6/30至10/30和10/30至10/00/如果是嬰兒/茶/熱水/涼水/小吃等/當你用作休息場所時/房間不是很大/但一般都很乾淨/有4瓶瓶裝水/但是/沒有大堂和書桌/旁邊有7/11便利/
B	它很乾淨/但沒有很多雙人床/單人床很長/如果你進入房間/廁所/淋浴/單人/沙發/單人/窗戶長拉伸的形式/如果兩個男人去/打鼾/另一個人感覺大約10米遠/早餐很普通/它很乾淨/
B	工作人員很友好/有點像韓國人/設施也乾淨舒適/然而/房間的結構有點奇怪/但房間很長/床與頭部對齊/我和我的朋友一起來/我沒有看到對方/所以隱私似乎得到保證/我只是吃早餐/一樓有7/Eleven/我還會為舒適的一點增加一點/
B	我吃早餐/房間很乾淨/我清理乾淨/清潔空調/沒有大聲的聲音/門外沒有噪音/它靠近西蒙站/主站也會走路/
A	一旦員工感到無聊/特別是/對被忽視的男性員工的態度是完全粗魯的/而且很多事情都很糟糕/總的來說/我對客戶的要求不太感興趣/一個我永遠不想回到孤獨的酒店/
B	位置手銬/在Shiman市的Jincheon/mi/家樂福/謝謝/聖彼得/能夠像紅糖奶茶一樣走路是非常好的/能夠乘坐巴士到酒店前面的九浦是非常好的/這是965站/可以承載運載室/建議那些想留在九份的人/
A	差得無法用言語形容/價格不算便宜/但設備差舊/還會停水從早上九點到下午五點/另外清潔也超差的/用完的紙巾/洗手液也不主動補充/用過的杯子也不更換/還有所謂的免費自助洗衣/時間只能早上9點到晚上9點/而且只有兩台/還有最可怕的是被套沒有拉鏈/也沒有鈕扣/經常會被芯外出/可怕/我還訂了三晚/超級後悔/
B	位於交通燈旁邊/餐廳就在足部按摩店旁邊/一樓有便利店/很方便/便利的分離廁所和淋浴/最重要的是/早餐炒菜是我來台灣最美味的食物/
B	我會待2天/如果您穿過人行橫道/您將在Seomonding市區前面/奇怪的是/有這麼多人在街上沒有垃圾/韓國與南方和羨慕的區別/台灣的街道秩序似乎更好/有很多警察/騎摩托車/在台北市中心/所有的城市都在出租車/位置很完美/價格乾淨/家庭房/但有點狹窄的感覺/水槽似乎很方便/但它不會讓人感到不舒服/因為水濺起來/但它有點蒸汽/早餐價格各異/味道也很好/泡菜很美味/ㅡㅡ整棟建築不是酒店/只使用幾層樓/便利店位於一樓大堂樓便利/二樓還有一個大型的Shabushabu/當你下機場並用中文顯示你的地址時/好的/早上/從酒店乘坐出租車到火車總站的費用為80新台幣/也可以按時走路/早上/兩輛出租車在酒店門口等候/台北有一輛出租車/出租車費用適中/但駕駛室內部整體都很髒/它就像一輛汽車在韓國租一輛舊的公司出租車/您可以用中文顯示它/幾乎不可能說英語/我相信你可以正確地去谷歌並檢查你是否正常/總的來說/它被評為良好的價格與價格比/
A	一樓是便利店/毗鄰地鐵站的入口/是過馬路時說Ximonmen的最佳位置/房間也很時尚/我住了很多次/但我覺得我住在一個房間/電梯大廳旁邊有一個May空間/或者我從窗戶看不到外面的房間/即使價格很高/這種糟糕的風景和昏暗也無法被說服/我現在正在使用另一家酒店/
B	我們住在三人房/配有3張單人床/但房間乾淨而且寬敞/早餐也很美味/到目前為止很安靜/沒有抱怨/
A	如果您通過瀏覽網站上的照片預訂這家酒店/您將被欺騙/我預訂了一個所謂的30M房間/照片顯示有兩張大號床/它不是/只有兩張小床放在一起/沒有空間供你走路或站在房間內/如果你與前台/你只會遇到一些撲克臉/他們非常不友好/他們應該改名為/Just/Cheat/每晚150美元絕對是騙局/
B	這仍然是第一天/但/是當我辦理入住手續時/它很親切/早餐很棒/獼猴桃陳甜/8點之前沒有線路/但8點鐘後我吃了一頓飯/
A	我剛去台灣辦理登機手續/我通過bookings/com進行了預訂/但我沒有預約/我取消了預訂/即使我查了預訂號碼/工作人員也明顯取消了預訂/但我沒有時間/所以我住在另一家酒店/聽起來不錯/很明顯/預訂被取消/但它不是世界上最差的酒店/
A	價格不好/我絕對預定了一間雙床房/並告訴我要升級為帶一張床的房間/我不喜歡它/所以我等了30多分鐘才生氣/並在1分鐘內給了我一個房間/我為預訂2晚感到遺憾/
A	我不能加熱它/加熱是/它很冷/我不知道/空調只是打開/當我問前台時/我無法加熱它/所以我借了一個加熱器/高級雙人沒有窗戶/我看不到任何東西/我覺得自己像地下室/我到處都有三隻蚊子/我不斷出來/我不敢相信這是一家四星級酒店/
A	家庭房/我決定住在一個優越的地理位置/比其他酒店貴一點/但景色和噪音都很好/當風扇關閉時/香煙的氣味就會進入/通風不順暢/1/2這是一項與住宿之夜相匹配的酒店服務/不適合家庭旅行/工作人員很友好/早餐乾淨可口/
B	開始他們給美國鬧鬼的房間/過了一會兒/我們要求另一個房間/幸運的是/房間不再鬧鬼/新客房享有美景/設有明亮的衛生間/謝謝/
B	非常好的酒店有一個韓國工作人員/友好的溝通和早餐很好/但在晚上它太冷/沒有加熱器/但溫水總是出來/一樓的大廳左側有一個按摩店/
B	因為有很多韓國人/還有煎早餐和泡菜/有很多韓國菜/剛吃早餐/不/很美味/而且結構不尋常/運輸方便/很好/
B	易於使用便利店/即使房間沒有隔音/它也很安靜/早餐也很好吃/它離車站很近/攜帶運營商很好/
B	三人泳池房一側是完整的前窗/沒有打開/這是一個城市景觀/晚上有很多噪音/地毯的氣味是不可避免的/乾淨舒適/房間比我想像的要大/員工友好/
B	房間很乾淨/食物很美味/有7/11和酒店門前的捷運門會買紀念品/旅行會非常方便靠近購物區/
B	乾淨寬敞的房間/我們有兩張單人床/漂亮的浴室/到目前為止我們在台灣吃過的最好的酒店早餐/友善的員工和優越的地理位置/沒什麼可抱怨的/
B	友善的員工/美味的早餐/酒店乾淨整潔/維護良好/有充足的載體空間/tvn出來了ㅎㅎ/
B	這是一家經過精心翻新的時尚酒店/但洗手間設有獨立的淋浴間/使其不那麼方便/有一個小吃角/吃零食和小吃很好/
A	這是我去過的所有酒店中最差的酒店/我來一次家庭旅行/我的父母給房間澆水/經理說這個人來了/改變了房間/沒有道歉/我把典當放在水落的地方/它被打破/乾燥和乾燥/手機壞了無法賠償/房間裡有一絲水變了/它遠離地鐵站/房間條件搞砸了/最重要的是/我對經理的服務非常生氣/我懷疑我們把馮放在了我們淹死的地方/最好的是早餐/早餐不是很好吃/我真的不推薦它/Daan/Dandy/Hotel更好/它真的不在這裡/外國人也有點奇怪/他們很容易閱讀和翻譯/永遠不要去/
B	justsleep的服務好又親切/喜歡這個飯店早餐/這裏的交通超級的方便/要去台北火車站用走路也很快/最推薦的是環境品質/離鬧區不會太接近晚上不會擔心安全問題/這裏的服務很周全/充電器/代訂餐廳/回機場計程車/客運/晚上睡不著還可以下來櫃檯聊天/討論行程/最貼心的還有夜市攻略/不知道要吃什麼的趕快來唷/尤其是工作人員james/他的服務態度很好/
A	我每晚投資25萬韓元/但這是我第一次在桑吉看到一家酒店/不是酒店/您可以在Myungdong的大多數屋頂和許多辦公樓中看到它/甚至酒店/但是大廳不可用/這是夏天/但建築物很冷/父母感冒了/當你躺下時/煙熏味的香味聞起來很順滑/它仍然開放到每晚400萬韓元/如果你和父母一起去/請去香格里拉/
B	房間乾淨整潔/位置超級方便/但最好的部分是令人驚訝的體貼和體貼的工作人員/凱茜特別有助於她的英語和塗鴉技巧/
B	在兩個不同的場合呆在那裡/現代而溫馨的美感/美妙的早餐/位置優越/但電梯有點咄咄逼人/
B	裡面還不錯/但是淋浴房感覺有點灼熱感/在一樓有一個Seven/Eleven很不錯/早餐還可以/
B	公共環境現代感十足/年輕人會很喜歡/房間雖小五臟俱全/設施很新穎/離西門町近/很好逛/
B	優質的服務和美味的早餐/酒店員工很棒/友好樂於助人/周到/訪問台灣時/絕對是我名單上的第一家酒店/
B	好的位置和房間設計/但價格太貴了/50/60/的折扣將是一個合理的價格/
B	我決定留在這個地方/因為這是一個匆匆預定的旅行/它是台灣韓國人中最受歡迎的/底線是/也有流行的原因/距離Shiman車站有一點距離/但考慮到價格/苛刻的降雨非常好/這是一個小房間/但我也很喜歡我仔細劃分的空間/清潔也很好/由於價格低廉/我沒想到早餐/但早餐也不錯/我認為這也是一個受歡迎的原因/走廊裡的孩子們的聲音太大了/我抱怨它/我很慚愧成為韓國人/韓國父母需要控制自己的孩子/
B	乾淨/不潮濕/夏天/走廊感覺像天堂/便利店也附上/並且使用方便/很難找到一個酒吧因為我不懂地理/
B	酒店非常好/工作人員非常友好和樂於助人/
B	它就在西門町地鐵6號出口前/景點的真正的愛情/我獨自住在單人床標準/房間寬敞舒適/早餐也很好/
B	我喜歡那裡沒有五星級酒店的工作人員的精彩服務/非常方便的位置選擇購物/夜市和地鐵/在那裡住過3次/很喜歡它/
B	早餐/我有一個可以說韓語的工作人員/我們在酒店丟了香煙/
B	物有所值我很滿意/特別是工作人員/
B	與交通的聯繫非常緊密/房間很乾淨/雙人臥室很容易使用/因為廁所和淋浴間是分開的/但是/大廳沒有空間可以休息/所以我卸下了一顆星星/
B	不錯的酒店/位置優越/MRT有一條帶頂棚的走道/就在您的酒店門前/在酒店擁有7/Eleven商店也很方便/
B	酒店於2018年3月10日至15日入住/經濟型酒店提供舒適的客房/彬彬有禮且樂於助人的員工/自助早餐選擇還可以/靠近地鐵站/就在西門町購物區對面/
B	這是每晚約150/000韓元/我沒想到會有巨大的設施/請求處理得非常快/我不得不在箱子裡收拾行李箱/位置也很好/工作人員很好/因為他們都很友好/謝謝/
B	房間條件/位置很好/所以看起來有點貴/它靠近西門町站/三型冰水/亞種/紅樓/市中心附近/大樓的一樓設有便利店/
B	設施很乾淨/員工友好而且美味/綁在三人間裡的三個女人都給人滿分/推薦/
B	台北首次訪問的最佳位置/主站和西門町都可以覆蓋/友善的員工/乾淨的設施/早餐就是這樣/
B	地理位置優越/毗鄰西門町購物區和地鐵線/房間很漂亮整潔/免費早餐很好/
B	這是一個像Yesjinji一樣的旅行的好地方/酒店還很整潔/免費早餐和免費洗衣機/烘乾機/
B	因為靠近石門站/交通非常便利/早餐很美味/房間很乾淨/我喜歡7樓的免費洗衣房/突然/當警報響起並逃到緊急樓梯時/凌晨2點發生了一次騷亂/我很沮喪/因為我無法理解發生了什麼/僅僅應對危機是不夠的/
B	這是一家提供優質服務的好酒店/它有一個不錯的房間/它只需要徹底清潔/
A	Hwajangshil很好/很好/很好/很好/整個事情都很好/
B	我有一個韓國翻譯/我很舒服/工作人員很友好/去車站並不難/早餐菜單多種多樣/味道很好/里海彩虹酒店/
A	住了4晚/一切都很完美/如博客上稱讚的那樣/為期2晚/我擔心的隔壁房間的噪音是在第三天出現的/一直持續到天亮的談話之聲困擾著我們/沒有過濾/此外/自來水的聲音清晰可見/房間和班吉的牆壁的隔音存在嚴重問題/請參考那些會去的人/
B	我對10萬韓元的下半部分的住宿感到滿意/因為沒有大廳/但是房間很乾淨/尤其是早餐非常美味/我感到很尷尬/巴士站靠近火車站約10分鐘/非常適合乘坐公共交通工具觀光/
B	便宜/乾淨/位置好/特別是工作人員非常友善/我一大早就退房了/所以請早餐外賣/
B	我真的很滿意/浴室很乾淨/吃飯還可以/
B	酒店可能沒有宏偉的外觀/但是當涉及到他們的服務時/他們永遠不會讓您失望/工作人員非常友好和熱情/
A	距台灣機場約40分鐘車程/我是在12點到達的/在深夜抵達機場時住宿的好地方/價格的平均值/
B	一個非常好/舒適的地方/可以方便地前往九份/西門町就在馬路對面/遠離噪音/旁邊就是一個方便的商店/
B	良好而舒適的住宿地點/工作人員非常友好/並提供5星級服務/物有所值/
B	乾淨舒適的酒店住宿/
B	它位於Seamonding的中心/交通便利/附近有很多美食/設施很乾淨/但沒有價格那麼寬/
B	員工在人們看不到的地方努力工作/交通便利4/5/酒店設施/清潔度4/0/員工服務4/5/綜合比率4/0/
A	西明頂附近的位置不錯/但是有點舊/考慮價格是好的/房間內只有兩個電源/而不是在方便的地方/房間很小但是比較乾淨/
B	很棒/
B	優越的地理位置/不會太擁擠/遠離Xemending早餐非常好/可愛乾淨的房間/很棒/
B	乾淨/價格實惠/有熱水和水壓/但早上的早餐有點不幸/
B	有點嬰兒車無法進入/但其他良好的服務和乾淨/現代化的客房/
B	台北飯店/清潔/安靜/交通便利/免費早餐也是一個優勢/
B	早餐豐富多樣/美味可口/
B	我錯過了一年前度蜜月的酒店/並在去台灣旅行時再次預訂了/便利店一樓/靠近捷運也很好/
B	非常好的房間乾淨整潔的好地方/早餐很好/再來/
B	空調整潔/但沒有窗戶可以看到堤岸的外面/
B	房間很好/床墊很舒適/提供的早餐很不錯/
A	很乾淨/服務很好/對不起/我沒有浴缸/B	//三人泳池房一側是完整的前窗/沒有打開/這是一個城市景觀/晚上有很多噪音/地毯的氣味是不可避免的/乾淨舒適/房間比我想像的要大/員工友好/
B	位置很好/一樓的便利店很好/
B	4人寫的有點小/但友好的工作人員和乾淨的房間都很好/
B	一切都很好/但是當你預訂時/檢查是否有窗戶/
B	酒店乾淨安靜/它的位置完美/工人很好/值得留下來/
A	好/乾淨/當你把床單放在一起時/只需要解決問題/而不是給它們一個新的/
B	工作人員很友好/房間很好/距離台北車站僅幾步之遙/但靠近Shiman車站/
B	工作人員非常友好和樂於助人/我可以選擇再去台灣/
B	乾淨/真的很棒的位置/簡單但擁有一切/很棒的早餐/友好的員工/
B	以城市為中心/舒適的酒店早餐/4床間沒有景觀陽台/
B	它就在Seomondong站附近/所以交通非常便利/
B	不錯的酒店/設計現代/地理位置優越/步行5分鐘即可到達西門町和地鐵站/
B	這是一個很棒的住宿在台北的Justsleep/優越的地理位置和良好的服肯定會推薦給去台北參觀的人/
B	餐廳很乾淨整潔/
B	床又大/又舒服/
A	總的來說價格還可以/但是1月份/但房間太冷/因為我不能加熱它/
B	從西門站乘載車5分鐘左右/位置很好/前十字路口就在人行橫道對面/工作人員英語說得很好/所以談話不會感到不舒服/還有一個長長的垂直窗口/互聯網也很好/
B	這是一張單人床/很不錯/
B	乾淨/非常友好的酒店/我想下次去的酒店/
B	我和家人過得很愉快/我也很喜歡早餐/
B	酒店的客房/設施和服務都很優惠/
B	一位名叫Joy的台灣女性在工作/她的韓語說得很好/而且很有幫助/我喜歡所有房間/
B	基本上這家酒店很棒/無論是舒適的酒店/酒店的位置和友好的酒店員工/當然會再來這裡/
A	我覺得有點兒小可是熱情/
A	酒店不髒/但聞起來有點香/整體還不錯/
B	便利的地理位置/物超所值/沒有蟑螂滿意/只是一個睡覺的好地方/
B	乾淨舒適的房間/美味的早餐/希望大廳更好/
B	設施很好/空調也不錯/浴室很不舒服/因為淋浴房和洗手盆都是分開的/
A	可怕的經歷/它很吵/而且根本不干淨/在裝修和位置不太好/
B	非常好/新/乾淨的酒店住宿/步行距離到西門町/穿過一條路/
B	年輕而時尚的酒店/非常細心/負責和禮貌的工作人員/
B	良好的交通和良好的接縫效果/只有蚊子/對於那些帶孩子的人來說/需要考慮蚊子/
B	優越的地理位置/最友好和樂於助人的員工/出色的自助早餐/
A	我在好萊塢的房間裡住了兩晚/但是舒適度並沒有比公民M好多少/
B	位置和設施都令人滿意/早餐也不錯/
B	不錯的地方/西餐和台灣人的美味早餐/位置不錯/強烈推薦/
B	地點方便/房間夠大/價格況理/
B	一個非常好的住宿地點/足部按摩/附近的夜間彎曲機/
B	真是太棒了/它很乾淨/味道很好/哈希棕色三次/
B	友好的服務和非常方便的位置/樓下有一家7/11店/
B	高級雙人間比照片小/不過/這很乾淨/很親切/
B	友好而且非常友好/我們住在高級雙床房/
B	房間裡的照片並不好笑/交通清潔方便/
B	便利的地理位置/公共交通便捷/景點眾多/
B	現代酒店/非常好的位置/舒適的住宿和良好的早餐/
B	位置真的很好/夜市就在附近/火車站就在附近/
B	潔淨室/WiFi和早餐/
B	位於西門町站前/友善的員工/
B	交通方便/適合四人入住/但價格似乎有點貴/
B	它很乾淨/最好是/
B	房間很乾淨/休息室非常好/
B	房間比我想像的要大/韓文的解釋很好/
B	靠近車站/便利店一樓便利店/步行即可到達台北車站/
B	乾淨的服務和善良的經理/非常自信/強烈推薦/
B	可訪問性很棒/如果你只想睡覺/早餐也很棒/
B	位於通往地下購物中心的入口處/擁有舒適的住宿環境/
B	酒店的工作人員非常友好/並與Sean有良好的聯繫/
B	這只是價格/請在一樓的便利店買一杯冷冰/
B	不得了的一間旅館/非常非常滿意他們的服務態度/
B	酒店乾淨整潔/交通便利/
B	乾淨友好的員工/提供免費行李服務/
B	價格舒適的環境/良好的服務和位置alsom/
B	每個人笑容好/服務太度很好/地方乾淨/
B	工作人員非常友好和樂於助人/
B	工作人員很友好/早餐很棒/
B	它比我想像的要好得多/
B	西門町購物區對面的早餐和美味佳餚/
B	如果您想要靠近Ximendeng和相機巷/那麼這是一個最佳預算地點/
B	服務友好/樂於消毒/
B	房間4早餐3位置5/
B	紐約時報推薦的酒店/含早餐/
A	這是最糟糕的/房間裡的模具氣味/我不想回去/
B	訪問很好/一樓是七一/很方便/
B	在ximen地鐵站附近住宿的好地方/
B	我只是吃紙巾/它靠近島根站/家樂福也是一個散步的地方/
B	房間乾淨/在西門町對面/很方便/
B	最好的/很乾淨/早餐也可以吃/很完美/
B	期待下次再入住/
B	良好的位置/我們將組織酒店/
B	超好的/新的內部/早上好的食物/善良/
A	我不喜歡我不喜歡/與桃/園相比/睡覺的地方相當昂貴/
B	這是一家乾淨/價格合理的新酒店/
B	非常舒服/容易接近/位置好/
B	這是亞洲最好的酒店之一/
B	值得的價格/寬敞/早餐很好/
B	這是她的位置/一樓的Seven/Eleven令人滿意/
A	蚊子在一個好地方/如果你沒有蚊子/
B	物有所值/友好的員工/位置好/
B	三成人組/喜歡這家酒店/
B	該酒店很大/位置也不錯/
B	早餐也很好/靠近Seomondong站/所以它的位置非常好/
B	物有所值/
A	房間很簡單/乾淨又漂亮/
B	不錯的酒店/非常友好的員工/
B	漂亮舒適的房間/珍惜金錢/
B	工作人員非常友好和樂於助人/
B	方便/就各方面而言/清幽/
B	高CP值/
B	位置好/服務到位為客戶/謝謝Joy/
B	滿意我喜歡這麼簡單的氛圍/
B	無障礙早餐早餐滿意度最高/
B	交通便利的好地方/
B	地點於捷運站門口/週邊景點多/
B	適合經濟型旅客的新老時尚酒店/
B	非常乾淨/非常方便/
B	房間很好/
B	在台北旋風之旅中生存所需的基本要素/
B	良好的位置/乾淨的房間/
B	乾淨又好/但早餐很差/
B	房間比我想像的更大更整潔/
B	工作人員很友好/
B	良好的服務和舒適的環境/
B	友善/乾淨/好/
B	它很整潔/非常好/
B	非常現代的精品酒店/
B	價格很好/包括早餐/
B	隔音需要改善/
B	友好而美味的早餐/
B	位置早餐好早餐/
B	很乾淨/早餐很美味/
B	好的酒店/
B	很高興看到台灣城市/
B	良好的服務良好的服務/
B	它很乾淨/位置很好/
B	房間很可愛/
B	整潔便宜的早餐好吃/
B	很棒/
B	很棒的印象/
B	CP值高/
B	交通方便/
B	愉快而整潔的酒店/
A	房間太小了/
B	很好/
B	挺好的青旅/
B	價格實惠/乾淨/滿意/
B	方便/企理/
B	沒關係/
B	你來台灣的時候去哪兒/
B	乾淨又好/
B	酒店一樓的便利店/
B	很好/
B	非常好/
B	美味的早餐/
B	房間條件很好/
B	很大/
B	裡面乾淨/
B	乾淨又精細/
B	是的/免費/
B	好的/
B	好的/
B	這很好/足部按摩旁邊/
B	只是滑/早餐是걍/
B	交通方便/
B	偉大的/
B	舒適而舒適/
B	perfect/place/for/Ximen/ding/
B	好的/
A	價格有點高/
B	這是最好的/
B	非常方便/
B	Cp很高/
B	好的/
B	好的/
B	偉大的/
B	整潔漂亮/
B	良好的設施善良/
B	非常棒/
A	銀/
B	交通便利/
B	物超所值的酒店/
B	好的/
B	好的/
B	取決於/
A	普通/
B	位於一個好位置/
B	管理好/
B	舒適和善良/
B	方便的/
B	交通便利/
B	優越的地理位置/
A	好地方/
B	美麗的地方/
B	位置好/
B	好/
A	普通的/
B	只是/
B	喜歡/
B	旅館/
B	位置好/
B	整理房間/
B	喜歡/
B	棒啦/
B	舒適/舒適/
B	好pyeonim/
A	不便宜/
B	小清新/
B	睡吧/
B	整潔安靜/
B	交通便捷/
B	念念不忘/
B	性價比高/
B	睡吧/
A	只有我/
B	便捷/
A	與眾不同/
