E	111/01/10/早上11點/一樓櫃臺售票的男店員態度差勁/東西變貴/唱歌體驗越來越差/唉
F	有停車位/九孔鮑超好吃/ㄧ間有一個買一送一
E	2021/11/20跟朋友去唱歌喝酒/時間到了不給續唱/要我們回一樓大廳排隊兩小時重拿包廂/變成要付兩次包廂費/大家酒喝到一半正開心/不上不下的/浪費時間兩小時/第一次唱歌遇到這樣
E	真心建議老闆夜班薪水要開高點/請不到人導致人力不足/明顯員工都在做超出預期的工作量/一個人要做兩個人的事/忙不過來就會做不好然後客訴越來越多/薪水開高人力雖然少但做超工比較合理/不是所有人都能夠也應該要體諒裡面的員工/畢竟會去唱歌消費就是代表要愉快的玩樂排解壓力/遇到能理解的客人是好事/但如果真的有少數人不諒解也是讓員工難辦難處理/12/9/11/00進場/包廂內當機卡屏五次/沒按服務鈴但櫃檯顯示按鈴進來三次/轉新包廂後地板超黏/廁所馬桶有被吐過的痕跡/不管是新舊包廂按服務鈴都超過15分鐘才有人來/等到最後受不了跑去櫃檯結帳/因第一次遇到這種問題只是問了服務費還要算嗎被人員無視問題直接刷卡/到搭電梯還遇到人員操作電梯造成電梯卡住/好像所有狀況對員工來說是很正常的現象/基本的不好意思都不會說/但不是所有事情都不好/有個服務生很有耐心幫我們解決問題轉包廂/也主動招待了一壺飲料/最後在一樓大廳櫃檯反應這些狀況也有得到抱歉/很多時候在意的不是錢而是感覺問題/畢竟到這種地方就是要消費/錢已經不完全是重點了/最後只能說辛苦工作人員們/所有敬業的服務員都是超人/
F	唱歌必去/餐點又好吃
E	服務和疫情前完全不同/櫃檯人員優惠活動內容不了解/點下午茶一個小時多才送到/之前很常來/以後要改去錢櫃了/
F	原本以為改版後沒有自助吧的星聚點會CP值很低/一進場光熱炒點了六道才150/重點超好吃/還有送五杯哈根達斯還有服務態度/一個平均才750/原本音響就屌打錢櫃好樂迪了/現在已經直上雲霄了/拜託不能倒
E	明明唱歌當天是含吃喝的錢/可是卻都只剩純茶類/然後按服務鈴三次/完全沒有人要來/直接去找服務人員要水/又一臉不想幫忙裝水的樣子
F	氣氛燈還可以/奶茶好喝/聲音還蠻大聲的/舒服
E	10月12號晚上5/30消費/309包廂/先吃後唱/有壽星/5個人/可體諒疫情數月後政府突然宣布/解禁KTV給你們造成的措手不及/雖人員不足及消費細項不夠明確/但敢開門營業就要明白哪裡要改進/首先櫃檯只有一個人真的太誇張了/目前用餐都是統一區域跟菜單/餐點美味且有加唱歌比較便宜/不過/負責餐廳接待/送餐都只有一個女生/雖然動作熟練快速應該是之前員工/但吃完要接唱歌的流程可否告知我們/空等15分鐘/完全沒有人說明任何事/直到受不了跑去問才有包廂可上去/再來完全沒人帶上樓/也沒電梯可用/1樓接待引導進包廂的居然還是主廚/進包廂後不久發現該包廂漏水就算了/只附水/沒喉糖/飲料還需付錢加點/離場時要問披薩怎換突然看到一堆/服務員從樓層櫃檯出來有點傻眼/那剛剛人手不夠是/披薩也沒有紙巾/最後/恭喜你們可以繼續營業/恭喜你們也可以開始工作賺錢了/
F	因為去年發生了錢櫃火災事件/還有新冠肺炎疫情持續籠罩/所以很久沒有去KTV了/今天家人突發奇想/約唱歌/然後我就出現在這了/現場的防疫/大致上都有按照規定實施/也特別留意了最近的逃生門路線/現場比較特別的設施/是有著不同電影主題的彈珠台/來自美國/豐富且巧妙的實體機關設計/真的是滿讓我意想不到的/
E	因為疫情的關係/原本的自助吧全部都沒有了/只有一人一份餐/以及無限供應的毛豆/但毛豆要請服務人員送/所以常會有你叫了他沒送來的狀況/完全就失去了星聚點的特色/對我們的吸引力就減少了很多
E	騙人去浪費時間/包廂就說沒包廂/我們可以有別的計畫/電話中說八點半會有包廂/到了超多人大排長龍在報到/詢問是否需要排隊/會不會錯過預約時間/櫃檯先生還說/不會我們都有為你保留/這排隊一排半小時/原來是沒有把唱歌的報價跟方案張貼出來/大家都是排到櫃檯才知道現在怎麼算錢/一組一組人在前面討論要不要唱/超級沒效率/終於排到我們/也確認消費方案後/居然說還要繼續等/因為上一組客人用完包廂要清潔消毒三十分鐘/我們問/所以還要三十分/櫃檯說一有包廂會立刻電話通知/然後我們整整等了四十五分鐘/回到櫃檯查我們的訂位/居然說還要再等十五分鐘/說真的/沒包廂就沒包廂/到底為什麼把人騙過去等一個半小時/我們本來可以去別的地方開開心心/害我們整個晚上在那邊生氣/還有廣告說來店歡唱就送披薩/結果到櫃檯/要我們臉書按讚分享才送/停車場外面/滿/的燈是亮的/然後繞了一圈十五分鐘真的沒位置/想說下去排隊好了/一下去裡面寫有八個空位/感覺真的不知道哪些是真的哪些是假的/無法相信這家店
F	生意很好/工作人員忙進忙出配合度高/今天選擇先吃後唱方案/鐵板燒性價比高/比一般連鎖平價店家還好吃/推薦先吃再唱/
E	服務慢吞吞/態度極差/客服電話always/忙線/以前有自助吧的時候真的好很多/現在要吃東西只能唱完或者唱之前吃完/唱歌當然要邊唱邊吃啊才爽啊/不然其他人在唱我要幹嘛/對了/一樣的價格現在完全沒有附餐飲只送一個外帶大夏威夷披薩/以前那些自助吧餐飲要自己加價購/然後還要自己下一樓點/你們服務生也少得可憐/一層樓好像只有一個/指引非常差/下次會選擇錢櫃謝謝
E	今日原本滿心期待的前往唱歌/以前也是老顧客了/想說終於等到可以唱歌的日子/結果發現價位比之前貴很多就算了/我們一樣抱著期待開了包廂/但因為沒飲料/所以叫了單價不算低的膨大海/但等到天荒地老始終都沒送來/唱歌過程甚至出現螢幕自動黑屏的情況/按服務鈴和撥打服務電話/服務生卻過了五分鐘才姍姍來遲/處理完問題後/服務生說會加贈十分鐘歡唱時間/但最終螢幕依舊在原訂時間切歌/而在剛開始叫的澎大海也是在此時才送來/原本想說疫情的關係/你們要趕快把虧損補回來/但期間有事按服務鈴都很久才來/沒事卻一直跑進來說我們按到真的是蠻奇妙的/或許你們真的很忙很辛苦/但離開時卻看見服務生都聚在櫃檯聊天/不知道有沒有人能了解這感受/總而言之/好幾年的好印象真的毀於一旦/三千元買氣受/真的是謝謝貴司了/
E	在唱歌吸氣一直聞到煙味/後來離開才發現有人直接在包廂直接點煙也沒人制止/真的是要被毒死/點炸物服務員直接把竹籤丟在餐盤上/整體環境比之前差了很多
F	學生團唱滿便宜的平日可以唱6/5小/晚上宵夜價錢更是讓人目瞪口呆的便宜/比在外面吃還便宜/等候唱歌前還可以先玩彈珠消磨時間/多種不同主題機台可以玩/一直很想打高分/整個很有挑戰/還可以自己辦彈珠社團/平常也可以來練習有專屬機台可以團隊練習跟飲料喝/感覺活動還滿吸引人
F	便宜實惠/歡聲笑語/最晚六點進場/把Brian送過來又敗興送了回去的經驗談
E	我其實一顆星都不想給/服務很很很糟糕/臉臭我還不介意/重點是不理客人/點歌檯有服務鈴/我們按了半天沒人進來/後來才被告知要叫服務員要打電話/那請問設服務鈴是/介面有比較好看嗎/還有/歌曲少到爆/很多歌曲沒有/比如毛不易一首歌都沒有/MV一半都用無版權/用那種風景照上字幕配歌曲/真的很敷衍/哈哈哈
E	疫情過後人力明顯不足服務鈴按了都沒人理會/加上因物品遺落至現場當天馬上打去詢問卻因滿線請我留言/事隔9天了/也未接到來電/加上當天有訂位14/00結果到現場排隊報到就20分鐘/等候包廂又40分鐘/對這樣的服務實在很感冒/希望能改善不然真的不會再想去消費了
E	關於唱歌/餐點的方案店員一問三不知叫客人自己上網查/網站做那麼爛誰看得懂/店員自己也不知道真是糟糕
F	打卡按讚還送五個冰淇淋/真的超超值的
E	餐廳服務非常糟糕/缺東缺西/一個多小時東西還沒上齊/而且還是在餐廳內不到五個人的情況/問了才發現餐沒上/不只一次/誇張離譜至極/餐點口味尚可/勉強補兩星
E	電話怎麼打都打不進去/打了幾十次次/一個多禮拜/不同天不同時間/一顆星都不想給欸/永遠客服都忙線中
E	訂位唱歌的人要注意/電話預約20/30包廂/到現場等了1小時30分鐘/都還沒有領到包廂/去櫃檯詢問都說再等10分鐘/如果沒有包廂/當下電話就說沒有/為何還要騙人去等包廂/希望看到的人不要傻傻的等/寧願去訂隔壁
F	12/28/1樓櫃檯人員服務態度需加強/3樓包廂的服務人員就非常專業熱誠
E	費用漲價許多/服務品質不如預期/在櫃檯時耐心講解這點要加強/以後不會再去打算一律走隔壁錢櫃或者新莊凱悅
F	先吃後唱價格便宜菜色也不馬虎/宵夜半價打卡在半價也不會縮水/好吃/包廂有分兩種/一種嗨包有回音控制/一般的沒有
E	有預約但是現場到了以後還等了半小時最後只補償15分鐘/疫情之下有改變一些規定/但感覺服務生都不太了解現在有提供什麼沒提供什麼/一開始問有沒有番茄醬/店員說沒有/後來點的第一盤沒給醬第二盤卻突然有醬了/還有現在不提供熱開水也沒事先告知
E	打電話想預約一直忙線或是東西遺落在包廂想詢問/都打不通/電話到底是有沒有在用/
E	櫃檯服務人員/女/態度真的要加強/都站在前台了/做得慢沒關係/最起碼服務要做好吧/惹
E	多次打電話預約/結果專員都忙線中並告知可以使用會員線上預約服務/使用線上訂位服務加入會員後也無法定位是用查詢訂位資料點查詢卻沒有反應/之後再使用貴公司app預約一樣是相同情形/令人十分無奈及無語
E	服務生態度極差/訂位時間過了半小時才能進去/那根本不用訂位了/現場等不就好了/還要客人自己過去提醒才會帶客人進去包廂/服務專線也不能使用/真的很糟糕
E	要訂個位置有夠難/電話不同時段打進去都沒人接/網路的定位系統也是根本沒辦法用/卡在登入畫面/連想消費看看都沒辦法
F	一堆靠背疫情取消自助吧的留言/反正我是來唱歌的/爽啦/毛豆個人覺得好吃/蒜味十足/還有附贈亞尼克蛋糕或冰淇淋/500以內可以了啦/
E	太/貴/了/吧/五個人/禮拜四晚上/一個人789/唱四小時/沒有喝酒/只有一壺熱的彭大海/一個人要789/平日晚上/不會再來了錢櫃就在旁邊/有更好的選擇我幹嘛要多付錢/
F	雖然有點菸味/但唱歌都來這裡唱/覺得這裡的食物很好吃/像是粥/珍珠奶茶冰之類的/且充滿回憶/讚讚
F	平日上午歡唱四小時/人均320元/有無限的餐飲/以及50點可以選擇更好的餐點/十分划算/雖說全館禁煙/但是冷氣裡還是聞得到煙味/
E	櫃檯處理效率有夠差/明明有訂位光是報到就等半小時以上/完全不想再來/也會推薦朋友不要來/
E	櫃檯排隊等了半小時才能入場QQ
F	先吃後唱四小/369/人不必加一成/涮涮鍋套餐/原價290/主餐有紐西蘭無骨牛小排/台灣松阪豬肉/鮮菇總匯擇一/我選了無骨牛小排/肉本身有個腥臊味/我覺得滿可怕的但是沾醬後就好多了/副餐飯/烏龍麵/冬粉擇一/我選了烏龍麵覺得中規中矩/菜盤/一開始覺得看起來滿窮酸的/但是吃完後也是夠飽了/手工花枝漿/不是很喜歡幸好份量不多/沾醬憋氣吃下去了/鐵板燒套餐/原價290/主食有香蒜菲力牛排/松阪豬肉/培根雞腿/香煎鯖魚/我選了香蒜菲力牛排/肉質軟嫩好吃/大約五分熟沒有血味/有蒜片/胡椒/鐵板燒醬可以搭配都是很不錯的/湯品有精燉牛肉湯跟原盅雞湯/兩個味道都很好/很推薦/鮮蔬沙拉/份量剛好醬料也好吃/清炒鮮蔬/調味滿好的蔬菜新鮮/清脆好吃/蒸飯佐黃金泡菜/香氣十足味道也很好/碗底有許多氣孔/覺得餐具選用是很用心的/甜點有芋香紫米和焦糖布丁/紫米紅豆湯中間放了一個芋球/滿好吃的/焦糖布丁感覺是奶酪上面加了果露/不推薦/上菜的節奏是很棒的/都是吃的差不多的時候上下一道/能夠讓我每一道都趁熱吃/覺得非常的舒服/吃飯時間約一小時/唱完四小時後仍可用自助吧/真是非常經濟實惠
F	過去年輕時唱歌總是往好樂迪衝/新時代就有新的消費方式/星聚點消費的方式非常特別/點數點餐之外/還能吃自助吧的東西/這裡最推薦的是麻辣滷肉飯/滷肉飯上面那一小坨的麻辣醬/就是整碗的精華之處/味道小麻大辣/配上碎滷肉/好特別的滋味啊/第二推薦是菠蘿油/不過是限時限量/自己請看好時間/能吃到就是很幸運了/建議如果不想要假日的高資費來/其實平日是最適合/因為價格便宜吃東西又不用排隊/話說好像是來吃不是來唱/離題了哈哈
E	空氣很差/可以自備香氛噴包廂/服務人員一直忘記餐點/要一直提醒
E	骨折很勉強才能搭電梯/不知道員工訓練怎麼做的/
F	常去的西門館倒了換來這邊唱/餐點差了一點點但各方面還是有維持一定水準/
E	我們是361包廂/今天從22/00入場後/一進門就點餐/直到40分鐘後什麼也都沒上/再撥了第二次/進來了一名服務生拿著紙筆和我們點餐/於是上了兩道/我們點了四道/又等了一小時/又撥起電話詢問餐點進度/結果說很抱歉漏單了/連結帳找零也是拖拖拉拉/最近索性不等了/零錢發票都沒拿/基本上這樣的服務品質/我們唱這麼多次/是第一次遇到/扯爆/單位主管有在控場/最後圖片上是炸快焦的翅腿與圖片不符的水蓮炒肉絲/試問/肉絲呢/一條也沒有/欺騙吃騙喝消費者/
E	重點1/現在因應疫情取消自助吧/只剩飲料毛豆跟爆米花/收費卻跟之前一樣/不合理阿/重點2/若有點餐/請務必一進包廂就催/不然都唱兩個小時了他們還搞不清楚要送什麼過來/重點3/請務必跟服務人員確認消費明細/發票打的細項完全讓人看不懂/我們就有被多收費/還好有去要明細確認/重點4/板橋館員工真的訓練相當不足不論櫃台還是樓層服務人員/講話不清不楚/說要處理也沒處理/建議大家不要來這消費/以下是客訴內容/誠心建議一星評分的各位也去留他們的顧客意見函/因為他們不會看google/希望貴公司能注意google上的/對於各分館的評論/其實裡面就有非常多我本次消費遇到的問題了/當日因有西門熟客會員/看到活動網頁上寫到他館可折20/人/想說雖然之前到板橋館的消費經驗也很不好但不無小補/這次消費人數是兩人/到現場才知道只能折會員本人/那還真是相當廢的一個活動/不如改成熟客本館消費有相關優惠/因為我會變成西門熟客就是因為那邊比較好/另外到櫃台登記畫位後才知道原來自助吧因疫情全部取消/事件1/也沒有免費點數等/那身為星聚點的優點其實就消失了/只剩飲料/爆米花跟毛豆/在收費上也不見減少/感覺相當不平衡/希望你們能在首頁上大大提醒想到場消費的客人自助吧取消/不然很多人其實都很不高興/恢復之後也請公告在網頁上/我才有可能再去消費/謝謝/在櫃台因櫃台人員推薦/加點了奶茶優惠價/事件2/我們先到鐵板燒區餐廳用餐/入口章建議換成跟西門館一樣透明用uv燈照的那種/因為很不美觀/餐廳入口服務人員這時才問我們包廂需要有廁所嗎/也未告知收費有差異/我們說要有廁所的包廂/事件3/服務人員便登記在我們的訂單上/用餐完畢後/竟然又說已經沒有有廁所的包廂了/我不明白是因為要等我們用餐完才能配包廂給我們/那為什麼要一開始用餐前就問/再來是上3樓後/服務人員也沒告知該樓層可享用的食品/其實也只有毛豆/但完全不知道也是很令人不開心/事件2後續/唱歌時間已過一半/費用也先請我結帳了/928/我們奇怪奶茶為什麼沒有來/便使用包廂內電話/似乎3樓人員配置太少/沒人接/過10分鐘再打/服務人員告知會查詢/再請員工送過來/又過了20/30分鐘/還是沒動靜/再打一次/服務人員一樣告知會幫我們查詢/會請員工過去/又這樣等了20分鐘/還是沒有任何人來跟我們說明到底怎麼了/是奶茶原料缺貨/我這次打了電話口氣叫嚴肅請他們務必處理/我已經等非常久了/這時才派員工過來說/不好意思因為你們沒點到/所以現在要加點嗎/我們時間只剩一小時/現在才跟我說沒點到/明明單子上有寫阿/可以跟我mail要照片/我說不用了/服務人員再次道歉後離開/在這之後又每隔1/2分鐘來兩個人跟我們確認奶茶真的不要加點了嗎/事件4/這到底是員工之間任務分配不良還是什麼問題麻煩你們內部檢討一下/再來我實在覺得不對勁/因此到櫃台要我的消費明細/事件5/服務人員看著我的明細卻兩次跟我重複要我的發票/我詢問為什麼需要發票/服務人員則跟我確認我的包廂是沒有廁所的/他說金額算錯/算成有廁所的包廂/因此費用應是/888/請我帶發票再來重新結帳/發票上的金額算法也是莫名其妙/完全看不懂/我建議你們給發票的同時也要給一份消費明細/清潔費請分成有無洗手間的/不然這種事應該不只有發生在我身上/人數更多的不就花了很多冤枉錢嗎/補償方式是補我15分鐘唱歌時間/但這件事真的浪費了我不止20分鐘/加上不爽到極點的心情/誠心建議總公司去檢討該分館究竟出了什麼問題導致負評如潮/
E	包廂環境優/還有立式麥克風/還有七彩舞臺燈光/菜色優/點歌科技化/人性化/出歌迅速/切歌快速/
F	雖然包廂客滿但服務人員服務態度非常好/是生日聚會的最佳去處/
F	全台灣最棒的KTV/吃喝唱歌一整天/還不用花大錢/
F	優質店家/古錐韋/推/
F	環境舒適/服務不差/湯品有點清/不過炊飯/泡菜很好吃/肉類料理處理的很好/六日來可能沒位子之外一/五來現場可能要等二十分鐘建議先訂位
E	點的飲料沒來/一直被收費/要個衛生紙一個小時都沒來過/爛爆
F	有鐵板燒及火鍋二種選擇/好吃且價值親民/還有唱KT優惠/空間寬敞明亮/
E	第一間包廂進去桌上直接一隻蟑螂/廁所洗手台也好多隻小蟑螂/反應後換了一間包廂/一開始還正常/之後開始又跑出來蟑螂/跑到天花板還是麻煩服務人員打死/廁所地上也是一群死蟑螂/
F	以鐵板燒而言/台北的服務和品質較佳/這裡尚可/不過東西還是很便宜的半筋半肉的牛肉麵才45/
F	板橋星聚點的椒香乾拌牛肉麵真的是一級棒/柯小姐是這邊最好的服務員/
E	包廂附贈的食物都不錯吃/音響等硬體設備尚可/不過很扯的是/我們一群人去開了包廂/等到最後要結帳走人的時候/服務生才問我們飲料要點什麼/我們完全不知道包廂有送飲料耶/真的太扯/都已經要走了才問是能怎樣/最後點了一箱啤酒/完全帶不走/還留了幾罐在包廂內
F	想不到KTV的熱炒/可以比外面熱炒店還好吃/值得推薦/
E	以前去服務都不錯/現在漲價就算了/餐點上超慢/上湯/不給湯匙/說等一下/結果等超久/還要自己親自到櫃檯要/喝酒的杯子給我們裝熱茶的小茶杯/說只剩這種杯子/受不了跟另一個服務生講/才拿來一般的杯子/問有沒有骰盅/跟我們說等等拿來/下個服務生來說沒有骰盅/叫我們拿茶杯骰/到底/_/不想做生意也不用這樣耍客人/最後帳單來還多收我們費用一人/400算成/600會不會太誇張了
F	歌很新/場地也漂亮/食物讚讚喲/Cp高
E	打電話想預約一直忙線/早上晚上打都一樣/電話到底是有沒有在用/
E	按服務鈴都不會來/外面站一堆服務人員在聊天/不知道到底在幹嘛/
E	涮涮鍋水準不錯/肉有點薄但是肉質很好/現在消費方式改的很亂/原本說有自助吧可用/來到現在又說沒有/價格也亂七八糟/跟當初訂位時說的價格不一樣/希望可以改單純一些增加來店消費意願吧/
F	毛豆很好吃/唱歌完吃個飯不錯
E	真心覺得疫情過後變超貴的/下次應該會選擇錢櫃吧/
E	訂位還要等快一小時/下次不會來
F	好想再去喔/心中理想的地方/不管是唱的/吃的/唱的/級霸分/
E	點歌小面板一個全壞一個功能只剩一半/杯子根本沒洗乾淨/上面還殘留奶茶味/請他們更換/結果塑膠杯換了玻璃杯還是有些有奶茶味/廁所濃濃菸味/幾乎每個洗手台裡都有菸蒂/到底是管理差還是人手根本不足/我以為復興館已經夠糟了/感謝板橋館讓我開了眼界
E	8/24到櫃台/小姐說455元的方案不能用/一開始以為人滿了/小姐說等到九點每人660/後來追問小姐才說因為暢飲只到九點/所以八點後不收這方案客人/那為什麼一開始要說謊說滿了/為什麼方案要寫入場時間到八點半/為什麼要我們等半小時然後還要多花錢/
F	越來越喜歡星據點/電視亮麗前後都有/三個螢幕可以點歌/合理的酒水消費/
F	服務人員都很親切/餐點便宜又好吃/最近推出的彈珠台還蠻有趣的
E	我們訂12/45的等到了14/15分都還沒進去/真的很久/還且非套房式包廂沒有很大/提早幾天前預約了到了現場還是要等/而且服務生會一直開你的包廂門然後問說要幫你收東西嗎/我們根本就沒有按到服務鈴
E	現在只能搭套餐/環境還OK/
F	服務人員態度非常棒/雖然餐點種類少/包廂味道不佳/不過服務周到/感覺非常好
F	設備很好/餐點也非常多樣美味/只是人多餐點通常要等比較久
F	先吃後唱/我們選擇鐵板燒/非常讚/
E	我好好一個生日都被你們超接客人給毀了
E	很破很髒很舊/點歌按鈕很不靈敏/餐點很一般/包廂很重的煙味/自助取餐要上下餐極不方便/
F	雖然廁所真的是有點髒/廁所門又常壞掉/但是員工們真的都面帶微笑的/很辛苦/常常要面對一堆奧客和酒醉的酒鬼還能面帶微笑真的很強/辛苦了/炸物拼盤好吃/3
F	先吃再唱/感覺很不錯/一天餐點全在這
F	服務態度跟餐點的品質都很好/
F	價格親切/牛肉麵便宜又好吃/只是包廂裡煙味重
E	服務人員訓練待加強/進包廂連門都不敲/櫃檯人員講話不清不楚/問一下就有明顯的不耐煩/想買個喉糖竟然沒有/而且環境髒亂還有小蟑螂在包廂爬/久久來一次沒想到越來越糟/少了自助吧只給一個蛋糕/很多東西不能帶回包廂吃/和其他ktv已經不太能比較了/而且廁所真的髒的可以/下次還是去旁邊的錢櫃好了/
F	學生包場平日可歡唱6小時半/熱炒好吃/炸點很不錯/現在還送金幣可以去打彈珠/服務人員也很親切/
F	音效很棒/直立式麥克風音質也很好/東西也不錯吃
F	旁邊有1號餐廳/提供鐵板燒跟涮涮鍋/涮涮鍋不管是松阪豬或牛小排肉質都不錯/搭配先吃後唱方案很划算/優惠時段去很划算/牛肉麵超值好吃/
E	在二樓櫃檯借打火機要點蛋糕/說要等一下/我們在旁邊等一下/二度詢問另一位服務員說被借走了/這位態度很差/後來進包廂/三度詢問沒消息/四度詢問說他們沒有打火機/中間經過了兩小時/這時的乳酪蛋糕已經快軟掉了/為何一開始不先說/讓壽星乾等/後來詢問樓下停車可以折抵幾小時/服務生直接說不知道要我們自己去問一樓/員工訓練有什麼問題嗎/廁所的馬桶蓋上還有不知道是尿還是水跟一根毛/垃圾桶衛生紙一堆也沒清/體驗極差
E	重新開幕超收/讓有預約的人進不去/生氣/
F	體驗了一天感覺還不錯/除了有免費的毛豆還有飲料/還有送蛋糕或哈根達斯冰淇淋的兌換卷/要離開一樓還有彈珠台可以玩真的蠻新鮮的體驗/推薦大家可以去體驗
E	硬體用起來一樣舒適/但是牆壁上的小螢幕封起來了/改成用手機點歌/只剩一個大螢幕可點/我覺得沒有比較方便/手機會耗電/介面也不好隨意變幻/如果都改成這樣/可能之後會考慮去其他Ktv
F	品質好的唱歌地點/雖然水平動線令人走路到厭煩/不過OK
F	很不錯/樓下是Buffet/拿好了/工作人員幫忙用小電梯送上去/很有趣/第一次看到/
F	餐點好吃/優惠餐價格非常划算/
E	餐點的品質還是有待加強的地方/不過在這裡唱歌/吃飯算是cp值高了/
F	唱歌還可以吃鐵板燒/好享受/
E	在外面櫃檯說一個人605元/上去後跟我們說稍後會進包廂替我們點餐/再次確認後說要用電話點餐/嘗試用電話點餐沒有人接電話/再後來突然有個服務生近來說金額670元才說餐點都要等一小時以上/最後結帳金額又變成650元/
E	真的覺得感覺非常差的板橋店/我個人是都在台北旗艦店延平北路/也許是因為公司要求而一直進包廂的明示是否先結算付費/一次兩次三次我們也不想當奧客/也先結了大概三四小時的費用與酒水食物/也跟服務人員溝通過/我們結束會播電話請你們進來買單/請從中就不需要再進來問我們續補不續或是加不加時間/或是再進來收費/我們也真的拿出最大的誠意也唱到一半先結算付費了/二來一直在旗艦店都沒有這種事情發生過/那種大概過了30分鐘就進來一次要結算的感覺/到底是在趕客人/還是/怕我們賴帳/前面都能體諒你們店家也溝通過了/卻還是進來要就算買單/到底是要進來幾次/只能說我個人/我個人喲/給板橋星聚點的評價真的極差連一顆星都不願意給/往後我還是會選擇台北旗艦店延平北星聚點/真的是花錢受氣/
E	態度從頭到尾都很差/櫃臺到包廂服務的人員/除了一位年紀比較年長態度好以外/其他年輕的態度都很差/接電話人員更差/整個很疑問/接電話不是應該態度最好嗎/點一壺熱奶茶/結果來澎大海/跟服務人員反應還不承認自己疏失/後來進來的服務人員/居然是問我們要換飲料嗎/搞清楚是你們送錯飲料不是我們難搞/甚至點一壺熱奶茶/居然要一小時以上還沒來/等很久後上來的是澎大海/請問熱奶茶很難泡嗎/再來就是環境/一進包廂就是煙酒味/甚至唱到一半沙發座椅出現蟑螂/還不只一隻/跟服務人員反應後/他說可能是消毒/可是網上滑評論/出現蟑螂的狀況已經好一陣子了/其他KTV都在進步/就你們在退步/誰還會想來/把所有顧客都升級成會員/並不會改善你們顧客日漸減少的問題/以前最喜歡來的KTV/現在我完全不會再考慮
F	現在唱完歌還可以到一樓玩彈珠台/還蠻好玩的/而且還有不同機種/有問題時服務人員也會過來解說/只是希望大獎可以換成食物或可以唱的時數/金幣就讓人覺得還好
E	第一次使用google的評價就是來給負評/兩/三年前來星聚點板橋店覺得還可以/但是今天早上一營業就來唱歌感受真的很差/第一/一進包廂煙味真的很重/重到有點不太舒服/知道KTV這種場所煙味是難免/但是去過很多間KTV多少也有煙味但都沒有到讓我不舒服的感覺/況且我們是早上剛營業的時候來的/第二/因為疫情的關係自助吧都取消也不能在包廂裡面吃東西覺得不太方便也沒有太大的意義/因為既然來唱歌那大家在包廂就一定會脫下口罩那本身就已經有感染的風險了阿/而且唱歌那麼長的時間不能吃東西真的有點掃興/第三/包廂沙發的縫隙跟地板蟑螂真的有點多/希望可以加強清潔/我後面完全不敢坐在沙發上/疫情期間環境清潔不是應該更注重嗎/廁所的洗手台也都有菸灰
E	吃完在唱/刷刷鍋/菜盤少的可憐/整體工作人員/態度沒有很好/包廂濕氣超重/地板桌上/都是水珠/感覺超不好/
F	唱歌第一首選/服務人員還會進行訪查/餐點品項很多/種類很多元/還有熱炒/感覺都很新鮮好吃/不曉得我是來吃飯還是來唱歌的/不定期還會有新活動/可能由於疫情的關係/店家也很注重環境消毒和客人進場消毒/很好/
E	/不會在光臨了/沒有自助式的餐點沒有自助式的餐點/沒有自助式的餐點/很重要要講三次/然後收費跟之前一樣/1/沒有自助的餐點/也沒有送點數了/2/送下午茶而已/飲料跟毛豆吃到飽/3/用自己花錢買點數冰火菠蘿/居然都沒有菠蘿的油/那還叫冰火菠蘿/4/生日禮和叫的餐要一直催/真的是很傻眼/5/和送一堆彈珠台的硬幣/也沒什麼用/只能玩彈珠台/6/另外花錢吃的鐵板燒也吃不飽/再唱歌之餘肚子又餓的要命/花錢買點數來的餐點又少/取消了自助式的餐變得很糟糕/獨特性什麼的都沒了/能點的歌也非常少/個人真心質疑4/0分/哪來的高分讚賞/優勢真的沒了/擺一堆彈珠台真的很傻眼/問了服務員可以做什麼/說點數集滿會再送金幣/或之後/可能/有活動/拜託我要金幣幹嘛/又不是湯x熊/至少還有玩具可以換/要金幣做什麼阿/不會再光顧了/
F	標榜場地包廂大/美食/如果人多的話算起來真的有比較便宜點/適合團體聚餐活動/老實說我還是比較習慣好樂迪/錢櫃/照片是我的帥哥姪子希望他們不介意嘻/
F	唱歌必來星聚點/進場也會請客人消毒量體溫真的很棒/重點好吃的毛豆/又是免費的又超好吃/雖然疫情關係有改一些拿餐方式/但是餐點還是很好吃又便宜/讓人覺得超讚/而且還有澎大海只要/20元/一整壺也太便宜了吧/而且服務人員都很友善也會協助我們一些問題/這邊的主管還會進來了解我們今天的消費感受/覺得超級讚/大推星聚點板橋館辣/今天來消費還有多的彈珠台提供給客人玩/在等朋友過程中/服務人員邀請我們去玩/剛開始都不知道怎麼玩/但經由服務人員教導完後覺得超好玩/重點朋友一起玩超刺激總讓人不自覺想大叫/玩不盡興打卡又在可以玩一次/總之今天就是很讚大推大推/
F	雖然因為疫情的關係自助吧沒有了/但有新推出長青優惠跟小包廂優惠/包廂第一壺飲料有優惠價/整體起來價格還是很划算/唱歌期間也會有主管進包廂詢問消費感受/大推板橋館/
E	廁所不是很衛生/煙味明顯/外語歌不夠多/其他還可以
E	開開心心的來唱歌/歌還沒唱到先被氣死/謝謝妳親愛的櫃檯小姐/
E	服務人員算都還滿親切/只是煙味真的重到爆/包廂竟然還有前組客人留下的煙蒂/兩隻麥克風竟然可以輪流沒電/沒提供歌本也不先說/介紹專案跟優惠也很不詳細/還一直有警鈴誤觸搞得整個提心吊膽的
E	爛炸/爛炸/爛炸/爛炸/爛炸/爛炸/爛炸/爛炸/從在櫃檯接待態度就很差/站在櫃檯前一陣子都不理人/說了幾次不好意思請問一下都當沒聽到/直到我大聲問才理/結果得到的回答是口氣很差的你等一下/接著進包廂/先是在疫情當下/要求進場要戴口罩的情況下/沒有麥克風套/要了才給/再來點個飲料/先後確認了兩次/過了一個多小時才送來/結果還送錯/打客服問還被兇/換飲料ㄧ換又是一個小時/而且一進來口氣很差問說我們是要換飲料嗎/欸不是/是你們送錯/不是我們耍機車硬要換耶/一副好像我們自己點錯一樣/明明就有打電話確認過了/後來跟他要水/一直到唱完都還沒送來/在唱歌的時候/坐在沙發上還會有蟑螂爬出來/而且不只一隻/衛生又夠差/確定有在打掃嗎/最後要結帳打電話給客服/說會派人來/結果一來就是半小時後/2樓包廂有很難走到嗎/今天從頭到尾包廂一直出問題/唱歌一直被打斷/服務態度還爛到爆/速度又都超慢/衛生更是差/這樣糟糕的體驗/真的不會想再來這家KTV了/
E	越做越爛/你要因應疫情取消自助吧沒關係/但相應的替代方案卻讓人覺得在利用疫情靴消費者/價格不變每人還要低消99點包廂內的食物/食物又貴又普通/真的把顧客當盤子喔/覺得更火的是進去包廂內唱歌/每首歌之間有時還會穿插自家的促銷廣告/穿插的還很頻繁/我是來這唱歌不是來這看你們的促銷廣告/
E	自助式消費改變/以前可以點數換餐方式比較好/現在也取消賣波羅油了/整個官網跟粉絲團都沒公告轉換消費方式/而且櫃檯也沒告知覺得不ok/然後一開始進去很久說是會有人來負責結帳也沒有/還要我們去服務中心結/覺得跟以前一樣在樓下櫃檯結完就好/何必這麼麻煩增加工作流程/然後嚴重感受到工作人員人手不足/但還好服務人員都很親切/問問題都會耐心告知/還有在一開始進包廂時告訴我們消費價格時不小心報錯/又多給我們一張打卡換炸物的卷/覺得很nice
F	星聚點新引進的復古美式彈珠台真的超特別的/好玩又刺激/旁邊還有彈珠小姐會協助指導如何才能得高分/來這邊能唱歌又可以玩彈珠台/下次還會再光臨/
F	真的覺得星聚點很棒耶/唱到餓了還能去餐廳吃東西/東西還西北便宜一碗牛肉麵只要40/佛心價呀這是/比其他KTV好多了/
F	進入店內空間很大/1樓附設餐廳供應超值優惠價的鐵板燒/小火鍋/宵夜/包廂還能點美味熱炒/水果/飲品/炸物/麵點/排隊進場有手部消毒/包廂也擺了酒精棉/很貼心的防護疫情/大廳區有主題特色好玩有趣彈珠台/由進場到離開/板橋舘的服務人員都很親切服務/這次朋友喝多了/服務人員還主動給我們嘔吐袋跟濕紙巾/真是太貼心了
E	7/11訂了17/00/10人的包廂/因為疫情的關係/消費方式不同/但在開始購票的時候沒有說明清楚方式/我們點套餐/但他們並沒主動告知套餐飲料是要打電話才會送來/我們以為可以喝自助吧的/但當我們已經喝了幾杯後/包廂內有人走出去要倒飲料時/包廂外的服務生才說要打電話飲料才會送到/口氣不是很和善/不能喝自助吧的/在得知不能使用後我們就沒再喝自助吧了改打電話/結果打兩通都沒人送來/我們就到一樓詢問一開始協助購票的服務員再次了解消費方式與狀況/一樓幫忙聯絡三樓主管/主管致歉然後用優惠價問我們要不要喝澎大海和奶茶/可是沒說要服務費/等到要買單時/服務生來收錢/說的金額是5495/但收錢後找的錢只剩484/心想怎麼跟剛剛說的不同/於是我又跑去櫃台問/他告知我金額是5516/反正就是一開始算錯也沒說清楚/造成了很多的誤會/其實/我不是在意這幾塊錢的差距/而是一個/感覺問題/這樣的消費過程真的很不舒服/在這麼多次的唱歌經驗裡從來沒有這麼不開心/我能體諒因為疫情減緩大家出門放鬆使服務業的大家很辛苦很疲憊/但這樣的過程真的讓人感到很難過/只希望員工訓練要確實/不要再有人遇到類似的情況/大家都能有個開開心心的唱歌經驗/
E	以前去過很多次/但今天的消費體驗真的非常差/3小時45分鐘機器當掉三次/其中一次還請服務人員進來重開機才解決/因為花了一些時間才解決/服務人員說要補10分鐘給我們/但最後根本沒有補/這也就算了/到了原本的結束時間/最後一首歌都還沒結束的時候/有另一個服務人員就衝進來/完全沒敲門/說/欸欸欸你們時間已經到了/而且口氣超差/好像我們要佔你便宜一樣/有去過的都知道/他們機器本來播完最後一首就會自己鎖住/完全不需要有人進來提醒/也因為機器會鎖住最後根本沒補10分鐘/不想開心來唱歌卻受氣/大家請慎選喔/
E	耖你媽吃東西付錢就付錢/媽的等超久是怎樣/我夜唱不用錢/時間都免費的欸/啊等一碗麵等半個多小時/浪費我的時間怎麼算
E	服務爛/點酒/水/飲料/食物/等很久都沒送到/都要我本人親自出去到櫃檯要才要得到/歌又少的可憐/想點的歌一大半都沒有/說我們定位的時段沒有包廂計費/但線上定位是能選的/你們系統爛有問題還能說我們選錯哦/連電話告知都不用哦/說有壽星禮品也啥都沒拿到/只有他媽收錢跟切臺的時候是準時的/收錢收那麼快/服務怎麼那麼糟糕/
F	有自帶停車場/唱歌可抵停車非常方便/至於其他留一顆星客人的遭遇我其實沒遇到/櫃檯可能被highlight過態度是好的/包廂也沒遇到蟑螂/煙味就跟其他KTV一樣不意外/沙發有一個位置上面一層黑灰/還好坐之前有先擦過有發現/我們沒點奶茶/澎大海倒是上的很快/水杯有消毒水味/歌很新/
F	新的遊戲很有趣耶/但是好難哦/要很專注
E	超爛/沒有自助吧/包廂裡頭沒廁所/包廂音樂很小無法展現歌喉/嗨不起來/熱炒上面寫一百都騙人/結果都原價/還要收10/歌唱到30分/29分就不放歌/白飯送一輩子/菜都快吃完了/還沒送來/還是錢櫃跟好樂迪好/除了菜色好以外沒有別的優點了
F	環境乾淨/餐點美味/適合聚會/
F	疫情後第一次來唱歌/雖然很多東西不能帶進包廂/但是有優惠價的飲料可以選擇/櫃臺小姐很貼心跟我們說現在如果沒有很餓的話可以點特價餐點/然後唱完再到餐廳吃飯/這樣的選擇也很不錯/
E	一樓餐廳服務人員有待加強/餐點馬上被遺忘將近30分鐘/其他晚到的人餐點都上齊了/就我們這桌還有一半還沒到/人手不夠就不要那麼客家行不行/賺那麼多/多雇一個員工很難嗎
E	7/15/晚上10點入場/因為做過KTV相關的工作/所以大概流程很清楚/一坐到3樓/一出電梯門完全沒有人接待/當我們包廂人都都到齊後/點了一瓶威士忌跟綠茶/等了一個多小時都還沒上/一直打服務電話打不下7通/怎麼催/酒就是不來/還是我們走出去跟櫃台拿才有/離譜的是系統的腦袋跟服務生的腦袋好像沒有連結/每個進來的服務生都問說你們點了什麼酒/然後點了小菜/點了拼盤/沒送碗筷進來/也是一直催才有/重點是冷氣也不冷/應該不會想再來了/基本的服務都沒做到位敢說自己是服務業嗎/
F	環境優美氣氛佳/享受暢飲優惠十分親民/餐點品質天然健康又好吃/新活動彈珠台的品質/畫面聲音效果高/親朋好友聚在一起遊玩的感覺十分有趣/
E	這種的服務態度實在是很難恭維呢/自助用餐方式更改/櫃檯講的不清不楚/入口區驗票人員是在跩什麼也是很不懂/另外點餐區看得出來廚師人手很不夠/光餐點等了半小時以外回來包廂點了一壺奶茶又等了40分鐘環境設備也是不予置評/以前不管聚餐/慶生的主要首選星聚點去哪了/如果是因為疫情關係導致人手不夠/品質不穩/環境不佳/那是不是應該要有一些替代解決方案可以舒緩呀/經過這次消費經驗下次不推薦朋友來此/另外電梯門口前的女服務生算是棟樑吧/拿著點數的菜單在跟客人一一介紹並很有耐心的解釋目前無自助吧供應/真是謝謝妳哦
E	今天中午去真的是體驗差到不行/先吃後唱/跟朋友分開吃鐵板跟鍋/結果鐵板都畫完單收走了/鍋的沒人理/單收走後十分鐘左右/面前的師傅問/妳們吃甚麼/單畫假的/吃完後/出去抽煙回來被趕回用餐位置/說亂跑會找不到人/ok/fine/結果又是等很久/來個帶包廂的小姐說/啊/妳們要走了嗎/我們問號/不是在等妳帶嗎/我是分隔線/好不容易要進包廂了/結果爆米花也不能帶/點個毛豆等半小時/送來沒筷子/按服務鈴要點酒/等半小時才來人/然後順便點毛豆/結果送來/沒筷子/沒杯子/沒冰塊/直接跟服務生反應/等了半小時還是沒來/最後自己去外面要才拿到/然後精彩的來了/第一次唱到麥克風沒電/打電話給櫃檯/一等又是二十分鐘/最後受不了跟店員抱怨/主管才勉強加個20分鐘意思意思/唱完去樓下想吃個爆米花/才告知鹹的賣完了/傻眼/唱完也就下午五點多/你跟我說賣完/那晚上生意還做嗎/真的第一次對板橋星據點失望/中午到下午明明沒啥客人/在忙什麼/現在也沒有自助吧要忙著顧電梯/還是板橋的服務就是這樣/那只能說/真的覺得不行/難得換個點唱就踩雷/以後還是去西門吧/一顆星給勉強加時間/外加一樓櫃檯態度ok
F	昨日到門市消費/人員服務態度非常好/雖然已經沒有自助吧吃到飽/但現在先吃後唱的方案也很棒/餐點變得更精緻好吃/
F	有2次吃到一半/說沒培根雞腿/不能提早說嗎/雞腿賣的好不能準備多一點嗎/已經吃一半了怎麼改餐點/我就是來吃培根雞腿的
F	服務人員態度很棒/餐點更是多樣性的選擇/最近推出的彈珠檯也很有趣/讓人想起小時候在電腦上玩的彈珠台/而且在外面根本幾乎看不到這樣子的大型機台/讚讚讚/很推薦的一家KTV/有機會下次還會再來唱/
E	這麼多一顆星也不檢討/能這樣也不容易/環境是真的不太乾淨/關自助吧也沒見打掃比較衛生啊/跟我扯什麼疫情/點個奶茶送一輩子/最後一小時才跟我說沒點到/前面打三通電話都不會說/剩一個小時是喝的完/都說不用了/才每隔五分鐘/連續三個人來問要不要/那我前面打三通的時候都在幹嘛/唯一開心的是鐵板燒的牛排挺好吃的/付了有廁所的錢/給沒廁所的包廂/我也是問號/
E	疫情趨緩後/星聚點的cp值也不在了/先吃後唱方案不優質/熱炒區也沒有了/點數也沒有了/價錢也提高了/原有勝過其他ktv的優點都沒了/這/還會讓人想去嗎/星聚點從歡唱首選變成完全不想去了/看來是回不去了
E	晚上餐廳的阿姨用命令的方式跟我們講話/好像跟我們很熟一樣/也不是沒付錢/講話的態度讓人覺得不舒服
E	環境以前很乾淨/最近去不管哪裡都可以看到小強/還有直接死在碗盤上的/就算現在沒有了自助吧/但我想看不到的廚房一定很可怕/還有煙味實在太重/還好附近還有其他家可以歡唱/
E	我最喜歡的自助吧沒有了/好想念以前好吃的蛋塔唷/包廂煙味太重需改進
E	昨天一群人很高興的去唱歌/其中點了兩碗牛肉麵/其中一碗朋友吃了幾口發現裡面有一隻已經燉好且相當完整的蟑螂大體/當天當班的來致歉並換餐點加附送水果盤/想說算了吃一吃來唱歌/接下來吃到一半因為食物味道/蟑螂湧現/桌子/沙發/服務鈴電話/最後連我的外套上都爬上了幾隻/我們當下決定放棄不唱了/但當天當班負責人態度還算誠懇/所以我們就不Po出當天的圖片跟影片了/希望未來能將衛生問題處理好
F	終於吃到久違的牛肉麵了/感謝柯姐的服務/
F	服務員的講解很清楚/對於顧客都很親切/現在又多了彈珠台覺得還不錯/唱完歌之後還會有另外的娛樂/會吸引我再來消費
E	春節改點餐式/都沒人還等老半天/點餐等餐就花了一小時/跟櫃檯拿餐盤/居然給一個使用過的盤子/餐具跟托盤都超髒的
F	跟朋友逛完耶誕城/臨時約來唱歌吃飯/消費很多元/應有盡有/解釋也很清楚明瞭/服務員都很親切/一樓有美國彈珠台非常新奇欸/跟朋友玩的不亦樂乎/以後唱歌都會再來/
E	現在只能搭套餐/沒有自助吧了/五點後495一人只能送一道菜/還不能喝飲料吧/完全不符合期待/包廂煙味也很重/服務人員人手根本不足/態度也非常不好/期望品質能再回到剛開幕的時候/
E	爛爆了/點啤酒一手送來一罐/還問需不需要冰塊/學生方案結果還1點多讓我們進場/是當客人是盤子還是傻瓜/當我們使用學生方案有低消卻也沒有說外面的自助吧不能使用/連麥克風的套子也是我們要好幾次才送來/酒更是催了5/6次等了將近半小時才送來/以前第一次來還不錯/但今天的經驗不會想讓我們再來第二次/比西門町的星聚點還爛/現在星聚點的素質都是這樣/還是我們只是偶然的個案/
E	改成這樣爛死了/沒有的東西櫃檯完全沒有告知/沒有熱炒/只剩飲料跟毛豆其它全部要加錢/櫃臺完全沒說/以前還有送點卷現在沒有也沒說/還要進包廂才買單完全沒有寫選擇的餘地/反正以後不會再來了/爛透了
E	唱歌時間還沒到/就切掉/你說會補足剩下的時間/再另外多給一首歌的時間/接下來可以唱了/才過了一首歌的時間/又切掉/然後電話裡跟你們說態度感覺不是很好/請問你們服務品質都是這樣的嗎/餐點等30分鐘就算了/電話裡又等了10分鐘/人都還沒來/是在哈囉/
E	今天去星聚點慶祝朋友生日/但因原先為自助吧/我們預先訂位/我覺得應該先告知更改消費方式/贈送的壽星炸物大約一個小時後送進包廂/一上桌就是冷的/這樣建議下次招待冷的東西即可/比較不會讓人誤會
E	這次體驗超差/因為疫情期間/自助吧沒了就算了/包廂小平板也沒了/改用手機點播/要用他們的wifi連線/但網路根本連不到/詢問服務員只叫我們一直重試/女服務生態度也很差/一堆人蹲在大平板點/很沒有效率/最後其中一隻麥克風還沒電
F	服務員都很耐心解說/唱歌包套便宜大碗又有附一堆餐點
E	整間包廂6個人/隔天有5個人拉肚子/大家都從不同地方來/進包廂也都喝不同飲料/只有冰塊是共同使用的/唯一沒拉肚子的那個人剛好只喝熱飲/離場前看到冰櫃沒關/服務人員也都沒使用冰鏟撈冰塊/直接使用冰壺下去撈/這衛生真的是堪憂/再來櫃檯的服務態度也真的是/
F	唱歌包廂及用餐環境都很舒適/餐點也很好吃/
E	因疫情關係自助霸沒了/點餐模式變得很複雜/沒有一個一個問清楚會花冤枉錢/點炸物拼盤半小時才送來結果也不是現炸的/跟疫情之前的感覺差很多/
E	沒有自助吧/自費買也很多不能帶進包廂吃/KTV唱到一半大lag/請服務人員來處理/處理完之後說/會補10分鐘/結果根本就沒補/每首歌之間都有很多很多廣告/感覺很差
E	第一次來板橋店包超大包廂給父母慶生/ㄧ堆優惠活動全部不能使用/連網站上的包廂優惠也不能使用/理由是我點的包廂是網站上未列出的特殊包廂/用餐規定也一堆/還沒有人來收盤子/我訂的是18人的包廂/我得自己擦桌子收盤子因為網站上說若有髒污要收3倍清潔費/若因疫情關係取消自助我很認同/但是服務生若人手不足/App根本沒作用就推出/網站上滿滿優惠到現場全不能用/因爲是第一次加入會員所以不適用優惠/網站ㄧ個字也沒提/廁所內有3隻小強跟我們ㄧ同歡樂/要不是因為我爸媽在場/不想破壞他們的心情/這店整體都超乎想像的可怕/服務/那是什麼/我只在帳單上看到服務費10/
E	給一顆星不是因為你值得/是因為最低就只有一顆心了/服務人員資訊上很錯亂/導致我沒能吃到沙拉吧/也沒告知餐廳結束的時間/選有廁所的包廂結果沒有廁所/換了之後有麥克風斷斷續續收不到音的問題/服務電話撥超久沒人接/先吃後唱/先吃的時候點了沙朗牛排便當/難吃到一個極限比夜市便宜牛排還糟/吃完結帳加點了澎大海也忘記送到包廂/催了很久才來/真的是非常糟糕的體驗
E	之前去的時候覺得整個管理流程都做得不錯/結果前幾日去管理流程變成爛到不可置信的地步/所有服務人員的資訊都沒有同步/外場服務人員叫號領包廂/到櫃台時櫃檯問有打電話通知了嗎/黑人問號/進包廂後前後/大概3/4個服務人員都問同一個問題/領包箱的時候說沒有廁所所以包廂費比較便宜/一進去看到結果有廁所/當然最後也是結有廁所的費用/然後點一壺奶茶催了4/5次/大概一個半小時才來/真的傻眼到不行/只能給1星
E	因應疫情/自助吧沒有了/只有毛豆免費跟贈送一小片蛋糕/蛋糕還說是限量的有/沒有了就不提供了/但是價錢還是一樣/爛透了
F	接待的服務人員很親切/消費說明也很詳細/最近新進美式的彈珠台很好玩/可以一個人玩也可以四個人一起玩/跟朋友可以互相比賽十分有趣/
E	以前的體驗還不錯/這次非常非常糟糕的體驗/電話約了也是不按時間/約1130鐵板燒/到了說大團約所以鐵板燒要等/整個傻眼/沒關係換個用餐方式/吃飯也是等/上個菜要半小時/現場沒啥人/鐵板燒大隊也是1220才來/覺得整個管理有非常大的問題/強烈建議最近要來的請三思
E	之前來都還不錯/現在先吃後唱不是鐵板燒就算了/帶我們去用餐的地方環境相當不乾淨/吃飯的時候一直有小蟲在附近飛/還有蒼蠅爬進我裝飲料的杯子裡/只能說根本無心吃東西了/然後歌也很少/已經回不去之前的星聚點了/以後還是去同學匯唱就好了/
E	去西門的星聚點可以帶餐點下來邊唱邊吃/來這邊就不行/唱歌不就是邊喝邊唱邊吃才開心才爽嗎/跟我說只能在樓上吃完再下去/唱歌的心情氣氛直接被打掉/就是以上敘述/玩得不是特別開心/要不然滷肉飯是不難吃啦/音質也不錯/
F	實惠平價/東西新鮮好吃/板橋館比西門乾淨整潔/新/寬敞/只是包廂煙味依然很重/
E	今天去應該是最後一次了/沒有下次了/所有的餐飲都改變了/沒有自助吧/櫃檯小姐也沒有告知/更扯的是這麼大家的公司/連櫃檯及門口都沒告示/現在改什麼金套餐哇高套餐/我還問了櫃檯小姐怎麼跟以前不一樣/櫃檯小姐還說一直以來都沒改過啊/吃了套餐/根本都吃不飽我們心理還想裡面還有自助吧可以吃/入場時看到自助吧怎麼都沒有了/我們真的傻眼/沒自助吧/沒吃飽就算/這個心情都打壞/叫我們哪有心情去樓上唱歌啊/我要講得是/請你們sop要告知/餐點方式跟以前有點不太一樣/麻煩請告知客人好嗎/
F	可以邊吃邊唱/一樓還有彈珠台可以跟朋友競賽/價格也合理/是跟朋友歡唱聚會的好地方/
E	大約1/2年沒去星聚點/今天去消費真的傻眼/消費型式改變沒說就算了/包箱內還發現一包煙盒/廁所髒到根本是沒打掃過/以前品質還算不錯/現在取消自助吧跟50元點數其實也是變相漲價/但不懂品質相對變的更差/這是什麼道理
F	好去處/牛肉麵口味很像是快煮包/服務滿分/
E	自助吧沒有了以外/還限制一堆東西不能在包廂裡面吃/問了為什麼爆米花不能在包廂吃/服務人員說因為怕灑出來/但/可以帶進去吃的薯條珍奶/咖啡就不會灑出來/不太懂限制的意思/幾乎吃的都要用現金買/好多東西都不能在包廂吃/真的有夠掃興/希望能夠早點改回之前點數換食物跟自助吧的方式/如果因為疫情關係取消自助吧/那應該有更好的方式替代/這不就是星聚點的特色嗎/以及包廂裡面的燈光按鈕也超不靈敏/使用立麥會一直有嗡嗡嗡的迴音/最後/給壽星的招待炸物一上來就是涼的/壽星心也涼了
E	蟑螂有點多/進第一間包廂廁所有5/6隻以上的小蟑螂/服務人員進來打完蟑螂後也沒有想幫忙更換包廂的意思/主動要求後才得以更換/換了第二間後廁所還是有看到一隻蟑螂/可能清潔的部分可以加強一下/這次使用的是2樓的包廂/
F	最近來這裡消費/發現多了彈珠台在等包廂時間可以跟朋友一起多人競賽/好玩值回票價/而且服務人員也都很親切/
F	最近新增的彈珠臺超舒壓/還可以跟朋友一起玩/唱歌唱累了還可以下來休息一下/服務人員也很親切介紹/我分數不高一直死掉/服務小姐還有跟我講秘技/而且忍者龜的機台還可以選角色/希望這個活動可以一直持續下去/
E	因疫情/自助吧/通常是有這個才會來星聚點/不然就去好樂迪了/沒了/價錢卻一樣/有無提高忘記了無從比較/不合理/點數是怎麼回事/價錢是怎麼回事/不合理欸/從過去的五星忍不住改成一星/真的失望/非常遺憾/
E	明明是訂1/00的包廂/卻還是要現場候位/等到1/40分才進去/導致之後的行程全部delay/服務員也沒有事先告知/感覺缺乏訓練/另外員工素質也很差/當著客人的面直接在走廊上罵其他員工/觀感不佳
F	燈光美/氣氛佳/裝潢新也有很多新歌/是聚會的好場所/服務人員也讚/
F	自助吧選擇很多/音響很好/有立式麥克風
E	假日晚上九點以後去/點的任何熱的餐點都要一個半小時以上才會來/不建議去那裏吃晚餐/加上麥克風沒電兩隻/點歌板觸控有問題頻頻需要請服務生進來處理也是很困擾/
F	便宜/先吃後唱很貼心/麥克風收音不錯
E	包廂廁所超多蟑螂/請服務生處理/換了一間後/居然還是有蟑螂/環境不乾淨/設備也普通/跟其他分店差好多/
F	今天來唱歌/隨便攔了一個服務生問問題/這名服務生印象中瞄到叫范振軒的回答實在太優秀了/瞬間讓我跟同伴心情大好/對這間KTV好感度飆升/下次再來府中一定要再來這間唱/范振軒你太棒了/
E	都訂位了還要等那麼久
F	搭配彈性的餐飲/自助或點餐/包廂寬敞整潔/方便的點歌操作方式/
F	包廂環境算乾淨/餐點好吃/4hr/350/滿便宜的
F	服務人員很親切/有免費的彈珠臺可以玩/比傳統的好玩多了/不會玩還有服務人員會過來教你/還有很多餐點可以吃/真的很棒/
F	最近去星聚點唱歌/覺得餐點很好吃/音響喇叭/都很不錯/朋友們都很喜歡/下次一定會再去喔/
E	慶生買3小時的4人票/其中一人1/5HR離開/再剩下30分鐘來另一位帶蛋糕來朋友/想給壽星驚喜/我請/看門的/通融10分鐘/她說去櫃檯買票/去櫃檯問價格剩下15分還需400/於是再去向這位/看門的/懇請幫幫忙/她說照規定/後來討論算了/跟這位/看門的/說算了/我等時間結束再出來給壽星驚喜/結果這位看門的就說/結果還是就進去等時間結束/那你幹嘛花時間問/一股氣冒上忍住/這位員工也代表我對星據點的印象
F	點歌系統不錯/叉燒飯/滷肉飯不差/預約現場還要等20分鐘
F	體驗非常好/有良好的設備與服務品質/小彈珠也滿新奇有趣/下次還會再光顧/
F	消費日期/2020/1/11/消費人數/5人/消費金額/一個人約七百左右/方案是/先吃飯/鐵板燒/再唱歌/鐵板燒比外面的大埔鐵板燒還好一點/唱歌的設備比好樂迪好/但自助吧不如好樂迪/還21/30之後就不供食/是什麼鳥設定/也沒熱飲/其它多的要求都是另外收費/ps/這裡唱歌可以抵停車費/開車/
E	電話打了很多通/永遠都是忙線中
F	7/8/約19/30/服務員/梁家榕/超級親切幫我們解釋餐點/因為目前的餐點規則有點複雜/而且我們問很多哈哈/大約跟我們介紹了5分鐘吧/謝謝你讓我們有開心的消費經驗/
F	豪華/早鳥票優惠/東西好吃
F	餐點及服務速度非常快/服務人員都非常和善/包廂也特別的乾淨/
E	等超久/包廂超過一個小時還沒進去/連一星都不想給/等多久也講不出來/以後都跑別家了
E	訂了17/00的包廂/說要等叫號/等到17/45問櫃檯還要多久/櫃檯回覆現在幫你安排包廂/那前面等那麼久是/
F	吃鐵板燒可以加價歡唱四小時太優了
F	環境舒適/餐點衛生需加強/中午唱給了蠻大的包廂
E	超垃圾的語音系統/爛到爆
F	服務人員態度都很好/熱炒好吃水蓮超讚/怪奇物語彈珠台也很好玩/下次還會來/
F	地點佳/有唱還供餐/非常方便
F	第一次帶全家來唱歌/熱炒好吃/其他餐點也不錯吃/服務人員也親切/
E	一開始進去包廂就沒有放喉糖在桌上跟店員反應後說/離場時才會給我們/結果後來我們都結完帳了再跟店員要喉糖竟然說現在喉糖一顆一元/由於我們剛低消沒花完想說這樣可不可以換/結果說已經結完帳來不及了/好險後來有一位店員還是給我們補上了喉糖說原本其實沒有了/我覺得整體下來板橋店的真的不推/廁所公共/ktv煙味重/9多/不提供免費喉糖/
F	可以和朋友待一整天的好所在/可唱歌可吃飯可聊天/很棒/
F	最近常來星聚點板橋店消費/服務人員態度優良/餐點美味可口/是會讓人想要一再來消費的優質娛樂場所/甚至最近還有彈珠台可遊玩
F	在板橋唱歌幾乎都選這裡/搭配入場的套餐鐵板燒還不錯/有要夜唱的話他們自助吧是有時間限制的/太晚就沒有了/印象中是12點左右/
F	先吃後唱的排骨飯跟雞湯好吃/因為是週四下午被升級大包廂還有華麗燈光效果的很讚/唯獨點歌反應有點慢/熱門的歌不一定會直接出來有點怪/然後熱炒區的菜有點鹹跟油/不過用量實在吃了好多肉/味道還是不錯的/花335在裡面待了快6小時cp很高
E	訂位訂兩點/實際買到票的時候是兩點半/雖然時間是從兩點半開始計算/但讓人在大廳乾等半小時的感覺還是不太好/包廂有煙味/對不吸菸的人來說不討喜/前往包廂的路上有廁所的味道/不過食物還算好吃/熱炒也會更換菜色/唱完還可以在樓下繼續吃東西聊天
F	家人朋友聚會好地方/服務態度親切/消費解說清楚/餐點多樣選擇又好吃/
F	跟朋友同事常常去唱歌/包廂沒有很多內有廁所/外面的廁所環境也還需要再多注意衛生/音響設備以前唱都覺得還不錯/但似乎有些包廂設備都要定期保養維修了
E	第一次去/再也不會想要去第二次/不管哪一間廁所都有小強/真的強哥滿天下的ktv/完全不值得一顆星
E	原本近期想去/因為以往星聚點給我的感覺很好/因為知道疫情的關係消費方式有變/所以先來看評論/但看到這幾個月甚至幾天前的負評這麼多/我還是去別家好了/
F	餐點好吃/環境整潔/另要特別感謝7/10下午五點左右負責120包廂的先生/感謝你幫我找到遺失物並好好保管了/感激不盡/
F	餐點多元化/CP/值高/好吃/服務人員服務很親切/是家庭聚會/慶生的好地方/值得推薦/
F	餐點還不錯吃/唯一的缺點應該就是歌曲中間的廣告太多切完一個接一個/很滿浪費時間/按服務鈴想要收餐盤一直都沒來
F	歌曲也都很新/餐點便宜好吃/消費感受很不錯/下次還會再來
E	等餐點等了一個多小時/服務電話常常打不通/問個問題每個服務人員回答都不同/歌曲之間一堆廣告/比較推薦西門的星聚點
F	學生方案還蠻便宜的/雖然中間餐點有點久但是服務人員即時處理/東西也蠻好吃的
E	進場馬上點一壺熱奶茶半小時後送來冰的/叫他換說再路上又過了半小時/再打電話說還在路上/送餐速度超慢/想問你們服務生是用爬的嗎/說唱三小時會送半小時/結果沒送/直接關台/還要電話通知服務台才加/整個服務品質很爛還敢收服務費
E	餐點雖然不錯/但點餐方式有很大的問題/點了黃金泡菜卻被告知是麵食區/不能帶到包廂就算了/還硬要我只能在麵食區吃黃金泡菜/搞到最後朋友們都只好端著一堆盤子杯子陪我去麵食區用餐/就為了那黃金泡菜/超級傻眼/
F	一人395尚可接受/跟好樂迪相比這裡的包廂比較沒有菸味/還有50點可以換各式各樣的餐點/吃得飽的點法/1碗粥/2碗肉燥飯/一樓也可以自己拿免費的小菜和飲料/包廂還有沙鈴/鈴鼓可以伴奏/雖然我覺得很吵很破壞氣氛/重點是/除了手拿麥/台上還有一隻立著的麥克風/像開演唱會的那種/喜歡當明星的人可以上台唱哈哈哈
E	包廂要有廁所可以先跟服務人員告知/煙味有點重/可以把煙味再消除點/大致上是還不錯只是比某櫃弱了點
F	這家ktv/超屌的還可以打彈珠/而且服務生又帥又正/樓上櫃檯人員又親切/下次還會為了打彈珠而來/
F	每次家庭聚會都會選擇來星聚點/餐點好吃又便宜/服務人員接待很親切/
E	等了2個半小時都要睡著了
E	安排的包廂地板都是黏的/鞋底直接黏在地板上/一進去還都是果蠅/包廂內充滿惡臭以及酸味/後來更改過包廂/包廂內的桌子依然是黏的/懷疑是否有清潔過/對於環境衛生已經其他衛生穩定性深感疑惑
F	今天跟朋友來唱歌/好險有先預約/今天人真的好多/先吃後唱很優惠/鐵板燒不錯/今天上菜速度快/服務也很好/只是包廂設備也該修理了/都壞掉/可能今天人真的很多/時間到服務人員敲門進來收東西
E	加139的港式餐點/結果有一份餐點/什麼豆腐卷/很久都沒來/問了服務人員才說餐點品質有問題要我們改/覺得很傻眼/
E	火鍋不建議吃/9/1與友人共四人同行/初嘗試餐廳內的火鍋/四人皆有上吐及下泄的問題/食用部分/並無所謂的腐敗味與不新鮮味道/但由於同時四人都有上吐下瀉/覺得食材可能有問題/已造訪多次/都無此問題/就唯獨此次火鍋初嚐/導致不好的體驗/整體來說星聚點還是不錯的/不過鍋物不考慮了
F	唱歌能配上好吃的餐點實在享受/每次來必吃餐點一定來盤燒臘/粥/牛肉麵/雪花冰/珍珠奶茶/奇異果汁/即便放到冷掉那燒腩的皮依舊酥脆好吃/雪花冰完全不輸給外面的專賣店/奇異果汁喝的出原汁原味不多加水/牛肉麵更不用說肉嫩湯香的好滋味/流暢度跟服務也都不錯/唯一美中不足則是一進包廂煙味太重未散去/期待下次能有良好空氣品質/
E	晚上9點入場/點熱茶等了半小時以上/炸物拼盤上了全部都冷的/九人給我們一個小到爆的包廂/糟糕的體驗/
E	配到的包廂空間還算剛好/包廂內廁所整潔度尚可/最無法理解的是/送飲品來沒給杯子/送餐點來不給筷子/酒來了打電話要冰塊順便再提一次已經通過電話說會馬上送來的筷子等等/還是等了半小時之久/是直接倒直接用手抓嗎/有點不能理解怎麼不是一起送上/餐具來了杯子來了結果數量全部都不對/真的無法理解啊/但態度都還算客氣/沒有太多不耐煩的感覺
E	物超所值/但員工訓練太差/賣咖啡的部門40幾歲短頭髮的婦人態度惡劣/不耐煩/大小聲/煮咖啡的男員工/煮的咖啡既酸又澀/集所有難喝咖啡之大成/真被他打敗/咖啡部其他人也有樣學樣/態度極差/規定模糊/公司制度嚴重有問題/一位員工說點魯肉飯/只因點了一碗魯肉飯/一行人五六位被趕到餐廳/有鐵板燒的地方/當一夥拿著大小細軟到餐廳部/一位帶眼鏡的胖女人又說不准進入/說在大廳吃就好/但原本的位置已被佔走/大家拿著東西及已點餐點在餐廳外罰站/真是離譜中的離譜/餐廳服務人員推給高層規定/那/高層/是否頭殼有問題/開店亂客人的/一個不錯品質及品牌的公司/被一些老鼠屎亂搞一通/真的有必要檢討改進/
F	服務不錯/都會細心解說/餐點好吃/CP值高/明天還有一攤/再去/
E	電話打不進/網路預約15/15的包廂/到現場排到15/40才換我們購票/結果要我們繼續等包廂清潔/16/16了還沒有包廂可以唱/在跟我開玩笑/最後16/30左右才進場/一樓櫃檯態度差/脾氣暴躁/包廂服務員/清潔員態度很棒有耐心/食物沒啥選項/不會想再來一次
F	吃飯/唱歌很划算
E	我沒有很常來星聚點/我下午2點多就到了/還是平日白天/硬要3/00才能入場/我知道要算3/00的費用/還在大廳等了一個多小時/3/20才入場/搞一個唱歌/搞得這麼麻煩/點個雞湯還只能在樓下喝/不能拿上去/拜託我是來唱歌不是來吃飯的/花時間拿吃的/就浪費時間了/進去包廂都快4/00了/以後不會再來消費/唱的一肚子/重點是廁所尿騷味/臭死了/真的是很生氣
E	不知道是不是去的時間太晚/晚上九點/自助吧上面的東西有夠少全是清粥小菜類的東西什麼筍絲麵筋花生之類的/熱菜只有三樣/湯只有味噌湯/其他的通通都要什麼點數/去過這麼多次KTV第一次進包廂沒人帶位要自己找/叫酒還要自己搬
F	服務不錯/餐點也很好吃/還有彈珠台/是休閒娛樂的好地方/
E	標示全館禁煙/包廂依然有很重的煙味/唱完全身沾滿煙味兒/以不同時段可搭配用餐鐵板燒或涮涮鍋/先吃再唱歌的優惠組合/食材及口味就一般普通/
F	包廂都有立麥跟廁所/3/5小時/350/人/另有自助吧可以吃/雖然免費餐點沒有到非常多樣/不過還是吃的挺飽/英文歌的選擇非常少/而且不是原唱/蠻可惜的/店外的吸菸區設置的不好/進出店家馬上沾滿菸味/
F	服務很好/介紹的很詳細/雖然服務生都帶口罩還是感覺出來面帶笑容/鐵板燒刷刷鍋都很好吃
E	服務生忘記找錢/只有給發票/打電話過去都沒人接/連續兩小時都在忙線中欸/真的是超級忙的/
E	地下101包廂味道很臭/感覺像有人嘔吐或大便的味道揮之不去/清潔人員很辛苦/不要搞砸這個大環境
F	大家都知道星聚點會有整點前後價位的差別/今天電話預約詢問/中午左右有沒有比較優惠的價格/服務人員回答/價位都是一樣的唷/我就訂了一個12/00的位置/不過到了現場看到價位時段表現11/59分以前進場價位比較優惠/同行朋友已經先到現場了/提早5分鐘進場不會太困難/馬上就詢問櫃檯人員怎麼沒有電話告知/櫃檯人員表示要調錄音檔也請男主管出面/這位男主管先讓我聽錄音內容表示我提到的是/中午/的價位/雖然我有詢問有沒有比較優惠的價格/不過他們會先認知是/中午過後/就不會想到11/59分的價位/千萬記得/電話預約要先詢問各個時段的價位/不然服務人員也不會告知提前一分鐘有比較便宜的價位/Ps/不是每位服務人員都一樣不會替客人著想/我有遇過有提醒我提早一分鐘來價位有差別的服務人員/真的很貼心/所以我一開始認為星聚點都是一樣的服務態度/結果不盡然/男主管的態度也讓我非常的不能接受/硬要用話術來洗腦客人/後續/進包廂歡唱之後女副店長親自了解狀況來和我們道歉/說是人員疏失沒有明確告知時段的費用/還幫我們做退費的動作/我們還沒開口她就已經說了很多/事後馬上回板上從一顆心改成五顆星/這是值得讚許的部份/讓我們消費者安心的感覺/很棒/
E	除了自助吧/其餘餐點只能在樓上餐廳用餐不能帶去/什麼概念/意思是唱歌還要花個半小時在餐廳用餐/這麼不人性我還是直接去好樂迪或者享溫馨之類的都好過這邊限制一大堆吃不飽還一肚子氣/非常不推/吃飯要走兩層樓/想健走的民眾非常推薦/飯前運動適宜
E	有預約感覺像沒預約的/現場還要等快一個小時/櫃檯才有兩個人/問櫃台櫃檯說/包廂還在整理/早我們先定位的都還沒進場所以還要在等一下/整理包廂15/20分鐘應該夠吧/問題就是人員不足才會導致時間越拖越久/如果後面有行程的人是不是也會跟著被耽誤到/又不是說定位遲到/我們大家也是提早到來報到/還要大家在那邊一直等/訂位流程還需要多加管理加強/人員上的分配也要在做調整/該不會要我們訂位還要提早一個小時來吧/可以在改善/
E	包廂裡面的衛生髒的離譜/玻璃全部都是油膩的/地板也是油膩的/廁所更不用說了/感覺真的很差/唱一個小時立刻走人/坐不住/服務態度也不OK/還是錢櫃比較用心
F	很久沒去了/過年期間去/費用感覺變貴蠻多的/點餐系統變方便/點數可以換的東西大概一樣就沒了/需要大家的湊一起用/好吃的點心不多/但飯和菜不用點數吃的飽/小包廂多了站立式麥克風不錯/廁所有待改善/
F	食材鮮嫩/無添加味精/調味粉
F	食物新鮮/即湯煮食/
F	餐點多元化/服務品質很好/朋友齊聚唱歌吃飯的好地方/
F	二樓的公共廁所有煙味及蟑螂/看起來維護的不太好/如果有預算建議選包廂內有廁所的/整體的餐飲品質還不錯/不過冰火菠蘿出爐的時間跟數量有點少/下午一點後就要等到下午四點/想吃的話要特別提前去排
E	1/11禮拜六下午到板橋星聚點幫朋友慶生/當天到場的7個人在1/12/1/13陸續出現上吐下瀉/發熱/發燒/全身無力等等症狀/食物中毒/寫信去官網反應/連回信都沒有/覺得很扯啊/其他攻擊的語言就不多說了/希望有看到評價的人自己評估是否還要來這邊消費/
F	新增彈珠臺很好玩/人員也很仔細解說消費方式/是k歌首選
F	還不錯的ktv/有先吃後唱和自助餐點兩種型式/價格來說算是尚可接受/自助餐點樣式不多/有些還限定時段供應/包箱內還是聞的到殘留的煙味/有待改進
E	晚上十點多要買票/櫃檯讓我後方客人插隊就算了/買完票也沒告知用餐只到11點/直到友人告知才知道/已剩兩分鐘/下去一樓點餐已無法點/吧檯上的菜也收光了/只給我換一個小哈根達斯/這種處理態度誰能接受/以後是不會再去消費了
F	因為疫情的關係還沒有自助只有包廂單點/但整體還是很不錯
F	環境不錯/服務人員讚/真的很便宜/
F	地點適中/設施良好但食物品質不怎麼樣/歌曲比較適合年輕人/對三四十年級生來說很多歌曲都找不到/尤其是日文歌曲/
F	服務人員都非常親切/還有彈珠台可以紓壓娛樂/下次一定會再來光臨
E	2020/1/17更新評論/大概兩週前花了1000元預付線上定位復興館/結果7/30準時到場報到/等到8/15都沒有位子/最快還要8/30/爛到爆/我真的再也不要來/重點是叫消費者預付然後讓我們苦苦等待/還說前面delay/到底懂不懂什麼是預約制啊/扯翻天/我要跟消基會檢舉/
F	府中店常來/服務態度跟包廂環境都不錯/先吃後唱的刷刷鍋以加49元的來說非常划算/肉品跟蔬菜都跟照片一樣漂亮/還有滿滿綠豆的綠豆湯當甜點/
F	很棒的聚會場所/氣氛歡樂舒適/餐點十分有水準/味道很好/鐵板燒和火鍋都非常美味/唱歌的包廂也乾淨舒服/還附上自助吧/如果要家人聚會用餐/我都會在這裡消費/跟大家推薦
E	下午2/00消費/每個服務生態度都超級差/消費方式也說的模糊/重問一次還不耐煩的刻意大聲的回答/給一顆星還嫌太多了/以後不會來板橋星聚點了/極爛
F	不常去但還ok/我大都陪唱多/專門去吃東西的/光樓上樓下拿餐還有時間唱/高雄沒這樣的KTV/
F	唱完吃/最開心了/有抵低銷的花費菜色可以點選/壽星會送小冰棒/唱完歌也可以在那邊吃快炒區跟飲料/不用額外花費/是一間很棒的ktv
F	這裡的鐵板燒機乎跟hot7一模一樣/但是hot7的菜單越改我越不喜歡/這裡的鐵板燒菜單真的比較優/套餐價比Hot7便宜9元/餐點也多一樣/還可以另外加購牛肉麵/等等/一碗才35元/CP值真的爆高/如果吃完要唱KTV/加價價只要79元/還三個小時/真的爆推/
F	餐點多樣化也提供免費停車場/適合全家大小/親友歡唱/
E	答非所問/自助吧根本沒東西/買了自助吧的卷說不能吃/消費方式問了半天講沒有重點/櫃台服務態度又差/真的傻眼
E	吃方面能東西越來越少/也越來越小/下午兩點不用點數的熱炒也沒有擺出來了/點歌現在都改成平板點歌了/電視畫值變很高清/包廂洗手間要每個人再多加30才有
E	以前去過覺得不錯/昨天去只能用髒來形容/有準時給包廂/進去後的餐區服務人員態度超不好/能理解加班的累/但這樣不專業/也不道德/拿了薪水就是要好好做/沒理由讓客人付了錢/問個問題還要看臉色/餐具餐盤都濕的/餐盤根本連整理都沒有直接延用/髒兮兮/包廂廁所也沒整理過就給我們/太噁心/太可怕了
E	搭捷運/板南線到府中站/走個五分鐘就到了/當日唱歌人數約10人/個人費用約NT/700/包廂大小實在是太擠了/一定要先預約不然會等很久喔/市中心停車上有點小擠/我們當天是捷運搭配兩腳公車前往/進去之前要先看身分證/有點戒備森嚴的感覺/食物上普通/來之前有去附近的韓式燒肉吃飯/這次的設備比較其他間真的太普通了/可能位置的關係/在台北是間夯點/但消費/食物/及唱歌ＣＰ值上/可以考慮其他的選擇/大廳金碧輝煌適合拍照/喝酒一定要注意安全還要找代駕唷/
E	今天訂了13/45/準時到了/卻15/30才進去/人很多不是錯/可是提早了一個禮拜的預約是預約心酸的嗎/突然讓我覺得預約沒什麼用/要再考慮下次要不要去了/真的讓人感覺心情很差/
E	地點是蠻便利的/服務人員態度良好/但是有幾個地方可以加強/1/廁所的清潔頻率有點低/被弄髒和衛生紙沒了都沒有人處理/2/餐點的選項有點少/希望可以更多元一點/3/點歌面板和燈光面板的感應不太好
F	這間星聚點相較於台北的店比較便宜/唱歌環境也不錯/時間到了仍可於一樓用餐/但免費的餐點相較於剛開店時期已減少許多/跟靠夜市的好樂迪相比沒有比較好/
E	消費3小時/約4000/續唱1小時加一箱啤酒要再多/2000/是啥小/根本讓人懷疑亂算錢/
F	我們是用鐵板燒加唱歌的方案/吃完鐵板燒套餐/唱歌又有/把費/可以繼續吃吃喝喝/包廂有小舞台及立式造型麥克風/兩個螢幕/三個觸控/六種燈/大家玩的很開心
F	一早09/30就入場了/訂了一間附洗手間的包廂/不但盡情唱3小時/還有各式的食物飲料吧/全天候供應/真是物超所值/
F	便宜又有buffet/平日下午/3小時半/一人335/屌打其他大型KTV/但是冷氣好冷/出來吃東西會找不到位置/沒吃到冰火菠蘿油
F	唱歌便宜/唱完可以吃到飽不限時間/少數餐點需要點數購買/消費停車不限時間/特別喜歡吃冰火菠蘿/紅豆芋頭牛奶冰/鮭魚/比目魚壽司/需要點數/
F	低消費但設備不差/平日來很划算/
E	涮涮鍋的牛肉品質很不錯/可明顯感受到與外面大眾牛肉不同/菜盤的總量偏少/但都是天然食材/非加工品/其中裡的南瓜很甜/附餐烏龍麵還不錯/手打花枝漿的花枝不多/魚漿比例不高/吃起來不算彈牙口感/只有軟/湯頭號稱沒有味精與柴魚粉等加工品/沒有味道也不甘甜/甜點的綠豆湯有一點點像是自來水味/火鍋座位下方沒有可以伸腳的空間/坐久了腰跟腳有點痠/
F	歡唱聚會的好地方/可吃/可聊/可唱/可坐很久/
E	一樓餐廳出菜很慢/服務員只告知以處理但是只能一等再等/廚師出菜很慢/包廂內及走廊菸味很重/比之前差別很大
E	收了服務費結果點飲料/過了三十分鐘都沒來/跟服務人員反應之後/他們說會協助處理/過了一小時後都沒消息/打電話過去/又說列單有問題/反應麥克風怪怪的/也換個電池就走了/有時候就沒聲音啊/我知道很忙/但收了服務費就要服務吧/一年不如一年/
E	服務生的態度很不好/我們都是客氣的/領餐的時候口氣也很差/自己收走我們的取餐編號還開錯餐盤/還一直重複我們的號碼/然後自己口氣很差說/就是XXX號嘛/我懂餐很多不耐煩/但我們沒給你們任何壓力/或催促你們/我不懂這是什麼服務
F	自助吧種類多樣/但是在一樓需要下去拿/再拿上來包廂/有些餐點需要入場卷的點數才能兌換
F	先吃再唱/唱完還可以再吃/食物品質還不錯/cp值很高/是長時間聚會/一般餐廳只能用餐2小時/的好所在
F	唱歌幾乎都來這邊/包廂前後都有大銀幕方便/加上前面可以搖來搖去的麥克風可以炒熱氣氛/吧檯食物豐富好吃/唱歌聚會首選/
E	櫃台人員服務素質參差不齊/對現有方案優惠說不清楚/就第一印象而言是很可惜的/包廂清潔部分/煙味真的太重/對不吸煙的人來說/蠻可怕的
E	來的時候買票/說包廂在清了/一等就是一小時要等一個小時/也先告知一下/這樣我也能換別間唱/連說也沒說/就只說在清包廂了/真的覺得白白浪費一個小時在等包廂/買歡唱3h/一個小時都在等包廂/有夠扯的
E	所有都很好/便宜/服務也好/就沒有很乾淨/但是今天用餐時居然有一群人推著三隻狗進來/重點是狗一直叫/還超大聲/居然沒有人管/吵死了/誇張/食物好吃/環境不錯
F	假日歡唱4小時加上1小時的用餐/鐵板燒/花費一人429我覺得很划算/鐵板燒以這價位表現很好/雞腿排和牛肉都煎的恰到好處/然後唱歌有主唱的舞台覺得超high/
F	唱歌的好去處/就算一個人也可以唷/來這邊/場地比其他2家大/收費也比較優惠/如果沒有交通的限制/推薦來這邊/
E	又爛又貴完全不如好樂笛/平日晚上309吃到飽/這裡48x/半夜也不如錢櫃便宜/真不懂為什麼有那麼盤子
F	跟一般Ktv不一樣/收一樣的錢不但有自助吧/還額外送點數讓我們買其他需要花錢的食物/口味不輸外面
F	暢飲價格便宜/毛豆又可以無限拿/又有飲料吧可以暢飲/
F	食物種類多/硬體設備不錯/酒類平價/如果人少選擇自助消費的話需要自助的範圍比較多/三大連鎖KTV中各有特色
E	杯子裡的垢很厚/還有斑點/換了一批還是一樣/只好勉強用碗喝茶/
E	如果要使用先吃後唱的朋友們/如果差下個時段十幾分鐘而已/記得先打訂位電話排隊/否則現場候位的話/櫃檯人員會故意拖到下個時段再結帳/價位就會不一樣/
F	設備新/唱歌前的鐵板燒好吃/服務佳/建議要選包廂有廁所會比較乾淨/白天唱歌CP值高
F	我吃的很開心/老公唱的很開心/雖然免費餐區的樂炒/感覺菜色soso/但是以這樣的價位有吃又有得唱/我覺得很ok了/
E	一直在漲價/有時自助餐菜色不好吃
F	唱歌聚餐好地方/沒有煙味/跟錢櫃不一樣/可以點點餐式/或是自助吧/自助吧東西免費部分很不少選擇/不會很廉價/
F	服務態度很好/還有免費的彈珠台可以玩/餐點也很好吃
E	春節期間來訪/空間算整潔/但音量已調最低仍嫌大聲/也有忽大忽小的狀況/
F	唱歌可以吃兩餐/飲料還可暢飲/真不錯/唯獨有些歌竟然沒有/更新應該要在快一些
E	宣傳活動和現場狀況不符/預約卻不能準時入場/浪費許多時間於排隊等候/
F	價位中等/好友相約好處所/麥克風多一些下降上升/流動中讓全場嗨翻天/預期上唱些歌應有盡有/不落國在此處是能推/餐色中大至小可好好選嚐/報到吃時好品嚐/機率隨選好歌播不停
F	有些愛聽的歌沒有很可惜/不過餐點好吃/乾淨/服務也很好哦/計費方式也有不同/喝酒跟沒喝酒的人付錢可以分開囉/讚/
E	唱歌環境氣氛不錯/但覺得價格偏貴/可以免費吃的東西好少/而且女廁有很濃的煙味/
F	環境算是滿乾淨的/也比較不會有臭味/怪味/平日去的品質最佳/店員友善熱情/餐點種類豐富多樣/
F	東西好吃/音響麥克風都很好/先吃後唱超划算/唯一缺點是兩邊的小觸屏感應太差/經常會錯位導致點錯或卡到歌
F	環境舒適/餐點便宜好吃/新增的彈珠台很舒壓/
E	cp值滿高的/建議波蘿可以不限制時段就更棒了/包廂內有蟑螂/除蟑螂藥劑有待加強/
E	訂位時間到了卻延期一個小時才讓我們進去/不管其他組客人有沒有延時/至少延時也要說一聲吧/還我們浪費了一個小時在那邊等
F	這次生日選擇這家ktv/覺得很盡興/不錯/
E	第一次來這地方/感覺就是爛爆/吃東西還要到一/樓拿/還有東西不能上包廂吃/爛/餐點酒水也比別人貴/爛
F	還不賴/如果用餐時段的出菜能再快一點就好了/歡唱的硬體設施很滿意/
E	包廂和自助吧距離太遠/菜色普普/炸物要用點數換/9人以下只能坐小包廂/只有價錢便宜值得推薦/
F	Cp值算高/只是餐飲櫃檯沒搞清楚就先說我們晚入場的沒買票/幸好朋友出來接否則真的會多買一張
E	禁煙場所可是包廂煙味超重/要帶小孩來需要三思/
F	吃飽唱滿的好地方/CP值超高/設備新穎/如果服務員多點笑容會更好/比起西門店的吃到飽熱炒/這點比較好吃/
E	垃圾店/騙錢/晚到進場再收錢/黑店/要退錢還要調監視器/態度不佳/包廂煙味超濃
F	早鳥歡唱優惠340元/可以吃早餐然後歡唱再享用自助吧/唱完還可以繼續吃午餐/聚會來說有趣又划算喔/
E	給府中店的評論/空調整個壞掉/不給換包廂/點餐的服務員態度也有夠差/整個晚上一直流汗/都沒有唱歌的心情了/完全是雷到/
E	薯條超難吃/還說什麼機器壞掉/所以不收三倍券
F	不知道要自己用點數電腦點餐/直接到取餐區點餐/服務人員細心解釋如何買點數點餐/態度良好/
E	以前很不錯/現在消費方式改的亂七八糟/用餐方式也是一團亂/餐點還要在餐廳浪費唱歌時間吃完/很糟糕的改變
E	板橋星聚點發生的事/讓我著實的認為板橋星聚點是詐騙集團實行仙人跳無誤/以下文長請耐心觀賞/7/29週六凌晨3/06分/我們從板橋星聚點B1/137包廂唱歌結束/我就是要一直強調是板橋星聚點/走到1樓大門口了/突然有個男主管來找我們/問我們是不是有東西掉在包廂裡/我們都看了看/告知他我們沒有掉東西/男主管還是說/你們來看一下吧/看你們有沒有掉東西/友人就跟著他下去B1/我們心裡還想說/奇怪/真的有撿到東西就直接拿來給我們不就好了嗎/友人下去很久都沒有上來/另一位就下去找他/結果三個人一起回來的時候朋友說/是螢幕壞掉啦/在牆上側面的小螢幕/男主管/你們有發現螢幕有裂嗎/友人a/有啊/我們進去就發現那個怎麼不能用/男主管/那妳們有告知服務人員嗎/友人A/沒有啊/我們怎麼知道這個要告知服務人員/男主管/因為我們的包廂都是有檢查的/這樣的話你們可能要賠償/我們瞬間就覺得莫名其妙/我們/我們進去的時候你們根本沒有跟我們點交東西/而且也沒有告知壞掉的物品要跟你們說/尤其其他兩面的點歌電視牆都可以使用/我們以為可能就是廣告牆面原本就壞了你們也不在意/反正我們其他可以點歌使用就夠了/就在突然/出現一位女主管帶著警察站在旁邊/女主管/請問你們這個壞掉有告訴我們的服務人員嗎/我們/沒有啊/女主管/好/跟警察點了一個頭/然後往後退一步/妳們跟他/警察/說/我們/現在是怎麼樣/要帶我們回警局是嗎/警察/因為他們要提告/我們/提告什麼/又不是我們做的/現在是要把我們當現行犯喔/警察/這就是他們的處理程序/那他們要提告我們就要處理/如果沒告成/判定妳們無罪/那妳們也可以告他們誣告/我們/什麼處理程序/就說他們根本沒有告知這個壞了要告訴他們/而且進去的時候也沒有跟我們點交東西確認東西都是好的/女主管/也還沒有到這步啦/妳們先留個資料給我們/我們後續調查完再跟妳們聯絡看怎麼處理/我們/不要啊/我們為什麼要留資料給妳/女主管/妳們也喝了一點酒/先不要激動/就是先留個資料/我們/喝什麼酒/我們哪裡喝酒了/妳要不要去看看我們點酒了沒/然後就不停的在這個話題上轉/女主管跟警察就是一副抓到犯人不承認一樣的態度惡劣跟我們說話要我們就範/我們的所有解釋他們都跟沒聽到一樣/直到我把手機拿出來錄影了/女主管終於畫風180度轉變開始有在聽人話/之後就是他們在鏡頭下就開始變的很理性/女主管/妳們是說我們的服務員進去前沒有告訴妳們東西壞了要告知我們這件事嗎/那這樣是我們自己的問題/這部分的費用就是那個服務員承擔/警察也變得安靜了/所以你們/星聚點/也沒有要提告了/女主管/這是我們自己的問題所以不用了/然後這事算告一段落了/後續還有一些事就懶得寫了/PO這個文是要大家知道/要是我們有在裡面喝酒/要是我們沒有那麼清醒/要是我們沒有拿手機出來錄/要是我們沒有不畏強權據理力爭/我們/現在/就是/被警察帶走/還要賠錢/我們懷疑警察也跟他們是一夥的/所以請大家告訴大家/星聚點真的不能再去了/如果去了/請去看137包廂牆上的螢幕修好沒/沒有就趕快逃出那個包廂要求換一間/不然下一個被仙人跳的就是你/我們昨天真的/很/氣/憤/完全被當作犯人被質疑誣陷
E	唱歌完的感想/跟林森錢櫃比較/板橋店的音響設備較差/回音重/升降KEY的時候伴奏的聲音會變得很奇怪/立麥不好收音/隔音差/自助吧免費餐點也沒復興店多/結論/下次不會去了
E	服務生態度很差/設備還壞掉/又貴/CP不是普通差/以後絕不會去星聚/
F	包廂跟服務員都很nice/但是自助吧東西有一點少/但不影響唱歌品質/
E	等了三個小時的一壺奶茶到走了還是沒來/餐點也等了一個小時/結果來的時候是冷的
E	服務態度超爛/一開始說已經在清包廂/結果後面又說有人加時間/傻眼/而且有訂位還要等45分鐘/那到底訂位要幹嘛/櫃檯服務生還嘆氣/我才要嘆氣吧/
F	好唱好吃好玩/他們的牛肉麵/切仔麵跟水餃真的是便宜又美味/唱歌想到的第一個順位就是星聚點/
E	鐵板燒很好吃/但包廂和公共廁所裡面都是煙味/快燻死人了/另外服務實在不佳/麥克風沒電/要電話打很久才接/接了說要來也都沒來/
E	東西量越來越少/點數換的叉燒飯跟雞肉少的誇張/以前至少還一兩片現在根本給碎肉/唱到一半電腦當機兩次然後說要補時間也沒補
E	全館禁煙只是口號/整間臭薰薰/我知道沒煙味不可能/但至少要求換包廂的時候/臉可以不要那麼臭/怎樣/抽煙的人比較流氓/你不該勸說/沒抽煙的人就該死/換包廂要你的命/
E	訂位都是訂心酸的/明明就是準時到/還要讓我們等一個鐘頭/唱歌的好心情都沒了/以後不會在光臨本店/
E	KTV多元化經營型態/套餐餐飲上不至於太差也算有些水平/價錢適當但包廂煙味重/
F	尖峰時段即便有訂位/包廂清潔也可能需要等很久/實際入場時間跟訂位時間可能差距要1個小時/
F	人不多/離峰時間/出菜還是偏慢/但設備還可以/隔音也不錯/還是很適合跟朋友一起嗨的地方/
F	幫朋友慶生/壽星贈送水果盤跟爆米花/但送來的爆米花已經潮化/反應給服務生沒多久有再給一份新的/其他都還不錯/
E	訂位/結果等了1個小時/我都不知道我幹嘛訂位/還跟我說順位第13個包廂/我都看了不知道幾個/一進來就一直有一個沒報到/然後不把包廂讓出來/
E	9點預約到11點還沒進包廂/已買票進場/詢問櫃檯還說不知道什麼時候可以進包廂/
E	爛/真的爛/問有沒有喉糖從開唱到結束至少問了四次每次都說等一下/結果都沒送來/讚
E	KTV要硬搭餐廳真的很煩/動線不佳/比菜市場還吵/好像陸客團在跑的地方/裝潢有人覺得氣派/我是覺得很俗氣/反正東西又貴又難吃/而且東西還要跑下樓拿有夠麻煩無聊脫褲子放屁/永遠不再去/建議大家愛唱歌去錢櫃/都不用等/很爽/錢櫃牛肉麵水餃就屌打星聚點了
F	餐點好吃/服務不錯/而且還很便宜/唱歌4hr加套餐/不到500元/還有無限buffet提供/歌曲也很新/螢幕很棒/
E	明明就是點餐式的消費/點的付費餐點吃不完竟然不給打包/主管階的一排站著臭臉一句不給打包/真的很爛/什麼服務
F	連假人潮多/但工作人員還是面帶笑容服務客戶/包廂環境乾淨/很讚/辛苦了/
F	星聚點有打彈珠的機台耶/唱玩歌再玩多了一份樂趣/
F	餐點品質與歡唱環境我覺得很棒了/尤其是配合比較便宜的時段還能有這樣的品質/值得掌聲
F	第一次看到有彈珠台的ktv/價格便宜東西好吃便宜大碗
E	包廂好多小強/地板都黏黏的/環境衛生不及格/
E	蔡東梅小姐服務非常差勁
E	只是去拿昨晚遺漏在包廂的眼鏡/櫃檯人員要我等5/10分鐘/我等了將近20分鐘/走過去問/他才說他去拿過來/我在等的過程中明明櫃檯有三位/為何不馬上處理我的事呢/讓人很火大/我只不過想拿回我的眼鏡而已/
F	鐵板燒吃不太飽/但還有自助區可以吃/來這邊吃邊唱很不錯/包廂也寬敞/
E	服務生態度跟訓練真的很糟糕/結帳的時候有人暫時去上廁所/跟服務生說暫時等五分鐘等人都到再買/服務生離開後大概30秒/歌都還沒進就推開說要買單/戴著口罩都可以看出臉超臭/幫210包廂買單的江小姐/謝謝妳毀了大家的好心情
E	點數消費稍微更改變動/歡唱時間也減少了15分鐘/感覺沒以前那麼優惠/不過還是可以接受
E	KTV唱歌/自助吧算人頭/包廂不計人頭/點餐單獨計算/和錢櫃一樣有討厭的煙味/不喜歡煙味的三思/
F	最近一次來是因為同學會/也是我唱ktv最開心的一次/我也不好評論什麼/心情好/
E	明明是30分結束唱歌/但是卻提早了3/5分鐘把我們的歌全部切光光/其他服務都很不錯/就是這點讓人感覺不是很好/
F	別的我就不說/英文歌就不能更新嗎一下嗎/KTV歌曲排行/英文翻譯成billboard/結果連一首新的billboard歌曲都沒有/你們是要十年才更新一次嗎/
E	人多又一直排隊/明明已經訂位晚上10/15分/也準時報到/等到凌晨12點/還等不到包廂/也沒有任何等待服務/爛透了/
E	包廂太熱空調壞掉/跟服務人員要電風扇他也答應了也不來
E	我是身障者現在大型的ktv都要走很久/對我們/而言四個/負擔/對我們/這些/弱勢/族群/多沒有想到對我們/這些/弱勢/族群/到/KTV/的/聚餐/走路很遠/對我們/對啊我們/而/言/走路的路/太遠/這就是/現/在/的/KTV/的建設/大/都要走很長的路/我想建議/也無效/這是我的/今天/的/親身體驗/又沒有半價/無話可說了
F	環境佳/唯一美中不足的是其他語言歌曲不多/但在台灣應該找不到其他語言歌曲豐富的KTV/所以給五星/
E	為什麼我花錢低消買的/一個/菠蘿麵包/吃不下不能帶回去/問了服務人員/得到的回應是/已經是很優惠的價格了/超傻眼的回答/講不能外帶很難嗎/好像是你們施捨的一樣/我是打包你們免費的東西嗎/怎麼不說你們酒很優惠/莫名其妙
F	美食歡唱的好地方
E	都訂位了還要現場等/等了兩個多小時還沒入場/問服務人員要等多久/只換來一句無法確定要等多久/那有訂位跟沒訂位有不一樣嗎/票錢先收了/然後讓人乾等/太差勁/
E	摧4/5次飲料冰塊/等1小時/到底在幹嘛/那就不要收服務費
F	星聚點新引進的彈珠台真的又刺激又好玩/可唱又可玩/
E	我甚至覺得1顆星太多/這家店氣氛還好/但是/服務生素質/真的該好好訓練/並不是說全部/而是某些/ˋ真的要好好找人
F	內場師傅服務都很親切/有問題都很熱心告知/餐點也都蠻好吃的
E	餐點好吃/服務態度良好/也適合朋友或家族聚會/但應該考量不同族群客源/在門口或店內有階梯處加設斜坡以利不方便使用樓梯的客人使用/
F	星聚點就是有吃有玩有唱的好地方/Cp值高/一口價/自助吧之外還有很多餐點可以用餐卷兌換/雖然一直在漲價/不過府中店服務人員態度比復興館的好上百分之兩萬倍/推
F	很乾淨/小包廂也有直立式麥克風/設備超棒/東西也好吃/冰火菠蘿油和珍珠奶茶雪花冰好好吃/推/
F	可以高歌一曲/吃吃喝喝/又便宜/星聚點一號的鐵板燒菲力牛排好吃/加點麵點好便宜/半筋半肉牛肉麵才45元/也很好吃/
F	板橋店價錢便宜設備頂級/大廳超豪華/平價時段/兩人開一個包箱4H/每人295元附吃到飽/菜色超多有如百匯/葷素皆有/
F	CP值很高的KTV店/板橋店有推出鐵板燒服務/先吃後唱365起的價格/可以先吃一小時的鐵板燒套餐/再唱3小時/4小時的歌/很有吸引力/鐵板燒部分/套餐的湯喝得出是真的熬出來的/味道不重/但喝得出淡淡的土雞味/肉也是份量不小/料理鐵板上永遠都清理得很乾淨/
F	點了菲力牛排/好吃又不貴/服務人員態度佳/原價290加一成/如果有唱歌就只要加70元/真的是很不錯/
F	吃東西很多可以/選擇/蠻方便的
E	不管白天/中午/晚上/半夜/連打半小時/任何時候的電話/死不接就是不接/乾脆電話停掉算了啊/要電話幹嘛/唱K那麼久/最傻眼的一點
F	交通便利/餐點好吃/服務人員也很親切/很棒的聚會場所
F	彈珠台很好玩很精致/美國原裝進口/快來唱歌打彈珠喔/
F	平日一人3百多塊搞定/能唱4小時/還能填飽肚子/有些歌點不到美中不足
F	設備好/除了1人80點可以點菜/1F還有自助吧可以拿/唱歌兼吃飯剛剛好
F	現在竟然有彈珠台/沒玩到清晨怎麼可離開/
F	1061223帶媽媽來唱歌/她唱的很嗨/有很多的大陸歌讓我很意外/餐點可以吃粗飽/廁所有人沒公德心在偷抽菸/
F	蠻特別的體驗/有別於一般的KTV/餐點蠻豐富的/很適合唱歌當分母的伙伴
F	太喜歡先好意思的吃完飯/再唱歌/還能有點心/適合餐聚後歡樂時光
E	煙味重/廁所髒/樓梯很低容易撞到頭/環境不是很喜歡/包廂內還有果蠅在食物上飛/不會再來了
E	飯和菜不用點數吃的飽/小包廂多了站立式麥克風不錯/廁所有待改善/
F	一號餐廳值得一吃/環境整齊/食物美味/價格也實惠/來先吃後唱/吃完直接上樓唱歌/消耗卡路里/讚讚的
E	櫃檯服務態度爛透了/訂位預約兩點/1/45到了報到/兩點一到就立馬排隊/結果小姐只說等叫號/請問/預約不是要早點報到嗎/我約兩點不是報到完就可以進去了嗎/為何等到2點多我還在等/預約遲到的就該放棄他的權利吧/不然準時的人是該死嗎/
E	櫃檯服務態度爛透了/訂位預約兩點/1/45到了報到/兩點一到就立馬排隊/結果小姐只說等叫號/請問/預約不是要早點報到嗎/我約兩點不是報到完就可以進去了嗎/為何等到2點多我還在等/預約遲到的就該放棄他的權利吧/不然準時的人是該死嗎/
F	年輕人的歡樂地點/也是老少消磨時光好去處/同時也是歡聚的好場所/更是可享受用餐及唱歌/服務人員態度也很親切/
F	盡情歡唱的好地點/適合朋友和家庭聚會/素火鍋如果多些青菜/豆腐/別全是茹類就更好了/
E	櫃檯服務態度爛透了/訂位預約兩點/1/45到了報到/兩點一到就立馬排隊/結果小姐只說等叫號/請問/預約不是要早點報到嗎/我約兩點不是報到完就可以進去了嗎/為何等到2點多我還在等/預約遲到的就該放棄他的權利吧/不然準時的人是該死嗎/
E	櫃檯服務態度爛透了/訂位預約兩點/1/45到了報到/兩點一到就立馬排隊/結果小姐只說等叫號/請問/預約不是要早點報到嗎/我約兩點不是報到完就可以進去了嗎/為何等到2點多我還在等/預約遲到的就該放棄他的權利吧/不然準時的人是該死嗎/
E	櫃檯服務態度爛透了/訂位預約兩點/1/45到了報到/兩點一到就立馬排隊/結果小姐只說等叫號/請問/預約不是要早點報到嗎/我約兩點不是報到完就可以進去了嗎/為何等到2點多我還在等/預約遲到的就該放棄他的權利吧/不然準時的人是該死嗎/
F	自助的餐點都還不錯吃/可以吃飽飽再唱歌/價格不會太貴/可惜禁煙的包廂有煙味
E	似乎退步嘍/餐點除了青菜尚可/麵及菜皆鹹到無法入口/調味料也加的很重若能少點油少點鹽及味精調味品更棒/
E	服務專線不接/只好按收餐盤/告知地上有水服務生直接給我們白眼走人/也沒有再來整理/以前覺得都還好也可以體諒人多/但這次真的太誇張了
E	預約七點/工作人員說包廂要清潔/請我們等到打掃好/一等就是一個小時
F	獨有直立式麥克風/雖說沒有自助吧/但價格比較實惠/進場點餐自助數位化/不懂就問吧/
F	KTV結合餐廳的複合式消費場所/餐點普通/歡唱費用也不算高/算是CP值高的娛樂場所
E	廁所看到幾隻小蟑螂/自助區食物有怪味/按服務鈴請人來收盤子/也沒來/生意比以前有差一點/
E	英文歌/韓文歌非常少/而且都很舊/如果要帶外國人來的話非常不建議/there/are/very/few/english/and/korean/songs/strongly/not/recommend/to/come/if/you/don/t/know/chinese/
E	明明就有先打電話訂位/卻超過快2小時才打電話來/已經訂位了怎麼還可以延遲這麼久/到櫃檯詢問也很敷衍回答/讓人完全沒有想再消費的意願/
F	每次去都臭臭的出來/最愛用包廂計費超划算/好愛牛肉麵跟水餃還有炸雞翅了/
F	可以吃早午餐又唱歌的好去處/可以先吃完早餐再入場唱歌/入場才開始計時/出來可繼續吃午餐/停車也免費/推薦
E	超級不好/預定12人包廂/結果給五六人的包廂/食物拿取也很不方便/到底/_/
F	有停車場/歡唱可抵停車費/有自助吧吃到飽/每時段入場費用不同/要注意
F	台灣性福外約找小姐在朵馨外送茶/LINE/sye526/朵馨skype/bg55441/營業時間/為下午14/00至凌晨04/00/送地區/台北/新竹/台中/彰化/高雄/消費方式/不轉賬/不買點數/一律現金/妹妹類型/台灣各行各業純本土兼職/24H內預約會比較準確/特別類型/實習護士/空姐/麻豆/二線/三線藝人
F	東西沒有這麼好吃/除了炸物/飲料不錯/很喜歡/吃的可以改一下啦/就更完美了
F	平價的港式飲茶餐廳/就在星聚點隔壁唷/大家一定很熟悉/還有冰火菠蘿油/上菜速度很快適合趕時間又想吃港茶的饕客/香煎港式蘿蔔糕/港式乾炒牛河/清炒什錦菜/蒜香芋頭糕/鼓汁蒸鳳爪
E	服務態度超爛/遲早會被同學匯打敗/
F	以星聚點來說/這間算是我最喜歡的一家/空間較廣/不過自助取菜的距離也偏遠一點/服務認真/
F	價格划算/食物不錯吃/來這邊唱好幾次了
F	非常棒的聚會唱歌好地方/餐點都很棒又舒服/會讓人想再去消費
F	環境不錯/沒有煙臭味
F	好吃/好唱/排隊的炒麵很鹹/吃較重口味的人可吃吃看/比鹹豬肉還鹹/音效超讚/包箱內裝潢需改進
F	經濟實惠白天390就可以吃鐵板燒和唱將近4個小時的歌/很高興有這家店
F	星聚點的音效我超愛/真的很棒/而自助吧也只能說看個人了/本人覺得還不錯吃就是了
F	餐點美味/音響不錯/只是包廂偏小而且沒廁所/而且服務都是自助式/
E	環境很髒亂/包廂常常沒打掃就轉給下一個使用者/味道實在不好聞/食物好吃
F	板橋的KTV聖地/比起西門和復興北路的星聚點/這邊的鐵板/牛肉麵料理區可說是最優秀/包廂內有直立式麥克風則是維持了星聚點的特色/另外/晚上門口常常有人鬧事/
E	熱炒很快搶完/補菜的速度有點慢/冰火菠蘿油供不應求/熱門時段提前5分鐘都買不到/
E	服務態度太差了/我吃完東西/不小心走錯了/就沒辦法從新感應票進去/叫服務員幫忙/結果和我說下次不要亂跑/
F	星聚點真的很棒/新增了彈珠檯/添增了不少趣味/
E	以前很不錯/現在說真的/變差了/服務也差了/改回錢櫃消費
F	一直以來都吃自助式/母親節帶婆婆來慶祝/原來也有鐵板燒/東西好吃耶/下次會想再來
F	鐵板燒的CP值超高/外加3小時歡唱/很棒的生日聚會歡唱地點
E	電話怎麼打都打不通/語音都說會回覆/然後就沒有然後/沒關係我訂錢櫃吧
F	彈珠台新奇好玩/餐點便宜好吃/下次還會在來/
F	環境很棒/適合三五好友一起來唱歌/唱完之後還可以在樓下大廳吃點心/下次還會再來
F	餐點多樣多而且不錯吃/服務品質算中等/包廂乾淨
F	菜色多樣/用餐環境和包廂都很不錯/和好友們共度一次美好的聚會
E	一進來就有很大的煙味/餐盤還有死蟑螂/根本沒有仔細清理
E	很特別的餐飲提供/讓人在唱歌前吃到飽/但歌曲數並不充足
F	消費不高又可吃到飽/唱到開心/唱完歌離開前又可繼續吃ㄛ/
F	餐點速度快/又很平價/加120又能唱3小時/我覺得很可以/
E	包廂內沒廁所不太方便/服務電話聲音小/聽不到服務人員說話
E	等餐等超級久/不知道是夜吃還夜唱/發芬
F	包廂有小小強/不過服務人員非常親切
E	音響不錯/新歌少了點/但是吃到飽完美/可惜素食能吃的只有沙拉
E	吃的得先在樓下拿或點/熱門時段點餐都得取號碼排隊/感覺唱歌時間都被佔去一大半
F	吃飯加上歡唱3小時才385元/真的很滿意/
F	用點數可以免費吃的東西很多/整個場地也很寬敞/包廂數多/推/
F	評價方便/可惜歌少了些/尤其是大陸的中文歌/很多王菲等歌手的/都沒有收錄/
F	平日真的便宜/鐵板雞肉套餐好吃/假日唱歌真的很貴/但點歌系統很好點
F	唱歌好去處/推自助式/有吃有喝有唱/設備也還算新/價格不貴
F	新北市最新最熱門年輕人的唱歌娛樂好所在/包吃包唱一票到底/
E	熱炒雖然不用點數/但實在很不美味/螢幕點歌的高度設計不是很貼心
F	平民K歌的好地方/選擇在離峰時/便宜又不用等/數人頭的又可吃喝到飽/經濟又實惠/
F	先吃後唱很讚/餐點很不錯/吃完進包廂還可以再吃
F	服務態度好/餐點多元化又便宜/
E	櫃台收款及服務員可以改善妳們的態度嗎/不然就建議公司重新規劃位子/這樣真的很想翻桌
F	學生夜唱便宜/餐廳餐點也很好吃
F	消費便宜/三人在那邊消費1500元就可以差不多一天/有吃/又有唱歌真滑算/
F	經濟客飯好吃/邊吃飯邊唱歌/讚讚/
F	先吃後唱很划算喔
F	包廂不錯/食物不錯/歌都有
E	一個櫃檯女生看起來大概中年/我們東西遺失有禮貌的詢問/結果超級不耐煩的/不懂這是正確的服務態度嗎
E	包廂煙味極重/想要請人來處理/應該是人手不足/兩個小時之後才出現
E	昨天晚上去板橋店/喝味增湯居然可以吃到別人吃過的口香糖/還是薄荷口味的/超噁心/
E	環境還可以/自助式的餐點素食類太少了/花一樣的錢/選擇性不多
F	環境餐點設備都不錯/但例假日訂位後仍然等超級久才入場
F	設施不錯/但空氣中有異味
F	適合親朋好友聯誼的好場所/包吃包唱環境也不錯/平日消費優惠享更多/
F	位子稍少/服務不錯/包廂乾淨/三支嘜唱得很開心/
F	最近的宵夜時段/牛肉麵35元/推薦/好吃/然後中午來的話/先吃後唱鐵板燒超級划算的
F	價格不錯/一家人累了餓了有地方填飽肚子/再來好好高歌幾曲
F	環境還不錯/飲料和buffet選擇也不算少/單點的就比較貴一些
F	平日人不多/便宜又有自助餐任由你吃到飽/與三五朋友聚會好地方
F	空間很大/吃的也蠻多/而且自助電子化顯得便利又不會混亂/喜歡裡面的涼拌小菜/毛豆/
E	本來歌就不多/現在更少2018/09/15/好多歌曲都/版權還在洽談中/
E	服務好嗎/歌很多嗎/東西好吃嗎/管理的品質下降中/
F	吃飽唱/唱完再吃/可惜菜色少了些/變化也少/鐵板燒還不錯吃
F	港式料理跟鐵板燒還不錯吃/適合年輕朋友聚會唱歌的好地方
F	服務態度很好/上次停電/新聚點讓我們退費連我們已經吃的鐵板燒/我們大家都非常讚許服務人員善後的好態度
F	服務人員很貼心/介紹清楚/彈珠台很吸引人/
E	乾/本來查五小時一人357/結果到現場說一人1310/不錯欸/當台灣人塑膠/
E	餐點不能帶到包廂/送酒還要服務費/完全不懂/
E	自助式的菜色超爛我去十幾次沒吃過希望可以多些炸物
F	可唱/可吃/在優惠時段來很划算/雪花冰好吃/CP值高
F	波羅油超棒/好吃/每小時出一次/沒排到就必須等一個小時/數量不多/先搶先贏/是搶手貨
F	練歌好所在/少人前往非常好/目前找到最划算/還可以吃到飽/
E	現在包廂都是三手菸/對沒有吸煙的人會受不了
F	空間很大/不過動線不太好/拿個東西要走很遠/歌曲的聲音也忽大忽小
F	很好的唱歌地方價格很划算/有機會會再跟朋友去/
E	包箱廁所看起來很乾淨/確滿滿的蟑螂在爬/反應後確沒有任何回應/
F	便宜又不錯吃/服務生素質不錯/喜歡他們的送餐服務/也喜歡自助區的食物/哈根達斯買到賺到/下次還想去
E	設備不錯/只是買票/點餐/取餐等等對第一次去的人來說有點複雜/
F	複合式餐飲/唱歌的設計/同時滿足老饕與K歌需求/很有創意的做法
F	價位在平日來說還算不錯/自助吧可以吃到飽很開心/
F	整體來說是不錯/不過包廂煙味還是蠻重的/東西還可以
E	九點半等到十點還不能進場/效率很差/客人的時間不是時間嗎/阿訂位是訂什麼意思啊/
F	新歌多/菜餚佳/設備讚/是個呼朋引伴/闔家歡唱的好聚點哦/
E	有附停車場/但不給停大型重機
F	有站立式咪高峰/超級好玩/食物還好/反而香港點心不錯/相對於其他食物/
E	可以點唱的歌很少/食物不好吃/地板黏黏的
F	有幾個人的包廂/還可以喝咖啡/而且還包廂還有洗手間/
F	一個價格可以用餐吃飽又能唱歌/閒暇時消磨一個中午是個好選擇/
E	服務非常爛/態度差/先用餐後唱歌服務流程問題太大/需改善/
E	櫃檯教育訓練需要加強/現場有疑問無法解決/只能打客服才會回答/鐵板燒很好吃/加分/
F	收費公道/便宜/附點券/又有自助吧/非常划算/附近有停車場/廁所乾淨/包廂沒廁所/
F	唱歌第一首選/菠蘿油超好吃/
F	設備新穎服務周到/黑胡椒毛豆好吃/
F	唱歌/的好地方/有新的彈珠台好玩耶
F	設備好/吃的也有一定水準/但是假日唱真的很貴
F	包廂有點太小/八個人只能用跟四個人一樣/
E	服務雖好/但端午節疑似超收/人流控管不佳/大廳餐廳堵滿人潮/預約已過排了快一小時還沒能進場
F	環境寬敞/東西好吃/常來這裡聚餐唱歌/適合全家大小一起來
F	氣氛不錯/只是不熟的人去的話會比較不了解裡面的模式/會很亂/
F	東西好吃/價格合理/歌很新/不過有些許煙味
F	環境設備不錯/基本的餐點無限供應/廁所少對女生比較不便/
F	包廂服務不錯/但吃到飽的食物選擇很少也還好
E	點餐等30分鐘還沒送來/重點沒有其他客人
F	很不錯的茶餐廳/可惜已經完全停業了/目前同地址改作鐵板燒及小火鍋/完全吸引不到/
E	缺點就是每次都排不到有洗手間的包廂
F	很棒的聚會場所/唱歌吃飯聊天都在同一個地方/不錯喔/
F	環境好/服務好/小包箱也有自己的廁所還有兩台電視/氣氛燈效果也有
F	乾淨/價格合理/食物不錯/唱完歌可依繼續留在裡面吃東西
E	包廂設備比較新/有站立式麥克風/缺點是要等
E	喜歡唱歌/這裡是不二選擇/但要容忍等待/再等待/櫃檯用排隊效率待加強/
F	親朋好友歡唱聚會好地方/
F	整體設備還算不錯/不過廁所在外面比較麻煩/價位算便宜
F	歡唱的好去處/吃的東西也很好吃喔/
F	唱歌/火鍋/鐵板燒很超值/建議不定時更換餐點
F	要選就選最大的
E	服務超爛/2個小時只來主菜/飯/甜點/連一顆星都不想給
E	單價便宜/但只能說一分錢一分貨/如果要只是氣氛好是不錯的地方
E	爛死了/服務態度有夠差/一顆星都不想給哈哈
F	食物品質有些退步
F	先吃後唱的服務真的很棒/餐點好吃又便宜/o/
E	電話打了半小時/永遠忙線/要線上訂位又按不了/然後我就不高興了
F	平日先吃後唱蠻划算的/只是排隊真的有點久
E	吃/唱一體頗方便/但包廂空氣品質不佳
F	唱歌歡愉之外/不用煩惱肚子餓/那裡的餐點真不錯
F	價錢便宜/服務態度不錯彈珠台好玩
E	套餐多種選擇/服務親切/包廂舒適/環境乾淨有待加強
F	點餐相對麻煩/唱歌體驗中上/唱歌還是會去錢櫃
F	去星聚點消費/新增彈珠檯好玩耶/
F	唱歌聚會好地方/餐點好吃
E	爛透了/有訂位還要等超過半小時/不知道訂位幹嘛/沒那麼屁股吃那個瀉藥
F	多了彈珠檯讓ITV更多元化了
E	準時報道要等20分鐘/而且竟然沒有鴨賞
E	櫃檯態度很差/問消費方式愛理不理
E	吃到飽菜就兩樣/服務速率也不快廁所排隊/又很髒/
E	點數根本吃不到什麼/自助吧樣式少/系統斷三次也沒補救措施/雷
F	算一算算便宜/吃的東西也好多/我還吃到很撐/包廂還不錯
F	說唱到49分/結果47分就不能唱了/其它都還不錯
F	跟錢櫃比起來設備比較新/也比較沒那麼重的煙味
F	有吃有喝有唱/而且不貴/包廂內還有充電孔
E	越改越糟糕/東西味道都很怪/而且服務人員越來越少/錢花得不值得/
F	東西多樣好吃/又可以唱得盡興/K歌必選的地方
E	餐具不乾淨/用餐時蒼蠅飛來飛去/服務生態度不佳
E	近１５００元的消費/自助巴/菜餚有夠爛/我一口都沒吃/差/
F	鉄板燒/牛肉麵加點超便宜/炊飯嚼勁佳/具特色/
F	喜歡這種經營型態/有得唱/有得吃/各取所需/
F	有吃有喝有唱歌/價位合理/非常適合三五好友來此聚會
F	唱歌收費便宜/東西還不錯吃/適合年輕人
E	食物還可以/但是份量不夠/熱茶沒了也等很久都沒補
E	煙味超重/椅子上還有煙灰/
F	很棒的KTV/自助吧非常有誠意/吃得飽而且好吃
F	炸點小女生服務員/服務態度良好有善
F	好唱/東西好吃/排休想唱歌跟朋友聚會就會來
F	服務不錯/餐點都很好吃
F	學生夜唱方案不錯/但包廂煙味非常重
E	沒有先說明熱食供應時間/到早上5點/造成低消很難點完
F	設備不錯/但缺少少數些冷門歌曲/整體來說不錯/
F	肉質好蔬菜很新鮮/水餃更是好吃/用餐歡唱不錯的選擇
E	唱歌/自助吧/愈晚愈貴
F	CP值還錯的KTV/不用老去錢/貴/跟好/貴/迪
F	東西好吃/尤其是毛豆很入味吃到停不下來/設備好/會在繼續光顧
F	設備可以/歌曲完備/餐點不錯/價位合理/停車方便
F	還不錯/有得吃又有得唱/價位算還可以
E	治安不好/晚上常有警察/包廂清潔不佳煙味很重/
F	唱歌三小時/用餐吃到飽/一人三百元/很划算/讚/
E	等飲料等他媽一個多小時/講了三次還不來
F	吃的東西不錯/歌也很新哦/CP值超高
F	吃吃喝喝還有唱歌/都很平價/路段不好停車建議坐交通車哦
F	今天第一次去/東西好吃環境又好/cp值蠻高的
F	比其他店大的感覺/兩人唱一間/開心
E	價位親民且環境乾淨/美中不足是自助餐得到另一層樓拿取
F	可以唱歌和無限供應餐飲/價格便宜又好吃喔/
E	場地還好/食物太精簡/口味令人失望/不會再去
F	一樓有管制進出/包廂大/感覺比錢櫃好
E	點牛肉鍋和菇菇鍋/卻送來豬肉鍋/點白飯和烏龍麵/卻送來米粉/服務不佳
F	吃的東西還不錯/還可以搭配唱歌消費/
F	常常和朋友一起唱歌/很划算/東西不錯吃
F	餐點多樣選擇/酒精飲品價格合理/是KTV的首選/
F	聚餐的好地方/可以唱歌/又能吃到飽/
F	可以先吃飯後唱歌的服務不錯而且價錢也不貴
E	樓梯煙味超臭/比預約晚一個小時才進去
F	鐵板燒餐廳/加唱歌/cp值很高/但味道普普
F	環境很好/食物美味/又唱歌又能吃到美食很划算
F	好好喔/吃飽/喝酒/唱歌/聊天/跳舞/真好地方
F	音效很好/吃的雖多/但離包廂遠/
F	環境很好/東西也好吃
F	餐點好吃/唱歌又可以唱的很高興
E	以前不錯/現在越來越爛/服務態度有夠差
E	某些包箱的觸控螢幕會leg/不方便點歌
F	價格便宜/東西也不錯吃/服務人員態度也不錯/值得推薦的地方
F	餐點好吃/環境好
F	/399吃鐵板燒再唱3小時/超划算/
F	平價/餐點及飲料供應充分/包廂設備不錯
F	環境乾淨/地點便利/食物水準之上/雙螢幕跟直立麥很推/
F	便宜/鐵板燒好吃又可以吃到飽/500元打發ㄧ下午
F	很棒的消費體驗/值得再來/
F	開喝團唱的好所在/板橋館的服務品質有改善囉/
F	唱歌之外/還可吃到飽/cp值高
E	點餐之後等到快結束才送進來/餐點還都是冷的
F	還不錯/
F	包廂不錯/沒什麼煙味服務生態度也很好
E	排隊動線沒規劃讓人傻等/包廂裡一堆蟑螂
F	商業聚餐生日聚會/有五星級的/場所/很理想/適合中少年/的場合
E	KTV都差不多是這個樣子而已沒什麼新鮮感
E	服務員態度好我才給兩星/服務員讚
F	櫃檯服務人員可能因為人潮多/有點口氣急躁/不過大部分的服務人員態度不錯/
F	餐飲好吃/人員服務熱誠
F	如果要吃餐廳的飯最好在9點以前先吃不然就點以後沒有東西吃了
F	包廂有廁所需另外加價/環境尚可
E	環境沒隨時間改善/跟2年前去時一樣/甚至有些都陳舊了
F	吃的東西很多樣話/設備很新/價位偏高
E	環境還不錯但點的歌有點慢才出來
F	東西好吃/環境乾淨整潔/十分舒適的歡唱地點
F	吃個鐵板燒覺得壓力很大服務人員一直看手錶不太好
E	桌子不穩一直晃動/而且非常黏/然後端菜湯一直滴
F	自助式餐點多樣/價格合理/附加餐點也很吸引人
F	歡唱環境服務都不錯/跟朋友歡樂的好地方
E	有鐵板燒可以吃/還有沙拉吧吃到飽
F	以前餐點比較好吃/可以換的也很多/現在變好少
E	唱個歌隔壁一直蹦蹦蹦/音樂完全沒氣氛/
F	餐點還要到樓下拿有點麻煩/其他都不錯
E	很糟糕的服務/設備差隔音差/不會再來
E	煙味超重椅子上也有味道
E	變向漲價/以後不去了感覺差了
F	尖峰時段系統容易當機/很喜歡這裡的服務人員/很親切態度很好
F	環境不錯夜唱時價格也便宜停車也可以消磁卡
F	除了用餐很麻煩又很貴以外/其他都不錯
E	進廁所有臭味/希望可以改善/用餐食感覺好亂
E	去年尾牙在這辦/真是傻眼了/是唱歌的好地方/但不是尾牙的好地方/
E	覺得變成自助有點點小麻煩/加上吃的東西也沒很多/
E	服務員態度都不錯/自助餐點不是很好/
F	價錢公道/還有美食可以吃/超級推薦/雪花綿綿冰
F	彈珠台好玩又有很酷的特效
F	便宜又好唱/還有自助吧
E	設備尚可/但是有些歌曲都沒有/
E	本週新歌真的太/嚇到
E	厠所霉味很大
F	晚上感覺很多份子出入
F	費用包吃包唱/近板中商圈/唱完還可逛街/
F	適合朋友相聚/吃的也不錯/但是還是有菸味
E	大廳的水晶吊燈很可怕/上次進去看一直有東西砸下來
F	網路上訂位說明不清楚/到現場才知道一定要電話預訂
F	定期來唱歌舒壓/都先唱後吃
F	服務/食物/都很不錯/唱歌環境也很好
F	餐點很好吃/服務不錯
F	歌曲新/設備好/東西普通素食者很可憐
F	場地寬敞舒適/用餐方便且物美價廉/是家庭歡樂的好去處/
F	這裡的價位很便宜而且沙拉吧很多東西可以吃
F	有的吃/有的唱/時間彈性符合我的需求
F	用餐環境寬敞舒適/鐵板燒CP值超高
F	讚啦/每次都到這唱/只是人多了點
F	相對台北星聚點便宜許多/值得來這邊唱/
E	歌曲不是很好點/餐也越普通了
E	Mic差/服務慢/唱歌的心情都沒了/ORZ
F	彈珠台很好玩/餐點好吃
F	目前星聚點各分店中cp值最高的一家吧/美輪美奐/食物好吃/
E	假日至少4人才能有包廂
F	價錢公道/食物選擇性多/服務好/建議先預約
F	歌很多/餐點不錯/包廂小了些
F	吃到飽/再歡唱/適合聚會休閒的地方/
F	CP值很高/鐵板燒的主餐比預期中的好吃/
F	餐點多樣/吃的/喝的都還不錯/整體蠻不錯的
F	一樓大廳氣氛不錯/服務生態度也很好
E	新歌少了點慢了點/其他都很合理品質不錯
F	地點稍微較不方便/但比西門店還適合歡樂/
F	吃午餐和唱歌的好選擇/大人小孩都開心/
F	價格實惠/餐飲俱全/唯洗手間髒亂不潔
E	服務態度超差/什麼特別計價都沒有事先說明
F	少數包廂煙味重點/人員服務親切
F	餐點好吃環境優/下次還會再來
E	服務不錯且價格便宜/停車方便/唯煙味重/
F	環境寬敞乾淨/餐點還不錯/服務好/
F	空間寬敞的唱歌設備新穎很適合聚會歡聚
F	此地區少數有的港式茶餐廳/餐點都還不錯吃/
F	價格便宜/音效也不錯/吧費也挺好吃/
F	服務人員很親切/鐵板燒料理也很好吃/
F	包廂夠大/聚會好地方
F	一樓鐵板燒餐廳口味不錯/價格也不算貴/
F	用餐/唱歌/均為上乘/價位匹配有超值之感/
F	東西好吃/消費平價/包廂沒什麼煙味
E	包廂還是有煙味/整體還算ok
F	食物美味/硬體設備又好/很好唱/
F	最建議平日早上來唱歌/假日早上9點之前/
F	便宜的高檔KTV/又可以吃到飽/很棒
F	平價好吃的餐點/當然重點是唱歌/
F	環境好/服務亦可/音響效果不錯
E	星據點的點餐程序大概是我看過最狗血最麻煩的
F	可跟親朋好友聚餐又飆歌的好地方
F	便宜的價格/優質的歌唱環境/好吃自助吧/
F	鐵板燒好吃/設備不錯/唱歌新選擇
F	歌很新/整體音響設備不錯
E	櫃臺態度很差需要改進/我來消費沒欠你錢
F	聚會唱歌好去處/人多最好先預約
F	星據點超好吃/但是食物離包廂很遠
F	讚/料理不錯/雙螢幕好好唱
F	小舞台/麥克風設計感不錯/能唱得盡興
F	餐點尚可/音效讚/適合聚會活動
F	服務親切/飲食方便/K歌開心
F	有鐵板燒吃完再去唱歌真的很讚
F	包廂舒適/復古式麥克風很有特色
F	餐飲變得沒以前多樣/但依舊不錯
F	環境衛生良好/整體清潔度高/服務態度尚可/
F	唱歌歡樂的好地方/價錢還算合理
F	設備很好/餐點好吃/CP值高
F	食物好吃/可以待上大半天的聚會好場所
F	餐點可口/菜色經典/新鮮美味/讚/
F	食物好/音效好/地點離捷運站近又便宜
F	很值得的消費氛圍/裝潢高檔消費平價
F	整體都不錯就是煙味真的超級重的/
F	環境不錯/希望可以提供送餐服務/
F	鐵板燒好吃/港點好吃/燒臘好吃/鐵板燒/師傅帥氣
E	早一點去人比較少/餐很普通/
F	多樣的消費方式/餐點還滿好吃的/
E	感覺消費方式/以及用餐可以在精簡一點
F	好玩又好吃/小孩唱歌唱到開心/
E	永遠不會接電話/那要怎麼訂位/
F	有吃又有唱/價格實惠/
E	包廂沒廁所/音效太小聲
E	鐵板燒很好吃/包廂有菸味
F	超棒/但食物有點沒那麼好吃了/
F	比其他兩家星據點新/但是非常不好停車/開車的要注意
F	適合朋友聚會的好地方/餐點也好吃
F	服務人員態度良好/環境也不錯/
F	怪奇物語彈珠台好好玩
E	餐點選擇多樣/但是承裝的器皿噁心
E	嗯/東西不錯唷/歌有點少
F	KTV超讚的/有得唱又有得吃
F	餐點還好/價位ok/服務很好
E	服務人員有忙不過來的感覺/整體尚可/
F	音響好/歌多/可順便就餐
F	直立Mic/餐點/都很不錯/唱起來過癮/
E	設備還行/吃的部分CP值很低
F	超棒的唱歌體驗/鐵板燒也好吃
F	還不錯/但餐點有點久喔/
F	唱歌加吃飯比其他家划算很多
F	有吃到飽的炒麵/小菜/飲料/飯/湯
E	寬敞明亮/只是人多的時候/有些吵雜/
F	設備佳/餐點也有一定的品質/
E	餐廳有夠熱的/但東西好吃
F	裝潢很棒/吃的有的很早就沒了
F	跟同學們ㄧ起唱歌就是開心啦/
F	空間大/餐點選擇多/爆米花免費/
F	好吃的牛肉麵/但是只能在餐廳裡面吃
F	適合朋友一起放輕鬆/發洩情緒/盡情歡唱的地方
F	滿多歌都沒有的/希望能多點外地歌曲
F	包廂客空氣比另外兩家好
E	便宜好吃/很特別的唱歌好地方
F	氣氛佳/包廂大/環境很整潔
F	環境OK/餐點也算是好吃/
F	嘴巴大滿足/吃喝唱一站三享
F	唱歌加吃飯的新體驗/環境棒
F	很棒/音響效果很好/東西好吃
E	在KTV純唱歌的話/算還可以
E	自助式的很悲劇/請選點餐式的吧/
F	就真的很自助式/蠻不錯的很方便
F	包廂有煙味/廁所乾淨/
E	煙味太重外/早鳥CP值真的很好/
E	廁所清潔可再加強/免費停車很方便
F	吃完飯還可以唱歌/好便宜
F	餐點還可以/唱歌環境很棒
E	餐點多樣/服務人員很忙/歌曲新
F	聚餐舒壓的好地方/一來再來/
E	滷肉飯到底為什麼可以做這麼久/不懂
F	鐵板燒跟唱歌連結/CP值高
E	媽的電話擺好看的哦/打了半小時就是打不進去奇怪
F	餐點不錯/包廂清潔度OK
F	漂亮整潔的ktv/重點沒煙味/
F	有很多餐點/但一部分要額外付費
E	牛肉五分熟硬的跟石頭一樣/不懂
F	空間大/餐點算不錯XD
F	學生價夜唱便宜又划算/
F	可以唱歌東西也好吃
F	餐點不錯/吃完再唱/
F	先吃後唱/CP值超高/激推
F	煙味重/餐飲種類多/價位合理
F	學生價夜唱便宜又划算/
F	餐點好吃/唱歌又可以唱的很高興
E	裝潢氣派/地點不錯/適合聚會/
F	平價好吃的餐點/當然重點是唱歌/
E	牛肉五分熟硬的跟石頭一樣/不懂
F	板橋店停車方便且免費/平價消費
F	環境優/是同歡樂的好地方/
F	可跟親朋好友聚餐又飆歌的好地方
F	適合聚會/餐點和價位都滿公道的
F	最愛的卡啦OK/硬體設備讚/東西好吃
F	早午餐專案/又可唱歌又可聚餐/超划算
F	交通方便/包廂多/東西好吃
E	建議預約
F	乾淨/餐點還行/房間隔音好
F	先吃後唱有吃有玩/便宜又划算
E	電話不能訂位/請更改
F	超值/環境好/下次還要再去
F	便宜又好吃又可歡唱/吃喝玩樂的好所在/
F	可以消費抵停車/真的很讚/
F	很好殺時間的地方/自助吧也不錯
E	裝潢氣派/地點不錯/適合聚會/
E	人多連訂位都要等半小時
E	吃吃喝喝唱唱消費還算可以接受
F	熱炒好吃/餐點便宜
F	環境優/是同歡樂的好地方/
E	補菜速度慢/吧檯師傅態度差/
F	三間裏面最便宜也是唯一在新北的一間/休閒空堂好去處
E	餐點很普通/環境一般般
E	包廂如果有廁所/就完美了
E	可以享用多樣美食與歡唱的新據點
F	食物好吃/麥克風唱起來真棒
F	適合學生平價消費/餐點多樣化
F	先吃鍋再唱/好划算/
F	平日ｃＰ值高/停車/用錢
F	還不錯/音響設備算優
F	彈珠台遊戲好玩/
F	環境不錯/餐點還可以/
F	餐點好吃/環境清潔/消費合理
E	經典臺語老歌很多點不了
F	多人聚會歡唱慶生的好地方
F	點餐方式很特別/設備很新/
E	包廂菸味好重/廁所好臭/
F	兌換的餐點小貴/其他不錯
F	很大一家/不用等候太久/但餐點普普/
F	環境好/平日去價格親密
F	唱歌很歡樂/聚會好場所
F	朋友之間相聚/製造愉快夜晚好去處/
F	還行/可是煙味有點重
F	吃到飽菜有點少/裝潢不錯
F	唱歌聚會的好地方設備常更新
F	板橋區唯一的星聚點/對新北來說算是中間地/
F	音質不錯/餐也不錯吃
E	爛/很爛/沒有其他可以說
F	服務好/清潔好/很棒
F	不錯很便宜/但環境衛生不是很好
F	每次唱歌都約星聚點/
F	東西好吃/種類比好樂迪多
F	/菜的速度很快/花的錢跟吃的東西劃得來/
F	cp值比另兩家好太多/有立賣
F	餐點多又不錯/價錢也划算
F	好吃好唱三五好友聚會好地方
E	Vip/888/總統房有小舞台麥克風架
F	是個聚會的好地方喔/
F	設備新穎/唱歌吃飯都適合
F	集合唱歌宵夜/餐點又不錯吃/
E	自助餐吧台可選擇的菜色太少
F	還不錯
F	聚餐歡唱聊天最佳首選/星聚點
E	地下室的包廂有尿臊味
E	食物不好吃/又一點小貴
F	裝潢明亮寬敞/適合全家一起去
F	好吃/好唱/又便宜/
F	消費方式蠻特別的/要刷QR
F	花費不高/能釋放壓力的好地方/
E	與三年前相較/服務品質有下降
F	設備高級/餐點好吃/服務滿意
F	可不可以增加多點素食熱食啊/
F	超級氣派的唱歌好去處/常客/
F	有趣的歌唱地點/餐點蠻好吃的
E	取消了自助吧/價錢也不見降
F	除了煙味/環境是適合家庭
E	服務態度很差/很不耐煩
F	服務人員態度很不錯
F	音響設置不錯/服務很優
F	還蠻便宜的/只是有些廁所在外面
F	先吃後唱/CP值超高/激推
F	環境乾淨/設備新潁/歌曲齊全/
F	免費的餐點也不馬虎/有肉有菜
F	大包廂有三隻麥
F	是放鬆心情/盡情歡唱的好地方
E	請問板橋店/市內電話和手機電話號碼都不接/
F	超讚/但菜色沒變換
F	非常劃時代的點歌及餐飲方式/
F	先吃後唱/價格合理/
E	感覺跟以前比/吃的不多
F	有點臭/但食物滿多樣的/
E	超賣/已經訂位了還等了一小時
F	讚/喜歡來這裡唱/服務好/
F	便宜/音效好/有免費沙拉吧
F	彈珠太很好玩
F	不錯/就是自助霸非常遠/
E	打了10幾通都沒有人接
F	環境很棒/餐點便宜好吃
E	地點離捷運好近/是高中時期的回憶
F	吃鐵板燒/唱歌/cp值高
F	有些歌沒有/餐點還行
F	地方還不錯/只是難停車
F	東西好吃/不過價錢漲很多
F	好吃又便宜/氣氛佳
E	能有完全禁煙親子樓層更好
F	超級好玩/你們一定要去喔/
F	美觀舒適/食物好吃/音響不差
E	鐵板燒的牛肉都不調味/超難吃
E	服務不好/差復興店一大截
F	Cp值高/環境優/交通便利
F	唱歌吃美食/環境令人放鬆
F	牛肉麵很好吃
F	環境好/可惜常上社會新聞
E	感覺吃到飽沒什麼東西
F	板橋店停車方便且免費/平價消費
E	沒有新菜色/且過油
F	可以唱歌又可以吃飯的好地點
F	聽說有很多大陸歌曲是嗎
F	鐵板燒簡餐好吃/量剛好
F	價格便宜/又可吃到飽
E	消費方式有點複雜/老人不宜
F	包箱環境不錯/但有煙味
E	地方不錯/吃東西不方便
E	經常客滿/杯子也經常不干淨
F	便宜/東西好吃/音效也不錯
E	設備不錯/環境乾淨/餐點普通
E	還不錯/有待加強空間
E	電話都打不進去是/真的很ooxx
E	服務員態度都很差
F	包吃包唱/聚會好所在/
F	建議坐大眾交通工具/附近非常難停車
F	服務不錯/餐點還行
F	設備不錯/食物大勝好樂迪
F	價位便宜/東西也好吃
F	夜唱學生價就是便宜
F	推/朋友聚會很適合/
E	還不錯/但都是菸味
F	食物蠻讚的/音響讚讚/
E	服務效率跟以前有差距囉/
F	讚彈珠台好玩
F	跟朋友唱歌很令人放鬆
F	消費平價/小酌聚會好去處
F	大家幾乎都去過/應該算好的
E	隔音不好/廁所不乾淨
F	只能說唱歌第一選擇啊
F	Cp值高/開心滿滿/肚子飽飽
E	靠北服務生不會做人擊敗洨
F	彈珠台挺好玩的
F	沒有特別不好也沒有特別好/還不錯
E	有用餐區/板橋唱歌首選/
F	交通方便/消費合理/食物多樣化
E	服務態度不知道在差什麼的
E	送餐慢/服務態度不佳
F	物美價廉/音響棒/服務好/
F	可以吃很多東西又可以唱歌
F	有點高消費/其他還可以
F	附合式餐廳KTV/超值享受
E	第一次看到家族同樂很有趣/
F	吃喝玩樂一個地方滿足你的需求
E	菸味重/廁所髒/假日更髒
E	服務態度不錯/值得再來/
F	環境乾淨/價格算是合理/
F	彈珠台很讚
F	可以唱歌還可以吃到飽
E	餐點在一樓真的超級不方便
E	環境尚可/收費不便宜
F	工作人員態度很好
E	還好/吃東西不方便/
F	聚餐慶生的好去處/
E	消費方式都沒解釋清楚/
F	聚會聚餐聚唱皆齊聚一堂
F	希望有更多的冷門歌可以選
F	吃的還好/其他很不錯
F	不錯
E	包廂隔音太差啦/
F	消費合理/適合大家聚會
F	比起隔壁/這裡的妖魔鬼怪少多了
E	鐡板燒套餐丶價格不貴
F	食物多元且點歌方便
E	環境不錯/歌曲數目多
F	平日夜唱超便宜/
F	有的吃有的唱/方便舒適
F	地點很方便/新歌不少/
E	餐點普通/價格偏貴
E	點歌台不符合人體工學
F	就是一個非常好聚在一起的好場所
F	東西好吃/服務不錯/便宜/
F	歌越來越少/服務差強人意
F	半夜歡唱價格便宜/
F	有的吃/有的唱/不錯
E	歌曲多/餐點不錯
F	星聚點不管是哪一家都是金碧輝煌的宮殿啊
F	很乾淨但是櫃臺的速度很慢
F	動線明確/整體環境明亮寬敞
F	東西好吃/環境不錯
E	餐廳明亮/只是素食少
F	總統包廂很大玩的很爽
F	常常來著/停車也方便
F	家庭聚餐/不錯的點/
F	地方乾淨/服務員態度佳
F	很不錯/超級開心/又便宜
F	與好朋友或家人/同事歡唱的地方
F	設備和服務人員態度都不錯哦
E	包廂小/又沒廁所
F	一樓座位區位子有點少
E	客服都不想接電話的直接掛線
F	空間滿大的/電梯有點慢
F	唱歌/暢飲/聚會的好去處
F	有吃/有喝/盡情唱歌
F	服務態度很好/
F	跨年補假並沒有比較貴
E	煙味重/但還不錯
F	有自助吧吃到飽/
F	唱起來喝很貴/
F	設備新/歌單多
F	環境維持得很好/舒適/
F	很自由舒服的唱歌去處
F	有殘留煙味/食物不錯
F	比其他連鎖ktv好
F	便宜/吃的也便宜/聚會好去處
E	吃飯唱歌可以一次搞定/
E	音響普通/隔音普通/餐點普通/
F	歡唱聚會的好地方
F	好吃/好玩/好輕鬆
F	一樓的餐飲服務人員服務很好
F	平價/歡唱環境優質
F	東西好吃可是人多
F	方便/菜色好/服務周到
F	餐點好/服務好/很乾淨
F	好玩好玩/推薦必去的景點
F	很大間/素質好/餐點好
F	歌很新/東西多
F	服務親切/食物好吃
F	可以當作無聊消遣的去處之一而已
F	不錯的唱歌好去處
F	唱歌/朋友聚會的好地點
F	是朋友歡聚的好地方
F	便宜又可以吃到飽
F	是親友歡聚的好場所
F	價格實惠/計價簡單易懂
E	恐怖舊設備恐怖服務態度
E	有些包廂沒插頭
F	難過的一天/瘋過了/不錯的地方
F	設備不錯/有自助吧
F	下雨天和朋友聚聚的好去處/
E	滿貴的/cp值不如以往/
F	平價唱歌好地方
F	好久沒來聚點/不錯
E	死光了/電話不會接/
F	先吃後唱/方案/很好/
F	歡聚/打發時間的好所在
F	很便宜/東西又好吃
F	地點非常乾淨
F	餐點還不錯吃/
F	點數可以換的食物變少了
F	不太喜歡他吃飯的地方
F	親朋好友聚餐好據點/
F	非假日時段很划算/
F	吃到撐/唱到爽
F	可以放鬆自己/盡情唱歌
F	餐點美味/服務親切
F	新感受/新玩法/值得去體驗體驗
F	食物種類繁多/環境好
F	很方便/離捷運站很近
E	鐵板燒和波蘿油麵包好吃
F	半夜唱/就沒吃的了
F	環境超棒設備超優
F	鐵板燒不錯/經濟實惠
F	家人歡聚的好地方/
F	後補包廂要等很久
F	乾淨/便宜/食物也棒
E	包廂等好久喔/
F	設備新/有立麥/喜歡
E	唱歌環境還可
F	彈珠台好玩
F	消費模式多元/服務迅速
F	平日時段超級划算優惠
F	價格實惠/條件還不錯
F	美中不足的地方就是有煙味
F	放鬆與朋友聚會的好地方
E	服務人員態度不佳
E	爛透了超不人性化
E	真的是年輕人眾多的地方
F	有餐廳不怕餓肚子
E	還可以/就唱歌
F	好吃/好唱/好聚/的KTV場所
F	最經濟實惠的ktv
E	直立式的麥克風音質很棒
F	唱歌開趴好地方
E	清潔費亂收
E	馬桶上有蟑螂/
F	環境好/氣份佳/
E	不適合年齡較大的客人
E	包廂有煙味很重
F	新增鐵板燒cp值高讚
F	東西好吃/服務親切/
E	電話死不接怎麼預約
E	適合朋友聊天歡聚的場所
F	用餐歡唱好去處
F	宵夜牛肉麵超便宜
F	可以吃的還算飽/
F	空間寬敞/設備不錯
F	唱的開心/吃的也開心
F	唱歌聚餐好地點
F	環境乾淨/服務ok
F	便宜/服務好/比錢櫃好/
F	餐廳的麵很好吃/
F	盡情歡唱好地方
F	便宜/不錯/學生的好選擇
E	量體溫態度極差
F	吃飯唱歌的好地方
F	經濟實惠/低調奢華
F	好友歡唱的好地方
F	車位在多一些會更好
F	環境超棒設備超優
E	吃完鐵板燒再唱歌/
F	有的吃/有的唱/不錯
F	平日時段超級划算優惠
E	不適合年齡較大的客人
F	唱的開心/吃的也開心
F	設備新/歌單多
F	很便宜/東西又好吃
F	近捷運站/有停車場
F	/地方舒適/適合年青人
F	唱歌吃飯不錯的點
F	餐飲還不錯/
F	站立式麥克風有特色
E	雖然價格變了點餐方式/但遇到3樓的服務人員都很不錯/環境有點欠缺清潔/尤其是杯具內有發霉和蟑螂便在杯內/現場立刻自己洗乾淨和請服務生換幾個乾淨的杯子來/還有廁所實在太髒囉/雖然疫情持續/但品質還是要顧好口碑/加油/
F	環境優/服務好
E	吃完鐵板燒再唱歌/
F	環境舒適/自助吧
F	沒菠蘿油了/哭哭
F	鐵板燒/划算又好吃
F	音響還是錢櫃好點
F	站立式麥克風不錯/
F	食物種類還算多
F	沒有菸味/清潔/
F	邊吃邊玩的好地方
F	東西實在/價格平價/
F	車位在多一些會更好
F	適合聚會歡樂的地方/
F	服務快/餐點好吃
F	彈珠台刺激/
F	設備不錯/有自助吧
F	參加/明星的聚會/
F	食物種類繁多/環境好
F	先吃後唱非常划算
E	服務品質越來越差
F	CP值高於其它分店
F	站立式麥克風有特色
F	便宜又可以吃到飽
F	總是滿滿人潮/
F	態度不錯
E	服務品質越來越差
F	這間服務比西門的好
F	人員服務態度很好/
F	最愛的唱歌地方/
E	點歌機一直故障
F	超質實惠的KTV/
F	還好/整體不錯
F	環境乾淨音響棒
E	自助餐點別太期待
E	現在改為三顆星
F	放鬆心情好地方/
F	吃飽喝足/唱過癮
F	設備完善/會更新設備
F	整體感覺還不錯
F	聚會唱歌的好地方
E	歡場聯誼的好地方
F	設備好環境佳
F	燈光音效好的唱歌場所
F	空間舒適/放肆的好地點
F	服務不錯/東西好吃
E	台北的感覺比較舒適/
F	很放鬆的好地方
F	其實我是去錢櫃/
E	自助餐還OK
F	捷運坐到府中站/很近的
F	吃了N次/推薦
E	取餐太麻煩
F	熱鬧/餐點物美價廉/
F	聚餐聚會好地方
F	地點很適合聚會
F	聚會歡唱好場所
F	便宜划算設備好
F	學生實惠平價/
F	很多歌/品質好
F	唱歌聚會好地方
F	總是滿滿人潮/
F	服務好/場地乾淨
F	適合全家娛樂的地方
F	唱歌/吃飯一應俱全
F	板錢以外的好選擇/
E	東西沒有很好吃
F	服務態度良好
F	台北上班族的好聚處
F	讚/不過人多
F	平時來實在是便宜
E	點歌不方便
F	叉燒飯很好吃
E	不錯的唱歌地點
E	包廂都菸味
F	好朋友相聚消費便宜
F	帶塔拉來唱歌
F	唱歌聚會的好地方
F	唱歌很不錯
F	服務人員態度很好
F	平價/鐵板燒不錯
F	便利/歡唱/敘舊
F	只因恨鐵不成鋼/
F	用餐結合歡唱
F	歡唱的好地方
F	人超多超難排
F	場地大/設備不錯
F	休閒娛樂好所在
F	休閒聚會好去處
F	唱歌的好去處/
F	歌新包廂好
F	環境算新/乾淨
F	還不錯/服務良好
F	全家聚會的好地方
F	不錯的歡唱場所
F	一口價價格划算
F	CP值高的聚會場所
F	休閒娛樂的好去處
F	與朋友相聚的好地方
F	東西好吃
E	方鬆平價好地方
E	櫃檯服務態度不佳
F	設備服務都不錯
F	唱歌喝酒的歡樂場所
F	交通方便音響佳
F	放鬆聚會的好地方
F	港飲變鐵板燒了
F	好吃超值/讚
F	唱歌的好選擇
E	上錯餐
F	服務可以再加強
F	適合唱歌的好地方
E	很多歌沒有/
F	許多餐點可吃
F	適合團體放鬆的地方
F	早鳥真的不錯哦/
F	永和老牌牛肉麵店/
F	喜歡自助餐的食物
F	夜唱讚
F	聚會應酬的好地方
F	下班放鬆的好地方
F	慶生同樂的好地點
E	唱歌必來/
F	唱歌吃飯一舉兩得
F	唱歌放鬆聊天的地方
F	餐點不錯喔
E	餐點有待加強/
F	放鬆心情的好地方
F	態度很好
F	每個禮拜都來
F	整體還算不錯
F	很棒的享樂地點
F	吃飽喝足唱到爽
F	餐點很優
F	打發時間的好地方
F	交通便利設備新穎
F	服務人員很親切
F	每次來都Hi翻
E	服務不錯的娛樂場所
F	服務好價位公道
F	唱歌兼吃東西
F	很新奇的消費方式
F	包廂很棒
F	可歡唱的地方
E	乾淨/空間大
E	點的歌變少了
E	沒進去唱
F	煙味有點重
F	唱歌與飲食兼具/
F	唱歌的好去處
E	一個字/爛
F	遊戲好玩
F	餐後可唱歌
F	還不錯環境
F	唱歌好去處
F	聚餐的好去處
F	獨唱很過癮
F	服務態度很好/
F	吃喝玩樂一次搞定
F	東西不錯吃
F	開趴的好地方
E	主管問題很多
F	CP值夠高
E	食物還可以
E	熱鬧/交通方便
F	音響效果粉好
F	唱歌吃飯一舉兩得
E	房間煙味重
E	貴又慢
E	包廂都菸味
F	交通便利設備新穎
F	適合唱歌的好地方
F	唱歌聚餐的好地點
F	紅茶好喝/
F	歡唱好地方
F	煙味有點重
E	電話打不進去
F	無聊可以打發時間
F	唱歌好去處
E	東西不好吃
F	態度不錯
E	易生是非的環境
F	/
F	歡唱好地方
E	東西不好吃
F	燈光聲效不錯
F	幫老公過生日
F	放鬆心情的好地方
E	請盡量早點來
F	來唱歌吧
F	乾淨設備優
F	聚會的好去處
E	服務態度要加強
F	復古直立式麥克風
F	唱歌好去處
F	聯誼好去處
E	熱炒太早結束
F	新北市唱歌首選
F	舒適的歌唱環境
E	設備有待加強
E	奇異果汁好喝
F	紅茶好喝/
F	休閒好地方
F	服務態度不錯
F	朋友聚會的好地方/
F	無可挑剔/便宜
E	有民歌可聽
F	離峰時間真的很便宜還可以吃兩餐飲料喝到飽/閒來無事可以和朋友約去哪裡唱歌/可以晃掉一整天的時間
F	平價環境優
F	便宜服務好/
F	設備很新
F	板橋唱歌/首選
F	板橋歌唱好所在
F	聚餐唱歌首選
F	參加/明星的聚會/
F	無線麥克風很棒
F	練歌的好地方
E	一直在退步的感覺
F	鐵板燒好吃
F	非常舒適的唱歌場所/吃的東西選擇很多/也可以唱完歌再下來吃東西/非常划算/
F	飆歌的好去處
F	吃飽再唱
F	歡唱好所在
F	年輕人發洩的地方
F	有立式麥克風
E	貴又慢
F	歡唱開心
E	音質不是很好
F	感覺真好
F	漲價了好可惜
F	鐵板燒好吃
F	還行
F	電梯很臭
F	聚會好地方
F	還不錯啦
F	聚會好去處
E	還行
F	聚會好去處
F	超讚/
F	很舒適/寬廣
F	一樓很氣派
F	還行
E	等有夠久
E	房間煙味重
F	還算乾淨
E	包廂很小
F	讚
F	每次唱歌首選
F	唱歌第一首選
F	交通方便/餐飲好吃/場地寬敞/服務很好/
E	歡唱好所在
E	營業時間減少了
F	吃得好飽/早午晚餐都解決了還唱到歌
F	KTV和歡樂巴
F	聚會好地方
F	聚會/消遣/娛樂/
F	歌單太少
F	態度良好
F	便宜/好殺時間
E	系統常故障
F	高級享受的好地方/
F	環境非常好
F	比錢櫃好
F	便宜又舒適
E	發洩的好地方
E	包箱煙味重
F	很/
F	餐點不錯
F	餐點很棒
F	放鬆的好地方
F	餐點好吃
F	自助區讚
F	還不錯
F	服務人員親切
F	餐點尚可
F	音響好/
F	很舒適/
E	錢櫃比較好
F	這裡真的不錯
F	放鬆的好地方
E	家人朋友聚會的地方
F	設備很好
E	年輕人好多
F	有固定水準
F	/
F	就離家近
F	我家廚房/
F	不錯喔/
F	餐點好吃
F	餐點好吃
F	要預約/
F	優質聚點/
E	很貴
F	好耶/讚耶
F	聚會的好場所
E	菠蘿好吃
F	設備不錯
F	東西好吃
F	質感不錯
E	煙味很重
F	不錯吃
E	還不錯
F	還不錯
F	還不錯
F	適合舒緩壓力/釋放壓力的好地方/
F	還不錯
F	環境不錯
F	還不錯
F	整體不錯
F	非常讚/
E	地點方便/
F	設備很棒
F	煙味太重
F	環境不錯
F	環境不錯
E	某幾個服務人員態度很差/
E	爛
F	還不錯
F	很歡樂/
E	價格稍貴
F	便宜/很優
E	麻煩不方便
F	還不錯
E	煙味很重
E	低價位
F	音效不錯
E	想去識識
F	就是新據點
E	越來越貴
E	有點髒
F	有點貴
F	蠻不錯
F	Happy/Happy/歡唱了
F	很嗨喲
F	收費不低
E	不錯/但有些歌曲找不到
F	聚會好所在
F	讚啦
F	設備新穎
F	乾淨舒適
F	乾淨舒適
F	蠻好唱的
F	相較算好的
E	氣氛佳
F	蠻便宜的
F	環境好
F	很熱鬧
F	有停車
F	很舒適
F	服務不錯
F	環境優良
F	不錯/
E	還可以
F	不錯/
F	還可以
F	空間很大
E	很麻煩/
E	服務差
F	氣氛佳
E	還可以
F	簡單傳統
E	還可以
F	消費便宜
F	還不賴
F	唱歌首選
F	設備新/
F	服務好
F	最愛的一間
E	板橋區中山路一段
F	不錯
F	員工聚會
F	不錯
E	噪音來源
F	開心
F	套餐不錯吃/
F	不錯
F	設備齊全
F	便宜好吃又可以唱歌聚會
F	CP值高於其它分店
F	舒適
E	休閒
F	吃飯
E	餐飲退步/
F	聚會首選
F	適合喝酒歡唱聚會
E	上課
F	很高級的地方
F	不錯
F	煙味重
F	服務好
F	服務好
F	熱鬧
F	熱炒
F	高級
F	乾淨明亮
F	選擇性多
F	不錯
F	超贊
F	光線明亮/服務優
F	平價/冰品好吃
F	讚
F	飽/飽/飽/
F	不錯
F	不錯
E	不特別
F	服務
F	餐點音響不錯
F	設備新
F	不錯
E	還好
F	好朋友團聚
E	不錯
F	服務優
F	站前凱悅
F	很高興
F	俗擱大碗
F	上述的評論
F	物超所值的場所
F	讚讚的
F	最大的星聚點
F	中規中矩
E	電話一直忙線中爛死了到底有沒有人在上班
F	愛唱歌的人的天堂/立式麥克風的收音還不錯/一般麥克風也是無限的/設備也很好很貼心/包廂內有很多點歌設備/大觸控螢幕x1/小觸控螢幕x2/遙控器/加上舞檯燈炒熱氣氛/收費方式採叫號制/感受的到管理上的用心/食物的部分很便宜也都有到水準/牛筋麵只要35元/此外脆皮燒腩很好吃/
F	體面的大小自助餐吧/食物數量可接受/KTV房間很暗/配有高科技設施/房間可以清潔一點/工作人員很周到/
F	員工禮貌友好/體面的自助餐吧/豬肉和世紀雞蛋粥真是太神奇了/開瓶費NT/400/
F	我喜歡的東西/新型麥克風比以前更好地拾音/讓您感覺自己真的在唱歌/我沒有做的事情/A/C低於標準/使我們幾乎汗流/背/服務也無濟於事/此外/英語歌曲的選擇非常有限/實際上/提供的許多產品都是帶有視頻剪輯的翻唱版本/完全沒有/最後但並非最不重要的一點/如果您有一筆划算的交易/請在前往KTV本身之前先去看看他們的餐廳/但要準備相當慢的服務/
E	你我不相識/但要告訴同樣身為消費者的你一件職業真相/那就是/星聚點KTV是個骯髒/落後/詐欺/偷竊/毒品/性交易聚集的/名列/八大特種淫業場所/並且是個犯罪結構相連的營業組織/換句話說/許多人手腳不乾淨/並非單單個人操守問題/往往多數來自上級的/或同儕/蓄意默視授意/這裡單指消費收據為一例/但各個職位彼此間也會互相偷竊/而星聚點許多從業人員又是從錢櫃轉業過來/由此可知相關素質之劣/蛇鼠一窩/因為去年底終於離開了誤入歧途的/糞坑/一年八個月/所有歷程印象深刻/當時為了明查暗訪職場環境/人心/不管是採用釣魚手法/善意的謊言/關閉聯絡資訊致使個人屢屢遭受語言暴力/妨礙名譽/偷竊薪資/福利/法定假期/個人財務失竊等權益/違反眾多勞基法/損失/都將在往後/適當時機/公開公佈/不管是知名不知名/任職同業或來客/藝人/製作/經紀人/模特圈等等/一堆狗屁倒灶之事/就連元大畜生李宗瑞與狗黨們亦在名單之列/星聚點是個只會嫖竊/侵占他人智慧財產權的低俗行號/甚麼人開甚麼店/就聚集甚麼樣的人/也就請到甚麼樣人才素質/在星聚點消費行為都將成為助長犯罪的資源/成為壓榨台灣優秀守法員工的兇手/不信/你去做了就知道一切/請不要再去星聚點消費/離職青年血淚的真心呼籲/
E	如果您唱卡拉OK/它是個不錯的地方/在樓下購買一些非常便宜的食物和飲料/並在樓上與朋友們一起享受美食和音樂/
E	2013/9/22板橋英記茶餐廳第一次端上來的叉燒包發黴第2次換上來的還是發霉的結帳時主管超帥氣跟我說/你還沒吃就換給你所以人沒有問題也不會有什麼優惠來補償/那是要我吃了/去醫院再說嗎/去過很多次/但是這次的處理讓我印像很差/
F	強烈推薦/很棒的食物和很多歌曲可以選擇/我們度過了美好的一天/
F	美味的食物/
F	好吃/
E	自助吧驚人的寒酸/難怪櫃檯人員一直推薦鐵板燒/以前印像很好的說/
E	垃圾店員/沒禮貌/在櫃檯那麼久了/當作沒看到人嗎/差勁/
F	板橋最大K丅V埸地大供應美食非常方便/
F	您可以選擇太多的食物/而且服務很好/您可以在那裡度過快樂的時光/
F	唱歌便宜/又有自助吧可以吃/很棒的地方/
F	很好唱/食物也挺美味/
F	平日很便宜/有吃又有唱/
F	好吃好唱/
F	好/
F	普通耶/
F	有得吃又有得玩的好地方/
F	420元先吃再唱喔/
F	美味的食物/長期的服務/
F	超愛直立式麥克風/
F	超好玩/
F	超愛直立式麥克風/
F	超好玩/
F	有吃有喝又便宜/划算/
F	平日很便宜/有吃又有唱/
F	美味的食物/長期的服務/
F	有得吃又有得玩的好地方/
F	食物新鮮美味/服務很好/
E	卡拉/ok店唱歌的好地方/
F	Cp值高的唱歌好所在/
F	與同學見面/
F	店聚的好地方/
F	環境乾淨/印像很好/
E	卡拉/ok店唱歌的好地方/
F	有吃有喝/物超所值/
E	巨大的設備是新的/但是/服務是有限的/相當慢/
F	包套唱歌/便宜又大碗/
F	和朋友唱歌的好地方/
F	好吃好玩好唱的好地方/
E	服務不好/對鄰居不友好/
F	Cp值高的唱歌好所在/
F	好吃好玩好好唱/
F	好吃/好玩/好感情/
F	好吃好玩好好唱/
F	和中國朋友一起唱歌很有趣/
F	便宜/明亮/安全/好吃/
F	早上唱很便宜/
