D	在和泰獅同一條巷子裡/內用要加10/服務費/當天平日晚間內用人大概坐滿2/3/用餐單點價位偏高/這次兩個人吃了1490元/未點生食/這次點了關東煮/茶碗蒸/炒松阪豬/手卷/炒烏龍/但味道都還不錯日式小吃店的氛圍/店內服務人員多為上年紀的姐姐們/很接地氣的服務/餐後還有小點心/綠豆湯可以享用/只是這次菜裡面有看到果蠅屍體稍微扣一點分/可能還是要請店家注意一下
D	城中區有許多好吃的日式料理餐廳/肥前屋鰻魚飯/日式燒烤/壽司店等/隨便走一圈就可以遇到好幾間/然後再接条通酒店/可以從晚吃到凌晨/這間添財壽司屋位在7/11旁邊巷弄裡/沒注意很容易就錯過/久聞關東煮是必嚐美食/今天特地來嚐鮮/攤開菜單/關東煮的選項沒有想像中多/倒是其他料理讓我眼睛一亮/點了關東煮/壽司/手卷/生魚片跟茶碗蒸/每一道都好好吃/尤其是關東煮/口味真的讓我想到多年前在大阪小舖吃到的熟悉感/結帳算中價位/這次老闆有主動開發票/加分/
D	一家久違已久的黑輪店/氛圍不錯/東西也不錯吃倒是生魚片讓我驚艷/還蠻新鮮/唯一可惜是湯頭不像一般的店可以喝
D	來第一次沒有踩雷/黑鮪魚握壽司超厲害的/不吃手捲的我/也被招牌手捲驚艷到/太好吃啦/而且服務很讚/
D	特別推薦/炒飯/附湯/茶碗蒸/其他餐點也不錯/有附贈綠豆薏仁湯/尖峰時間人很多
D	歷史悠久的日本料理店/包廂有低銷/高麗菜捲與關東煮的芋頭美味/
C	中午用餐時段/生意興隆/建議離峰時間前來/比較不需等待/生魚片十分的美味/關東煮更是一定要點/等顧客用餐完畢/還會招待飯後甜點/餐點部分很用心/建議年輕老闆如果可以每次主動開發票的話/我肯定給店家5顆星/我每次來每次都要詢問索取/感覺不太好/
D	關東煮絕對是招牌/冬季限定的海陸火鍋也相當值得嘗試/
C	歷史悠久的台式日本料/最棒的是生魚片/其餘的只能說/有守住一個基本的水準/菜色口味並沒有樣樣超群/嚴格來講/整體CP值偏弱/並不是那種錯過可惜的店家/個人認為未達4星/
D	從創業後就一直來吃/6年的經典日料/
D	關東煮十分入味/手卷茶碗蒸好吃/
D	每一道都很豐富調味很入味/
D	點了兩碗天丼/關東煮/高麗菜捲/蘿蔔/牛蒡天婦羅/用完餐後還有一碗綠豆薏仁甜湯/東西都很美味
D	台北城中市場旁巷內的老店/從1957年的小攤開始到現在的大店面/經營已超過一甲子/這裡也是邰智源在/邰客好吃/的書裡推薦從小到大吃最久的餐廳/入座後桌上有附烏龍茶/茶杯上還有添財的字樣/還有日料老店會給的おしぼり毛巾捲/這個毛巾也太大條了/冬天如果給熱的會很感動/這裡與西門町那些日本料理老店一樣/要刺身/燒烤/壽司/天婦羅/麵飯定食都有/最有名的還是關東煮/這裡的關東煮湯頭熬了幾十年/就跟陳年老滷一樣所以湯無法喝/假日沒有提供定食/如果是吃晚餐晚一點到/要注意點餐時間/店家營業到21/00/20/20前要點完/因為廚房要休息/另外關東煮是招牌/如果不點關東煮會被推薦要不要來一些/當天用餐前就決定來這裡只點關東煮/炒烏龍麵和蛋包飯這些古早味的台式日本料理/原本想在配個蛤蜊湯/但店員說沒有一般蛤蜊/只有野生的/而且因為是秤重的/也不曉得一碗要多少錢/關東煮每樣都好吃入味/蘿蔔很滷很透/芋頭很鬆綿/荸薺丸子口感很好/高麗菜捲外軟脆內扎實/福袋裡有冬粉/很像是淡水阿給/搭配的沾醬像是味噌的豆乳醬/想吃什麼點什麼都不會有雷/建議一定要跟店員要七味粉和店家自己炒的辣椒醬/這很像XO醬/可以加在關東煮醬內/炒烏龍麵上桌時會問要不要小碗分食/麵條跟預期中一樣就是偏軟/但味道就是台式日本料理的味道/一定要加七味粉和辣椒醬在炒烏龍麵裡/味道層次馬上不一樣/必點的蛋包飯本身蕃茄味道足/但飯有點濕/味道上就是懷舊的味道/點蛋包飯有附味噌湯/味噌湯裡有鮭魚和豆腐/柴魚湯底喝起來很順口/當天用的餐點味道都還不錯/價格也可以接受/唯獨點餐男店員很不專業/一問三不知/講話太小聲/未來有機會再來試試季節性的秋刀魚握壽司/花壽司和鮭魚炒飯/
C	綜合壽司不錯吃/關東煮也很好吃/炒烏龍/很一般不推薦/綜合生魚片/去吃一般迴轉壽司或壽司連鎖店就可以了/豬排親子丼口味偏甜/也是一般/豬肉蘿蔓捲一份是一條150元/菜單上沒有寫/但是服務人員會提醒/吃過就好了不會在來/
C	生魚片很新鮮但切的有一點厚吃起來有點不舒服/炸物好吃/但是飯淋了醬汁後還是很硬/小貴
D	武昌店/開封店menu不同/要吃定食需到武昌店/1/有收取10/但茶只有剛入座時的一杯/要比人情味/開封店較濃/2/定食整體份量算多/食量小者甚至可能吃不完/菜色種類搭配與味道同等豐富/3/生魚片雖是定食主菜/品質不縮水/疑似海鱺頗脆口/紅肉魚/貌似鰹魚/無重氣味/口感柔嫩甜/4/招牌料理非/關東煮/莫屬/高麗菜捲/牛蒡天婦羅是其中佼佼者/前者軟中保有葉脆/後者鮮甜味會在口中爆開/福袋其實就是/阿給/冬粉部份油膩也甜膩/不討喜的香料香干擾味覺靈敏/開封店處理較入味/5/羅蔓豬肉捲很吃蘆筍清脆水潤度/店家選用品質等級不錯/烤肉部份入味而不柴/
D	花壽司爆好吃/外面是清爽的高麗菜捲/再搭配關東煮簡直天堂/生魚片超級厚沒在客氣/鮭魚好甜/東西都超多超划算/吃得超開心/店內員工們比較霸氣一點/但其實人都很好/
D	歷史悠久的老店/烤香魚和松阪豬很好吃/壽司/生魚片/關東煮/炸蝦天婦羅也不賴/上菜根本來不及拍照/馬上掃空/長輩很喜歡/
D	東西好吃/地方乾淨/服務親切/價格中高/如果能把部分熱食的美耐皿餐具換成瓷具/我就一定給滿分
D	關東煮最好吃/蒟蒻/高麗菜卷/牛蒡天婦羅/芋頭都不錯/鮭魚生魚片肉好軟嫩/新鮮好吃/天丼普通/野生蛤蜊好大一顆/加薑湯好喝/Kirin/Ichiban/大瓶3人喝剛剛好/
D	超好吃的日式料理老店/生意也很好/最喜歡手捲海苔好脆好香搭配裡面的餡料跟生菜/花壽司是招牌包高麗菜非常特別的口感/還有麻油炒川七一不小心就一口接一口吃光了/
D	散壽司飯有點硬/生魚片好吃/比目魚握壽司肉比較厚/油脂比較少/價格偏高/CP值不算好/店內氣氛不錯/二樓有包廂/在巷弄內/停車不太方便
D	添財的關東煮醬超讚/不管沾什麼料都大加分/牛蒡卷推薦
D	關東煮蠻好吃的/而且有蒟蒻/沾醬不是甜甜的那種說帶有豆腐乳那種鹹香/鮭魚炒飯的油太多變成飯濕濕的口感不是很喜歡/香氣沒有炒出來/這樣一盤/160/茶碗蒸一個/100/看在用料豐富上的確值那個價錢/特別愛吃的人可以點來過癮/花壽司是用高麗菜葉包起來的/吃起來口感很輕盈/但普通不會想點第二次/裡面最划算的就是定食套餐/鯖魚肉質鮮美多汁/小菜涼拌海蜇皮調味剛好/可惜做成定食的種類不多/有點可惜/整體而言/服務人員態度良好也勤勞/老店能經營到現在果然有其厲害/
D	老店/日式裝潢/用餐時間蠻多人的/客人大多是上了年紀的居多/進入店內/先送上熱茶和毛巾/餐點有關東煮/定食/鍋物/沙拉/壽司/烤物/炸物/酒/有多種可以選擇/價位偏中高價位/連續來了2次/餐點點了/燒豬定食/花壽司/茶碗蒸/關東煮/高麗菜卷/荸薺丸子/豆腐/蘿蔔/湯烏龍/鹽烤雞腿/燒豬定食/內有沙拉/湯/漬物/炸蝦頭/飯/跟主食/燒肉吃起來甜甜的/先生說好吃/花壽司/是大家推薦的/總共5片/外圍是用高麗菜包/不是海苔/吃起來有一點甜甜的/應該有包一些美乃滋/女生吃一份/感覺有點多/要分著吃/茶碗蒸/裡面有一整隻蝦子/雞肉塊/菇/蛤蠣/銀杏/蛋吃起來很嫩/有高湯味/是好吃的茶碗蒸/關東煮/沒有湯/店家說是老滷汁的概念/所以不提供湯/還好是有熱茶/要不然可能要點湯/高麗菜卷/入口極化/好吃/豬肉沒有腥味/荸薺丸子/脆脆的/口感很好/丸子吃起來以為會乾乾的/但濕潤/很好吃/豆腐跟蘿蔔/都很入味/湯烏龍/除烏龍麵外/有鮭魚/雞肉片/魚板/香菇/蛤蠣/蝦子/海苔/一些青菜/湯頭算不錯喝/清淡但有香菇味/好喝/烏龍麵煮的剛剛好/不會太軟爛/鹽烤雞腿/口味有鹽烤跟照燒可以選/烤物通常會等一下子/鹽烤後的雞腿鮮嫩多汁/擠上檸檬很讚/但個人覺得偏鹹/建議可以少加點鹽/用餐完還有甜點/熱的綠豆薏仁湯/很貼心/綠豆偏涼/煮熱的好喝/整體來說/價位偏中高/餐點有一定水準/必點應該是關東煮/茶碗蒸/我愛/下次來試試壽司
C	日本料理老店/花壽司很特別/高麗菜葉代替紫菜外衣/大受好評的關東煮/覺得蠻普通的/鮭魚炒飯口味清淡/中庸安全
D	朋友找我來談事情/計程車進不來巷子/下車走進來/真是有意思的老巷子/老店家/感覺很好/菜色也很特別/日式餐廳裡面提供滷味盤/炒飯/煎魚/魚標/炸物都很好吃/二樓有提供包廂/是談事情很適合的地方/人均約一千/性價比/三星/滿分五星/
D	位於台北車站/武昌街城隍廟附近的/添財日本料理/是一間歷史悠久的店/成立於1957年/民國46年/料理總類眾多/餐廳裡播放著好聽的日本演歌/綜合生魚片握壽司/魚肉鮮嫩Q彈/大片厚實很有嚼勁/米飯粒粒分明/高麗菜捲/高麗菜絞肉清脆多汁/很紮實/配上沾醬/香氣十足/茶碗蒸/蒸蛋綿密細緻/料多味美/有鮮蝦蛤蜊香菇鮮味十足/香氣撲鼻而來/有提供免費熱茶以及綠豆湯/很有飽足感的一餐/
D	一家在地老店/味道不錯/食材新鮮/握壽司/炒飯/炒/煮/烏龍麵/炸天婦羅/關東煮都蠻美味的/值得推薦/
D	超過一甲子的台北老店/位於西門町城中市場內的添財日本料理/今天點的都好吃/最厲害的就是高麗菜捲跟花壽司/包花壽司的不是海苔而是高麗菜絲/有機會還會造訪/隔天就又跑來一次/
D	一家在地老店/味道不錯/食材新鮮/握壽司/炒飯/炒/煮/烏龍麵/炸天婦羅/關東煮都蠻美味的/值得推薦/
C	這是/1200套餐/加一成服務費/最驚人的是/精緻壽司/這三貫極普通的壽司讓我忘記我是在50年日料老店/有圖有真相/這套餐不值這價格/應該是貴在手工吧/ps/用餐途中聞到店裡有煙味/師傅對待外場服務生的態度令人不敢恭維
D	隱身在巷弄裡的/添財日本料理/60年關東煮的老店/關東煮真的是我吃過最好吃因為本身對關東煮還好/結果醬汁滷得甜甜的好涮嘴/超開胃/又不小心加點了/荸薺丸子/好愛荸薺/第四張條狀物看似其貌不揚/卻是今晚我的第一名/烤牛肉蘿蔓/師傅的燒烤功力一流/油花跟焦香味多層次搭配/蘿蔓的清爽迅速解膩/這我可以吃無數條耶/鹽烤雞腿也很棒/師傅烤的外皮酥脆/內裏爆汁/肉質軟嫩不乾柴/汁狂流啊啊啊/也是必點/鰻魚飯/調味很棒/不輸給知名的排隊名店/料好實在/推薦可以來這邊吃鰻魚飯/很讚/很復古懷舊的店/吃得很舒服很chill/適合下班來享受一波
D	傳統偏台式的日本料理老店/位於台北市中心城中市場內巷弄/價格不算平價有點小貴/但還是算好吃/推薦關東煮的蘿蔔/
C	二訪沒有一訪驚艷/關東煮和花壽司都還是不錯吃/但今天茶碗蒸有點腥/赤身部份因為只有兩個人/有請師傅準備小份一點/服務生說好那請師傅幫你配/的確是我們沒問價格/最後結帳時兩人吃1800/有點嚇到/整體來說是不錯/不過不會再專程來吃了/
D	據說已經是經營了一甲子老店/店內裝潢整潔明亮/有濃濃的日本味/一坐定位/店員會送濕毛巾/這應該是夠傳統的老店才會有的動作/頗令人懷念過去吃日本料理的體驗/餐廳的關東煮很值得嘗試/食材經過高湯燉煮的味道很濃郁/絕對有別於便利店的口味/有一種很道地的日本味/師傅處理關東煮的手法也很專業/這應該是好吃的主因/今天也點了日式涼麵和豬排定食/口味也很棒/份量很夠/價格很划算/炸野菜天婦羅味道也很棒/菜葉酥脆/牛蒡絲香甜/很好吃/店內客人絡驛不絕/想必是許多老饕喜愛的店/值得推薦
C	第3代的小老闆/素質很低/說話態度很硬很差/雖然是60年的老店/沒有第2代老闆娘的一手撐起的態度/要不是有阿公阿嬤的前人種樹哪有今天的現成的/雖然他不差我們家40年的老客人/要去的客人/千萬千萬三思啊/這種每天只有在賺錢不懂的待人應對/沒在外頭訓練過/可能書也讀的很有限/相信不久的以後他會大退步
D	關東煮的蘿蔔非常入味好吃/白菜捲也還不錯/豆腐有一點魚腥味/加點的明蝦沙拉非常新鮮有彈性
D	美味しかった/老派台灣味日本料理/城隍廟祈福禮拜後首選名店/o/丿
D	用餐時段肯定高朋滿座/人數到齊才可入內用餐/壽司跟關東煮一定要點/全部吃完還有飯後甜點
D	天丼/豬排親子丼/炒飯料好實在/關東煮料實/服務超貼心/唯一缺點發票要提醒/不愧是老店可繼續支持
D	料理很道地/烏龍湯麵以及豬肉羅曼卷口味超讚/強力推薦/魚下巴肉非常厚實/嚐起來還有肉汁/但個人覺得如果烤的再酥脆一點/會比較好吃/
D	第一次嘗試外送叫天婦羅烏龍麵/本來擔心天婦羅會混在湯裡變軟/沒想到店家還蠻貼心/把炸物跟湯分開放/味道很夠/道地的湯烏龍就是要有濃濃的昆布跟醬油味/吃完會想要再來一碗/
C	週五中午用餐選了800元的定食/因用餐人潮頗多/以致上餐時間拖延許久/催餐後發現是師傅漏單/這也就算了/但餐點的內容明顯與菜單標示不符/主菜明太子秋刀魚竟被換成便宜的雞翅尾翼/詢問後才說因疫情秋刀魚缺貨/店家有權調整菜單內容/但售價不變/若非客人主動詢問/店家還真把客人當傻子了/另外時令魚湯碗裡只有一顆魚眼球/看了實在倒胃口/旁邊又有蚊子飛舞/最後結帳時還得付一成服務費/這樣不誠實/環境差且服務態度不佳的餐廳/實在令人不敢恭維/給一顆星都多餘/
C	比我的年紀還要大的店/每隔一段時間都會去回味一下/基本上還能維持一定的水準/因為價格也不算便宜/所以必須更努力更用心才能在強敵環伺的台北日本料理界存活下去/當天的必點的招牌關東煮湯汁過濃/吃不出食材的原味/記憶中肥美碩大的握壽司也縮水了/吃不到滿口豐腴甜美的滋味/各種炸物/丼飯/麵類還是很不錯/還有令人懷念的蛋包飯/添財原本可以選擇的菜色就很多/對於這種老店/希望能將自己的招牌菜盡心盡力/保持原汁原味就好/這是一個老客人衷心的期盼/
D	解封後馬上來吃/日本料理真的讚/喜歡來這吃烤魚煎魚/關東煮一級棒
D	手卷用白蘿蔔卷很特別/壽司用高麗菜當外皮脆脆的口感不錯/定食小巧豐富/好吃/
D	老店舖/服務生很親切/有點台式的日本料理店/有超值的定食/也有新鮮的漁獲/有味道的關東煮/餐後附上小甜湯/完美
D	食材新鮮好吃/吃完每人都會有一份甜點/
D	一家隱藏在小巷內/融合台灣特色的日式料理店/這次前來點了豬排親子丼/鮭魚炒飯/野菜天婦羅/豬排口感紮實/丼的味道偏重/帶有甜味/好整體還算不錯/如果不喜歡洋蔥的話可能要考慮一下/鮭魚炒飯就是中華炒飯/飯偏濕潤/比較沒有台式粒粒分明的口感/野菜天婦羅的口感皮薄/需要儘快食用/餐後有招待溫的綠豆薏仁湯/薏仁有煮到化開/蠻好吃的/大致如上/另有關東煮似乎也不錯/待下次回訪再做品嚐/
C	因會議需求有預訂便當199元9個/店家送來沒有提供餐具/也沒有在預訂時提前告知不提供餐具/打電話給店家反應/希望下次能否提醒沒有供餐具/但店家態度非常差/直說不然現在你要我們怎樣/你只要告訴我結果就好了/這樣的態度/未來如果有需要會議需求實在不適合跟店家預訂/
D	料理好吃/用料實在/人員親切/價格平價/有機會再上台北/會再次消費的/
D	讓人懷念的好味道/
D	昨天適蓬週六去巨泉助聽器修理及再購買新機一具交替使用/去時近十一點新機須多次測試故十二點休息時前往台灣城隍廟巷內上添财日本料理店已第二文來比午餐/因國六不附近旅客多樓下已客滿了/服務人員引美至二樓則座下不久亦逐漸多人上來用餐/先送混茶後久第一道菜蒸蛋內含海鮮香菇/第二道鮮蝦炸蕃薯粉含青椒/紅薯第三這為三類寿司/第四道為綜合生魚片最后送仙草甜點服務佳/附近有雜货市場及到二二八公園/博物館/各大銀行/参拜城隍爺/参觀總統府及外交部办事/附近書店多交通四過八達/办事后到此享受巷內寧靜午晚餐
D	天婦羅定食看起來炸物不多/但實際吃下來份量夠/新鮮沒有油耗味/小菜附的味增魚很好吃
C	天丼/炒烏龍麵/關東煮/味噌湯/飯後有提供綠豆湯/有收服務費/
D	最近吃到最好吃的便當/有家的味道
D	臨近沅陵市場/為60年老店/關東煮及蝦仁炒飯喜歡/炸蝦及綜合生魚片也不錯/
D	服務很好/上菜也很快/鮭魚生魚片肉質鮮甜/鮮蝦花壽司料很多/關東煮也很好吃
D	很棒很好吃喔/還有支持醫護人員真的很感動/期待疫情後能到店享用
D	關東煮很入味/超好吃/芋頭丸子必點/牛蒡一般般/軟殼蟹壽司還不錯/就是很台味的壽司
D	是一家傳統的老店/在地的日本料理/有套餐丶定時丶關東煮也不錯/選擇性很多/價格也不會很貴/聚餐請朋友吃飯都合適
D	/食材新鮮/搭配起來不搶味/推薦/招牌花壽司/關東煮/清炒牛蒡/蒜味蛤湯/東西都好吃/但份量過少/不是精緻是真的很少/只注重好不好吃/不在乎cp值的人可來一嚐
D	雖不便宜/卻是美食
D	可奢可簡/台式日本料理代表/廚房炒跟烤工一流/有許多外面餐廳吃不到獨特料理/
D	蠻好吃的/喜歡高麗菜捲/80/天丼/130/加一成服務費/吃很飽
D	場地寬廣/菜單豐富/
D	台式日本料理的經典/從小吃到大幾乎沒變的好口味/關東煮/炒烏龍/蛋包飯/花壽司/樣樣都保留著老手藝的美味/
D	吃了兩次來給星/月見海鮮湯烏龍真心覺得值得推薦/有蝦/鮭魚/雞肉/青菜/豆皮/融入蛋香的略帶柴燒味的湯頭/泡在湯裡已入味的烏龍麵軟而不爛/實在好好吃/另外蛋炒飯也非常有層次/火候掌控的很好/飯的軟硬度適中/一口接著一口不小心碳水化合物攝取過量/
D	歷史悠久的老店/環境整潔/關東煮煮得很軟爛/牛蒡甜不辣跟高麗菜捲都很厚實/煮得入味一咬滿口湯汁/很好吃/炸豬排厚實酥脆/烏龍麵的柴魚味十足/肉絲蛋炒飯有蛋香味跟鑊氣/都很推薦/價格有點小貴/
C	味道不錯/不知道店家在急什麼/套餐未上完就急著把客人的筷子丶餐具都收走
C	口味慢慢變化中/好可惜/關東煮/花壽司/秋刀魚握壽司/麻油劍旗魚/炒烏龍麵
D	乾淨/親切/食物好吃/多樣化/關東煮是女兒的最愛/會再一次光臨的/
D	台式老牌日本料理/食材新鮮/價位適中/服務普通/招牌關東煮/高麗菜捲/蝦卷/蘿蔔/搭配獨特的醬料/
D	便宜又好吃/天丼/親子丼都是130/10/但是有茶有湯有甜點/綠豆湯/服務人員都非常親切/用line加好友有送關東煮蘿蔔哦/本月/
C	才晚間六點多/這家店就已經熱鬧滾滾的有許多食客們用餐/小朋友也大口吃著壽司/好好吃喔/
C	牛肉壽喜燒3/5分/上菜速度3/5分/服務4/5分/烤雞肉串3/5分/關東煮4/5分/牛肉壽喜燒cp值太低/味道普通/其實就是湯少的火鍋/肉質偏硬/鍋子很小煮的時候會一直噴出來/不推/
D	關東煮/生魚片/馬頭魚一魚兩吃/烤/味噌湯/烤牛小排都非常好吃/難怪高朋滿座/
D	老店鮭魚炒飯/關東煮都很有功夫/吃飽有甜點
D	歷史悠久的老店/食材新鮮/服務態度很好/配菜稍有疏失不夠細心/生魚片數量隨意切片/每一種都比客人少很多片/
D	個人覺得關東煮/高麗菜捲跟蘿蔔/非常好吃/味噌湯很喜歡/握壽司感覺比較貴
D	東西好吃/懷念的好滋味/但老店員的服務真的很不行/態度不好/上菜飛快/整頓飯吃下來好緊張
D	服務超親切/味噌湯魚肉多多/壽司関東煮好呷/
D	關東煮很好吃/推薦高麗菜捲/蘿蔔/福袋/蒟蒻/
D	古色古香的風味/座位環境舒適乾淨/同行友人的餐點到了/但蝦仁炒飯居然特別久/有點意外/
C	生魚片定食菜色豐富/美味可口/但是使用鯛魚做為生魚片的主料/感覺有點不到位/
C	還不錯吃/牛蒡天婦羅跟肉絲炒飯必點/握壽司跟生魚片不便宜
D	10年沒來吃了/依舊生意很好/東西好吃/店員親切/吃日本料理的好選擇/
D	老店就是有一定的水準/每次來都必吃關東煮/停車都停中山堂/
C	關東煮在水準之上/大致上很不便宜/炒烏龍很清淡/炸蝦天婦羅普普
D	老牌日本料理店/東西都不錯吃/
C	天丼的皮送來就爛爛的/下面的白飯很油/炒烏龍非常普通/態度不好/再加一成服務費/不ok
C	超過一甲子的老店/東西新鮮/服務也親切/台式日本料理/
C	用戶戶送點此家食物/點/咖哩炒飯/但收到的是/咖哩炒烏龍麵/麵體不Q非讚岐烏龍麵/所以有點軟爛不適合外送/蘿蔔煮的夠軟跟入味/可惜就在吃烏龍麵時卻咬到了一個塑膠物/令人對此家品質感到疑慮/以後不會想再光顧/
C	餐點還行/服務態度給人感覺極差
D	食材新鮮好吃/師傅料理手法佳/調味多樣化/奢簡由人
D	很棒的台式日式料理/懷念的炒烏龍麵/關東煮很夠味/服務很好
D	日本食堂的感覺/老店/餐點中規中矩
D	傳統食材卻能作出非凡的料理/加上E化的點餐/讓人耳目一新/高朋滿座不無道理/甜不辣料理中新加入的荸薺丸子/軟Q中帶著脆爽/值得推薦/
D	熟悉的老味道/關東煮非常入味
D	隱藏在巷弄中/很好吃的店/關東煮必點/牛肉羅曼卷超級推薦/
D	烤香魚/肥滋滋/烤的又很香/超級好吃/建議可以點蛤蜊湯/炒飯/定/食/都是很好的選擇/
D	招牌手卷/必點/超級好吃/
C	親子丼及蛋包飯便宜又好吃/外送會漏餐具/有些困擾
D	CP值很高的台式日本料理店/城中市場附近巷子的巷子/生意卻是好的不得了/推薦的朋友小聚聊天餐廳
C	吃了20多年/一直覺得物美價廉/但最近發現/價格變高/跟食材相較/份量差很多/可惜了老招牌
C	兒時的美味/隔了30多年後來吃/真的吃的只是回憶/
C	晚餐點的是生魚片定食附上一碗冰仙草共350再加一成服務費/覺得有點貴/炸物是炸蝦/炸過頭/口感很柴/蒸蛋上面放了一片魚板/以為是海鮮口味/湯匙一挖才發現中間食材只有一塊肥豬肉/主角生魚片吃起來應該尚未完全退冰/不會再前往用餐
D	好吃/素食者也可在此品嚐到美食/
D	老台北味的日本料理店/台式好客/台式烏龍炒麵/自成其風格
D	魚肉湯有魚鱗沒刮乾淨/炒飯有點油/但是好吃啦
D	關東煮推薦
D	還算可以/服務態度也很好/但要多收一成服務費喔/覺得有點不划算
C	餐點不錯吃/惟服務態度尚有進步空間
D	這個是軟殼蟹壽司/我個人覺得很好吃/大家可以去吃看看
D	服務親切有效率/座位舒適/店內環境相當整潔/防疫措施落實/
C	壽喜燒打雷請小心/傳統的老店/人情味濃厚/老闆娘眼神銳利
C	肉很硬/可能希望訓練我們的咀嚼肌/茶碗蒸還不錯/菇長得很討喜
D	除了價錢小貴之外/其他都還不錯
C	也算是老客戶了/但自年輕一代接手後/就找不回老店的風味和人情味/看到老闆對別桌客人咆哮/刁難/我們原本開心的聚餐/卻像上門乞討/膽戰心驚看人臉色/完全不推薦前往/
D	從小到大的好味道/屬於台灣人的日本料理
C	關東煮好吃/服務不太好/價格有點高/頻果西打/要50/
C	12/15時共5人/四人到場問能不能先進去點餐/櫃檯先生回覆/如果一定要先進去/只能用餐到1點/因為怕發生一人佔桌的問題/我們四人先進去點餐第五人來就吃不是加快了換桌率嗎/且用1人來比喻我們4人/讓人覺得是否是因為客人多/比較不在意呢/
D	有點小歷史的店/傳統台式日本料理的好口味/
D	關東煮必點/還有好吃的天丼/
D	傳統台式日本料理/經典美味/關東煮必吃/
D	牛蒡甜不辣與壽司都好吃/
D	十分老字號的台式日本料理店/
D	食材好/價錢公道/服務親切/有人潮/
D	平價/除了丼飯類好吃/關東煮也非常好吃/
D	好吃的關東煮/假日沒有定食/炒飯不錯/份量有點少/希望抹布可以洗一下/桌子有點味道
D	台式風味的日本料理/關東煮的高麗菜捲和菜頭都很夠味/很好吃/定食套餐的份量也很大/吃得很飽/
D	很道地的台式日本料理/生魚片肉質紮實鮮甜/炒蘆筍鮮嫩多汁/鮭魚炒飯有媽媽味道/
C	109/12/26晚上用餐/跟女友去吃/因為不是很餓所以點的不多/但是頻頻被店員注目/用力地看/點了關東煮跟綜合壽司/水準上算是不錯的店/但店員看到別的客人點餐就大喊著/他們應該沒這麼快點餐啦/讓人感覺到訝異/原來堂堂的老店就只是想求個翻桌率吧/失望透頂/不會再訪
D	台灣版本的日式餐廳/東西都好吃/服務我們這桌的是阿姨/就感覺很像親戚這樣/所以如果是希望有王品/鼎王鞠躬的人會失望/特別提醒很多東西都寫/時價/要問清楚再點/11人原本預估大概一人一千最多/結果後來一人要1600左右/後來的結帳價格/我覺得cp值不是很高/很多高級台式的日本料理不需要花到這個價格就可以吃到相同的東西/不過東西是真的好吃
C	又貴又不好吃/服務還很差/尤其是二樓的紅色衣服短髮女店員/臉不知道在臭幾點/完全沒服務還要服務費/菜晚上/大家都吃完有一位的餐點才上/上錯菜/我們結帳時發現數量不符/明明點一份餐點/帳單卻寫兩份/結帳時跟櫃檯反應還硬拗說餐點裡有兩隻蝦所以寫2/但我們拿到的就是上錯的菜只有一隻蝦/還好上菜時有拍照作證/真的無言/
C	東西我覺得還算可以/服務的態度真的是有待加強應該都是自家親人經營服務的感覺不是很親切/
C	添財我從幼稚園就開始無時光顧的餐廳/到現在結婚生子還是偶爾帶著孩子去/只要想到蛋包飯/孩子們就是知道要吃添財/這麼多年下來/食物還是依舊美味/但服務卻讓人汗顏/點餐時問年輕服務生是否有肉鬆壽司/沒有的話可以說我們沒有喔/或者直接說我們是捲壽司/而不是面顯不悅還白眼/說/蛤/口氣不耐煩的說只有捲壽司/Hello/介紹menu應該也是妳的工作範圍內吧/之後知道我不悅/還跟另一位年輕女服務生抱怨/抱怨人之常情/是否可以選在店後抱怨/而不是在客人可以聽得到的範圍/話說/我的不悅也是因為我去一間餐廳吃飯/卻要看服務生不悅的臉/不太懂/為何我需要和悅/If/you/are/looking/for/a/traditional/Japanese/style/restaurant/this/is/the/one/you/gotta/visit/The/food/is/delicious/but/not/the/service/You/might/be/served/with/a/rude/young/waitress/who/doesn/t/enjoy/the/job/neither/talking/with/you/She/complained/to/her/colleagues/that/I/was/angry/just/within/100m/EXCUSE/ME/I/am/still/here/Why/be/the/waitress/when/you/don/t/enjoy/your/job/
D	價位中等偏上/但是料理是高級的/
D	知名日式料理老店/美味好吃/價格偏高/但是店裡阿姨的服務很棒/
C	吃了很多年了/兩個人點兩份天丼/結果吃不到兩口/下面的飯超油/只吃一半就無法吃/但沒有吃飽於是就點了牆壁上沒有標價的菜單/一條巴掌大的乾煎馬頭魚/也是柴柴老老的/更失望的不是這樣/結帳的時候1350/問了服務員竟說馬頭魚950/建議牆上的無價格推薦菜單/要先確認價位再點餐/不然只能啞巴吃黃蓮/佬ㄟ孩/以後不會再去了/
D	道地日本料理/生魚片都有經過熟成/非常美味/關東煮非常棒/必推/
D	不管去吃過多少次/就是美味佳餚/
D	數十年如一日/有新的菜單及擺盆方式/沅陵街的横巷内的老店關東煮是必吃的美食
D	不錯吃也有平價的午餐可選擇
D	年輕的接手經營/出菜迅速正確/簡餐一百多元/有熱茶小菜熱湯主餐甜品/陶瓷餐具出菜/高貴不貴/給他拍拍手/
D	藏身台北巷弄的日式料理老店/高朋滿座/如果沒訂位可能會吃不到
D	關東煮好吃/丼飯類量稍少/收一成服務費/價格還是不貴
C	疫情期間外帶/完全沒有先後順序章法/而且在等了很久後/還少給一項/我自己清點發現/還怪我點太多/服務態度很差/
C	當天我們點了一份蝦天婦羅/菜單打錯寫2/最後結帳我們去詢問/櫃台店員態度很差/應凹成是因為有兩隻蝦/結果我們說我們只吃到一隻/他還不相信/是因為剛好有拍照片拿給他看/他才說那是做菜的人做錯了/嗯/就這樣/很荒謬/最後確認是一份的錢我們也就沒說什麼/但完全不承認自己的錯還理直氣壯/搞到心情很差/絕對不會再去第二次/請問生魚片有七片帳單怎麼不打7/
D	關東煮的蘿蔔/蒟蒻/牛蒡天婦羅/都超級好吃/炸蝦飯/湯烏龍麵/今天多點了烤雞腿好好吃/懷念的味道/
C	牛丼/豬丼/根本是極大量洋蔥加醬油炒絞肉淋在飯上/跟我印象中的丼飯長的完全不一樣/份量很多是沒錯但飯很濕/味道也很淡/蛋包飯也很普通/想來這裡的朋友點關東煮/壽司就好/不需要點飯麵類/有來嘗鮮過就好/不會再二訪
C	價格實惠/樓上有小客房/在城隍廟旁的巷弄內/沒法停車/是間老店/中午有休息時間/14/30前須點餐完成/燉蘿蔔好吃/但偶而有些蘿蔔會有點苦味/
D	不愧是老店/雖然部分餐點普通無奇/但一些需要經驗與用心的部分表現的很好/如炒飯普通但是花壽司與關東煮都很好吃/
D	最好吃的關東煮/沾醬超讚/
D	很有早期日本料理店的感覺/厚厚的菜單很多菜可以選擇/烤香魚/烤蝦/烤飯糰都不錯/也有關東煮跟各類炒飯/蛋包飯/很值得偶爾來吃一下/有點要注意/烤蝦很好吃/不過在牆上的推薦菜單上沒有標價/記得要詢問價錢再決定吃不吃/很好吃/不過不便宜/
C	最近有婦王鴨肉店霸凌外送員的事情/讓我想起/兩個月前這間添財日本料理店也跟這個鴨肉店的一模一樣/也一樣讓外送員等好久然後嗆外送員/後來外送員等不下去了只好自己棄單/另外/這間服務員的歐巴桑口氣也很爛/
D	CP值高/但可能剛改成只能外帶/人手不足/生意太好/建議先打電話預訂
C	說真的蠻失望的/因為網紅的介紹/特別去品嚐/稻禾壽司第一口就感受的米飯/硬/鬆散/握壽司的感覺也是/米飯硬/鬆散/炒飯更是一絕/肉絲炒飯/蝦仁炒飯/米飯軟爛/說真的外面一般熱炒的炒飯更好吃/高麗菜花壽司/並沒那麼特別/高麗菜薄的跟菜乾一般/關東煮/牛蒡天婦羅/好吃/價格合理/高麗菜卷偏小/比開封店口味差/福袋更誇張/二樓樓梯口/擺放整理廚餘/用過餐盤/感覺很不妥/炒烏龍麵/口感很好/份量偏小
D	老牌子/服務好菜品精彩/
D	是很台的日式料理店/価恪公道例如中午套餐每份/350元/份量不少生魚片新鮮/天婦羅吃吃/很可惜附近沒停車場/但生意很好/丶
D	生魚片很新鮮好吃
C	女服務生態度很差/日式料理店/放盤子的力度很大力/上醬料盤的時候是手拿醬料盤把其他東西/推/走然後放下/上比較遠的食物時不是走到另一邊放/而是直接站在對面/讓盤子一邊靠在桌子上後/直接放手/盤子落下來/以台式日式料理/這種價格也確實偏貴/綜合一切/不會再來消費/
C	餐點不如前服務水平有待加強
C	吃了30年/以前是常客/現在來訪吃的則是/回憶/小時候爸媽努力賺錢帶上年幼的我和/妹妹/一家快樂的享用日料大餐/物質匱乏/的時代是那樣的簡單幸福/長大後也常自己/或和人去吃/直到有一次吃到我最愛的關東/煮/蘿蔔/菜卷/豆腐全都是白色的/沒有/任何入味/當下有點生氣和小難過/記憶總/是美好的/而經營一家店難/一本初心更難/啊/
D	價格偏高/食物精緻/服務態度一般
D	田井推薦/黑輪經典/
C	在公司附近/算常吃/但印象一直不好/東西不便宜/口味也沒多突出/也許要點高檔食材才能展現它的功力/客人全是年紀大的人/遲早被遺忘/想吃日本料理/預算夠吃三井/預算緊吃寶船/梅村/麗都/不必特定跑這裡/
D	朋友大推關東煮油豆腐
D	非常推薦握壽司/店員親切又快速/
C	第一次來貴店用餐/指著菜單的圖片說要/天婦羅丼/圖片上也寫/天婦羅丼/送來天婦羅丼湯烏龍麵/和店員表示點錯/店員很直接的反應說/那一定是你們說錯/還要再和店員說/我們是指著菜單的圖片說/天婦羅丼/店員讓我們翻菜單比對/想說算了勉強接受後/店員說/既然想吃下次再來吃/嗯/很抱歉我覺得沒有下次
C	點餐價格不誠實/透明/點餐時會推薦客人點更多的量/然後用/點這個可以幫你最多加/東西哦/原本以為的可以加是人情味的代表/結果只是害你點更多錢/多點會變貴我ok/但是這種話術讓人多付錢無法苟同/店員超沒禮貌/結帳的時候擺一張臭臉/我是有欠他錢/當下也沒有亂吵亂鬧/是在臭臉什麼我也不懂/這種店即使不難吃也不會再訪/
D	添財是一家老店/小的時候/我母親常帶我們來吃/去年11月/我回到台灣/再光顧這家我們從小就喜愛的餐廳/我們點了湯底的甜不辣/內有白菜包肉/牛肉丸/蘿蔔/和蒟蒻/還點了炸蝦/炸魚片/生魚片和手卷/味道真的太好了/價格也非常合理/我真心推薦/沒來過添財的朋友可以來此享受這裡的美食/
D	生魚片定食/新鮮/綠豆湯好喝
D	對同等日本料理店來説C/P/較高/鹹甜都較重/服務態度也不錯/
D	生意太好顯得沒啥服務
C	吃炸蝦定食和生魚片定食/炸蝦小小一條蝦/軟軟不好吃/3小片炸蔬菜/而炸蝦醬汁沒味道像水/其他2盤配菜像剩菜一樣/很難吃/另外生魚片定食才4小片/但定食卻要350/小費快400/真的是踩到地雷/吃過最難吃又不值/都不想拍照/一星也不想給
D	外婆介詔的日本料理/說吃了很多年/一進門看到真的都是有點年紀的人/不過還滿好吃的/有點台式日本料理/都比原來日料甜一點/不過偶爾懷舊也是不錯der
D	從小吃到大的美味/尤其是關東煮入味又實在/值得一試的好滋味/
C	味增湯超鹹/烏賊超小/份量大概不到正常燒烤的一半/服務超差/等一段時間之後看我們桌上吃完了還沒走/才來問是不是有菜還沒上/實際上菜還上不到一半/一個多小時後/問服務生鹽烤雞腿怎麼還沒上/服務生才恍然大悟的說/喔/雞腿要烤熟一點才可以/上菜之後/一支手掌大的雞腿/烤一個多小時/價錢還不低/這樣的價位/沒要求又要質又要量/但質跟量至少要顧到其一/結果不但質不佳/量也不足/
D	今天中午臨時選擇了這家/店內滿滿的客人/高CP值而且店家服務也很好/
C	其實可以給3/5星/傳統的台式日本料理/主要吃回憶/服務態度比前幾年好許多/價格偏高/帶點微辣味的關東煮沾醬別樹一格/值得一試/
C	兩人坐位很小/對高個頭的人坐起來/手很不舒服/當日吃的是天婦羅定食/我覺得可以接受/但是沒有特別好吃/
D	天丼最划算/午餐來這邊吃有種懷舊悠哉的氛圍/很不錯
C	今日用餐/餐點有點普通不值/跟他反應餐點未上/還弄不清楚狀況/店員服務態度很急躁/像趕客人一樣/
D	好吃/精緻/服務好
C	許久沒來的老日本料理店/再次前來似乎有重新整修過/價位稍高一些/七片鮭魚生魚片400元/其他同型店家約200/300元/鮭魚卵手卷150元/其他店約100/120元/店員也不是很親切/感覺上不如記憶中的好印象/
D	價位和品質來說很滿意/今天點蛋包飯和炒烏龍/外加一碗魚片湯/平時出門也不是想吃大餐/只是想吃得安心和健康/飯後有贈送甜點綠豆湯/很好吃不會太鹹和太油/下次會再來/
C	爛透了/以前午間套餐感覺還可以/特地公司聚餐辦這裡/且事先都溝通好費用的餐點且可刷卡/結果呢/天婦羅食材/像早上營業剩下來的/其他菜色爛的比迴轉壽司還差/跟老闆反應/居然還叫我們同事不要在討假還價了/最後要刷卡/說要在收5/太誇張了/太誇張了/老闆態度超差/晚上要去用餐的/最後有心理準備/地雷/地雷/
D	/有飯後甜點/食材新鮮/超棒/平日中午來用餐也是很多人/很多老饕客/生魚片食材新鮮/天婦羅好吃/握壽司哇沙米放在生魚片底下/專業/上菜速度快/餐後主動附上甜點/可惜沒吃到招牌關東煮/會再回顧/
D	手卷壽司小菜都不錯吃/蘆筍烤肉包裹著吃十分可口/除了吃不出來魚膘的美味之外/炸物蝦及烤魚都非常美味可口/
D	隱身於巷弄中的驚奇美味/尤其是招牌關東煮/大根/芋頭/高麗菜卷是必點項目/比目魚握手司/滴上幾滴金桔汁/與滿滿的魚脂在口中形成協奏曲/鮮甜的蘆筍手卷/適合炎炎夏日享用/用完餐後還有招待降火氣仙草/非常值得前來/
C	關東煮好吃/其他東西還不錯
D	80多年的老店/用餐時總是人潮滿滿/生魚片因為新鮮所以鮮甜好吃/決不怕吃到不新鮮的/
D	藏身在大廟旁的小巷內/這家名聞遐邇的老字號日本料理店在在地人和附近居民心中的地位早就是隨心逛逛走來/順便點個幾道填飽肚皮/再少少的付個幾百塊恣意離去的閒暇店家/其重要性在這個地域早就不言可喻/店家提供的餐點雖然看起來都正正常常的還是日本味的名稱/然而實際擺盤/用料都已經深深的往台式日本料理走了許多/以關東煮為例/那不管是吸飽湯汁的蘿蔔還是竹輪/你任一口咬下去都無法把它和道地的日式關東煮做聯想/雖然已走台風/但用料和美味程度仍是一點也不馬虎/
C	味道不錯/價格偏高/只可惜服務生服務差/我說小姐麻煩請加茶/她說等一下/至少等了五分鐘/才四桌客人/其實應該說/好的請等一下/可能快過年了/所以耐性不夠
D	有點偏台式的日本料理老店/湯烏龍麵很好吃/麵很Q口感很好/豬肉丼飯的豬肉滿滿/肉也不會太老/還算不錯吃
D	平價口味不錯的日本料理店/也有較高價位的選擇/也有提供關東煮
C	對於很多人而言/這一家店會喚起古早的回憶/台式風格的日式料理內容還算優/但服務品質有待加強改善/
C	服務態度有夠差/菜色完全不行/老闆娘配的套餐/我也是暈了/吃到最後真的很傻眼/詢問老闆娘他還比你兇/公道價啦/我真的是抓了一隻傻眼貓咪呀/想說算了/拿出信用卡結帳/居然要加5/這不是黑店/什麼是黑店/不推薦X100/
C	很喜歡這一家餐廳/悠閒/又懷古/吃多吃少自己決定/有關東煮/蛤蠣湯/很清甜/稍有鹹味/有時候是個烤魚/煎魚/過過癮/不用擔心在家裡油煙/滿堂/價格合理/實惠/有家的感覺/
D	小時候常和爸媽來吃/算是童年了/經典菜是天婦羅/甜不辣/必點的/還有炸蝦也不錯/比較喜歡用餐安排在房間/很有安全感XD
C	稻荷壽司尚可/覺得豆皮的部分口感不好/飯的酸鹼值也未掌控好/蛤仔湯雖然用了比一般還上許多的蛤仔去煮/不過卻沒什麼味道/薑的味道最重/不是很喜歡/期待更濃厚的蛤仔味/炒牛蒡非常的生澀/要脆不脆/說嫩不嫩/醬汁調的很差勁/也一點都不入味/實在不像是由一件間老牌日本料理餐廳所做出來的菜/當天稍微滿意的是天丼/日式炸料飯/飯上擺滿了炸物和醬汁/還有較少看到的炸的碎粒/醬汁蠻好吃/尤其淋在飯上非常搭/只不過飯因為站到很多炸物上的油/原本已經有油膩感/再加上炸碎粒/吃多了會讓人感覺過油/除此之外/天動整體上架來說還不錯/cp值較高/唯一較好吃的是飯後小甜點/燕麥紅豆湯
D	懷念四十年前剛上台北讀書/曾留日的父親帶我常去光顧的添財/老店吃的是溫度與無盡的思念/
C	添財如果生意不好有一半的原因絕對是老闆娘服務態度不好/一副很會算計的嘴臉/斤斤計較和不友善的態度/點個菜那麼不耐煩/我來吃飯還要看妳臉色/妳連服務業最基本的笑臉迎人都沒有了跟人家開什麼餐廳/服務態度差還有臉跟人家收服務費
D	有點貴/點了關東煮跟花壽司跟天婦羅定食/覺得定食比較划算一點/定食有魚卵/蒸蛋/炸九層塔等
D	真的想不到在一個防火巷般的巷弄內典藏了這樣一間老饕級的傳統日式料理店/我受教了/服務生的大聲吆喝透露出該店堅持老派作風/消費額可高可低/端看你點的項目/建議大家親自體驗/
D	城中市場老店之一/台式日本料理/關東煮高麗菜卷扎實又豪邁/蘿蔔燉煮入味/另有平價丼飯或炒烏龍可選/免費送甜湯/服務很親切/
C	爛店/2020/02/14/20時15分/店家說除壽司外都有/我點雞肉串/20時35分/聞到店內開始有人在抽菸/20時45分/告知已無食材
C	服務態度差/急著趕客人走拼翻桌率/菜還沒上完/就急著送甜點/誇張至極/口味非常一般般/並不是精緻日式料理/價格太貴/現在一般用餐時間都還有90分鐘/還想給零顆星/
D	融合在地風格的日本料理/食物品質還是不錯的/只是比較不適合注重食物外觀的年輕人/另外/也因為有很多當日限定的食材/點餐方式相對來說對生客比較不友善/
D	台式日本料理/關東煮不錯
C	添財日本料理武昌店/日本料理店一向以服務親切/待客和藹為人著稱/可是這家店卻恰恰相反/不僅上菜慢速不說/稍微抗議卻遭像是老闆娘的兒子以台語粗言相向/甚至要打人的態度對待客人/言語態度惡劣/令人髮指/台灣台北市竟有如此的日本料理店混跡其中/實在不敢令人相像/真的是日本料理店店的恥辱/更重點的是/東西又較別家的貴/
C	不錯的食物/帥氣的師傅/爛透的服務/全店外場人員瀰漫著老闆不給請喪假的奇妙氛圍/如果改採投幣機購買餐券並自助取餐的方式經營/4顆星會是應得的評價/
C	今天吃到一條魚蛋沒有烤熟的香魚/店家就改收沒有魚蛋的香魚價格/知道後態度是不差/只是食物發現有問題的處理方式/會讓人傻眼
D	關東煮大推/蘿蔔很入味/就算一個人/兩三個人也可以來吃/簡單點個烏龍麵/還有餐後甜點/紅豆湯或仙草呢/環境也很不錯
D	好吃的老店/關東煮必點/
C	多人用餐/一定要請侍者確認單價/因為隨著人數不同/不論你需不需要/都會自動調高份量價格/卻未曾告知/時價/點餐人員預估的價格/永遠和實際收費相差甚多/積習難改/如果您不得已一定要來店用餐/建議請侍者覆誦價格/並在點菜單寫下每道菜的價格/避免付費爭議/還要面對店家的臭臉和酸語/台北風味好/價格實在的台式日本料理多的是/我們已有共識/絕對不再受邀/或到店消費/
D	蠻平價好吃的日本料理店/天婦羅烏龍麵和豬排親子丼份量夠味道好並且不貴/綜合壽司普通/不推
C	入味易食有維護一定的品質且大眾化/綁住深耕老客戶的心/服務人員迅速確實/SOP訓練有素/總是拿捏好客人吃的狀況/適時處理杯盤/不得罪客人且讓翻桌率達到最高效率/可以經營這麼久/負責人了不起/
C	服務態度差/對顧客極度不友善/鯖魚定食是個夢靨/根本是鹹魚又鹹又硬/是吃過最難吃的鯖魚/連一顆星都不想給
D	台式日本料理老店/有不少菜單以外的私房菜/食材高級/價格也高級/是外面吃不到的人間美味/菜單上一般蓋飯定食的價格比較親民/
C	東西是好吃/但服務態度極差/瞧不起客人吃不起他們的料理/一份餐點/說推薦/問了多少錢/不說/只說不貴/然後又問了一次/還是說不貴就是不說價錢/結果結帳的時候/那份餐點要800多/雖然不是說真的超級貴/但還是小傻眼一下/呵呵/而且不管怎麼樣/問價錢應該說清楚/不應該是給模稜兩可的答案吧/然後包廂的位子/一個人低消要800才能坐/我們只是訂位/一到就直接帶我們往包廂坐/也沒有說清楚/然後點完餐的時候/才在說/看你們是學生啦就沒跟你們說了/這裡是要一個人低消800才能坐的/口氣帶點瞧不起/我也是傻眼啦/所以吃的非常不開心/只是東西是還蠻好吃/但服務態度/很有待加強
C	點了味噌魚丼飯/和先生兩人吃完兩盤約一千元的關東煮/先生也快吃完他的牛丼/詢問味噌魚好了嗎/老闆娘用全店都聽的到的音量說/早就弄了/魚要烤要等啊/又再過了約20分/手掌大小的魚上桌/原來烤這麼小的東西要花快一小時/如果忘記弄/請誠實告知/不要還硬掰/沒有誠信的人還做啥生意/
D	東西很好吃/但他的價格跟份量不太對等/偏貴/不過真的好吃/如果可以給四星半我絕對給
C	是一間歷史悠久的老店/套餐不難吃但也缺少驚喜創意/以價格而言份量稍少/不過關東煮的菜色頗多/是比較推薦的選擇
D	用餐環境舒適/服務員態度親切迅速/價位中上/適合闔家光臨/三五好友小酌/
C	外帶天丼飯沒加醬油/完全沒有味道/只有炸物的油膩/要外帶一定要特別提醒店家
C	價格貴/服務普通/份量跟價格非常不對等/假日不提供定食/本來是想吃定食的/單點味道普通/又貴/份量又吃不飽/
D	從小吃到大/只有這家的關東煮會讓人懷念/就因爲大環境關係東西漲價又縮水/很可惜/但味道不敗/還是推/
D	在巷子的老店比較好吃/也就是在城堭廟旁的老店/較道地/而且有飯後甜點/吃過兩家之後/相互比較就知曉
D	東西很好吃/餐點非常多樣/價位比較高一點
D	花壽司超棒/
C	上菜速度不一/壽司吃完很久了湯才送過來/
D	有口碑的日本料理店/店內用餐有服務費/最低消的是丼飯/關東煮是不附湯的/單價稍高/但份量足夠/
D	吧台東西特別好吃/尤其鲁味菜頭/服務人員亦很佳/
D	這是一家經營六十一年的老店/在武昌街的巷子裡/食材新鮮/我想是客人總是滿座/長久累積的經驗/備量拿捏比較精準/口味調理夠水準/上菜速度不慢/內外場同仁搭配良好/在日本料理店中/很值得去品嚐/也是SVI會員可以消費的餐廳/
C	今天開始營業沒多久即進店點餐/另有2桌入座/等侯一陣別桌都巳上菜/本人查詢服務員先送副菜来主菜慢些無妨/孰知此時櫃台先生口出惡言眼露凶光面對本人/在此情景只好拔腿離開/此老店服務態度真爛/價格甚至比另一老店/衡陽路上/貴得多/転知親友避免吃飯受氣/
D	真好吃/日式套餐真的很精緻/關東煮也超棒/
D	老店/有很多回頭客/可單點生魚片等各式日式料理/也有關東煮/定食/丼飯/烏龍麵等平價料理可以選擇/如果喜歡保持隱私/二樓也有和式包廂/
D	老牌日本料理店/單點丼飯/關東煮/經濟實惠/也適合親子同行/假日晚餐可以先訂位/記得要準時到喔/
D	豬排飯非常好吃/炸豬排多汁/地瓜很酥/夏天提供甜點仙草蜜/吃的很開心/
D	每次來都會點鮭魚炒飯/粒粒分明的/鮭魚量也夠/不會有腥味或膩味
D	從小吃到大的老店/從裝潢到音樂有股濃濃的懷舊風/黑輪的菜頭菜捲超好吃/勝丼也不錯/值得歇腳一試/
C	真的完全不建議到這裡來吃/比添財更好吃/服務更好/cp值高的店到處都是/服務態度真的爛到爆/另外服務費不知道在加什麼的/吃完碗盤也沒收/也不會主動來倒茶什麼的/只是拿個碗筷送個餐而已/東西也沒說好吃到哪去/不懂為什麼還那麼多人去吃/
D	/鯖魚定食/豬排親子丼/價格偏高一點/鯖魚烤的恰到好處/定食的配菜具有相當水準/漬物和煮物比較突出/豬排親子丼份量充足菜料很多/豬排的麵衣也不會過多分離/味噌湯普通/
D	老字號的台式日本料理/大推關東煮/真的是CP值最高的/缺點就是座位比較擁擠/店員的服務態度/也別太計較/都是一群比較上年紀的歐巴喪是要他們態度多好/
D	50年老店/隱藏在巷弄中/生魚片定食/蛋包飯/親子丼/茶碗蒸都很好吃/關東煮是本店亮點
D	推薦鮭魚炒飯和關東煮/老店人氣依舊很旺中午客人不少/服務員態度也很好/下次有機會會再來吃
D	好吃魚類新鮮關東煮與醬料搭配讚
C	現場氣氛不錯/因為沒吃/現場客人告知是老店/不錯吃/要前來用餐一定要先訂位/不然就要等/等/等嘍/
C	年輕女服務生態度令人不敢恭維/料理普通/價格偏高/
D	非常好吃/非常古早味的店/人多時/要非常有耐心等待/
D	老牌日本料理店/單點丼飯/壽司/關東煮/經濟實惠/也適合親子同行/假日午餐要早一點到喔/
C	餐點普通/中午用餐時間二樓固定的服務生僅一人處理好幾桌客人/等待時間稍長
C	好闆娘態度超差/非常不推薦/千萬別帶小孩去/老闆娘不歡迎唷/親子不友善餐廳/臉色超差/雖然不錯吃/但CP值不高/透抽一盤700/下次不去/花錢受氣氣氣/
C	東西貴又很普通/服務態度極差/真的不知道服務費再付甚麼意思/CP/值不高/不要抱持著期待
C	好久沒吃了/價位變高檔了/只能點飯/握壽司生魚片蠻貴的/
C	環境還可以/但CP值不高/價格也不便宜/
D	可能是我吃過最佳的關東煮與生魚片/
D	本來可達五星/先給四星是因為我們是第一次光臨/點菜小姐不懂主動介紹/今日現流的私房菜/如果改善就是五星
C	今天去吃ˋ炸豬排/結果蠻失望的/肉排炸老幾乎咬不動/所幸其他的還好/服務也還不錯/如果順道經過可以一試的餐館
C	台味日本料理/生魚片品質不是很好/炸豬排很台/只去過一次完全沒吃到任何覺得美味的餐點/應該不會再去了/
C	從小吃到大的老店/但最近越吃越失望/炒烏龍麵軟爛到夾都夾不起來/關東煮品質也下滑/很可惜/
D	豬排丼與親子丼都料多實在/燴汁清爽有肉有蛋/加上小菜與甜湯很划算/
D	路過
D	這種台式的日本料理店很適合一般用餐或是與朋友/商業飯局/記得嚐嚐它的關東煮/豬排蓋飯/要提醒店家不要太多湯汁/
C	比開封街那間的服務還要爛/如果吧台師傅只想服務你們眼前的客人/就說一聲/我們就不用痴痴的等生魚片/我們的餐點幾乎一半都沒上來/一群服務生就在那邊聊天/有時間聊天怎麼不關心客人的菜來了沒/火大要離開了才在那邊說什麼好了呦/連道歉也沒有/你們把客人當作什麼呀/完全沒被尊重/這樣還要收服務費/什麼水準的店/
C	內場師傅叼著煙在處理食材/從出菜口看進去/都傻眼/
C	態度非常不ok/看臉哎呦/我還以為欠他好幾百萬/不是有收服務費嗎/東西普通/我寧願去吃三味食堂/記得/要/發/票/小/心/店/家/逃/漏/稅/餐/點/價/錢/要/問/清/楚/不/說/就/是/有/鬼
D	手卷/花壽司好吃/握壽司普普/關東煮味道不錯可嘗試看看
D	好吃/價位合理/二樓套房及窗邊和式座位區/方便且最低消費合理/適合吃飯順便/聊事情/
C	可惜的老店/懷念的味道全沒了/食物有頭髮還理由一堆/服務態度很差/顧客不是欠你們家的/
D	甜不辣/綜合壽司跟丼飯都不錯/烤下巴也很美味/時價秤重/
D	雖然內將口氣比較兇/傳統台式日式料理店特色/但東西真的好吃/有點貴/
D	日式料理不錯吃/口味佳/要搭乘公共交通工具/因巷道小不能停車/
D	環境好/食材新鮮又好吃/公司聚餐推薦點
C	以前關東煮很棒/這次去味道不一樣/定食比一般日本料理店貴
D	我愛關東煮
D	還不錯的台式日本料理/關東煮口味我很喜歡/整體價位在台北市算中等/
C	整體品質下降/關東煮不如以前新鮮好吃/服務人員也不比親切/
D	老味道新裝潢的店/客人多是上了年紀的夫婦/或是一人獨享/
D	味道不錯/但我更喜歡店內的氣氛/
D	道地的風味/尤其是別處少見的黑輪料理/
C	這個價位覺得非常普通/CP值低/也沒說特別好吃
D	食材新鮮/用餐環境舒適/建議前來用餐時需人都到齊/因須到齊才可進入用餐
D	食材新鮮/廚藝精湛/好吃/
D	蜆湯/好喝/給人懷舊感的美味日式料理/常常看到三代同行/
D	上菜速度快/東西好吃/口味有依台灣人的習慣作調整/
D	熟悉的台式日本料理/懷念的美味不虛此行
C	不是我想說/看到料理長的態度就覺得很誇張
C	食材新鮮/除了炸蝦的蝦有點太小隻/其他餐點都還滿好吃
D	價位合理/推薦親子丼跟生魚片/關東煮也很好吃
C	關東煮不錯吃/但價位偏高/丼飯/炒飯還可以/其他沒吃過不知道/
C	感覺普普/和風海鮮沙拉料實在太少/價格上來講有點貴
D	好吃又平價
C	桂魚卵/一貫/只有一顆喔/大家小心/服務員態度消極/理直氣壯/不要點錯喔
C	服務親切熱情/但結帳時才告知因人數多作雙份需雙倍價格/未事先通知令人觀感不好/
D	高麗菜卷/福袋份量多/又入味/炒飯也超級好吃/鹽燒雞腿/外酥內嫩又多汁
D	關東煮必吃/綜合刺身新鮮/但要收一成服務費覺得沒什麼服務的感覺/
D	從小吃到大的餐廳/蛋包飯必點/綜合壽司/炸蝦都很讚/
C	蝦仁炒飯鍋氣不錯/值得推薦
D	數十年的老店/能維持一貫的品質風味實屬不易/老顧客不離不棄回味無窮/
C	日本電視劇裡的傳統日式食堂感覺
C	算是中式日本料理/比較偏台菜的感覺/價位中等/菜色一般般
D	老店用心堅持/從不失望的味道/
C	烏龍麵不值/頂多賣50
C	過年期間可能因為人手不足/出菜時間久了些/也許平常日/一般假日會好些哦
D	材料很棒也多樣/屬於和漢風格的日本料理/不是道地的日本口味/但口味很好
C	關東煮味道不錯/有位老阿姨服務生臉很臭
D	天丼很好吃/飯上有淋醬油/炸地瓜甜甜的很讚/甜點清涼退火/
D	食物美味/物超所值/令人吮指回味/每次去都高朋滿座/
D	老店出菜快好吃/沒吃過的人值得來試試/
D	熟悉的老味道/有點台的日本料理/非假日才有的套餐很實惠
D	關東煮很好吃/非常台式的老牌日本料理/相當的好吃
D	完全台灣化的日本料理店/有趣又便宜/值得一去再去/家人朋友情侶都適合/
D	不會特別推薦定食/感覺關東煮比較好
D	天丼以台北價位來說/CP/值算很高/其他東西也不錯但價格算偏高
D	東西新鮮好吃/價格合理/服務親切
D	融合在地風格的日本料理/食物品質還是不錯的/只是比較不適合注重食物外觀的年輕人/另外/也因為有很多當日限定的食材/點餐方式相對來說對生客比較不友善/
D	鰻魚飯/綜合壽司和野菜天婦羅/非常美味/
C	態度非常不ok/看臉哎呦/我還以為欠他好幾百萬/不是有收服務費嗎/東西普通/我寧願去吃三味食堂/記得/要/發/票/小/心/店/家/逃/漏/稅/餐/點/價/錢/要/問/清/楚/不/說/就/是/有/鬼
D	雖然內將口氣比較兇/傳統台式日式料理店特色/但東西真的好吃/有點貴/
C	點了味噌魚丼飯/和先生兩人吃完兩盤約一千元的關東煮/先生也快吃完他的牛丼/詢問味噌魚好了嗎/老闆娘用全店都聽的到的音量說/早就弄了/魚要烤要等啊/又再過了約20分/手掌大小的魚上桌/原來烤這麼小的東西要花快一小時/如果忘記弄/請誠實告知/不要還硬掰/沒有誠信的人還做啥生意/
C	以前關東煮很棒/這次去味道不一樣/定食比一般日本料理店貴
C	對於很多人而言/這一家店會喚起古早的回憶/台式風格的日式料理內容還算優/但服務品質有待加強改善/
D	老字號的台式日本料理/大推關東煮/真的是CP值最高的/缺點就是座位比較擁擠/店員的服務態度/也別太計較/都是一群比較上年紀的歐巴喪是要他們態度多好/
C	口味還行/店名滿乾淨的
D	關東煮必吃/綜合刺身新鮮/但要收一成服務費覺得沒什麼服務的感覺/
C	東西很好吃/就是服務態度很差/沒笑臉/覺得可惜了
D	關東煮好吃
D	超好吃的關東煮/下次再試試別的
C	賺飽飽的ㄧ家老店/整個愛吃不吃隨便你的態度/不介意服務素質的再去
D	關東煮很棒/台灣一/天丼很超值/
D	上餐快/服務好/便宜/好吃/
D	料好實在/燒肉定食肉很嫩/好吃
D	台式日本料理/餐點味道不差/老餐廳的裝潢與服務風格
D	關東煮很不錯/炒飯也不錯/但是不要點花壽司
D	好吃的關東煮
D	道地的台式日本料理/關東煮一定要吃/
D	不錯的日本料理
C	關東煮好吃/其他餐點普普/服務不親切/
D	吃了還想再吃的美味/推關東煮跟烏龍麵/
D	關東煮和壽司超美味/CP值超高的老店
C	老字號的日本料理店/大眾口味的美食/價格卻不大眾
D	老字號日本料理/東西好吃尤其關東煮/但整體價位偏高
C	東西真得有好吃/但價在中上/老店/
C	食物普通/價格不凡/服務態度不佳
D	關東煮真的很讚/從小吃到大/
D	東西好吃/從小吃到大/大推壽司/丼飯
D	鰻魚飯/綜合壽司和野菜天婦羅/非常美味/
D	食材新鮮/服務用心又好聊天
C	服務人員意興闌珊的/不知道出什麼問題/吃個懷舊情感的/
C	服務非常差勁/日式料理餐廳只能說是日式擺設/台式料理
D	武昌街城鍠廟旁東西好吃高貴不貴
C	日本料理老店/黑輪很有名/好吃/生魚片/我不會再點了
D	酪梨壽司很特別讚讚/下次還會再來/
C	處於小巷中/用餐環境尚稱雅緻/味道傳統
D	整體不錯的日式料理餐廳/適合一般家庭聚會/商務便餐
D	東西不貴/量給的很足CP值高/但店員親切度不夠
D	料理非常棒/內行人的隱藏版巷弄美食
D	茶碗蒸料多味鮮
D	必點高麗菜卷/其他菜份量精緻
D	東西好吃/服務好/店員正又年輕/
D	東西好吃/炒烏龍和關東煮蠻推薦
D	服務人員態度很好/食材也很新鮮
D	美好回憶的地方/吃的飽飽/又很好吃
D	他們食料很實在/非常合我的口味/
C	價格變高/份量變少/服務仍然不好/不會再去了/
D	傳統日式料理/關東煮很有特色/
D	雖是老店家/服務親切/料理仍維持很好的水準
C	關東煮/稻荷壽司讚/服務人員態度待加強/
C	口味還行/店名滿乾淨的
C	價格親民/餐點可口/值得推薦/
D	30幾年前的大學時代/偶爾來打牙祭的老店了
D	關東煮/蛋包飯/綜合天婦羅都好吃/
D	黑輪夠味/延續老味道/服務食材也不錯/
D	食材新鮮又好吃/老闆娘很親切/
D	炸蝦壽司與關東煮好吃/
C	服務生的態度待加油
D	好吃啊/交通方便/價位中等/有日本味/
D	食材新鮮/口味從小吃到大都沒變/
D	幾十年歷史的老店了/很喜歡這家店的味道/
D	生意似乎很好/服務不錯/口感很不錯/
D	老牌台式日本料理/近年菜單有創新/食材亦好
C	食材不錯/價格也行/cp值ok
D	服務菜色什麼都好/唯一假碼稍高些
D	從小吃到大/老台式日本料理/讚/
D	知名老店/從小吃到到大/還是很好吃/
D	老店/從小吃到大/沒吃膩
C	海膽跟生蠔/弱/烏龍好吃但太鹹
D	經典名店/穩定品質/關東煮極品/
D	台式日本料理/關東煮的東西好好食
D	二樓用餐環境舒適/台式日本料理很美味/
D	丼飯平價其他價格偏高/不過很好吃/
D	五十年以上老店/食材新鮮/好吃/
C	服務不ok/菜色根本不值得這個價錢
C	價錢會亂算哦/建議結帳時對一下明細
C	尚可/關東煮比較好
D	關東煮是招牌/天婦羅很好吃
C	店員態度不太客氣/料理新鮮好吃
C	台式日本料理/關東煮是招牌但不便宜
D	不錯吃
D	每一道都好吃/可惜服務人員態度不佳/
C	店員態度極差/不值得付服務費
C	太忙/服務生沒空回應
D	推薦鮭魚炒飯/酪梨壽司/
D	價格公道/CP值高
D	小時候吃的日本料理店/關東煮很好吃
D	料理可口/食材新鮮/價格平實/
D	還是爸媽推薦的店好吃/
C	老味道幾拾年不變/真正好料/
D	停車不方便
D	關東煮好吃/用餐的感覺還蠻舒服的/
D	價格適中還有甜點/能刷卡/
C	有點台式的日本料理/東西好吃價位合宜/
C	餐點口味可口/用餐時間人多/
D	悠閒老店/在市區的靜巷中/彷彿在大阪
D	從小吃到大的天丼最好吃了
C	包廂低消未說明清楚/發票沒給
C	不要叫太貴的食物/你就不會失望/
C	很懷舊的台灣日式餐廳/
D	點菜方式改使用平板電腦訂餐/
D	老牌日本料理店/關東煮必點/
D	東西新鮮/地道/價格略高/
D	關東煮比起其他品項強太多/
D	口味道地/價位屬於較高檔/
D	有點貴/但是超好吃
D	我喜歡吃炙燒鮭魚/好吃/
D	東西不錯吃但是結帳的時候容易弄錯
C	一邊吃一邊讓我皺眉思考怎麼了的店/
D	好吃/特別是關東煮
C	資深服務生/但動作很粗魯/食物非常普通
D	好吃價格也不錯/服務親切/
C	二樓有適合小孩子的褟褟米坐位/
D	氣氛很好/餐點細緻
D	台北市有歷史的日本料理店/讚/
D	最喜歡來吃關東煮了/
D	傳統台式日本料理店/復古又美味/
D	上菜很快/價位中上
C	食物很好吃/服務要加強
C	一般般/握壽司是地雷
D	菜色齊全/價位不低/
D	老字號/口味不錯
D	好吃的關東煮/卷壽司
D	關東煮真的很好吃
D	有歷史的日式餐廳
C	室內空調很熱/讓人不舒服
C	老式台灣味日本料理/貴在懷舊/
D	享受日式傳統美食的好地方
D	關東煮好好吃/
D	豬排親子丼份量充足菜料很多
D	親民價/生魚片太貴
D	老店/也有關東煮可以點
C	傳統日本料理店/價位不平民/
D	吃了20年了/很值得來的地方
D	優質的老店/值得推薦/
D	食物很道地/服務很親切
D	綜合握壽司很棒/
D	好吃/價錢合理
D	相當不錯/可惜沒包廂/
C	櫃檯男生服務態度差
D	炒飯好吃/其他也不錯
D	老店/從小的回憶/乾淨
D	吃不膩/
D	棒棒/尤其關東煮
D	食物美味/態度親切/店內明亮
C	較晚就沒有生魚片
D	好吃但價位不便宜
D	好吃道地/服務優良/老闆很帥
D	今天吃烏龍麵還不錯
D	價格實惠/口味佳
D	讚/服務和菜色都很優秀
D	偏台式/關東煮好吃
D	很早打烊/不能多喝幾杯
D	油豆腐超級好吃啦/
D	帶著女兒來回憶小時候
C	關東煮很好吃
D	價位適中/料理好吃
D	新鮮好吃又價錢合理
D	新鮮的食材/優質的料理/
C	食物普普/服務很隨性
D	價位可高可低/
D	從小吃到大/美味
D	味道好/價位合理
D	東西好吃/
D	好吃的關東煮和海鮮/
D	料理棒極了/經常客滿/
D	食材新鮮/上菜迅速
D	懷舊料理/傳統美味/
D	童年的美好回憶/持續留存的老店
D	老店口味/好吃讚
C	老店式衛生/CP值中
D	傳統的日本料理老店
D	關東煮好吃/
C	味道不錯價格中上
C	不值得推薦的店家
D	好吃但價位偏高
D	菜色豐富/食材新鮮
D	老店食材新鮮放心食用
D	關東煮/讚/
D	好吃/台灣日式道地
C	優質菜品/喜歡就是喜歡
D	口味好/環境舒適
D	好吃又實惠/
D	關東煮不錯吃
D	新鮮/傳統日式料理
C	服務態度不佳
D	令人懷舊的味道/
D	好吃/新鮮
D	好吃/老板娘親切
D	很有手藝的老店
D	服務好
D	很道地/價位好
C	老地方老服務老口味新價位
D	陪著一代代人長大的老店
C	爛透了/態度極差
D	價格實惠的台式日本料理
D	咖哩炒飯很好吃/
D	食材新鮮/平價位
D	好吃/熱鬧/土氣/
C	好吃/服務好
D	關東煮是本體
D	關東煮水準之上
D	傳統味/好吃
C	服務親切/上菜快
D	老字號的品味/
D	親子丼超多料
D	有優惠/讚/
C	關東煮/不錯/
D	道地的關東煮
D	菜色多/新鮮/
C	還不錯/稍貴
D	好吃實在
D	壽司蘿蔔/好吃
C	平價的台式日本料理
D	平價又好吃/
D	好料理服務佳
D	黑輪入味好吃
D	老店氣氛/好吃
C	價位偏高的老店
D	關東煮好吃
D	咖哩炒飯/好吃
D	好吃的關東煮
D	好吃與新鮮/
D	幾十年老味道
D	服務親切口味道地
D	小時候的好味道
D	日本美學/滿意加分
D	傳統的台式日本料理
C	服務態度很差/呵呵
D	一分錢一分貨
D	不錯/懷舊的味道
D	料好實在
C	談不上美味想再造訪原因/點天婦羅定食的套餐味噌湯有點鹹/蝦子並/只有裹很多粉感覺/
D	參拜好地方
D	還可以
D	老店超優質/
D	取貨/常客滿/
D	吃的很飽足
D	乾淨好吃
D	正宗台灣日本料理
C	食材鮮美好吃
D	物美價廉的老牌日本料理店
D	食才新鮮可口
D	不錯吃/
D	味道不錯/
D	似乎與以前不同了/
D	好吃/實在
D	料新鮮實在
C	還可以
D	不錯的日本料理
D	不容錯過/
C	性價比低
D	東西好吃
D	道地老台式日本料理/最好吃的關東煮和醬料/
C	沒有特色
D	還不錯
D	新鮮美味
C	普普的丼飯
D	還不差
D	還ok
D	服務佳
D	食物新鮮/阿嬤店員服務超熱情/
D	價格實惠
D	品質穩定
D	食物豐富/
C	太貴了/
C	老飯店
D	天婦羅
D	傳統日式料理店/關東煮好好吃/茶碗蒸也喜歡/還有甜點喔
C	非常傳統的台灣日式餐廳/酒館很受歡迎/但老式/有些煮得很熟/有些味道很奇怪/不符合我的喜好/炸蝦和蔬菜很平均/大蝦沙拉來得太晚了/三個工作人員答應檢查一下/真令人沮喪/
D	傳統台式日料/大多是阿姨級服務人員/不要期待服務態度/但如果喜歡稍帶一點鄰家阿姨的口氣或許感到親切/平板點餐以及送餐/收拾桌面的效率很好/招牌手捲相當驚艷/白蘿蔔片捲馬鈴薯泥/蝦卵/蝦肉及美乃滋與生菜/生魚片大小適中/非常新鮮好吃/關東煮中的油豆腐搭配醬料超級好吃/蘿蔔與甜不辣/應該是吧/有點忘了/口味也很好/高麗菜捲較不合本人喜好/菜太爛/福袋包的瘦肉太瘦稍微澀口/烤鯃魚一時不察沒問清楚/期待一尾小鯃魚的細緻口感/端來野生大鯃魚的切片/肉質當然與期待的細緻不符/可是也算鮮嫩好吃/炒豆苗很好吃/最後評一下炸蝦天婦羅/青椒/茄子/地瓜都很美味/蝦不算大隻/連頭炸覺得長/但肉沒有想像得多/記得一份是/280/下次再試試別的/聽說烏魚子很棒/
D	這家六十幾年的老店/裡面的關東煮是全國最好吃/高麗菜捲裡麵包的是豬絞肉/不是一般常見的魚漿/厚實的牛蒡甜不辣也很推/其實價位130的天丼也很好吃/雖然名氣不如那些天丼專門店/但口味確實不錯/以中高價位的日本料理餐廳比較/這家值得五顆星/
D	今天一個人用餐/剛好坐吧台/跟師傅互動很舒服/大推/生魚片帶皮口感很特別/又吃到最愛的海膽手捲/非常滿意的一餐/
D	午餐時間總是很滿/所以如果您想避免喧囂/請在13/30左右去那裡避開辦公室工作人員/一切都很好吃/但是有點貴/對於預算有限的人來說不是很理想/但是良好的服務和氣氛/必須嘗試/
C	不是城裡最好的日本餐廳/但肯定不是最差的/食物還不錯/但是台灣人影響很大/這使得他們的食物不太日本化/我個人喜歡他們的關東煮/非常好吃/
D	非常開朗的女服務員和優質的海鮮/
D	食物美味/服務最好/我很樂意推薦人們來這裡用餐/
D	評論/休閒用餐/1/5/Atmosphere/服務器專業精神4/室內設計4/菜單設計4/衛生5/Food/服務速度5/食品質量5/味道5/Price整體價格/
D	這個地方太可愛了/我和我的家人來到這裡/食物也非常好吃/我們去壽司和手捲/服務很棒/
D	好吃/50多年的老店/
C	有史以來最差的客戶服務/永遠不會回來/服務器的態度是不可接受的/非常卑鄙和粗魯/另外/沒有一個員工戴著口罩/這是我們第一次來/我們四個人/三個成年人和一個孩子/我們在周六晚上6/30左右的2021/01/16上去了/令人驚訝的是他們並不太忙/沒有適當的問候/只是大聲粗魯的/怎麼辦/然後我們被告知要上樓/樓上的女服務員給了我們一種態度/有很多座位/所以我們要求坐在窗戶旁的一個榻榻米攤位上/她無視我們的要求/被告知要坐在另一張普通桌子旁/正如我們所問的那樣/一個六口之家/兩個成年人/一個老人/一個嬰兒和一個孩子/剛剛在一個榻榻米攤位上吃完飯/女服務員繼續討論榻榻米攤位的人均最低消費額/但根本沒有理會這個數字/然後/當我們再次詢問座位時/她以自己需要打掃為由/走開了/我要收了/她一直在說/彷彿她被騙了一樣/她繼續說自己不能在榻榻米攤位上班是老闆的規定/她對此無能為力/我們根本不舒服在這家餐廳用餐/所以我們離開了/當我們在前台與業主面對面時/他也沒有幫助/請注意這個地方的低級態度/
D	台北的老建築/從我小時候就來這裡/美味的日本料理/非常新鮮的食材和多種選擇/友善的員工/有時在用餐時間很忙/
D	工匠手工製作/好心顧客製作/
D	老店/好吃/方便/每次都吃光/
C	古代風味台灣風味的日本肌腱是幾年前最好的/自從他們取代了老廚師和老女服務員以來/可悲的是/舊的味道消失了/
D	從關東煮到壽司都可以吃/
D	該餐廳位於台北車站附近的人口稠密地區/並且位於一個小巷中/但是/當我們進來時/有很多人喜歡他們的食物/您可以選擇很多其他選擇/而且它們很美味/價格合理/完成點餐/例如綠豆湯/後/您將免費獲得甜點/
C	我從小在台北長大/就認識了創始人/我相信創始人會為餐廳變成這樣而感到非常難過/馬馬虎虎的食物價格很高/服務非常糟糕/特別是櫃檯服務員傲慢自大/對顧客的態度問題令人無法忍受/這在背後確實讓人感到痛苦/這是對童年美好記憶的真正殺害/很傷心/
D	根據以往的評論/就餐體驗似乎很受歡迎/食物很好吃/生魚片非常鮮嫩/其中一半是鮭魚肚/超級值得/價格較高/
D	歡迎訪客/作為台北的當地居民/如果您想體驗台灣式日式家居式服務/那麼您應該來這裡看看吧/餐廳已經開業超過50年/但仍然有很多客人每天來/我和我的家人在這裡待了20多年/當你走進這個地方時/你會發現女服務員是中年女士/就個人而言/我喜歡和他們聊天/大多數女士都很善良/周到/讓你有賓至如歸的感覺/對於新訪客來說還有一件事/請不要忘記訂購一些Oden/關東煮/作為開胃菜/與朋友或家人在一起的奧登很棒/如果你沒有和你在一起/請不要擔心/餐廳向所有人開放/非常漂亮/舊式/放鬆的地方/
D	工作人員非常友好/他們有wifi/他們還為我的iPhone提供了充電器/電源插座就在座位旁邊/食物新鮮可口/背景音樂將您帶回傳統的日本氛圍/
C	這個地方曾經是我在台北最喜歡的日本料理/在我最近的訪問期間/一些項目沒有像往常一樣的質量/還有新鮮的海鮮和美味的關東煮/這是熱和錯過的情況/
D	好多人用餐/
C	台灣式的偽日料/反正台灣人都接受丶喜歡/其實除了魚肉類似外/其他料理處理是有技巧的/想像在美國/你看到一家台灣料理店/他們除了白米飯是一樣的/其他都是美國式的/譬如他們老美在米飯上澆上牛奶醬汁丶你吃起來的滋味是如何/外行嘛/就是這樣的偽裝日本料理/其實就是台灣料理拼裝貨/
D	好吃/品質好/從小吃到大的老店/還是維持好品質/關東煮必點/手捲生魚片新鮮美味/
D	幾十年來/我的台灣長輩推薦的餐廳/鎮上唯一出售傳統番茄醬煎蛋捲炒飯的地方之一/正式傳統的蛋包飯/這是一門特別的菜/正慢慢成為一種失落的藝術品/現代日本餐廳不再製作它們/因為製作起來很費時間/大多數試圖模仿這道菜的餐廳都做不到使這道菜現代化的糟糕工作/因為簡單地用雞蛋包裹白米飯而不加番茄醬/認真地說/如果您不喜歡這種特殊的寶石/我可以理解為什麼您會認為它被高估了/您只是來這裡找尋您找不到的東西/否則/erthang是主觀的和瑣碎的/
D	這是一家擁有40多年曆史的日本餐廳/每次來訪時/我總是很喜歡用餐/食品質量很好/但價格有點高/我還是喜歡這個地方/
D	好吃/
D	好吃/
D	很容易找到的地方/很棒的服務/美味的食物/雖然最好再與工作人員再次確認您的訂單/
C	奧登很好/Daikon充分浸泡湯/Nigiri也很好/使用的海鮮是新鮮的/準備充分/然而/katsudon的豬排太乾了/
D	超美味的日本料理/價格合理/我在台北的最愛之一/
D	好吃/
D	美味可口/
C	雖然地理位置優越/服務周到/但有食物的地方相當昂貴/與這個相比/有更好的地方可以參觀/
D	我們享受晚餐/
C	老式台日料/
C	食物還可以/但他們使用菜單/新奇/定價來扯掉外國人/菜單上的幾個項目也沒有/
D	生魚片非常滿意/茶碗蒸入口口感不錯哦/
D	食物美味可口/細節應引起更多注意/例如確保給顧客的東西是乾淨無濕的/
D	好吃/
D	美味的日本料理/友善的台灣工作人員/老派氣氛/
D	坐在酒吧的感覺非常好/還有美味的壽司/生魚片/麵包捲和廚師特別的餐點/
D	正宗的菜餚和裝飾/非常友好的地方有許多當地食客/
C	老式的日式餐廳/缺乏熱情的服務/
C	服務很破舊/飯後腹瀉真的很糟糕/不建議/
