D	藏身在熱鬧東區百貨公司後方/交通便利/可停車在市民大道公有停車場再步行前往/店面不大/桌位很多/走道偏窄/食材豐富/麻辣鍋常見的內臟類食材/豬肝/豬腰/切超大塊/牛肚/肥腸/預滷過/蛋腸/海鮮類的三點蟹/整隻不切/扇貝/干貝/天珠貝/蝦子/非常新鮮/蛤蜊/手打花枝漿/蝦仁漿/魷魚/鯛魚片/蔬菜類品項不算多/好在非常新鮮/玉米/青菜下鍋煮後/咬入口還是脆甜噴汁/個人很推排骨酥/很大塊/帶點小排的骨頭/肉很飽滿/外皮帶點蒜味/非常涮嘴/甜點櫃燈光略暗看著不起眼/入口有中上品質/哈根達斯冰淇淋有新口味/醬料區連薑絲/少見/都有/配內臟類吃剛剛好/鍋底的川香麻辣鍋有滋味/推薦/肉類選擇不多/但有點的幾樣肉品都好咬不乾柴/老了很怕咬不動的肉/肉的滋味/中等/缺點是店家人手不多/上肉的速度是/要等待/個人感想/這是個重視食材新鮮度跟配料豐富度的店家/愛吃海鮮/內臟跟麻辣鍋/新鮮菜品的朋友可以選/六百多元的吃到飽餐廳/CP值超級高/在乎裝修/要請客/用餐環境氛圍高雅/要約會/不喜歡太擠/愛吃肉品的朋友就先跳過/
C	請問為什麼要刪除我的評論呢/店內有蟑螂店內有蟑螂店內有蟑螂/衛生令人堪憂看到蟑螂/活的/明明是餐期但是店裡只有請一個店員/通知店員後就拿個衛生紙擦掉然後繼續做自己的事/不知道是不是連拿個抹布來擦乾淨或幫我們換桌都/嫌懶/6/10分入座6/55才上第一盤肉明明很早就把單子送/出去中途6/40左右去菜口詢問店員我們的單是不是/沒有被確認到/鳥都不鳥我直接走進廚房繼續做自己的事/請問是忙到連回一句話的時間都沒有是不是/服務態度差到不能再差/後來有多一個女店員來有稍微好一點/但是上餐一樣慢到不行/基本上都在吃火鍋料/不過火鍋料那區一堆東西沒了到快吃完才補/醬料區蔥花也是都沒了過很久才補/冰淇淋硬到不行挖到快手抽筋才挖兩球/到底是多怕別人吃/肉品部分也是冷凍凍到都是硬的沒吃過這麼難吃的/安格斯牛/就小羔羊還行而已/個人599/一成服務費共659/服務態度超差東西不新鮮衛生有問題自助區東西不/補冰淇淋怕別人吃/不該省的人力成本硬要省搞到東西品質都沒顧好/吃火鍋感覺沒吃到鍋只有滿肚子火/感謝你看完我的評論/幫我按讚抽gogoro/只抽不送謝謝
D	在大安的一間不起眼的火鍋店/本來想說應該沒什麼特別/價位落在/599吃到飽/結果蠻令人驚豔的/第一次去用餐的評價為/1/除火鍋料/以外/海鮮種類算多/還有三點蟹/也夠吃/還有一些一般火鍋店沒有的食材/重點是都已經幫你處理好了/只要丟下火鍋煮即可/非常多樣化/2/有啤酒可以喝/雖然我沒喝/但對喜愛飲酒的族群應該蠻適合的/3/有哈根達茲冰淇淋/個人覺得可以在更好的點為/1/位子太窄/容易取料時撞到其他桌的客人/下次有機會可以再光臨一次/體驗看看/
D	這家店食材挺多的/但我們只顧著吃螃蟹了/只有萬里三點蟹/肉盤只吃了三盤/所以評價只有我吃的少少幾樣/照片也沒拍全/我個人是很滿意/有螃蟹/啤酒/雀巢熱奶茶/哈根達斯草莓口味/假日一人599/真無法再挑剔什麼了/這家感覺開很久了/但我第一次吃/用google/map直接訂位很方便/湯頭點了川香麻辣跟和風高湯/麻辣裡面有放豆腐跟鴨血/我是覺得很可以/螃蟹只有一種/就是萬里三點蟹/沒有什麼奇怪的藥水味/蟹味像我小時候吃到的味道/有蟹黃的機率也很高/印象中之前西門町八海有三種蟹/蟹味都沒這家濃/這家的蟹也比八海的大/家人覺得蟹的品質有點參差/有的蟹肉吃起來算新鮮有的則一般/比較麻煩的是這裡沒有提供拆蟹工具/連剪刀都沒有/所以要自己想辦法拆/肉的話我們只叫了三盤/是現點現切/也很不錯/要調醬汁也有雞蛋可拿/我只吃蟹/蝦跟肉盤/家人有點了一些其他的/像是魚片/豬腰/蛤蜊/孔雀蛤/雖然有些魚片冷凍到像冰塊一樣/但吃起來可以/飲料的話有啤酒不過只有台啤/很好的是冰塊可以自己拿/去過的店不少是需要店員拿給你或者不提供/我喜歡雀巢金選熱奶茶/現在愈來愈少店有/這裡也有罐裝可樂/一般/0卡/雪碧跟蘋果汁/選擇不少/甜品有哈根達斯跟好像是莫凡彼/也有蛋糕跟水果但我沒拿/感動的是甜筒是好吃又脆的那種/配上草莓哈根達斯簡直完美/我的開心就是這麼簡單哈哈/這裡的環境比較舊/服務的話像是清垃圾/需要主動跟店員說/因為外場我只看到兩個人/自助吧旁還提供洗手台很好/廁所有兩間/都有蹲式/其中一間有男生小便斗/也挺乾淨/我是覺得這裡很划算/599就能滿足我想吃螃蟹的心情/飲料甜品有啤酒跟哈根達斯很加分/地點也不錯/會想再訪
D	誤打誤撞來吃這家吃到飽火鍋/雖然沒有華麗的外表/但裡面是店家滿滿滿的誠意/五種湯頭/可以選擇單鍋或是鴛鴦/8種肉吃到飽/以及多種火鍋料/蔬菜/海鮮/飲料也是啤酒/汽水/茶包/咖啡機飲到飽/甜點有哈根達使/莫凡彼/還有杜老爺跟甜冰棒/甜點胃不用擔心/蛋糕/泡芙/蛋撻都在冰箱/為何感覺店家滿滿誠意/海鮮都處理的很乾淨/食材新鮮/肉片現切/酌料也是不馬虎/不輸給大品牌吃到飽/酌料旁邊就說新鮮雞蛋/吃到飽的白飯/價位含服務費一人600/唯一的遺憾是/既然有服務費/沒打發票/人力就應該充足一點/今天只看到五位外場/要結帳/要收拾/要補料/要切肉/還要帶位/這點覺得很可惜/但也許因為這樣更有慢慢來的滋味/也是一種體驗/畢竟吃到飽/沒有趕人/讓大家放心的用餐/總而言之/我真心的推薦/下次還會來用餐/
D	我心目中第一名的麻辣火鍋/夠香夠辣夠有味/最少一個永遠都會來吃一次
D	東西不錯吃/肉質也很不錯/台啤喝到飽/個人覺得東西都很新鮮/只是服務有待加強/如果是人多/沒時間收空盤都可理解跟接受/但2位服務人員一直在櫃檯聊天/我們空盤已經疊好幾盤了/過了好幾分鐘才見服務人員來收走/但是還是很謝謝服務人員時不時會問需要加湯嗎/
C	肉類切刀兩分厚/明顯偏薄誠意不足/哈達奇硬無比讓人懷念起高中已故師娘/願她老人家安息/萬里蟹除了沒有漂白水味/殼一枚而已無膏無黃棄之可惜/
D	好吃/便宜/建議搭捷運/忠孝復興站/或是公車頂好市場/不過中午去的話/他只有一個服務生/要稍後一下/要給予店家一點時間/牛肉不錯/建議雪花牛/小尖魷好吃/白毛肚/大腸頭/喜歡內臟的必吃/蔬菜都不錯/不過高麗菜不甜/雖然樣式不多/不過我覺得夠了/喜歡辣的朋友推薦中辣以上/推薦沾醬/白醋/蒜泥/一小匙糖/香油/辣椒/香菜/蔥花/一匙麻辣高湯/喜歡的話再加一點花生粉也可以/用來沾麻辣鍋煮出的肉類/真的很爽
D	嗯/大致上都還不錯/除了螃蟹之外的東西都還算新鮮/但是螃蟹以這種品質那真的大可不必在拿出來寧可改別的海鮮/還有上肉的速度真的是有點點慢當時的客量也不是很多座位也沒做滿不知道為何上餐速度慢/但是自助吧就補得很快/總體而言尚可還不錯啦
D	以這價位提供的食材/值得給五顆星/什麼都好/只有一點奇怪/我用藥膳鍋煮了一隻蟹/肉特別鹹/無法入口
D	以599價位可以吃到多種海鮮而且味道還不錯/還有哈根達斯冰淇淋吃/cp值高
D	初次造訪位於台北東區的吃到飽火鍋店/火龍島/工作人員服務態度佳/
C	疫情開始後大約有快十多個月沒來用餐/以前我是這家老主顧客/每個月都會去四/五次用餐/這月是疫情緩和了/第一次晚上來吃火鍋/不知道是員工素質問題/還是用餐客人太多/裏面用餐環境只能說是/亂/一個字形容/我大約10日晚上的九點多鍾來店裡面消費/點第一上肉品就送錯/店裏動線也擠滿堵塞/讓我打翻醬料/菜色全部空無一物來不急補食材/讓我覺得跟中午時段落差很大/最誇張的是跟服務人員說要新的湯勺/竟然拿對桌客人用過的湯勺給我們/不知道是忙到暈厥了/還是聽不懂我的話/這次晚餐還沒吃飽/還因為12月份食材調漲變貴/消費花/3000塊真不值得/
C	海鮮種類很多/肉普普/開鍋點肉/一直不上/提醒了三次/過了四十幾分鐘才來/不推
C	外送小火鍋/麻辣口味中辣很辣/辣有香/料也滿多夠豐富不會都是火鍋料/飯比較小碗/很餓的話可以再加點一碗/叫了幾次外送品質不穩定/有時候很難吃很像回煮的
D	肉品的品質普通/安格斯牛比較好吃/海鮮種類很多/三點蟹/蝦子/魚片等等/飲料有可口可樂/冰淇淋有哈根達斯/莫凡彼/還有啤酒機/500元出頭在大安區真的沒什麼好嫌的/不過我自己看著googlemap的舊菜單/沒注意到漲價了/還跑回去問店員/整個下午他都一個人在服務/真是不好意思/如果門口沒有煙味的話/用餐感受會更好一點/
C	肉都吃了一輪/安格斯跟牧草牛硬的跟橡皮筋一樣/我都覺得就算我嘴巴吞得下去胃應該也消化不了會直接拉出來/雪花牛好一些但看起來像重組肉/於是問了店員是不是重組肉/店員居然回我/不好意思/我也不大清楚欸/所以不只是我不知道我吃的是什麼肉/店員也不知道我吃了什麼肉/到底為什麼這樣評價還會有4顆星/真心推薦大家來挑戰看看這家/火龍島/
D	海鮮食材新鮮/上肉速度因人員較少慢了一點/但一空閒後就很有誠意的補上/肉也是非常好吃嗄/但給店家小小建議/可以跟客人說明肉種類/相信您生意ㄧ定可再上一層樓/加油/
D	平價吃到飽火鍋/六百塊有各種海鮮/螃蟹/很可以惹
C	叫了熊貓外送/有附白飯結果沒給/塑膠袋也完全沒有綁好/湯跟料完全打翻/客人加點一堆還是硬要塞到原本份量的碗裡/塞不下爆出來/想花錢當乞丐/來這裡準沒錯
D	小而美的吃到飽老店/食材種類眾多CP值高/假日600元/人/請服務人員拍照時非常熱心/整體感受很不錯
D	從以前的五百多吃到漲價變成六百初頭/但真的要說感覺的出來店家撐很久/雖然漲價但品質真的有變好/東西好吃多樣真的很推/其實已經來超級多次了/
D	想說有哈根達斯就進去吃了/誰知道挖不動/叫我老公幫挖才零零散散的挖到一點點/咖啡沒什麼味道/肉品還不錯
D	雖然裝潢不是很新但乾乾淨淨/食材也蠻豐富/有外面吃到飽少見的豬心管和鵝腸/私心有點不想推薦/因為怕之後太多人難訂位/
D	超極讚/我真的真的覺得這家店很好吃/cp值真的很高/有機會我一定再來/員工待人很好而且還會送我們東西/而且冰淇淋還免費吃/
D	朋友推薦我來東區必吃的/火龍島極品火鍋/真的好吃到炸了/麻辣湯頭是真的真材實料/一吃就知道/店內食材算豐富多樣/而且還是哈根達斯的冰淇淋/最讓我驚訝的是它們家的肉品是點單後立即現切/不是先切好放冷凍庫那種/還是吃到飽/讚/大推/必定再來吃/火龍島/火鍋/吃到飽/安格斯黑牛/宜蘭櫻桃鴨/澳洲小羔羊/推/推/推/
D	餐點/自助式吃到飽火鍋店/食材方面算是比較豐富的/從基本肉類/雞/豬/牛/羊/到各式海鮮/加工火鍋料/名牌冰淇淋/新鮮蔬菜/台式內臟/冰櫃甜點/當季水果/琳瑯滿目應有盡有/調味料也是非常完整/而且有生雞蛋加分/湯頭部份普通/麻辣鍋死辣沒有層次/但是火鍋底料給的很有誠意/環境/環境略顯昏暗/但是還算乾淨/服務人員也很客氣手腳有效率/地點在人來人往的東區巷子裡/根本無法停車/乖乖坐捷運到忠孝就對了/價格/以吃到飽的價格來說CP值超高/如果沒有特別要求肉的品質/以種類多樣性來說是可以不用特別排一趟馬辣的/能夠在一級戰區生存下來自然有他的價值/值得單純就只是想吃個火鍋但是沒有特別想嚐鮮或是追求頂級食材的大眾試試/
D	疫情期間有外帶150的鍋/可以請店家先煮好/或生的回家煮/買了2人份/原本以為是三媽等級的鍋/沒想到料超多/吃完飽到天靈蓋/對了/鍋子裡是一份/我煮了2鍋
D	599元吃到飽/含服務費/價格中等食材不差/螃蟹/蝦子/蛤蜊/干貝/魚海鮮類食材優於肉品/肉類牛羊豬雞的肉質尚可/附啤酒/冰品/蛋糕/水果/
D	地點位於忠孝sogo後的巷子內/一隻恐龍的LOGO帶出這間店充滿了讓你滿足飽腹之慾的開頭/店門進去/各桌的火鍋味撲鼻而來/店內空間寬敞/適合三五好友聚餐而來/大部分時間大多都有位子/如擔心沒座位/也可以事先打電話預訂位子/非常的方便/火龍島為自助式吃到飽火鍋店/食材方面可以說是應有盡有/尤其是他的價格對比海鮮食材上/更是為之驚艷/螃蟹/透抽/小花枝/蝦子/魚片等/都非常新鮮且好吃/每每來火龍島都要吃上好幾隻透抽/而在其餘食材上則有腰子/豬肝/基隆蛋腸/蓮藕/山藥以及各種菇類等等/非常豐富/非常棒/飲料冷熱皆有/汽水是必備/還有可爾必思/酸梅湯等/最主要如果要喝啤酒/這邊也有/且因為店位址就在忠孝捷運站捷運站附近/因此推薦搭捷運來吃/還可喝酒/很讚/其餘還有甜點櫃和水果/大多都是吃完就補/肉片方面則是採填單制/推薦櫻桃鴨/其餘牛豬羊肉片也都很不錯/醬料區旁有白飯/店員服務還不錯/效率很高/之前尚未漲價時/時常來光顧/現在雖漲價/但覺得還算是對得起價格/且冰淇淋有基本的Häagen/Dazs/哈根達斯/和莫凡彼/且店內其實不大會趕人/光這點就蠻感人了/雖然可能比不上新馬辣/天外天等火鍋/但CP值以及美味程度上/很推薦來吃吃/
D	自助吧很可以/蝦子/蛤蜊多種海鮮/甜點區也算多種/還有貴貴的冰/cp很高
D	位於巷弄口/捷運站過來也很方便/位子我覺得適中不會很擠/醬料區不單調/幾乎都有/還有雞蛋與白飯/自助食材區很多元/有海鮮/內臟/及蔬菜/肉盤是劃單叫的/旁邊還有飲料吧/啤酒/甜點水果各佔一半冰箱/冰品還有兩個品牌選擇/很不怕客人吃/整體吃起來我覺得還不錯/選擇性很多/不用怕選不到喜歡吃的食物/啤酒還可以喝到飽/廁所也很乾淨/看到桌面比較多東西也會注意到/幫我們收拾/很貼心
D	火鍋食材不錯吃/蝦子鮮/肉類無限定/東西滿多樣/水果比較少/起它的還好/價位中等/有生啤酒/是少數吃到飽的驚喜/用餐時間顛峰時就是要等/用餐時間2小時/有經過可以來吃吃/
D	五星好評/理由是去過的人都知道的/食材也都不差/已經跟朋友來過這裡好多次了/想輕輕鬆鬆吃到飽我肯定首選這家/火龍島是我的好朋友
D	11月底第一次吃/480元/10/小費/菜還不錯/三點蟹大隻肉又鮮/感覺很棒/昨天帶小孩去吃/費用變成545/10/三點蟹變小隻又沒肉/有點失望/整體來說還可以
D	火龍島是在太好吃了/有台灣生啤酒/哈根達斯/Häagen/Dazs/莫凡彼冰淇淋/還有很多生鮮食材/雖然沒有牡蠣/但用不到600元/已經含有服務費/就可以吃到飽並且吃到很多東西/雖然外場人員不多/但是不需要太在意/可以主動去找服務員/他們都會非常客氣的服務/與其去那些訂位訂到死都吃不到/而且還要花超過700元以上/那倒不如來火龍島來享用好吃的火鍋/非常大推/
D	初次來到火龍島用膳/會吸引我來的原因是因為有螃蟹吃到飽/而且一個人也只要599/10/服務費/感覺真的非常的讚/結果剛開始的時候一直不知道為什麼沒有螃蟹/還好中途進貨了/不然會讓人很失望
D	這次是第二次來訪/火龍島真的很適合男生聚餐來吃飽飽/cp值我個人認為很高/平日中午來吃更划算/500左右的吃到飽/可以有螃蟹蝦子吃到飽/還有啤酒喝到飽/冰淇淋也是最高級的兩種/莫凡彼和哈根達斯/甜點也有多種蛋糕可以選擇/但是這部分就比較一般/服務的部分/雖然員工人數不多/進場時稍微等了比較久/但是吃到飽最重要就是上肉的速度/這邊是現點現切一次三種/種類有安格斯牛/雪花牛/牧草牛/牛嫩肩/羔羊肩/雞腿肉以及豬肉/上肉速度很快/吃到飽就不該怕客人吃/這點做的還不錯/湯底的部分鴛鴦鍋不加價/大家可以選擇一濃一淡/口味比較不會單調/
D	Cp值很高喔/推薦可以去嚐鮮/
C	訂了位/到現場沒人帶位/櫃檯只說自己找位子/現場超過3桌使用完未收的桌面/找到一桌入座後/桌上碗沒洗乾淨/重點未滿80cm的小寶寶要收100的服務費竟然沒有兒童椅/當天未消費即離開/從接待到服務還有環境都不行阿
D	選擇多樣化/有我喜歡的豬腰花/蛤蜊size不大還算新鮮/但有的吐沙沒吐乾淨說/螃蟹個頭不小但沒啥肉耶/冰淇淋太硬了/
D	湯頭實在好味/用料新鮮/海鮮多多/蔬菜水果不少/就是白飯少了一點吃到最後還來不及補足白飯/
D	牛肉嫩好入口/其他也在水準之上/冰淇淋很有誠意/不過通道稍嫌擁擠/服務人員也很盡責的常來收空盤/是間不錯的火鍋吃到飽餐廳
D	吃到飽品項很多/服務員較少/冰淇淋是名牌哈根達斯與莫凡彼/難得的是飲料熱飲的部分選擇超多樣化/推
D	大腸與牛肚有先滷過/放入麻辣鍋後品嚐讓人驚艷/假日尖峰時段肉品上菜速度稍慢/但自助吧菜色多元且服務態度良好/頗具CP值/
D	跟替代役弟兄聚餐/本來是想吃別家的結果要等太久/竟然跑來吃吃到飽/價格以這種吃到飽來說十分划算/東西種類也很多/飲料甜點水果一應俱全/冰淇淋竟然是莫凡彼跟哈根大隻的讓人驚艷/一開始送肉有點慢害我們以為踩到雷/但後面速度有回來值得嘉許/而且不知道是不是因為沒有下一組客人/我們在裡面待了很久也沒被趕/缺點之一是部分海鮮還整個都是冰塊的時候就被拿出來/或許沒有什麼差/但本人我稍微有點在意/店面稍微沒那麼寬敞/除此之外這次的用餐體驗還不錯/
D	CP值絕對讓你滿意的一間火鍋店/台北已經很少可以找到價錢不到600元吃到飽的火鍋店/食材新鮮/服務態度非常好/但外場人員不多/如果要加點肉或是加湯頭/可以走到切肉區放加點單/他們就會看到單子/幫你幫肉切好送到座位上/給大家小Tips/就是開始煮肉的時候/你就可以開始再寫肉品單/送給店員/這樣你在吃完肉的時候馬上就會又送上新的肉/像水果甜點都很好吃/還有哈根達斯和莫凡彼冰淇淋可以吃/台灣啤酒無限暢飲/飲料多種選擇/最喜歡金選奶茶/整個火鍋店環境乾淨舒服/而且他們是用電磁爐/非常安全/大推/
D	假日600/人就吃到飽/有用餐時間卻不太趕人/海鮮多/蛤蜊/魚/蝦/螃蟹一樣都不少/但是冰淇淋/甜筒就有Häagen/Dazs/movenpick/杜老爺/小美/忠孝東路這一級戰場可以吃到這樣豐盛/有吃到有賺到啦/
D	食物超超超好吃/萬里三點蟹很新鮮/牛肉也不錯/有不少海鮮可以吃到飽/超讚
D	在東區商圈來講這個價格吃到飽非常划算/海鮮新鮮又豐富/大推安格斯黑牛/涮個幾一下拿起來吃超級嫩/海鮮的美味更是不用說了/湯底的麻辣鴨血也是嫩Q好吃/重點晚班的服務小姐親切友善整體來說無可挑剔
C	食材還可以/有季節性海鮮/譬如螃蟹/等海鮮/cp值不錯/服務也極為親切
D	火龍島極品火鍋是我最喜歡的麻辣火鍋吃到飽餐廳/不分寒暑/平均每個月至少光顧1/4次/各種食材新鮮/品質穩定是最大特色/生鮮食材呈現島形排列/以大量冰塊冰鎮維持鮮度/並經常補充更換冰塊/老闆從以前經營/鍋大王/麻辣火鍋/非連鎖鍋大爺/到後來火龍島/我都跟著跑/因為這是同類型餐廳中最好的選擇/價格上更是親民/以台北市目前各大麻辣火鍋吃到飽晚餐價格都要NT/700以上為主流/位於SOGO後方巷內的火龍島仍持續維持NT/549/已加服務費/此價格至2019年初已經維持6年不調漲/並且/完全沒有用餐時間限制/老闆實在佛心/這也是為何同區域的火鍋店更迭不已/唯獨火龍島屹立不搖/除在廁所外面/食材區也設置洗手台/是方便也是提醒消費者用餐期間勤洗手/附餐的甜點/蛋糕及水果比較沒亮點/但都是當日新鮮進貨/冰淇淋有二大品牌/哈根達斯有熱銷的萊姆葡萄等6種口味/莫凡彼有令人驚艷的金典巧克力7種口味/綜合評分/價格/食材/服務/環境/
C	內用店員非常無禮/加湯或走路常常撞到我們/地板油油的/環境不佳/
D	海鮮蔬菜配料種類不少/價格優惠/乾淨/冰淇淋很好/肉質也不錯/
D	非常不怕客人吃太多的吃到飽餐廳/服務也非常親切到位/菜色豐富海鮮鮮甜/飯後還有兩種高級冰淇淋可以挑選/水果與甜點更是大大加分/麻辣鍋湯頭不輸高級麻辣鍋点/和風湯頭加入大量蛤蜊烹煮就變成非常鮮的蜆精湯/螃蟹更是鮮甜無比/很棒的用餐體驗/這樣高CP的店家希望能撐得長長久久/
D	點了麻辣和番茄鍋底/麻辣裡面有各兩塊鴨血和豆腐/還不錯吃/只是不能免費續/番茄湯底蠻油/比較喜歡麻辣鍋底/自助區補得很快/也很乾淨/有大腸和牛肚/不過蔬菜種類不多/哈根達斯種類有6種/但是整體麻辣鍋底和肉的品質/比起其他有名的麻辣鍋店/較為普通/不過考量價錢/CP值已經很不錯了/會是個回訪的店家/
D	是一家CP值很高的吃到飽火鍋/有麻辣湯頭等5種湯頭可選/肉品部分是用點的/沒限次數且給的份量足不會小氣/肉也好吃/此外海鮮也不少/有蟹/蝦子/烏賊等/冰淇淋有2種也都是有名的/晚餐一人499加一成/東西不少就不一一訴說/附上照片參考/總之/值得來吃看看/
D	切的肉片都好大片/很喜歡牛肉系列/吃得好飽/平日晚上去/人沒有很多/坐起來相當舒服/店內人員服務態度很好/如果跟差不多價位的馬辣相比/會想要來這裡/因為比較便宜/吃起來的感覺也不會比較差/而且店內很舒服/哈根達斯及莫凡彼也都有/真的很棒
D	吃到飽還不錯/最近漲價了有稍微貴一些
D	這家火鍋店吃到飽也還算不錯是屬於較小間的火鍋吃到飽裝潢色調偏暗很適合小家庭跟情侶來這邊用餐湯頭部分也還不錯手推麻辣湯頭十分夠味吃完後配合冰品吧的1餘種冰淇淋吃起來非常過癮配合甜點吧的一些甜點還有火鍋台的火鍋料海鮮類其實在這裡用餐起來還蠻經濟實惠的
C	服務態度真的蠻差的/剛到的時候要等帶位/結果兩個一直看我們/沒人要來櫃檯繼續做自己的事/然後最後比座位叫我們過去/中間要點餐也是很不情願/送餐還把醬料用倒/最後要結帳喊了兩次沒看我們一眼/直接自己走去櫃檯/我們是知道你有聽到我們喊你嗎/真的無語/從頭到尾講一句話很困難欸/東西還算不錯/但這服務態度不會再來第二次
D	讚/俗又大碗/吃到飽/海鮮/肉片/水果/蔬菜/果汁/餐點/咖啡/冰淇淋/應有盡有/有機會/會再來捧場/一試成主顧/不會催客/感覺很好/營業到凌凌晨一點喔/讚/
D	CP值頗高/安格斯牛/兩大品牌冰淇淋/
C	其他的就算了/你們的金牌獎起司蛋糕如果掉到非洲的地板上也不會有人撿起來吃
C	電磁爐明明有問題/等超久湯還不滾/店方開始還不承認/後來換桌/都沒心情吃了
D	/更/用餐日期2021/8/10/開放內用後第一次用餐/變成畫單方式不過沒什麼問題/店員很熱心告知還有一些單子上面沒有的食材/但有些食材/蕃茄/花椰菜等/畫單後沒來/詢問後才告知沒有/希望欠缺的食材能夠主動告知感覺會更好/平常的重點之一哈根達斯和莫凡比冰淇淋因為疫情關係無法提供/換成了冰棒/不過是沒聽過的牌子/重點沒有很好吃/哭/希望能夠有明治meiji或曠世奇派等其他火鍋店也常看到的好吃品牌/或者採取每人限量供應哈根達斯迷你杯之類的替代方式/會更提升疫情期間再訪的意願/以下為不開放內用期間的外帶心得/期待疫情趕快過去/能夠再度大啖我最愛的麻辣火鍋吃到飽/在那之前先外帶解饞囉/最愛的大腸頭也可以外帶太開心了/
D	東區麻辣火鍋吃到飽/肉質鮮美/好喝台啤/還有haggandaz/and/movenpick/冰淇淋
D	現在因為疫情改成劃單方式/東西依舊新鮮好吃/但覺得人手有點不足/反正也不急/慢慢吃讓人感覺舒服/惟奉勸大家單不要劃太多/店家誠實/劃多少就來多少/而且份量十足
C	好不容易開放內用了/約了朋友很高興的來吃鍋/不知道情人節比較忙還是怎樣/加湯點餐都要人家喊/每次回應都是好好好/感覺想要隨便敷衍走人/最後買單一句謝謝也沒有/吃的感覺有點差/希望服務態度能改善/沒看過臉這麼臭的/我很少評負評的/
C	午餐/528/5/宜蘭櫻桃鴨/肉質普通/澳洲小羔羊/有點羊肉的腥味/雞腿肉/是切薄片肉質普/鯛魚/正常/蝦子/正常/滷大腸頭/普通/滷豬腸/普通/牛肚/還好/蛤蜊/很小一顆/其他都混合吃/味道大致上都正常/有5種湯頭可以選擇/今天選擇藥膳/番茄/番茄鍋吃的到小塊番茄/兩種鍋底味道都正常/如喜愛吃辣也可調整小辣/中辣或大辣/肉品共有8道/安格斯黑牛/雪花牛/牧草牛/櫻桃鴨/小羔羊/雞腿肉/梅花豬/豬培根/自助區選項不少/除了蔬菜/海鮮/還有各式火鍋料/水果/蛋糕/最愛的冰品則有Häagen/Dazs共6種和莫凡彼共7種可選擇/平日中午前往用餐/店家態度佳/雖只有2位服務/但是因為中午用餐人數不會太多/所以點的肉片都不會等太久/綜合以上是聚餐可以參考的店家
D	以晚餐499元/10/的價位來看/這間食材真的有豐富/可說是高CP值的選擇/因飛機delay深夜才回到臺北/突然想吃火鍋而無意中找到/難得有營業至凌晨一點/即使零點時僅剩我們一組客人/服務生仍會持續補食材/及詢問是否需加湯或加點肉品/給人誠意滿滿的感覺/很棒/
C	蛤蜊沙子有點多/幸好店員很好的幫我換鍋/其它食材這個價位ok/甜點意外的不錯/水果ok但甜度偏低/愛吃冰的可以來/口味很多/飲料準備很多還有熱水/冰水/啤酒藏在最裡面/肉就是一條圓柱形的下去切/懂的就懂/
C	慘/我很少會給餐飲店一顆星/但如果是因為價格關係/肉用便宜一點/我完全同意/甚至可以不要那麼多種看似昂貴/但實質很劣質的肉品吧/如果只有普通牛肉片跟豬肉片/我也可以接受/麻辣湯頭的部分/是不是用粉泡的呢/在吃的第一口就完全覺得不對勁/這還是第一家讓我這麼不舒服的湯頭/服務生很少/而且很忙/看到一個人忙進忙出/又是切肉片/又是點單/又是擦桌子/又是帶位/又是結帳/請問你們的員工有沒有在欺負人呀/怎麼都是同一個女生在弄/後來出現的幾個男服務生也都沒有要幫忙的意思/你們的內場與外場是合併的嗎/冰淇淋很好吃/一整晚的好印象/只有溫柔親切的女服務生與好吃的冰淇淋/其他就沒了/
D	食材種類數量充足/冰品飲品豐富/麻辣鍋真的相當辣/嗜辣者會很過癮/
C	平日大家下班後來晚餐人很多/湯頭的選擇很多/可以單鍋/也可以選鴛鴦鍋/辣味可以用調味料來調/座位很大/夠寬/只是出來後發現衣服上都是火鍋味/
C	服務人員態度不錯/但人手不足/食材較廉價/整體環境衛生可以更好/
D	平價/新鮮/亁淨/麻辣鍋不踩雷/有夜店FU
D	太好吃了/我們家平均一個月來吃一次/這地方是我和孩子共同的回憶/從小學吃到國中/讚/
C	原本想來吃吃看的/但員工說一個人吃要多加50元/為什麼一個人還要多收錢
D	跟朋友來吃/幾乎都在吃自助吧的海鮮/覺得蠻多樣青菜/火鍋料/海鮮可以選/還有甜點水果冰淇淋/跟玻璃罐的可樂/美麗果/地點又在東區/很適合三五朋友聚餐
C	一/結論/食材不錯/海鮮/肉品都不錯/服務也很熱心/但是麻辣/藥膳湯底不好/讓人出戲/
D	晚上十點半用餐/服務員雖然只有一個但是人很好很親切/速度也很快/
D	可以一個人吃不用加開鍋費的麻辣鴛鴦鍋/跟別人比便宜很多/肉也好吃/冰口味也很多樣/也有咖啡蛋糕/而且不趕人
D	價格親民/火鍋料選擇很多/自助式的很方便/吃多少就夾多少/夾菜時看到一個女奧客夾蝦子一直挑一直挑/挑不喜歡就從自己盤子丟回去/超沒水準/肉的部分是用點的/牛肉都蠻好吃的沒有怪味道/湯頭雖然不是說非常驚艷/但是味道不錯不會說太辣或是不好吃/甜點種類也不少/整體來說cp值很高了/
D	肉的品質是我近期內吃過較不優的/湯頭也淡了些/但是海鮮/蔬菜都還不錯/我沒吃到蝦子/但居然有曼波魚/還有一些牛肚/鵝腸/之類的/火鍋料算滿豐盛的/雞蛋說是採用勤益的洗選蛋/從蛋黃看起來不是葉黃素視好蛋/但也很新鮮/生吃沒問題/水果很多種又好吃/我拿的西瓜/鳳梨/哈密瓜/木瓜都很甜/甜點因太飽了吃不下但滿多種的/冰淇淋有四種口味的哈根達斯/另外一種好像是卡比索也有四/六種/都算好挖/甜筒也很脆/沒有兒童餐椅/廁所沒有很大/也不是很方便換尿布/可是假日人也不算很多/整體而言並不是一間適合帶孩子來吃飯的地方/但如果是想悠閒地吃到飽又不想花很多錢/不失為一個選擇/
D	高cp值/500以內吃到飽的火鍋/安格斯牛肉/和牛肩肉口感都不錯
D	安全問題/桌子要固定好哦/食材不多/但很乾淨
D	平價美味種類多/他的甜點冰淇淋都不錯海鮮花樣也蠻多的冰淇淋有Moment/Pink和哈根的
D	就如大多數人說的CP值高/食材還滿多的/而且食材也算新鮮/我是很少吃火鍋的人/因腸胃較敏感/至少這次是沒問題的/推薦的店家/
D	疫情期間還是維持吃吃到飽/只是肉和菜用點餐的方式/哈根達斯和莫凡彼冰淇淋停止供應/變成一般的冰棒/
D	Cp值非常高的優質火鍋/肉品/海鮮/蔬菇/火鍋料種類豐富且新鮮/搭載哈根達滋/莫凡彼和生啤酒/適合朋友吃肉喝酒聊天的好鍋店/推/
D	Cp值很高/有螃蟹有推/這個價位可以選擇的食材算多
D	TWD499/10/All/You/Can/Eat/till/1am/English/menu/因為感覺得到店家用心/每次去也都很友善/是吃到飽/夜貓子世界的小天堂/營業到凌晨1點很偶爾人不多才提早打烊/吃宵夜可電話確認以防萬一/而且有位子時從不限時/吃得慢的有福音啦/5星有部分溫情分/但如果有人能因為服務生態度稍微不順她意就給1星/我都可以給10星了/反正就是喜歡這地方喇哼/P/s/女服務生沒有故意臭臉/講過話就知道/P/p/s/今天全部都是喜歡的口味又很好挖/好人有好報嗎/
C	週末要等很久/雖然吃到飽/但一次只能點三樣肉/速度很慢/大概人不夠/大概20/30分鐘才送來/走道很窄/只能一人行走/拿東西走路要很小心/服務人員態度不錯/但實在等太久/
D	無意間發現的店/假日加一成599吃到飽/含台啤跟莫凡彼冰淇淋/一次可以點三種肉/特色是有安格斯黑牛跟豬腰/尤其是豬腰在一般吃到飽的店是從沒看過的食材/因為吃得太飽了/所以沒吃到冰淇淋/台啤有點淡/外場只有一名服務生/好辛苦喔/
C	食材豐盛但人力明顯不足/續肉等了好久/也等不到服務生加湯/最後只好自己來/但也因為人力不足/所以就算用餐超過兩小時也不會趕人/是一個可以盡情聊天久坐的地方/但要吃很多肉肉真的要非常有耐心/
D	東西不錯/多樣/但店內人手似乎不足/
D	不適合帶小孩/學生跟純大人還行啦
D	東區吃到飽/還有哈根達斯冰淇淋/服務又好/讚/
D	肉吃起來/還算普通/蝦子/蛤蜊海鮮類還不錯/冰淇淋有哈根/大推/整體上/499/10/我覺得可以
D	CP值高/雖然不是頂級肉品/但對得起這個價格/
D	五六年前就吃過火龍島/印象不錯/最近又想吃吃到飽/但現在吃不飽動輒七八百/想控制預算/看看火龍島近期google評論也還勉強/就再來試試/沒想到表現很好/一個月內吃了兩次/第一次是假日晚上十點才吃/店裡只有一兩桌/馬上可以入座/第二次是假日七點/有先訂位/但店裡沒客滿/有路過詢問的客人也可以直接入座/兩次的店員都看得出來不多/想找櫃台也都要找一下才找得到人/不過很神奇的是因為肉類都是要用點單的/雖然店員不多/但點單的肉都來得很快/平均五分鐘左右就會來/態度也都蠻好/會主動問要不要加湯加肉/第一次湯頭點麻辣/和風高湯/第二次點麻辣/鮮蔬活力/個人對湯頭沒什麼要求/覺得麻辣鍋就中規中矩/除了麻辣的另外一鍋/則覺得吃起來都一樣/麻辣鍋底的鴨血豆腐倒是還不錯吃/尤其是鴨血有入味/除了肉類要用點單外/海鮮蔬菜火鍋料甜點醬料都是自取/海鮮有三點蟹/魚片/孔雀蛤/扇貝/小花枝/蝦子/花枝漿/蛤蜊/貝類新鮮度普通/蝦子很新鮮好剝好吃/蛤蜊也是鮮美/花枝漿也比想像中好吃/照片剛好一盆蔬菜被拿進去補貨/三種青菜都鮮甜好吃/火鍋料區/種類不少/我只拿了豆皮跟凍豆腐/水準都蠻不錯/中島還有一些其他食材/菇類/魷魚/滷大腸頭/豬肝之類/還有少見的豬腰/自己拿了玉米很甜/滷腸有入味/稍鹹了點/醬料區/補得很勤/蛋滿美味/不過兩種泡菜都有種倉庫味/看起來很好吃/但吃一口就放棄/非常難吃/肉的種類有八種/安格斯黑牛好吃/其他幾種肉吃起來就中規中矩/厚度還OK/不會煮了就散/飲料區/汽水都是玻璃瓶裝的/還有以這價位比較少見的台啤/不過喝起來不怎麼樣/甜點區/水果都很好吃/也補得很勤/蛋糕類個人覺得都非常普通/沒有吃的必要/冰淇淋區/有哈根達斯跟莫凡彼/哈根達斯有六種口味/莫凡彼好像是七種/莫凡彼的香蕉口味滿特別的/除了一兩種挖起來粉粉的/大部分都很好挖/餅乾體是深色脆皮/不是小火鍋店的淺色很軟的/個人很在意這點/覺得淺色的都有種塑膠味/會讓冰淇淋整個變難吃/環境部份/整潔度還OK/但桌子跟桌子間空位滿小的/常需要叫別桌的人坐前面一點才能過/桌子的大小還夠用/擺上兩個大盤加自己碗盤飲料算剛好/吃完的時候店家還給了可下次用的折價券/以這價位跟內容/個人是很願意再去的/
D	有不少少見的海鮮類食物/覺得驚艷
C	食材其實蠻普通的/但這價位也不用太挑剔/
C	湯頭不錯/但肉片普普偏硬
D	位置/離捷運站忠孝復興不遠/相當方便/肉品/肉片厚度切得很剛好/不會太薄不會太厚/雞肉很好吃/海鮮/相當新鮮/不少品項都讓人吃起來覺得處理得很乾淨/品質很好/自助吧形式取用/很方便抓想吃的量/甜點/冰淇淋不會難挖/提拉米蘇很好吃/飲料品項多/價位以品質來說/相當可以/
D	台北還有平價的麻辣火鍋/也算佛心了
D	便宜又好吃/海鮮青菜種類豐富/甜點還有哈根達斯/莫凡彼任君挑選/還有/喝到飽/
D	生意很好的火鍋店/沒事先訂位/但可能剛好是寒流來襲的雨天/又還未到正中午用餐時間/幸運不必等就有位子/吃到飽且自助式拿取肉片以外的所有火鍋料/和其他火鍋店較不同的是海鮮類/算新鮮/肉片可以勾選桌上的肉片訂單/一張只能勾三盤/吃完可以無限次數再加點
D	吃到飽/時間彈性/種類頗多
D	鴨血很好吃/肉是現切的/冰淇淋也很好吃/鴛鴦鍋/吃到飽/哈根達斯/莫凡彼/聚餐
D	我們家今天第一次來吃/覺得不錯吃之外哈根達斯冰淇淋超級好挖/一般都會像石頭很硬挖不動/而且服務態度都很不錯/
D	每一/兩個月就會來吃一次/菜色豐富/點心/水果/飲料/冰淇淋口味眾多/希望能再明亮一點
D	CP值超高的火鍋選擇/肉得品質算還不錯/除了肉的部分/菜以及其他食材都是自助式的/種類也都很多/但最棒的還是甜點的部分/有哈根達斯跟莫凡比克/都很好吃/冰箱裡也有蛋糕泡芙水果等等/種類繁多/任君享用/想好好吃甜點的火鍋別吃太多囉/
D	我登島了/島上政府官員似乎只有一位小哥/
D	牛肉質量不錯也蠻好吃的/海鮮很新鮮種類很多/鯛魚片/蝦子/蛤蜊/孔雀蛤/扇貝/三點蟹應有盡有/火鍋湯頭也不錯/冰淇淋也好吃/對的起價格/會再訪/
D	豬肉好吃/湯頭不錯/價格合理/冰淇淋兩個牌子都好吃/
D	食材新鮮多樣化/服務親切和善/價格親民還送抵用券/值得一再光顧/
D	新鮮/肉質好/選擇多/不像其他店家一盤只給4/5片肉要一直點/甜品/冰品/水果/飲料/都比吃到飽的涮涮鍋/壽喜燒/要好得多/
D	食材新鮮/任你吃/
D	各式菜色齊全/補菜速度飛快/有機會再來/至於煎茶跟可爾必思不像他們原本的樣子/還有醬料台有股不是醋味的酸味/又是另一回事了/
D	價格合理/食材新鮮/青菜肉品選擇又多/湯口喝起來很順口
D	交通便利/東西新鮮/服務也好/多樣甜點跟水果/還有哈根達斯可以吃到飽/只是燈光有點昏暗/是會再造訪的店/
D	竟然在東區有cp值這麼高的吃到飽火鍋店/還送100元折價券太佛心了/加完服務費/599這個價位/品質中等無法太要求了/琳琅滿目盡有的食材/打趴很多超跩訂不到位的麻辣火鍋/只是店員人數很少他們很忙碌/但會一直補食材不怕客人吃
D	CP值滿高的吃到飽/
D	種類繁多/食品新鮮/冰淇淋倒是硬的可以/超難挖/店內空間稍嫌擁擠/胖點的會不太方便/
C	雖然為吃到飽/然而點單式的肉品送餐速度極為緩慢/用餐時間過了大半點的肉品還未上桌/用餐空間也十分狹小/整體用餐體驗上不太舒適
D	店面整潔乾淨/火鍋料種類多/品項相當齊全/人力有點不足/雖然送肉速度有點慢/但超過兩小時店家也不會趕人/可以放輕鬆無壓力悠哉悠哉慢慢吃到撐/所以上菜慢點沒有關係/在東區來說價格合理
D	食材豐富好吃/服務人員態度很好
D	吃到飽/CP值高/湯頭不錯/東西樣式還滿多的/肉片很薄但好吃/冰淇淋good/只是吃完身上很有/味道/
D	用餐環境不錯/黑牛好吃/麻辣很辣/大腸有滷過入味/
D	純火鍋/食材較高級/
C	肉的品質普通/自助吧補菜速度慢/海鮮也是次等的/甜點奶油泡芙有怪味/乳酪蛋糕太硬太冰/冰淇淋不好挖/有空的也沒儘速換桶/假日用餐545/10/服務費就要599/整體CP值不高
D	哈根達斯超硬/放棄/還好莫凡彼挖的起來/醬料區一碰就一堆果蠅起飛/嚇死寶寶/燈光有點暗/肉普普/下午空位很多/蛤蠣很小很小
D	/火龍島極品火鍋/鍋物/台北市/大安區/復興南路一段/吃到飽/buffet/推薦指數/環境評比/服務態度/美味鮮度/價格等級/交通便利/很久沒發文了/要開始補功課了/這天是朋友要特別請客找的餐廳/說實在的剛好碰到疫情時期/等於包場/這種當大爺的感覺就是不一樣/店內裝潢擺設還有桌椅大小都很OK/食材講究的是新鮮食材/除了當天友人吃的一種魚片感覺有點怪味外/其他都很不錯/服務我們的人員感覺是店長/不然就是類似的階級主管/因為服務態度很好/吃過很多家餐廳/通常這種態度不是老闆就是店長才有的/可能也剛好人少/服務我們非常到位/所以態度上多了半顆星/食物的鮮美度還不錯/就是品項少了點有些可惜/不過如果以品項跟品質來比/我還是選品質相對高的會比較好/以這種價位我覺得可以接受了/算是CP值不錯了/海鮮類的食材比肉片來的更優一點/這裡停車不方便/但是捷運很便利/停車只有市民大道地下停車場而已/不然真的一位難求了/以經濟實惠而言是還不錯的選擇
C	依價格論/是物超所值的吃到飽/為中檔店/唯要再強化燈光/場所擴充/不再擁擠/那就更棒棒了/
C	非常極度強烈建議進口一片一片的黑毛肚/這樣絕對會大幅度增加消費人群/因為大部分的人們都喜歡吃毛肚/萬事俱備/只欠毛肚
C	這幾年在這吃了不下十次/老闆和老闆娘人很親切/服務好/食材CP值也不錯/可是1/6星期一晚上用餐完付錢並沒有主動開立發票/詢問索取發票後/應該是老闆娘還愣了一下然後反問/要開嗎/不用主動開嗎/要問國稅局嗎/請大家記得索取發票/一兩年前或許不用開/不過現在營業額有過門檻/該開發票就請誠實做生意/還有不知道為甚麼結帳時間是1/6晚上大概十點/開出來的發票卻顯示1/7凌晨
D	吃到飽不錯/東西種類多/價錢也還公道
C	之前一個人來/店員很堅持的說建議2個人/不然不給開鍋
D	食物新鮮美味/環境整潔/服務生效率很高/只有一個人負責切肉/結帳/補湯/上菜/但是卻沒有讓顧客等待感/實在厲害/
D	餐食不錯/用餐氣氛佳/不過當逼近客滿時/店員也只有兩人/感覺有點忙不過來/另外不要坐靠窗的座位/下雨時會滴水/
D	除了位子很擠人很多以外沒有其他缺點/自助吧東西滿滿不怕餓/切肉區只有一個人員負責所以多等等一下還好/難得我覺得甜點是還不錯吃的/推薦右上角的巧克力蛋糕/只記得位置口味/魚肉大多冷凍喜歡吃新鮮不推/本身不大吃海鮮所以整體體驗不錯值得去吃/
C	服務態度極差無比完全不推薦光臨
D	店面整潔乾淨/火鍋料種類多/品項相當齊全/人力似乎有點不足/送肉的速度有點慢/但在可接受的範圍內/而且這家店裡吃飯似乎沒有限時間/門口的牌子雖然寫了/限時兩小時/但我們呆了兩個多小時店家都沒有跑出來趕人/可以放輕鬆無壓力悠哉悠哉慢慢吃到撐/所以上菜慢點沒有關係/肉的品質也不錯/哈根大斯的冰淇淋實在太硬了/真的很難挖/飲料無限供應/可惜沒有冰沙/不曉得是否是因為現在是冬天/沒有供應冰沙/等夏天再過來看看/店員態度很友善/都會主動過來幫客人加湯/沾醬種類也很多/該有的都有/今天年初四/中午吃一頓/一個人/549/元/499/元加一成服務費/在東區來說價格合理/
D	氣氛優/適合朋友們的聚會/如果沒客滿店家也不會趕人/點肉盤時雖然有等一小段時間/但上肉時都有按照我們畫的量上肉/讚/而且火鍋配料以及甜點飲品很多樣/可以吃很飽
D	食材新鮮又多元/服務也很親切是聚餐的好選擇/
C	七點多進去/牛肉只剩一種/店員帶位完才說/吃到一半只剩兩種豬跟鴨肉/飲料見底半天未補/菜也補很慢/盤子也收很慢/可能人手不足/但這不是客人必須忍受的/東西缺難道不該降個價嗎/完全不推薦/
D	在東區很久的火鍋/之前覺得招牌很髒/加上東區一堆價格貴又超難吃/遲遲沒有吃過火龍島/今天因和朋友聚餐/完全改關/這樣的價錢CP值超高/且食材服務人員一直有在維持他的新鮮度/雖然人手較少但這樣價格我是可以接受的/另外洗手間也很乾淨讓我有嚇到/因為一般這種型態的火鍋店都很髒/推薦
D	吃到飽/食材新鮮好吃/肉品點菜上菜不拖拉
D	蔬菜/海鮮選擇多/湯頭正常發揮/算是高CP的吃到飽火鍋店/而且幾乎不用等/也不太需要預約就吃得到/唯一建議/不要夾玉米筍/
D	好吃/服務一級棒/
D	味美實在/食材新鮮/依吃到飽/服務人員服務親切價位真的好划算/
D	以假日晚餐499/一成服務費的價位來說/湯頭非常不怎麼樣/肉切的太薄了但品質還行/食材豐富度跟新鮮度還可以接受/但服務人員數量感覺不太夠/用餐環境有點太昏暗而且擁擠/會有髒髒的錯覺/不算很舒適/但是這個價位有哈根達斯的冰淇淋算是很稀有的/整體cp值還算高
C	配料很多/尤其是海鮮的部分有很多選擇/但是醬油的部分我個人真的不喜歡/而豬肉片切太厚導致口感硬到不行
D	這個價位/我覺得CP值很高/我很滿意/來吃好幾次了/希望可以在這一波/東區大蕭條/中/挺過來/他的辣鍋和養生鍋/香而好吃/安格斯黑牛肉片很大片/高級好吃/蝦子很新鮮/殼和肉沒有分離/冰淇淋有哈根和莫凡彼/這個價格吃的到這兩品牌/然後還有手壓啤酒/甜點不馬虎/有鏡面巧克力蛋糕等/真的推薦大家來吃/
D	品項多/吃超飽/服務人員很厲害/一人服務全場/
D	不錯的用餐環境/服務好/菜色/冰品/飲料/甜點都很滿意/可以值得推薦朋友/家人/_/
C	湯頭普通/但海鮮/水果/冰淇淋品項很多
D	CP值很高的火鍋店/例假日晚餐499/包含一般火鍋料/海鮮/各式飲料/Häagen/Dazs和莫凡彼/肉質也很不錯是意料之外/
C	我們訂7/30/8點才入座/送肉有夠慢/沒有杯子喝飲料/沒碗裝醬料/挖冰也沒碗/椅子還很難坐/上鍋湯上20分鐘/一盤肉等30分鐘/店裡沒幾個員工/蝦子也不新鮮
D	整體來說肉品不錯/紐西蘭牧草牛及黃金健康雞腿肉偏硬/如果喜歡吃嫩肉不建議點/自助吧的菜色很多/魚肉塊/草蝦/貝類都有/飲料選項也很多元/咖啡/冷熱茶飲/可樂/還有啤酒機/但今天剛好故障/蠻應有盡有的/
D	已來訪3次/每次都覺得很讚/東區能有這樣價位的吃到飽火鍋實在難得/海鮮/蔬菜/火鍋料採取自助方式/肉片現點現切/食材選擇多/用餐時間兩小時非常充裕/甜點有蛋糕與哈根達斯/cp值很高/非常推薦大家來吃
D	室內溫馨聚餐好場所/雖然是吃到飽餐廳但食材整齊乾淨/非常喜歡
C	台北市/500多元吃到飽/刷刷鍋這樣算可以啦/只是環境有點窄/供應區食物就會較少/大腸頭處理不好/整個湯都不好聞/建議太要挾此食物/動線不好/6人座位/叫我們擠/8人去座/太擠了/感受不好/廁所也需要改進/觀感不是很好/
D	好吃到沒話說/甜點很推薦/海鮮超級多樣
C	火鍋料種類多/味道一般般/就是你心裡想的那樣/水果種類也多/但都放太久/尤其芭樂水梨西瓜都超級乾/甜點完全不冰/放進嘴裡後滿臉問號/很像在吃海綿蛋糕/唯一值得讚賞的只有冰淇淋/平日晚餐價格549/覺得誠意略顯不足/
D	整體上來說蠻可以接受/不管是價格還是品質/雖然沒有到choice/prime/那種等級的樣子/不過也不錯/安格斯牛口感最對胃口/不帶太多油脂卻軟嫩/海鮮小卷完勝蛤蜊/有提供哈根和莫X比/水果及蛋糕
D	還不錯吃/選擇蠻多服務佳/只是當天蛤蠣有腥味
D	服務員服務很好/CP值很高/冰淇淋也很好吃/_/肉類新鮮/價格有善/也不會趕人/讓人吃的很放鬆滿足/下次會再來吃/
D	肉品跟價格匹配/冰品也很有誠意/值得推薦/唯海鮮弱了一點
C	就是很常見的火鍋吃到飽/該有的醬料/冰淇淋/肉品都有/海鮮很普通/但價位感覺偏貴/500/10/550/人/上肉慢/走道窄/動線差/跟同價位比起來整體感受稍微差一點/但肉是還不錯的/
D	有的擠/而且有些海鮮不會補上這點有點失望
C	先聲明/員工們已經非常的努力的hold住全場了/但是整個店裡處於一個極度人手不足的狀況/食物狀態也不是太好/吃起來跟我在台中吃199吃到飽的等級差不多/老闆應該要正視人手問題並改善食材新鮮度
D	吃過那麼多家吃到飽/這家cp值很高/時間到了也不會催你/店員服務態度蠻好的
D	既平價又好吃的吃到飽火鍋/雖然員工人手不多/所以帶位跟上肉的速度會稍慢一些/但是食材跟肉的品質真的都很不錯/而且還有哈根達斯和莫凡彼的冰品/是值得一來的火鍋吃到飽/
D	火鍋/肉/吃到飽/湯頭多樣菜色多樣/雖然一進去空氣有點悶/但用餐很愉快/冰淇淋還有兩種品牌多樣化/飲料也很多種/加服務費549/真的很划算/CP高又便宜又吃很飽/用餐2小時/適合聚餐/特別喜歡泰式酸辣湯頭/超讚
D	湯頭跟食材都屬中上/幾乎不趕人/可以沒有壓力的慢慢吃/但希望碗盤可以再乾淨點/冰淇淋不要這麼硬挖就更好了
D	常常光顧的愛店/平均一到兩個月光顧一次/食材很新鮮/有莫凡彼及哈根大斯冰淇淋吃到飽/店員服務態度很好/非常推薦的聚餐好地方/
D	這個價位能吃到這麼新鮮的食材/在台北非常不容易/就是座位區比較擁擠一點/但還可以接受
D	東西種類很多也蠻新鮮的/但店內座位太多稍嫌擁擠/消費當天冷氣似乎是故障了/吃到一半差點有中暑的感覺
D	服務人員親近/客氣
C	朋友推薦今天第一次來用餐/餐點很新鮮/食材種類也很多吃的很過癮/唯一美中不足的地方是八點後一直等不到服務生幫我們加湯/我們只好自己去加湯了/然後一個女生服務生的服務態度也不是ok/而且臉也有點臭/不過男服務生服務態度很好/
D	食物選擇多/cp值高吃到飽/甜點普通
C	/雖然吃到不新鮮的蛤蜊/這家店給我的感覺不是精緻/也不能說極好吃/但可以滿足吃到飽的爽度/肉品儘量點/各種料任意夾取/飲料也是/而且還有一個優點是/如果客人不多/店家沒有限時用餐時間/真的是吃到飽又坐到飽/歐/冰淇淋是很多口味的哈根達/這點滿激賞的/
D	CP值超高的吃到飽/肉品/蛋糕等都很棒/醬料/冰淇淋/飲料選擇也很多/來過幾次了/服務人員態度都很好/推推/
D	價位中上食材多新鮮/肉類嫩好吃/補貨也不小氣/員工不多動作都挺快的/
D	肉片現點現切/晚餐肉會上得慢些/人太多/晚餐只要549/含服務費/有甜點/水果/飲料/哈根達斯/莫凡比冰淇淋/下午沒休息/肉品不錯/台灣鯛/蝦子也行/滷腸有時有臭味/補菜很快/營業到凌晨1點/
C	食物選擇多但很多還沒有溶掉雪/價錢可以接受/地方不近捷運站/要走一段路才到
C	吃到飽火鍋/醬料區食物區太小/人一多連轉身都卡/肉品ok/海鮮類的沒有很新鮮/同樣價位吃到飽還有其他更好的選擇/不太推薦
C	服務態度相當差/湯底也很糟糕/點一盤肉30分鐘以上才送過來/是目前吃過最糟糕的火鍋店了/完全不推/會被雷到哭
D	假日含服務費599吃到飽/食材算新鮮/
D	食材新鮮/環境乾淨衛生/料多很多選擇/醬料也總是很多樣不同於ㄧ般其他火鍋店/這家吃到飽火鍋真的物超所值/已吃好多年都不會膩/
C	肉切得非常非常薄/一次只能點三樣肉/送來的速度很慢/蛤蜊吐沙吐得整鍋都是/螃蟹煮完裡面沒有肉/還是加一兩百塊吃別間吧/
D	CP值超高的火鍋店/肉質超好是prime的牛肉/也有很多其他肉可以選擇/黑牛/草飼牛/蝦子跟蛤蜊也很大很新鮮
D	麻辣鍋底/超好吃的豆腐/莫凡內覆盆子冰淇淋/我的最愛/現切肉片/食材新鮮/飲料多樣化/甜點櫃又乾淨/值得推薦/
D	個人算火龍島的常客了/平日和朋友約東區聚餐/如果不知道要吃什麼就來火龍島/這裡食材都很新鮮/店員加湯加鴨血都很大方/還有我愛的haggen/daze/雖然限時二小時/但是如果店內還有空位也不會趕人/有時想一個人吃火鍋/店家也不會拒絕/個人覺得CP值頗高/前幾天經過時看到店在整修還想該不會以後少了個常光顧的店/還好詢問過店家後只是整修幾天/這週末就恢復營業/下週休假一定要再去飽餐一頓/
D	東西新鮮好吃/種類多/用料實在/假日晚餐加完服務費550/CP高到不行/雖說用餐兩小時但沒滿都不會催人/想到火鍋都會想來這裡吃/一個月吃好幾次都不膩/唯一缺點就是人力不足/但服務也很客氣/只是肉切比較慢/就吃海鮮海鮮海鮮吧/蝦子有夠好吃
D	Cp值高的吃到飽/大致該有的都有/以這價位來說很不錯了
D	超便宜又好吃的火鍋/
C	599但食材不新鮮/燈光昏暗/杯碗都沒洗乾淨/整體品質很像199/錢都拿去付房租了/不懂分數為何這麼高/
D	湯頭都很有特色/肉片的處理有待加強/其他菜色的選擇不算太多
D	食材新鮮/空間舒適
D	食材新鮮/而且有一些好吃又特別的/蛋腸/毛肚/鴨腸/醬料區雞蛋隨便拿實在佛心/CP值極高/唯一缺點是油煙味比一般火鍋店還重
D	20190825/今天第一次來吃/湯頭好喝/中藥/肉也好吃/一份錢一分品質/用餐環境/舒服/我是不吃冰淇淋/看老婆吃了大概5/6球/品質應該是很不錯
C	一顆星是給東西好吃的/女店員還是女老闆娘超級瞎的/事先已經預約好定位/火鍋已經吃到一半了/竟然因為外面有客人在候位/問我們可不可以移位子/重點是已經吃到一半了/我們已經說了不想換/還硬要我們換位子/那問我們可否換是問/不懂預約幹嘛用的/就像你廁所上到一半要你換另一個馬桶一樣/感覺就是很差/人手不夠就算了/收菜單還用抽的/空盤放超久也沒人收
D	老闆親切大方/食材新鮮/豐富/應該在中和開分店
D	以吃到飽說價格相對便宜/冰淇淋口味很多/兩個牌子加起來13種口味/除了座位擁擠/走道狹窄以外沒什麼好挑剔的
D	食材新鮮/衛生好/服務好/價錢公道/但交通盡量要坐大眾運輸/
D	整體來說很棒/各式各樣東西都有/齊全度非常好/唯一可惜之處/我們在平常日去/客人依然可以坐到滿/全部服務人員只有兩個/真的很辛苦/不過好處是不限時的樣子/也沒有趕人/整體來說給與高度肯定
D	適合聚餐聊天的好地方
D	除了羊/牛肉及海鮮品質都非常好/甜點品項種類多/瓶裝飲料也無限暢飲/兵品更是沒話講/服務人員態度親切上菜速度也快/不給五星愧之我心/
D	除了肉類/其他食材要自己去拿/鴛鴦鍋點番茄跟麻辣口味都不錯吃/吃宵夜場/22/30/上肉速度不慢/可能沒什麼人的關係/服務態度佳
D	好吃/食材又新鮮/價錢在信義區算是非常划算的選擇
C	注意不要坐在靠窗的地方/不然如果下雨/你的火鍋就會加入天空落下的特別鍋底/食材方面則是ok/服務靠運氣/人手不夠的情況下會有自己是邊緣人的感覺
D	這家店一次就可能點三種肉/讓我滿足吃肉的需求/而且老闆像佛心來著居然不用收服務費也/實在太便宜啦/而且超過兩小時也不會趕人也/有這家店實在太棒了/
D	不算餐點數量算人頭/每人549/所有餐點吃到飽/海鮮算是挺新鮮/肉品餘料也ok/整體來說算是很超值的選擇
D	高cp值/一人開鍋多收50元/相對合理
C	Cp值算很高/不過在星期五的晚上去吃/點現切肉品上菜的速度極慢/希望店家能面對改善
C	店員詐騙集團首腦/跟我說等25分鐘結果快一個小時了才在喬位子/送肉有夠慢/韓導賽車場都蓋好了都還沒送來/椅子還很難坐
D	個人覺得蠻推的/肉算不錯吃/來餐的速度也很快/沾醬有很多選擇/另外火鍋料/蔬菜/海鮮也都蠻不錯的/店員補料的速度很快/店內還有啤酒喝到飽/冰淇淋有哈根達斯跟莫凡彼的樣子
D	外場人員雖然只有一位/後來多了一位/服務品質仍然未受到影響/食材新鮮/擺設清潔/從外觀看去好像夜店/
C	以價格來說不能挑剔太多了/畢竟裝備了哈根達斯與莫凡彼/肉菜就普普/不過看起來人手不足/上菜會比較慢
D	服務態度不錯/跟馬辣比起來雖然可能選項沒這麼多但4是CP真的滿高的/又很好訂位/我已經來5次囉/很推薦
D	看得出店家的用心/平常看得到的食材都有/還有比較少見的山藥/精靈菇等等/醬料也超豐富/肉品給的不手軟/湯頭也好喝/消費還會送優惠券/推薦推薦/
D	麻辣湯頭味道順口
C	東西品質還OK/第一次印象還好/但服務差到爆/在門口等沒人招呼要進去叫人/後來經過兩次進店都說沒位置/目測還很多/明明就是看單人客人不想開鍋
D	火鍋料/海鮮/青菜自助吃到飽/肉需要等一下/人手不夠別太為難他們/基本上不太會趕人走/如果戰力強的推薦登島挑戰一下/
D	很便宜/東西選擇也多/cp值很高
D	食材種類多/海鮮又新鮮/價格親民/第一次主動上Google幫店家打五星/
D	後面沒接續訂位就不會趕人/吃的很悠哉/東西好吃種類多/覺得是台北目前吃過最舒服的吃到飽
D	我覺得肉質蠻好吃的/而且菜色很豐富/
D	服務超好/cp值極高/海鮮新鮮/肉嫩
C	食材種類算多/但送肉盤速度有點久/且冰淇淋超級難挖/不過價格還算可以接受
D	看外觀可能不會特別有興趣/但用料真的非常實在/也很多選擇/海鮮都很新鮮/沒在敷衍客人/每樣東西都好吃/雞肉很嫩/CP值高高高高高到不行/
D	以一家吃到飽火鍋店來說蠻不錯的/品項豐富/新鮮/該有的都有/今天去吃第五次了/棒/
D	以這價位549來看/CP值超高/食材多樣還很新鮮/最近有隱藏版香茅湯底/很推薦喔
D	店員速度都很快/送菜也沒有漏單/用餐時間到了/若沒有下一組客人就不會趕人/學生們聚餐可以分開結帳/很方便/食材上都很新鮮/CP值很高的一家店/希望大家去聚餐/不要浪費食材/讓CP值很高的火龍島/繼續維持下去瞜
D	肉跟海鮮的品質很棒/而且有供應啤酒喝到飽/朋友聚餐很推薦
D	真心喜歡這裡的火鍋/不僅吃到飽/食材還是很新鮮的/每次到東區都會選擇這間火鍋店吃飯
C	很有趣的全自助概念/人多到忙不過來的幾個店員/但是單價真的很低/要在台北吃到飽火鍋/這個單價真的沒得找/
D	菜色不錯/價格合理/沒有限時間/可以慢慢吃/和家人朋友悠閒的聊天/家人很喜歡也常常去
D	Cp值高/啤酒暢飲/哈根達斯/莫凡比/吃到飽/很多東西是外面吃到飽沒有的/沒有因為時間被趕過/都可慢慢吃聊天
C	東西好吃是好吃/已經事先預約了/結果東西吃到一半/竟然因為外面有六位客人候位/問我們可不可以換位子/想說已經吃到一半了/就不想換/女店員硬要我們換位子/不懂事先預約是預約心酸的嗎/空盤放很久沒人收/菜單還用抽的/超級沒禮貌
C	價位跟服務算是還可以/但真的服務人員太少/臉有點臭/海鮮不夠新鮮/魚漿到是還不錯吃
D	晚餐499加一成/真的是佛心來的/食材很新鮮/啤酒暢飲/甜點和飲料有很多選擇/是CP值很高的吃到飽麻辣鍋/
C	冰淇淋超級硬/很難挖/因此用比較大力去挖/然後沒拿穩/反彈到刮到就受傷了
D	食材新鮮/服務用心/湯頭味道很棒/看得出廚師很用心在處理食材/
D	服務人員很用心會一直擦拭/讓食物區保持乾淨整潔/環境寬敞/座位舒適/食材種類眾多/和朋友聊天聚餐的好地方
D	海鮮/肉的品質都不錯/種類也豐盛/還有玻璃罐裝的可樂/惟獨場地太狹窄/餐具的清潔亦可再加強
C	食材新鮮度覺得還好而已/冰淇淋很硬/挖不起來/只好作罷/廁所只有一間不太方便/
D	以這樣的價位可以吃到這麼多種的食材我覺得相當划算/當然你不能跟貴的比/完全可以發薪水前來吃/
C	沒有特別喜歡吃到飽/還可以啦/朋友是說喜歡/我覺得還好/哈根達斯很硬/超難挖哈哈/
D	本人願稱此家麻辣火鍋為東區最強/CP值高到你無法想像
D	食材新鮮種類多/服務人員客氣有禮貌/就是讚
D	CP值蠻高的/海鮮種類不少/肉片選擇也蠻多/甜點有蛋糕水果冰淇淋
D	啤酒喝到飽/不太會趕人/聚會好地方
D	食材相當豐富/只是若是純素可能不適合/葷素的夾子沒有分開有點可惜/但整體來說是非常令人驚豔
D	海鮮很多/肉類很棒/飲料多樣/麻辣的鴨血超棒/交通方便
D	食材尚可/服務不錯/椅子該換了/坐的很不舒服
D	很棒的吃到飽/位在東區卻價格不貴/食材簡單可是品質很好/CP值高
D	不錯的用餐體驗
D	CP值推薦好選擇/食材新鮮而且補貨速度快
C	多年沒去/品質下滑許多/九點多用餐/人沒特別多/外場縱容學生聚餐鬼吼鬼叫/我們的湯沒了還要自己加/外場都當沒看見的/還好意思收服務費/食材也下滑許多/甚至不新鮮/吃飽隔天很不舒服/想吐/以前是老主顧/真的很失望/不會再造訪了
D	食材新鮮/湯頭好喝/服務人員親切服務/會讓人想再去/
C	玉米筍咬下去有臭酸味/員工不知道在幹嘛都在裡面/進去站了一陣子沒人出來帶位/盤子一堆也沒人收都在廚房/沒什麼服務熱忱
D	湯頭好喝/肉品和海鮮新鮮/甜點水果冰品飲料種類多元/很棒的一間店
D	服務很好/服務生ㄧ直關心著我們要什麼/食材很豐富/醬料選擇很多/co值很高/
C	入座半小時終於上了第一盤肉/冰淇淋超級難挖/久久補一次湯底且鴨血豆腐三個人一次給兩塊不知道該怎麼分/
D	肉/火鍋料新鮮/水果有甜/飲料多樣/甜點行/冰頂級/都有一定品質/補食材快/但肉一開始慢後面才來快/也是吃爽爽/座位小了點
D	3/5/以這價位/在這地段來說/還真不錯/東西的選擇也不少/如果剛好到這附近/沒其他想吃的/不妨一試/
D	食材新鮮多種/服務好/還有高級冰淇淋/中等價位/c/p值高/
D	食材算新鮮/服務人員太少/導致點餐後/肉品得等/不過幸好沒有嚴格規定時間
D	看外觀時/沒有很想進去/但是進去店家後/覺得值得再來/食材乾淨/服務態度又好/也會提醒最後加點/算是跟朋友聚會的好地方/
D	不會很貴的火鍋吃到飽/雖然上面寫用餐時間2小時但最後吃了4小時都沒趕人XD
D	好吃/不貴/
C	個人覺得/火龍島的定位就是想吃附近更高價位的吃到飽卻又沒位子時/可以來吃的店/我都只吃冰淇淋的/
D	吃到飽鍋物尚可/菜色不如預期/上菜速度太慢/同等價位有其他去處
D	佛系火鍋/好吃要推/很怕這間在競爭激烈的台北會倒/真的很好吃又不貴
D	安格斯肉質不賴/切薄的肉片涮六秒後入口剛剛好/沾上醬汁輕咬幾下就像化掉般好吃
D	肉品品質沒話講/海鮮很新鮮/沒有什麼腥味/環境不錯/唯獨人手不足/建議離峰時段前往
C	食物不錯/但用餐環境吵雜且座位之間的間隔很小/用餐體驗不舒服/但如果單純要吃東西可去
D	這裡主打海鮮類食材/尤其魷魚/扇貝味道特別鮮甜/肉類就稍為遜色/價位親民的吃到飽餐廳/老闆人很好唷/
D	肉品多元/葉菜新鮮/海鮮味美/特別推薦滷大腸軟爛入味/冰淇淋冰櫃溫度適宜好挖/
D	樣式多/海鮮新鮮/價格親民
D	以相同價位的火鍋吃到飽來說/CP值真的高/
D	CP值高/自取的食材很多/海鮮新鮮/水果蛋糕也都不隨便
C	服務態度佳/補貨速度快/菜色豐富/吃粗飽可以
D	東西好吃/蝦子新鮮/服務態度好的店家
D	價格略高/肉質尚可/冰淇淋好吃/海鮮具一定水平
D	可以把白毛肚換成黑毛肚嗎一片一片的這樣比較讚
D	服務態度好/食材非常多樣/肉品也很棒/還有哈根達斯/蛋糕/甜品也都很不錯
D	Cp值高/東西多元豐富/冰淇淋好吃/牛肉品質好/可以吃得很盡興/
D	讚/好吃/
D	送肉的速度很慢/但牛肉的品質很高/推薦安格斯黑牛/滷豬腸及大腸頭也非常好吃
D	優秀/回訪好多次/
D	店家真的好有誠意/菜色豐富又新鮮/而且都是用高級的食材
D	肉質鮮嫩好吃/但人多時住住肉吃完下一盤還沒送上來
D	海鮮吃到飽/店員也很認真服務/500上下的火鍋店/推一個/
D	這個價位來說/品質好/種類多/唯一缺點可能是動線稍微擁擠
D	食材新鮮且多樣化/肉類品質也很不錯/啤酒無限供應/是朋友聚會的好去處
D	很棒/CP值高/沒客滿/即使用餐時間到/也不會趕客人
D	很多菜色可以選/應有盡有/真的物超所值/服務人員真的辛苦了/謝謝/
D	服務很好/料多又能吃到飽/想吃火鍋就不要錯過
D	東區吃到飽推薦名單/有高級的肉吃到飽/海鮮也很不錯/冰淇淋有哈根達斯/有啤酒無限暢飲
D	東西新鮮/雖然這次沒吃到牛筋/但是整體來說cp值很高
D	CP值很高/肉跟海鮮都很新鮮/冰淇淋也很讚
D	好吃/唯一缺憾的是三大電信業者網路訊號到店裡幾乎全掛了/吃快10次了/都沒人反應嗎/
D	店面乾淨/肉及火鍋料品質中上/甜點好吃/cp值極高
D	肉質好/蔬菜種類多/海鮮新鮮/蛋糕好吃/冰品種類亦多/飲料選擇也多
C	上肉速度極慢/肉質不好/冰淇淋吃完一直不補/湯頭普通/非常不推薦
D	價錢跟食材CP值成正比/老闆人不多時也不會催人/
D	價格划算/料豐盛/服務生人多時會忙不過來/
D	食材新鮮/價格也不貴/服務人員也很親切又不趕人/cp值高
D	肉品好/海鮮食材美味/蛋糕很驚艷/服務也很棒/值得再次品嚐/
D	湯頭好/豆腐鴨血都很入味/菜色不錯/服務態度佳/真是物有所值/推薦啦/
D	還行/會想再訪/但店內環境維護希望多用點心/食材啤酒也別退步/加油
D	可以是聚餐的選擇/
C	論整屋子感覺/還是不錯的/食物也不錯吃/服務態度上有改善空間
D	東西種類非常多/但當天用餐冷氣似乎有問題/吃到差點中暑/
D	平價火鍋吃到飽/選項很多/不過環境倒是沒有說特好/不過因為平價就接受吧/
D	男店員服務周到/忙翻了/態度還是很親切客氣/辛苦了/
D	服務很好/食材新鮮/隔兩年來吃還是很滿意
D	海鮮跟肉品都不算頂尖/不過也算中規中矩/平日中午CP值很高/交通也方便
C	服務ok/湯頭不錯/海鮮新鮮/料不少/唯一的缺點是肉很爛/不新鮮/又切很薄
D	好吃/老闆人很好/禮拜二中午去吃沒什麼人/希望不是生意不好ORZ/老闆加油/下次帶朋友再來吃/
D	吃了十多年/口味不變/一樣好吃實在
C	可煮的配料品項蠻多的/肉感覺還好
C	算還可以的火鍋/但服務人員太少/人多的時候等肉要等很久
D	便宜/Cp值高/而且海鮮一直拿/老闆也很熱情/十分推薦
D	肉很普通/蛋糕不是很美味/海鮮很新鮮/且服務不錯/
D	好吃/食材新鮮/尤其海鮮的部分/蝦子很大/
D	食材很新鮮/提供東西多樣選擇/服務員態度親切/推薦/
C	東西覺得不是很新鮮/種類也不多/這價錢不值得/
D	出餐及食材補充速度很快/服務也很不錯/唯一缺點大概是用餐的空間稍嫌狹小
D	肉類海鮮吃到飽很爽快/糕點也好吃
C	自助吧台上食材都很不錯/魚片看起來很新鮮
C	還不錯吃/但如果不是很喜歡吃海鮮的比較不推
D	湯頭好/食材也佳/價位也ok/吃過很多次了
D	Cp值超高/好吃/店家態度良好/適合２/４人一起來吃
C	在吃到飽火鍋店吃到的肉比我家旁邊錢都還少/_/
D	以現在來說價格相對便宜/用餐時間也比較沒有強制限定/東西也好吃
D	肉很普通/不過冰淇淋很讚
C	不怎麼喜歡/料是很多/但是肉都是組合肉
D	之前來吃過/覺得好吃
D	火鍋料種類多/海鮮/肉類都在中上之上/啤酒暢飲/下班跟同事小聚的好地方
D	食材多樣化/今天有三點蟹/冰品哈根達斯/服務親切/推薦/
D	好吃/新鮮的吃到飽/而且鴛鴦的價格也是一樣的超划算
D	火鍋料理多/又新鮮好吃/價格合理/
C	餐點還不錯/但飲料稀釋太多口感變淡
D	肉品不錯/甜點普通/莫凡彼很好吃/店內走道有點窄
C	再三確認說等到8/30即可結果等到9/10都還不能入座/一直讓別人先插隊入座/評分這麼高但服務態度很差/太失望了不會再來/
D	服務人員很熱心/食物飲料冰品都不錯/是聚餐的好地方
D	東西好吃/有海鮮/服務人員態度服務很好/通常不趕客人/
D	食材算是不錯/是吃到飽的餐廳/適合與朋友一起用餐
D	食材新鮮/服務親切/值得推薦的店家/五分奉上/
D	好吃/材料新鮮/店裡有空位不趕人/很適合多人聚餐/
C	味道不錯/但是食材補充速度不及取用速度/
D	海鮮/蛋糕/冰淇淋超高水準演出/可惜騎車不然還有啤酒可以喝
D	肉/蝦子品質都不錯/CP值高/
D	消費500左右/服務態度良好/不會來打擾/可以慢慢享用餐點
D	cp值超高/自助區種類豐富/醬料選擇多
D	雖然我覺得店員態度有變差/但食物好吃沒話說啊
D	不大會趕人/海鮮很新鮮/番茄跟麻辣鍋好吃
D	肉好吃甜點很多/但海鮮似乎不太新鮮/
D	CP值高/食物多元/品質可接受/最重要是有水果提供/
C	店裡瀰漫著一股霉味/通風不佳/蠻悶的
D	CP值超高/想吃吃到飽火鍋只會來這間/
D	在吃到飽的火鍋裡面算便宜/食材新鮮也不差/
D	吃肉吃到飽/記得甜點要先拿/不然等等就沒了
C	cp高/便宜好吃/可惜服務員比較少/有時候找不到人
D	喜歡吃海鮮或內臟類的朋友/絕對不能錯過/cp值很優/
C	在中秋節只有一個外場/是在跟顧客開玩笑嗎/反映被刪留言
D	肉好吃/但座位有點擠/人多的時候比較吵雜
D	平日午餐cp值超高/海鮮很新鮮/白蝦很大尾/
D	好吃/種類多又新鮮/湯底真的蠻辣的
D	羊肉好吃/請他們別切太薄/不忙的時候
C	食材不錯/座位區稍嫌擁擠/工作人員蠻認真的
D	便宜又好吃的麻辣鍋/冰的種類也不少/滷大腸頭好吃
D	CP值高的/吃到飽/麻辣鍋/肉品不錯/
D	我很愛/價格東區最便宜/服務不錯/料實在新鮮
D	雖然肉質普普/但是整體非常大器良好/建議搭捷運比較方便/
D	食材很新鮮/連螃蟹也吃到飽
C	環境整體乾淨/服務良好/小卷新鮮/鍋底不錯/蛋糕有7分/可惜的是哈根達斯巧克力口味冰過硬/無法挖/水果種類少/
D	以樸實的價格服務大眾真的很良心/東西也好吃/
D	食材還好/不過在東區價位算很便宜
D	羊肉給特別多/還有羊騷味
D	價格不貴/品項多且新鮮/會再度拜訪/
D	總之就是每次去都吃的很爽/
D	東西還不錯/CP值高/值得吃看看/
C	人手不足上肉速度慢/冰淇淋弄得跟石頭一樣硬
D	店員客氣/服務快速/海鮮種類多/還不錯
C	每次點個肉/都要快20分鐘才送來/無奈/
D	沒人侯位時不會趕人/這真是佛心啊
D	海鮮很多種類/但是甜點不太好吃
D	我心中的火鍋店第一名/好吃又便宜/
D	海鮮跟冰兩樣就夠本了/
D	店員接待親切/食材新鮮/種類繁多/棒/
D	價格便宜/且不易客滿/只能以現金交易/服務態度尚待加強
C	一次限點三種肉品/吃了一個小時竟只上了一次/
C	便宜的吃到飽/肉質不差但太薄
D	經濟實惠/食材乾淨衛生/很年輕現代感
C	我覺得不行/肉品質不佳/人手不足/杯子/碗/冰淇淋東缺西缺
D	Cp值真的非常高/但出肉速率有點慢
D	肉意外好吃/而且免服務費/
D	位子很擠但是東西還可以
D	CP值高/食材還滿多的
D	價格合理/味道也不錯/服務也很好
D	東區我最愛的火鍋店/哈根達斯吃到飽/番茄湯底也很讚
D	好吃的鴛鴦鍋/適合聚餐約會的好地方/
D	物美價廉東西新鮮/時間到不會趕客人/大推喔/
C	服務生太少/肉片來的速度無敵慢/
D	真材實料/新鮮美味/又有超人氣的冰淇淋
D	吃火鍋這麼多家/台北這家我最愛
C	火鍋料種類多/味道不錯/但很擠
D	CP值很高/好吃還會再來/
C	價格優惠/但環境太擁擠/肉上得很慢
D	吃到飽中不算太貴/料又多
C	沒有好吃的/冰淇淋可以吃/但極度難挖
D	價格公道的吃到飽/少見有啤酒免費引用的地方
D	肉質滿新鮮/自助吧種類多
D	沒有什麼感覺的吃到飽/肉質普通
D	食物變少/總之就是食物變難吃/
D	海鮮料好新鮮服務佳/推薦/
D	還不錯/肉質嫩/魚算鮮
D	食材新鮮/吃起來的感覺很優
D	Cp值高/平價火鍋/食材新鮮
D	食材新鮮/多樣
D	東區有這種價位的吃到飽到火鍋/太佛心了/
D	服務好/工作人員親切/價格不貴/好吃/
D	食材種類不少/有啤酒機喝到飽
D	價錢實在/東西好吃/地點佳/
D	cp值算高的吃到飽
D	很不錯/cp值高/但都沒人很爽哈哈哈
C	冰很好吃/有啤酒/食材種類豐富/味道普普
C	自助式的部分補充的很快/料的品質也不錯
D	好吃選項多/價格還算合理
D	已經吃了好幾年了/物超所值/快來快來/不會踩到地雷/
D	好吃/讚
D	肉品挺新鮮的/環境感覺也不錯
D	肉品質不錯/東西種類豐富
D	菜色種類多/平價/吃粗飽
D	各式肉類/海鮮及甜品吃到飽
D	料好實在/價格合理/
C	便宜又還不錯的吃到飽麻辣火鍋
D	以這個價格來說/CP值算高
D	但肉類有點不夠新鮮/其他很好
D	CP值不錯/可惜座位區有點壓力
D	價位與提供餐點都可以接受
D	好吃/非常值得/價錢也很合理
D	台北市CP值數一數二高的吃到飽火鍋
D	好吃/麻辣鍋很夠味
D	環境不錯/而且東西都比較新鮮/
D	東西很多/也很新鮮/很推/
D	肉片現切/哈根達斯冰淇淋/該有的都有/
D	店員親切/態度120分
D	在一級戰區開了10年/不簡單/
D	十年老店/肉質很好
D	食材選擇多樣且新鮮/鴨血好吃/
D	價位不貴/海鮮又新鮮
D	來過的都說棒/一定還會再來/
D	ＣＰ值高/肉還不錯
D	食材多樣化
D	不怕你吃的好餐廳/服務好/
D	從鍋大王時期到現在/我的最愛
D	還不錯/但是選擇稍微少了點
C	肉乾/上菜慢/食品區有酸酸的味道
D	好吃/食物新鮮/價格便宜/
D	經過10年/品質依舊爆錶/
D	種類很多/CP值很高/座位較窄/
C	最好在吃飯時段去/因為非吃飯時段冷氣幾乎沒有
D	料多/品質好/服務好/大推/
D	CP值高/食材新鮮
D	好吃/東西新鮮
D	很好吃/服務又好/
D	服務態度好/安格斯黑牛真的好吃
D	很多海鮮類的火鍋料/算不錯的
D	東西都很有水準
D	每次來台北都去/性價比無懈可擊
C	就是吃粗飽/沒特別好吃的/
D	食材豐富/用料實在/物美價廉/
D	店家親切/食物總類多/
D	蠻划算的/cp值很高
D	食材新鮮服務好價錢可以
D	熱門時段高朋滿座/食材多樣
D	只要449可以吃到飽了/
D	服務很好自助吧也很多元
D	東西好吃/吃到飽
D	同種類中價位最親民的/該有的都有
D	老闆人不錯/餐點也好吃
D	便宜的吃到飽火鍋/還有haagandaz
C	普/肉不好/湯底差
D	價美物廉該有的都有
D	食量大的朋友可以來看看/
D	東西好吃/價格還算合理
D	哈根達斯沒有草莓有點傷心
D	好吃/食材多樣化/新鮮
C	肉上的很慢/東西普通
D	便宜/好吃/乾淨/服務好/
D	CP值高到嚇一跳
D	料多/實在/價格合理
D	海鮮很多
C	價位中等/食材中等/可試試
C	沒什麼客人/可能貴吧/
C	環境還OK/Cp/算高
D	CP值超級高的麻辣火鍋
D	好吃/價格實惠/
D	老闆人超好很客氣
C	主打的安格斯黑牛竟然是重組肉
D	Cp值很高的吃到飽
D	經濟實惠/服務好
D	CP值高/價格合理/
D	鍋物之最愛/服務又好
D	食材普通/整體而言中規中舉
D	CP值高/人有點多/
D	好吃/來吃第二次
D	品項新鮮且多樣
D	食材新鮮/冰品好吃/
D	東區最便宜吃到飽的火鍋
D	讚/這個價位很值得
C	價/499算實惠
D	海鮮種類多算新鮮
D	配料及食材還好
D	材料新鮮/選擇性多/
D	服務不錯可以吃很久
C	中價位吃粗飽的選擇
D	平價/cp值高
C	環境普通/食材也普通/不推/
C	東西普普/服務態度不佳/
D	星期假日/可以給出很大的位置/讚
D	Cp值高/環境舒適/只是冷氣好冷
D	全台北cp值最高火鍋
C	女服務生服務態度極差
D	品項多但有點稍貴
D	CP值頗高的唷/
D	一直都是為了哈根而一直去/
D	喜歡火龍島的海鮮/冰淇淋/
C	鯛魚片從頭到尾沒補過
C	食品可以/價錢合理/
D	Cp值高東西新鮮
C	食物與價格算合理
D	好吃新鮮又不貴
D	他的魚片/還真好吃
D	難得好吃的吃到飽
D	好吃/肉質很棒
D	CP值在東區算不錯
D	新鮮平價又好吃
C	沒有極品/食材不是很好/
C	差不多的吃到飽
D	料好實在/推推/
D	價錢跟品質一致
D	這裡的東西對得起他的收費
D	好吃/
D	高CP的麻辣鍋店
D	划算選擇服務不錯
D	又吃爆漿了/
D	吃到飽/好吃
D	讚/食材好
D	CP值頗高阿
D	Cp值滿高的
D	食材豐富/毛肚特推
C	難吃
C	飯硬/肉普通
D	台北市cp值最高的火鍋
D	不錯吃
C	普通的吃到飽
D	蝦子很新鮮
C	吃粗飽可以
D	好吃價格不貴
D	魯豬腸味道不錯
D	真的不錯吃
D	便宜好吃的火鍋店
C	還不錯吃
D	好吃/服務好
D	冰淇淋很不錯
D	該有的都有了/棒棒
D	肉品質不錯
D	Cp值超級高
D	服務態度很好/人員都會經常走動詢問是否需要加湯/火鍋料很多/海鮮也很新鮮/麻辣湯頭味道不錯/甜點水果飲料多元/大推/
D	料好實在
D	CP值極高
D	還不錯/
C	環境有點擠
C	覺得沒有很新鮮/選擇也不多/也沒有好吃/
D	不錯吃
D	不要浪費食物哦/
D	肉質不錯
C	普通/不貴
D	聚餐的好場所/
C	服務態度差
D	物美價廉選擇多
C	不錯吃
D	蠻不錯的/
C	吃粗飽的地方
D	超讚
C	就是火鍋店
D	價格親民
D	便宜實惠
D	還不錯
D	還不錯
D	不錯吃
C	料多的火鍋
D	肉質鮮美
D	吃到飽/火鍋料多
C	還可以
D	品質穩定
D	食材新鮮
D	好吃/
C	吃粗飽
D	輕鬆愉快
D	食材豐富
D	物美價廉
C	總體來說不錯/對於我來說/蔬菜的種類不是很多/但是對於大多數人來說/肉和海鮮的選擇很多/很好/您可以多花兩湯喝/浴室的肥皂用完了/沒有補充/希望這只是一個疏忽/員工可以洗手/為此扣除一顆星星/
D	我們每年來這兒/每年4年/統一價格的飲料/蔬菜/無休止的配菜/辣醬/如此美味/值得推薦/火鍋用不同類型的肉/
D	湯和肉很容易挑選/因為它們顯示英文菜單/浴的香氣很濃/因為它是只有當地人才能去的商店/豆腐袋真的很好吃/開瓶器已連接到冰箱/
D	很棒的自助火鍋/亮點/安格斯牛肉/加拿大牛肉/海鮮/啤酒/Movenpic冰淇淋/HaagenDazs冰淇淋/非常合理的價格/549可以吃到飽/
D	服務/工作人員非常友好/我先進去/等了我朋友近一個小時/但是他們一點也不趕我/訂單很快/他們很周到而且乾淨/食物/他們有很多孩子都是湯底/推薦番茄和中藥之一/但是/如果您不習慣亞洲風味/建議您選擇和風/whcih是大豆來源的基礎/和蔬菜基礎/肉質也很好/其他都可以吃/價格/499NTD/人/這種餐食和質量超級便宜/從現在開始我將成為他們的常客/
D	每人599日元/你可以無限地吃生啤酒和哈根達斯的冰淇淋芝士蛋糕/當地人只有當地人/我們只選擇火鍋和肉類/其餘的都是自助服務/當我下訂單時/我沒有圖片也沒有英文/
C	不明白餐廳如何獲得如此高的評價/服務人員很好並且很友善/但是我真的認為湯底很糟糕/特別是番茄湯底/牛肉/羊肉和豬肉似乎還可以/但是其餘的食物似乎並不新鮮/並且味道清淡/但是我再也不會去這個地方了/
D	我喜歡它便宜又美味/
C	食物平庸/根本不喜歡環境/服務員和壽司廚師基本上在整個房間大喊大叫/好像我在市場上一樣/廚師甚至在準備食物時自己吃頓飯/看起來一點也不衛生/
C	不明白餐廳如何獲得如此高的評價/服務人員很好友善/但我真的認為湯底很糟糕/特別是番茄湯底/牛肉/羊肉和豬肉似乎還可以/但是其餘的食物看起來並不新鮮/並且有餘味/但是考慮到它只有ntd/549/這是有道理的/但是我再也不會去這個地方了/
C	週末中午有3個人陪我們參觀商店/儘管訂購肉類的方法很多/但是商店中沒有店員/作為cospa並不是特別好/付款時/店員不在現場/所以他去給店員打電話/吃到飽晚餐/
D	招牌不是很顯眼以為是玩具店/內部空間不算大/沒有用餐時間限制/很特別的製度/用餐完全沒有時間壓力/覺得很棒/肉品現切的感覺真的有新鮮/海鮮也是/
D	在日本/這是一家吃到飽的涮涮鍋餐廳/500TWD左右的肉吃到飽/你可以選擇火鍋的口味/你可以去吃各種其他的東西/無限暢飲的飲料便宜地讓我餓了/無限暢飲啤酒/
C	火鍋料種類多/冰淇淋也有2種選擇/但是走道較窄/而且靠近餐檯地板有點滑/走路須小心/結帳時工作人員未主動開發票/經詢問才開發票/
D	好吃/
D	很好/
D	CP值超高/
D	合理而愉快/
D	好吃/
D	好吃/
D	CP值高/但口味就一般般/
D	好吃CP值超高/
D	Cp值很高/
D	好吃/
