D	以平價壽司來說/鮮度口味尚可接受/用餐時間人潮多需要等候/真正品嘗則很快速/
C	我叫了foodpanda/雖然食材都很新鮮很好吃/但是我的醬油跟芥末呢/沒有他們生魚片就沒有靈魂了/
D	每次來必吃蝦卵壽司/炙燒鮭魚/然後芒果布丁收尾/
D	雖然一樣是爭鮮/但忠孝的品質感覺有比較好一點/柳葉魚是我喜歡吃的/但口感濕濕的/如果再烤一下會更好吃
C	半夜訂爭鮮/之前訂很多次ubereats/鮭魚生魚片品質都很好/第一次用foodpanda訂/這個鮭魚生魚片是邊角料吧/還帶血/12片/240/超失望的/
D	所有分店綜合評價最高的/食材新鮮不吝給/且沒有小屁孩吵鬧/服務生賞心悅目/
C	3點多左右的時段來用餐被一位外場小姐/帶到左右兩旁上個客人還沒收拾的位置/位子那麼多硬帶客人來妳沒有收的位置/感受真的很不好欸/祝你以後去吃飯也都是被帶入未收拾的餐桌吃飯/此外做生魚片平台的師傅超沒素質/取笑客人很吵/你怎麼不說你上班時間很吵/我吃個飯也被你影響到
D	爭鮮愛好者/吃貨小羊又來拓點啦/今天來到忠孝敦化捷運站的爭鮮/目前這邊的捷運出口維護中/搭捷運的朋友可以選擇搭電梯/這個點我可以直接給結論/當然就是五星啦/用餐環境乾淨明亮/美味程度新鮮美味/價格統一/CP值算高的/餐點上迴檯速度快速/服務親切周到/防疫期間也有放置隔離板/幾乎沒什麼要挑剔的呀/店屬性的關係/不適合多人/6人以上/聚餐/不過防疫期間/這也不算缺點吧/這次小羊依舊開吃數十盤/念念不忘的是淡菜/比目魚/起司鮭魚/鮭魚生魚片/炸蝦壽司/微辛天使紅蝦/新上市的起司薯球也不錯/提供參考囉/爭鮮很棒的是/隨著季節總會有新菜色出現/手卷也新增鮭魚卵手卷唷/60元/以上/5星評價推薦給大家/
C	第一次吃/握壽司飯是顆粒狀沒解凍/第二次吃飯還是冷到不行/口感極差/難吃的爭鮮真的狗都不吃/維持一下各分店的品質好不/
C	有時候吃到一半眼睛會極度不舒服/眼睛會很難張開/去了幾次之後才知道原來是因為廚房在煙燻/若能調整設備就很棒了
C	服務態度差/半夜2點多/店內一大堆座位還要我們5人擠4人的沙發/想自己多搬一張椅子還被禁止/而且另外點的味增湯/茶碗蒸從頭到尾都沒來
C	妳是做服務業的/第一次看到對客人說話/是用命令式的方式/員工訓練真棒/對上門消費的客人/員工用命令的口吻/真棒/
D	服務很貼心/願意配合要求客製化/不過壽司有點散/魚肉感覺不太新鮮/可能是因為我快八點才去買的緣故吧/
D	爭鮮很強/前年去大阪吃到的烤水果/也出現在爭鮮的轉盤上/還讓我吃到夏天才有的海膽/真的真的美味/也推薦松露海老/
D	怎麼說/爭鮮的品質/有預算的壽司選擇/空間還算舒適/整潔/離峰時段去的/菜單上的每種食物都有在軌道上/服務也很即時/就是個人覺得要吃海鮮還是不要吃太平價的/有些魚類的食物還是有點腥
D	爭鮮美名不用多說/這次吃了一顆傳說巨量級干貝/登登登/肉質夠Q有/海的鹹味/幸福的甜味/蚌的鮮味/三種滋味/90元/附贈綠葉一片擦嘴巴/用的是霸氣黑圓盤/超值/必吃/
C	造訪這間店多次/只是因為這間離公司進/下班有的時候可以跟同事一起來吃飯聊天/不然我還是會去林森的爭鮮/這天來用餐正逢週五半夜/座位約6/7分滿/食材跟以前一樣/總有很多東西不知道在上面轉幾百圈了/尤其是鮪魚這個顏色/實在不敢吃/盡量自己挑選新鮮的/在店內吃約一個小時/內用的客人減少/但轉台上的東西還是很多/離峰時間我寧願轉台空一點/有需要再點就好/但我想可能很多公司會考慮到人力成本及食材成本的問題/門市自有他們應對的方法/爭鮮滿常推出新口味的/不過這天我實在很難馬上清楚知道這個新產品是什麼/因為只有在新產品的前面才有一個三角廣告立牌/之前我記得還有墊高/下面會擺放一個圓形的口味廣告/這次我要看個五圈才能知道所有口味/不過30元一盤也不要太挑剃了/半夜迴轉壽司真的只有爭鮮啦/
C	吃個飯服務人員一直在我面前和旁邊交叉抬換餐具/讓我連拿壽司都有障礙/如果只是偶爾一次也就算了/問題是非常多次/搞到最後完全沒胃口再吃/
C	雖然Uber已經補償/店長也致電跟我抱歉/我也不好意思再說什麼/但其實我自己也做過一年爭鮮/拿到這樣的餐點只能說那位師傅在搞笑/如果是要糊弄普通顧客也都看得出來/我離職快一年了都不敢吃爭鮮/前幾天想說半夜想吃壽司來點一下好了/結果又是這樣的品質/真的不會再吃爭鮮了/感謝店長親自來電/但麻煩那位師傅去重新上所有課程/嚴重食安疑慮/
C	這家爭鮮位在忠孝敦化捷運站出口附近24小時屈臣氏旁2樓/1樓入口上2樓的樓梯不太好走/要注意安全/一上2樓/就會有熱情的服務人員來接待/並很迅速的清裡桌面/讓消費者能早點入坐用餐/一上坐/服務人員就會問是否需要味噌湯/茶碗蒸/手捲/因為算是速食店/所以習慣會先拿在桌邊菜單來看是否有特別想點來吃的壽司/而不是先看璇轉檯上跑的產品/目前這冬季有烏魚子壽司/韓式海苔為底搭配3片烏魚子及少許蔥花/一口吃著帶著麻油香的海苔包覆烏魚子/味道很搭/鱈魚肝壽司/韓式海苔為底鱈魚肝搭配橘黃的魚子及蔥絲/入口後濃郁的魚肝充滿整個嘴中/沒有腥味/花蛤也是個個飽滿多汁/會想一口接一口/所以又再向服務人員續點多盤這幾類壽司來大大滿足口腹之欲/會按季節更換時令菜單
C	整潔環境有待加強/首先入座的桌子底下還有垃圾/桌上的垃圾桶裡也有沒收乾淨的哇沙米殘渣/去廁所洗手時旁邊的洗手盆裡有滿滿的菜渣/到底是為啥可以這麼髒/然後爭鮮的水準真的下降好多/食物/魚類非常不新鮮且咬起來很硬/超難吃/然後醋飯居然還是軟的/還溫溫的/雷到爆/其實本來一顆星都不想給/但當天的服務員很忙很辛苦/感謝您們/不過是一家不會回訪的餐廳/
D	菜單很新/食材也新鮮/每次光顧都有新品打中人心/
C	這間爭鮮的筷子都沒有洗乾淨/每次拿筷子都要挑很久/每一雙都黏黏的/跟沒洗的感覺一樣/くら壽司都不會有這問題/都很乾淨/
D	原本五顆/剩四顆/Uber/eats專屬海鮮洞不如以前好吃了/之前每週都叫/但是一週不如一週/玉子燒跟生魚片比以前薄上許多/越來越沒份量/越來越不想點了
C	店員動作很慢/一張單丟在旁邊沒人要處理/不推薦的店/你會等到發火
C	疫情期間晚餐時段20點來用餐/現場客人約15人左右/食材就不多評論/但女服務員的態度讓人很不舒服/盤子放的很大聲/另外要給追加的芥末醬是用丟的/雖然知道這裡的消費價位不能苛求/但個人認為這是最基本的服務品質/一個小小的動作可以再加油
C	明明市長就說熊好券可以不限一張使用/你卻一次消費只收一張/拷貝啊我為了用券才合併計算/那照你這樣說我幾個人全分開就好啦/垃圾店家/不收不要加入人家熊好劵活動店家/弄到讓人家火大/洗八老馬/
D	新出的鮭魚子手捲很好吃/大口咬下很爽快/松露海老/奶酪也令人驚豔/友人則是很喜歡沙拉的甜蝦和烤鮭魚肚/24小時很方便/熱騰騰的茶水跟薑很棒/宵夜時間來很舒服/壽司/日本料理
D	味噌湯好喝料多30元必點/用餐環境舒適/除了壽司/還有海鮮/生魚片/布丁/沙拉等選擇豐富/大部分都是1盤2貫30元/物美價廉/
D	去過很多分店的爭鮮/這間算是數一數二的顧品質/服務好/得特別誇讚師父林舒涵/今天吃她做得手卷特別到位/尤其蟹膏手卷好吃到令人感動/
C	這家分店唯一的好處是開到很晚/適合晚上有點餓的時候來填填肚子/服務人員與場內師傅互相調侃聊天/對待客人蠻多時候都是臭臉/體驗不是說很好/環境算是乾淨/但是廁所有時候會沒有衛生紙/空氣不是很流通/人多的時候會感覺很悶很不舒服/
D	想吃壽司/沒有錢/爭鮮外帶/說實話突然想吃壽司時候/爭鮮真的好吃/CP值也高/壽司自己選/海鮮丼飯/味增湯/茶碗蒸/台北美食/美食/台灣美食/台灣/Taiwan/Taipei/taipeifoodie/foodlover/foodie/food/foodporn/foodstagram/eater/eatclean/相機食先/love/instagood/instafood/yummy/photooftheday/happy/吃貨/小食撩瞭/日本/壽司/爭鮮/外帶
D	茶碗蒸很好吃/干貝壽司和蝦手捲/和烏魚子手捲都很好吃/
C	恩/不是很新鮮/剛才外帶了四樣/其中代鮑沙拉的高麗菜有霉味/
D	新鮮現做/種類繁多/價格親民/推薦味增湯有鮭魚肉/cp值高哦/手卷也不錯/甜點就普通/
D	環境乾淨明亮/在師傅旁的位子點餐很方便/花枝好吃/鮭魚肚也是每次必點/٩/๑/ᴗ/๑/۶/
D	魚類新鮮/空間大/因連假會有很多客人但服務很好/特別是26號女服務員服務態度不錯/講話溫柔又可愛
D	定期會有新的口味/每次都還算ok/雖然吃得出來就是這個價格的壽司/但還算可以接受/畢竟真的蠻便宜的/
C	客人已經夠少/要將茶包/薑片/山葵包取消自取也是你們/但完全不主動問客人需求/這三樣多數人都會用的基本品/我總共要了三次/省食材成本減少浪費可以理解/但不能枉顧迴圈壽司的基本服務/舉手加點/點餐妹妹忙收桌子/店主管/襯衫背心女/走過完全不理采也不支會妹妹/東區沒落的原因之一/該感謝這類店家嗎/
C	在非尖峰時段用餐/下午/除了結帳的店長之外/其他的人員都很沒元氣/在客人面前討論午餐要吃什麼/要買什麼咖啡/很可惜地點方便/店裡清潔卻很糟/敘述就跟其他評價說的一樣/下次不會再選擇這家分店/
C	溏心蛋軍艦壽司還不錯/簡單粗暴/鮭魚/花枝都還蠻新鮮/可惜白飯很可怕地難吃/又乾又沒彈性/吃起來像放在冰箱的隔夜飯/
C	有的東西不太新鮮/已經在轉盤上轉很久了/
C	點完餐要結帳才告知需等待20/30分鐘/如果等待時間一開始就要那麼長/早點說不是應該的嗎/在等的同時/看到現場人員一直嘻笑玩鬧/搞什麼/別人的時間不是時間/
D	平價吃飽的迴轉壽司/一盤均30/服務普普不用服務費/快速或獨自用餐適合
C	玉子燒直接從冰箱裡拿出來/像冰塊一樣硬梆梆/生魚片不新鮮/對爭鮮太失望了
D	壽司種類很多/鮮蝦手卷/味增湯/都很不錯/
D	/黃瓜細卷/鰻魚/稻荷/堅果/甜/稻荷/腰果/調味/稻荷/牛五花/秋葵好吃/赤魚西京漬/還可/菜是冷的/章魚/Q/海帶絲/鹽烤柳葉魚/蒲燒星鰻/普/醋烤鯖魚醬NG/玉米有沙拉/海膽好噁
D	有隔板/店員親切/用三杯卷有優惠
D	來東區逛街小餓就會來這/小吃幾盤再繼續逛/很剛好的選擇/
D	連續兩次凌晨時間吃/轉盤上東西很少/但好處是不用排隊/想吃什麼/菜單上的/都能直接跟服務人員說/他們都會幫現做/大致上都算新鮮/
C	店員一直送錯桌而且還是不同人/接待態度讓我不是很舒服/
D	最喜歡這兩種/第二張是新口味超級喜歡/香煎海灣貝/
C	東西普普通通/吃飯時間人很多/店內秩序略為混亂/服務人員看得出來快失去耐心/但還是努力出菜
C	第一次遇到沒蓋子/這衛生也太噁了吧/不知道空氣很髒大家口水噴來噴去的/轉盤上幾乎沒東西/大家都是用點的
C	生意很好/效率也很好/但這附近是東區逛街的地方耶/連放東西的內層櫃都沒做/地上的箱子不織布籃也沒有/就這樣抱著包包跟東西吃/真的超麻煩
D	鮭魚超大片的/好吃好吃/唯一可惜的是座位很擁擠/跟隔壁的陌生人太近了很不舒服/包包也都沒有地方放/希望店家能想辦法改進一下/
D	24小時營業真的非常方便非常便利/消夜的好去處/
D	這裡新鮮度沒話說/還開到凌晨4/5點/清淡宵夜首選
C	服務人員態度真的不好/她們服務我很怕/下一次不要回來了/
C	轉台供應的餐點不齊全/點餐又等很久/
D	服務良好/食材新鮮
D	普通/開很晚的壽司店/有一兩次吃飽站很久服務員都不會來算盤數/舉手也一樣看不到
C	真的是蠻扯的/UberEat外送有夠久/不知道是店家問題還是外送員問題/但我個人是覺得店家問題最大/_/幾個壽司需要做50多分鐘嗎/菜單上的東西有些有有些沒有/在組合裡有的東西/單點就沒有了/很奇妙的一間店/
D	整體環境中上/食物新鮮
D	很明亮乾淨/但是時不時會有服務員在旁邊一直做不必要的補充/吃個東西就會一直看到有人來補杯子補碟子讓人有點煩躁/還會一直聽到盤子摔落的聲音這點希望可以改善/辛苦了
C	保麗龍隔板在用餐期間被吹倒不下五次/一旁的女服務生視若無睹/不好的用餐體驗
D	超棒/平日9點後還超多人/東西很多/好吃/
D	配合疫情管制/營業時間更改為上午11點營業至次日上午5點/
D	店面乾淨明亮/提供不錯的用餐環境
D	開到滿晚的不錯/店內也算乾淨寬敞
D	有陣子半夜嘴饞會跑去吃/個人覺得服務很不錯/有次發呆太久/師傅還問是不是想要的餐不在迴台上/可以直接跟他點
D	好吃又新鮮/人員的服務態度也很好
D	食材新鮮/好吃/深夜也有營業很便利
D	用uber/eats/叫的/手捲使用類似御飯糰的包裝方式隔開內餡跟海苔/完全不用擔心爛掉/鮭魚生魚片切得滿厚滿大片的/吃起來頗新鮮/很良心的一間爭鮮/高麗菜絲跟蘿蔔絲也吃起來新鮮沒怪味/重點是/有開到半夜/半夜能吃到平價生魚片真的很難了/感謝忠孝店及辛苦的店員們
D	晚上20點來有很多人/不過這裡好像不管任何時段都很多人/服務很好餐點新鮮豐富品質控管不錯/有增加外送很方便/外送真的很多/辛苦了
C	飯有點偏硬/很像隔夜飯或是來不及退冰/然後還會黏在盤底/室內空間算大/但真心建議師傅要蹲低過隔板進出的那個座位就撤掉吧/讓師傅可以正常出入/顧客也不會尷尬
D	爭鮮迴轉壽司在忠孝東路上/二樓/大半夜客人還非常多外送到/凌晨/5點/方便用餐/如果你是外送司機就是一個非常好的地點
C	最近有看到肥美的/肉質鮮甜/運氣好也有蟹黃/連吃好幾盤/現在搭配三倍券划算/鮭魚生魚片有些看起來碎碎爛爛的觀感不佳/手捲包的料太單調/美乃滋又加太多/一大堆高麗菜/有些壽司品項看不出是什麼東西/看了完全沒食慾也不會想拿/跟店員點菜時/有些店員稍微聽不太懂就會皺眉/好像沒啥耐心呵/整體CP還行/跟外帶吃起來差不多/個人比較推薦吃外帶/優點是營業時間長/也有24H營業的分店/想聊多久吃多久都行/
D	開到凌晨/基本上很快就有位置/晚吃飯的好去處/
C	鮭魚生魚片還蠻新鮮的/但是旗魚鮪魚的色澤都有點怪/看到了一片鮪魚是很暗的紅色有一點偏咖啡色了/不知道是不是冷凍過久的原因/迴轉台上面的壽司常常翻車/要不然就是食材凸出盤子外然後塑膠蓋也沒蓋好/導致生食都外露暴露空氣中/不太優/爭鮮不錯的地方就在於不限時間可以慢慢吃/師傅在吧台裡面處理食材看得到/但希望食材的新鮮程度可以再加強些/
C	鮭魚味增湯/沒有鮭魚
C	十二點十分進來/想坐在裡面一點第一二的四人座位置/結果女店員說是員工休息區/詢問幾點開始休息/就說現在就是了/然後我們只好選坐靠近吧台的四號四人座/因為時常來這坐那個位置/師父沒有經由員工端菜來/而是從吧台直接給餐點/導致餐點灑落無法吃/還得自己承受損失/照樣要付費/也非常不開心/我們就沒有坐後面的位置/但他們也沒有立刻把簾子拉下/如果那是員工休息的/那為何不直接做成員工休息區/然後如果十二點正多人的時候就已經是員工休息時間的話那也很奇怪/那如果已經開始可以休息為何垃帘還沒拉下呢/我們離開那座位簾子也沒立刻拉下/所以是/騙人還是怎樣/自己還沒休息時間到就不給客人坐/我們也說只吃一下就走也不給坐欸不懂/那位女店員是不是超想休息的了/十二點還不到十二點半
D	就/好吃啊/然後路上看到奇怪的行政院翻譯
C	就算有爭鮮好吃的水準/但是位子安排的很擠/防疫期間這家店長真的頭腦壞掉/每個座位都很擠
D	相當棒/雖然人潮眾多/翻桌率很高/並且/食材新鮮好吃/
C	迴轉臺上的壽司盤/很多上蓋都沒有蓋好/感覺食物的保鮮是有疑慮/然後菜色重複性比其他分店多/能吃到的菜色就選擇少了
D	爭鮮/迴轉壽司/忠孝店/營業到凌晨五點/藏在捷運忠孝敦化站出口/屈臣氏前面樓梯上樓/宵夜解饞好去處/粉紅盤30元/黑盤90元/焦糖烤鮭魚很熱門/配上黃薑/熱茶很不錯/不要帶高標來/人家是收你多少錢/
D	鮭魚超讚/肥美新鮮/可惜燈光偏暗/
D	這家店的Uber/Eat外送真不錯/半夜還有壽司可以吃真的很幸福/內用客人很多/還要接Uber/Eat單真的很辛苦/了不起/給你一個讚/
C	點了兩個炸蝦手卷要等到大概20分鐘左右/明明就點在師傅前面不是直接幫我做/還在跟其他員工聊天/還了得很開心欸/
C	爭鮮也就那樣了/跟其他迴轉壽司比起來真的算很糟糕/點餐還是和工作人員提出/選擇也沒有很多/鮭魚也越來越小片/食物也沒有任何特色/號稱有特色的如蟹膏壽司/坦白講和吃嘔吐物是沒甚麼區別的/要不是念在以前剛做起來的時候可以帶給別人驚喜絕對是0分/如今就是不做改進就等著被其他店打殘/沒什麼改進是不會有下一次了
D	應該是非用餐時間去的/米有點過冰/蛋跟湯都沒有到很燙
C	食材不新鮮/才吃到第五盤就開始肚子痛/章魚壽司口感吃起來很怪
D	就/中規中矩的爭鮮/直接點的話效率很快/不用等太久/普普通通/但是就跟一般連鎖店那樣差不多/總之OK/
C	4月20日與友人/大約在19/30/20/00/用餐/被安排在壽司出餐的背面/可以一清二楚看清楚/壽司檯師傅如何製作壽司出餐的位置/當晚有一位值班的壽司師傅/牌號是29號/他因為個人當天上班不愉快/我們整個用餐過程都在被他影響/一下關壽司台上的冰箱門很大力不然就是放壽司盤都是用摔或丟的/說真的整個用餐感受很不好/今天師傅心情不好/為何要讓用餐的客人承受呢/客人又不是沒付錢/客人又沒欠你/為何要受氣還要付錢呢/可能是我們太衰吧/沒事去花錢受氣/總之/員工沒有準備好/請不要為了/省錢讓他上線服務客人/這樣只是會把客人都嚇跑/
C	因為公司在附近/這家爭鮮也吃了好幾年/真的愈來愈差了/曾經吃過蔥絲不新鮮有酸味/也曾送來的食物盤/整個還是濕的還留有水滴/在吧台看到油脂多的鮭魚片很開心點了3份/結果是從後台送出來完全沒油脂的鮭魚片/食物還愈來愈小了/服務員時好時壞/總之這家是我吃過爭鮮店最不優的一家/本來不想寫以為是我個人而已/看到多人反應才覺得應該讓商家知道改進/佔地利之便也該給消費者優質的用餐服務/還有也建議位子間用透明隔板會比較好/透明隔板不貴又是可重複用好幾年根本不用省這種錢/
C	有位內場員工沒戴口罩在店內走來走去
D	忠孝店的台子上/選擇好像有比較多喔
C	今天逛街完想說來小吃一下/結果吃了花枝跟鮭魚都很可怕/花枝很海味/不新鮮的味道/鮭魚吃到後面有種很怪的味道/只有玉子燒好吃/
C	很認真點了很多盤東西完全沒有來/結果才發現服務生完全沒有跟吧台說發/真的太扯了/
C	人太多常常排隊/最好吃的是黑糖奶酪跟鮭魚
D	焦糖鮭魚肚超級好吃/希望可以出外帶餐盒/內用一盤只有一貫很不好意思一直叫服務生來/我們每次都五盤五盤叫的說/覺得很好吃/且出餐快/啊對了/味噌湯也是料多實在/
D	店員親切/環境整潔/價格便宜/
C	雖然客人很多/但感覺很多品項還是在轉盤上放了很久/生魚片顏色稍深/海苔也很濕軟
D	謝謝他們總是讓我在夜晚有東西吃
D	乾淨整潔的迴轉壽司店/食物就看個人口味/我認為就還好而以/因為是平價店/所以給五顆星/
D	疫情期間用點餐的方式/感覺很安全
D	宵夜可以吃到壽司的好地方/
C	服務生匆匆忙忙/送來的茶碗蒸是冰的/反應也只是換一個/後續完全沒有任何表示/包含道歉
C	建議晚上應該多安排人手/或是訓練一些最基本的衛生/做壽司的女師傅整個檯面上髒到無法無天/能諒解他真的really忙/但檯面上是客人都一目了然的/實在讓人感覺到不舒服外也覺得吃的東西好像變得很噁心/所有的蓋子都是很髒很霧的/不知道是人手不足還是整間店的人員都很不在乎衛生/我真的覺得有天檯面上出現蟑螂也不意外/因為實在太不注重清潔了很不乾淨/好好的食材都變的噁心無比/看起來反而會覺得倒胃口不舒服/我能諒解可能略忙/但還是希望注意衛生/不然真的不會想要到這間用餐
D	食材新鮮/服務態度佳
C	吃了兩次/兩次都上吐下瀉/師傅做的量多/旋轉盤旁的檯面滿滿的都是先前做好的壽司/食品不太新鮮/不會再光顧
D	以前常來/只是疫情期間比較少來/11月初帶著孩子來用餐/發現店家防疫措施很落實/服務很好很貼心/對待小朋友很細心友善/餐點非常新鮮好吃/今天晚上20點左右再次來消費/現場非常的忙碌/但是服務跟餐點都不會怠慢/整體而言非常推薦
D	食物品質比別家好/味噌湯比別家的料更多/湯更濃
D	就是爭鮮/距離忠孝敦化站很近/樓梯上2樓/整體環境就跟大部分的爭鮮一樣/廁所的大小跟它店內能容忍的人數有點不合比例/雖然我沒看過廁所出現排隊人潮/對於這附近且喜歡爭鮮的朋友是方便的/不用特地跑來這裡為了爭鮮/就近找間就好囉/
C	態度超差/送餐員1號手直接在盤子裡/盤子超髒超濕/現做炸蝦壽司是冰的/送餐重放/講話太快超不屑
D	有確實做好消毒/下午時間來吃/迴轉台上壽司也不會空/生魚片跟其他分店比相對新鮮
D	吃鮭魚跟貽貝的好地方
D	這間店明顯魚肉的大小跟新鮮度都贏過別間很多
D	平價美味/好吃/
C	師傅很傲慢/客人點了都愛做不做/明明旋轉盤上面就是沒有/也不願意做給客人/顧著聊天/希望這家快點倒掉/
C	之前只要到東區就會想消費的店家直到前幾天到貴店用餐真的是失望透了/在迴轉台上等了20幾分鐘等不到想吃的/當時中斷了18號的服務員跟朋友的談話/我表示想要點餐/他竟不悅跟我說/要到迴轉台上拿/excuse/me/我們等了很久就是等不到才跟你點的/也不知道在跩什麼繼續跟我們坐在同一排的男生聊天/跟外場服務員反應就在那邊作勢要吵架/服務差還口氣那麼爛/這服務態度真的讓一個同行的我都不敢恭維/確定不好好管制一下嗎/後來外場的女服務員還是有幫我們送上餐點/個人覺得她的服務態度很好/付款後離開的兩個小時我一直跑廁所腹瀉/我想請問這是巧合嗎/再看看最近貴店的評價我只能說加油好嘛/謝謝你們的服務員讓我和我朋友從此跟貴店謝絕往來戶/
C	服務生態度跩呦/一問三不知
D	用餐動線擺桌方式還不錯/食材一般般
D	夜晚突然想吃壽司的選擇
D	很多東西要直接點/軌道上沒有/
D	還不錯/上菜挺快的
D	雖然店家營業時間只到早上5點/但其實對於晚睡的人也有個宵夜好去處
C	很好/環境舒適/味噌湯很好喝
D	蛋絲沙拉軍艦好好吃/
D	快速及一個人就可用餐
C	店員做餐時全程沒有帶手套/很不衛生/
D	交通便利/但上樓時會聞到濃濃的消毒水味/我也不確定是否是消毒水/反正很濃很刺鼻/但一到店內就沒有那個刺鼻的味道/服務迅速確實/偶爾才漏上菜但提醒一下馬上送到/平價實惠/很推薦不論食量大小都可以來/
C	生魚片直接放在櫃上退冰/食材不衛生/有小蒼蠅飛在食材上/吃完回去拉肚子/不知道有沒有吃到寄生蟲/很噁心
D	食材新鮮/師傅動作很快的完成指定的手卷或是單點商品/唯一需要注意的是因為師傅們在中間位置/偶爾會有服務生跟師傅遞交東西/而你剛好正在用餐/
D	因為人潮多/檯面上的餐點流動率高所以新鮮/也常常有別家爭鮮沒有的隱藏菜單/
D	服務員19號/待人親切有禮貌/讓這次用餐的感覺非常好
D	鮭魚卵手卷好好吃/每次來餐點味道份量都差不多/品質控管不錯的一家店
C	大夜時段沒什麼人/東西也沒幾樣/招手5分鐘沒人幫點餐/重複的壽司一直轉/看似不太新鮮/
D	以前就來過/但現在菜色更豐富/看起來也很可口/用餐時間很忙/但服務也不馬虎/推推/
C	店員態度不太好/沒幫我們帶位/也沒有問說要不要味噌湯或茶碗蒸/д/送湯的時候也沒有直接送到我們前面/丟在旁邊就走了/我們座位前面的熱水出水口不知道為什麼一直滴水/很多盤都沒有蓋子/而且有幾盤的盤子底部還蓋到隔壁食物上/
D	服務員19號態度不佳/結帳前已經告知要使用載具/結果她只顧著自己結帳完全忘記我說要用載具/告知她之後她竟然回我要先講喔/然後很不爽的幫我重新結帳/小姐我剛剛已經講了好嗎/_/其他店員都很好就她很沒禮貌/店長人很好很漂亮
C	花400多元的餐點/得到拉肚子的回報/食材不新鮮外/看著吧檯女師傅/萬用/的傳奇手套也實在害怕/搬東西用它/捏壽司也用它/想到那些食物直接到我們肚裏/實在挺噁的/她離開吧檯走到餐廳後面去手套還是戴著/誰知道是去哪裡/在客人面前都這樣了/何況是私下不知道還會碰些什麼/各位可以挑戰看她去廁所前願不願意脫手套了/這是一間生食餐廳/服務生收完碗盤推著廚餘車過來後/沒洗手就直接從旋轉盤上端盤子給我們/和幫客人打包外帶/食物的透明塑膠蓋回收後顯然也不清洗直接重複使用/不管前客人是拿蓋子來放垃圾與否/不敢相信高級地段的餐廳用人如此沒有衛生觀念/衛生局是否該稽查一下食物上大腸/幽門桿菌指數/如果沒有基本專業道德/是否不要當廚師比較好/不敢再來吃/
C	品質變得非常不好/拿了焦糖鮭魚肚/盤子上有沙拉漬/有幾個盤子那到後還有水珠在盤上/甚至拿起來看發現有點不太乾淨油油的feel/整個走樣了/當然價格就是這樣而已/但是這小細節應該可以注意的/
C	尖峰時間人手不足/餐點品質極度低落/生魚片有碎冰與大量筋無篩選/迴台上僅有製作簡便的餐點/與師傅點單也大量漏單/除了交通位置便利之外此次用餐經驗低落/
C	一進來就覺得有點熱/以為自己因為剛才外面進來還不適應這裡的溫度/才發覺他們的店長還是副店長也發現原來是冷氣沒開/害我越吃越熱/吃沒多少我就走了/覺得怎麼開店前的準備和檢查都不作好
C	值班經理男生戴口罩/態度有夠差/客人欠你錢嗎/再客人面前跟員工講悄悄話/瞧不起客人是嗎/然後叫服務生來也不快點來/餐都還沒點完就轉頭走掉/急著跑回去聊天/用餐體驗有夠差/東西說要現做/也沒現做/素質有夠差
C	我3/14跟我朋友去吃晚餐/她女生一個人吃掉我1100塊錢/總共37盤/她壽司米飯都不吃直接掉到/可以解釋一下嗎
C	因為不是尖峰時間去迴台上的東西沒有很多/但是一點很快就送過來了/最後要結帳算盤子的時候一抬頭服務人員居然問我/幹嘛/我還能幹嘛/
D	非用餐時間/生意也很好/所以壽司幾乎都很新鮮/唯獨味增湯是我在爭鮮喝過最溫的一次/
D	平價美味/半夜想吃就吃/超大干貝很划算食材新鮮/結束帶隻DODIVA的冰品還有附贈50元折價卷/非常划算/
D	藏在明曜百貨對面二樓的餐廳/很多年輕人去吃/因為空間有限/座位稍微擁擠了一點/像在日本吃飯的感覺/
C	現場服務員明顯不足/無法招呼所有客人/
D	吃宵夜好去處/越晚越多人/但是可能是因為太忙/每次點味增湯都要提醒過後才會上/鮭魚類品質時好時壞/但也是必點之一/另外黑糖奶烙也很棒/
D	餐點都滿新鮮的/師傅也都會馬上補齊轉台上沒有的單品/用餐環境還算舒適乾淨/
C	一進門不帶位經理在遠方喊/帶位後也沒有問是否要茶碗蒸或味噌湯/用餐過程經理一直碎念壽司師傅/讓用餐品質下降/經理唸到讓其他顧客受不了/幫忙把轉盤上的盤子擺開一點/不讓壽司師傅被經理唸/這樣的用餐品質壓力非常大/一點都不放鬆/
C	一如既往難吃/食材不新鮮/偷工減料越來越嚴重/兩顆星給味噌湯
D	吃過最好吃的爭鮮店/食材的新鮮度還有狀態份量調味/一切都很對
C	垃圾店/我直接點3份鮭魚握壽司/2份花枝壽司/工作人員不做/要我直接從檯面拿/人生第一次吃壽司點餐被拒絕/我立刻站起來走出去/忠孝店是垃圾店/不要吃/以免一肚子火/不喜歡壽司店工作可以離職/而不是這樣對待客人/
C	做壽司的師傅完全沒戴手套很誇張/桌上沒有垃圾桶可以丟東西/只能克難的用吃完的蓋子放/和服務生點完餐沒有任何反應/再和其他人點一樣沒動作/最後等了半小時才送來/這速度慢的很離奇/
D	超棒的/謝謝夜晚所有的服務人員/辛苦了/滿滿的轉盤/新鮮的壽司/超讚/
C	食材相較不新鮮/店裝潢相較其他店也比較沒質感/吧抬工作人員態度極差/東西點了半天不是給錯就是遟遅沒來/且有一位工作人員還未帶手套握壽司/只有一位年紀較長者服務態度好而已/絕對不會再來這家店了
C	服務員15態度不知道在差什麼/
D	我常常到處吃爭鮮/吃過捏的最好/料最漂亮/魚卵給的最多的是這裡/店長阿姨也很親切/尤其又開到凌晨/肚子餓來這邊吃就對了
C	宵夜時段的餐盤蓋上都是霧的/有些還留有菜渣/魚片新鮮度其實已經不重要的/看起來感官特別差/希望可以改善
D	去吃了兩次/第二次看到好幾個店員算錯盤數/後來連我們的也算錯/可能太忙了吧/還是會光顧的/但店員可能要細心一點ㄛ/
D	第一次來這裡/我去過無數間的爭鮮/這間的服務真的是最棒的/會把客人分開坐/看到客人拿單子就直接上前詢問/而且壽司上面的生魚片也很大/遇到的是214早上的男店員/
D	壽司的口味還好/我個人沒有覺得特別好吃/交通方便/捷運/公車都有/開車的話/附近也有停車場/可以刷卡/
C	待過最差的爭鮮/漏掉出餐不說/衛生方面也沒很乾淨/有些保鮮罩上面還有醬/湯匙上面還有沒洗乾淨的柴魚片/想點現做炙燒壽司也是從轉盤上拿給你/店面還是只有4分滿的狀況/也沒有很忙/
D	一盤30/還算新鮮/不要半夜2/3點後來/不然酒客會偏多就是
C	拿轉不知多久的給顧客/點餐的永遠不會來/極差的飲食體驗
C	宵夜時段去消費/全店只有兩組客人還可以送錯餐/發現錯誤還直接把送錯的生魚片從另一組桌上拿來給我們/也許另一組還沒碰那一盤/但這一種衛生的問題/吧台師傅洗盤子跟捏壽司的手套是同一副/非常不衛生
D	環境好/食材鮮/服務親切
D	好吃/服務人員很客氣
D	空間大/又比較新鮮/
C	一段時間沒來了/怎麼飯變那麼難吃/是為了省錢換米嗎/超失望/
D	開的很晚吃宵夜還不錯/但是不方便停車/生意很好
C	食物沒有問題/有問題的是服務/首先應該是內外場人手都不夠/再來是外場服務人員都只顧做眼前的事/完全沒有一秒去環顧用餐的人是否有需求/週六下午/店沒有半滿/入座後發現沒有醬油/想跟小姐反應/舉了三次手/連開口的機會都沒有/就被回說/點餐稍等一下/啊我不是要點餐啊/沒有醬油叫我怎麼開動/離開前最後想吃一份餐點/等很久轉盤上都沒有/只好跟服務小姐說/回/等一下上轉盤/然後十幾分鐘又過去了/離場前去小解/太棒了/完全沒有衛生紙/從來沒有在爭鮮用餐用得這麼OOXX
C	味增湯料只有魚皮/豆腐/叫男服務生點餐好像很不甩的樣子/公司是否應該讓員工休息/
D	這家爭鮮之前品質有點問題/不過後來被/督導/過後就好很多了/特色是營業時間很晚/可以來吃宵夜也是不錯的選擇
D	好吃選擇多地點方便
D	位子都有隔板很防疫/而且有發現有2個變3個的魚卵壽司的/
C	尖峰時段迴台上都沒有生魚片/但是跟店員點的都只能上迴台/然後一直被其他人先拿走
C	地點便利/但服務人員親切度不夠/內場廚師移動迴轉檯上的壽司盤/動作相當粗魯/戴著手套接收點單/接續製餐動作/易有食物感染病毒之風險/
D	東西都很好吃
D	我們很常來/推薦拿/1/鮭魚肚/2/炙燒鮭魚肚/3/手卷類/這些品質是最棒的/很推大夜班的師傅/鮪魚和旗魚的肉品常常是冷凍到非常生硬不推薦拿他們/新出的涼麵麵體過硬還可以再改善/
C	熱水管線已老舊/一開始將杯子按壓裝水後拿開/按鈕居然沒回原位/導致熱水不停流出/桌上都是水並滴到腿上/換了位置過後/熱水按壓直接猛噴/導致拿著杯子的手燙傷/所幸不嚴重/店家只送上一碗本來就沒有預期要喝的味噌湯/沒有任何折扣或另外的賠償/這間店也滿久了/等到重新整修前都不建議前往/
D	晚上吃宵夜好地方/唯一美中不足的是壽司種類不夠豐富
C	爭鮮吃幾次了/這是第一次吃的這麼不開心/我和我先生約2300到貴店/因為人還蠻多的所以服務員安排我們在靠近出入口附近/結果晚班工作吧台/27/號服務人員真的讓我們震驚/不帶手套就算還一副自以為老練把餐放上去/問題是都卡住了/另外我先生靠近他們洗手的位置/這位27號先生呢/洗手時也可以噴到我先生/我先聲明我先生完全是靠背的姿勢了並沒有很貼近吧台/總之吧/這個服務人員真的還蠻讓人傻眼的/希望他可以多多改進/
C	跟人員點稻荷都沒送來/台面終於放了兩個上來/結果被左右兩邊拿走/難道不能直接送來給我/要我接受這種悶氣嗎/那兩組客人最好出門也吃悶虧吧/
C	雖說是平價壽司/但一樣價格/東西確嚴重縮水/生魚片薄薄的一片真的吃不出它的美味與肉質口感
D	宵夜不知道要吃什麼/又不想吃太重口味/爭鮮忠孝店是個好選擇/如果有開車的人/可以停到市民大道全聯旁的停車場/再散散步走到爭鮮吃東西/還蠻不錯到底
D	廻轉壽司競爭大/爭鮮在價格上與定期推出的創意算有/誠意/的/
C	很糟/每次在用餐期去吃/迴台上架幾乎是空的/只能用點的/看到師傅一直忙著做大家點的/不懂得其實應該要補壽司到迴台上/搞得外場超忙/客人只能用點的還要等/那我何必來爭鮮吃/
C	本來還蠻喜歡也很常來貴店消費的/但今天做手捲的不知道態度在差幾點/一種很不削的口吻/態度需要這麼差嗎/素質實在很低落/還可以邊聊天/員工訓練差到髮指/以後不會再去了
C	魚肉不新鮮/有腥味/第一次吃到不新鮮的爭鮮/要倒了嗎/檯面上沒有的菜色/點了只會送檯面上/要自己去等/如果檯面有我就拿了/既然沒有/為何還要放櫃檯慢慢等/好失望/
C	吃過幾次/覺得服務外場人員偶爾不算ok/提出現點的壽司會被魚目混珠拿車台上的給你/
C	服務人員很棒/雖然他們說話的聲音感覺沒有很開心/服務業被要求都要很有精神之類的/但是服務的品質真的很好/如果有聽到他們說話的方式/我很肯定他們沒有不爽/只是沒有很高亢而已/
C	看到店員沒帶手套摸茶包/然後我們放進水泡在喝下肚/不是很雅觀/生魚片也不新鮮/服務生態度也沒有很好/尤其是16號服務生/一直翻白眼不耐煩的樣子/都沒笑容
C	尚可/迴轉台上種類不多/轉太長等一圈等很久
C	海鮮沒有很新鮮/醬燒類的食品調味感太重/吃不出食物本身的味道/可能是不新鮮/才想把味道蓋掉吧/總之/多年過後重回舊地/感覺還是挺失望的
C	能開到比較晚算是優點/但也是缺點晚點到就剩下很少東西
D	平價壽司好選擇/忠孝店空間很大/不會等太久/只是生意太好/叫了特製的要等一陣子
D	原本要告知店員奶酪上有菜渣卻不慎打翻/服務人員當時即使客滿/卻還是非常積極的幫忙處理我遇到的問題/還遞上餐巾紙讓我擦衣物/非常感謝店員/
C	店員態度很差也不帶位/哪招/也不問要不要湯或茶碗蒸/臉特別臭/ᴖωᴖ/有個客人詢問該店員請問方才點的東西來了沒/店員回應/還沒/一轉頭馬上大聲的/嘖/超沒禮貌/
D	蛋糕不小心掉到地上/告知服務員後非常迅速的處理了/還主動補上新的一份給我/服務很親切/也感覺食材很新鮮/不過迴台上三分之二都是鮭魚/其他品項很多要用點的才有/稍微美中不足
D	營業到很晚值得表揚
C	整個台北市就你們這家分店最難吃/最好吃是康寧
C	我不是尖峰時段進去的/但是/我點了一樣東西/等了快15分都沒來/重點是/東西送來感覺是破破的/感覺不好
C	美乃滋不新鮮有冰箱味/麻煩請多多注意/謝謝您
D	用餐環境寬敞/服務人員態度親切/食物新鮮美味/缺點是在二樓只有樓梯/若是娃娃車或輪椅就比較難上樓用餐了/
C	餐廳沒有消毒措施/服務生態度也不好/食物沒有以前好吃/
D	想念/以前逛街很常來吃/現在沒辦法了
D	補食物的速度很快/不會讓人一直看著空轉盤/且新鮮
D	雖然是深夜時分/用餐人潮依舊不減/品質也有確實把關/不錯/
D	種類感覺好像比其他分店多/可能是因為這個地點客人多/食材吃起來也比較新鮮/是間難得會讓客人比較滿足的分店/
D	服務好/品質好/比其他家的材料新鮮的感覺/不知道是不是因為人很多所以材料用比較快都比較新鮮的關係
D	簡單快速/平價/環境整潔/壽司味道吃起來十年如一日/永遠不會走鍾的味道/吃起來不會覺得有壓力的店/
C	味噌湯比其他分店的料都少/壽司都放很久
D	女的服員生不知道魚的種類/我說請給我/她回答自己拿下來/妳們還沒做好的怎麼可以拿/我等很久/餓死/直接告訴男生了/
C	跟其他分店比起來這間忠孝店真的滿差的/料放得少/味道也比其他店奇怪而且店員很喜歡聊天/不是跟客人聊/是互相聊/不是聊一下下/是隨時聊/不是小聲講話/是大聲講/幸好廚師有規定戴口罩/唯一優點是/結帳/滿快的/
D	不錯/空間非常寬敞舒適/可以稍微坐久一點/不像別間比較小的分店會趕人/而且店長也很客氣
C	服務不錯/但有些衛生問題/捏壽司跟洗東西的手套要分開/或者捏壽司前要記得洗手/
C	糟/雖然在深夜時段/但開在夜店旁邊應該算用餐時段/迴轉臺上卻寥寥無幾/想吃幾乎都要用點的/想吃深夜時段的爭鮮建議選林森北店/這家著實讓人傻眼/想開深夜時段能不能學一下林森北店啊/真的很讓人憤怒XD
C	我4/20也經歷差不多/師傅不知道在不爽什麼/服務爛透/如果有零分肯定選零分
D	還不錯/空位很快就會遞補新的售司
D	空間滿大的/用振興券每盤可以折5元/讚讚/
C	20200925/男店員服務態度不佳/轉盤上海苔早已軟掉/生蚵超硬/比外帶店品質還差
D	留意客人需要/另外點的餐點也上得很快不馬虎/環境整潔/只是下樓要小心樓梯陡/
D	就是爭鮮/但服務的人員蠻親切的還不錯/錯開吃飯時間來吃的話/就很棒了
D	這邊鮭拉豆偶爾出現
C	衛生普普/蓋子常常不乾淨/就是吃粗飽的/因為營業到很晚生意不錯
D	忘記我們點的壽司/跟做的師傅反應以後他臉很臭/幸好女服務生態度都很親切/整體算滿意
D	臨時想吃生魚片壽司的好選擇
D	店員的服務態度良好表現出這間店在教育員工方面做的很足營業時間也夠晚不用擔心宵夜沒地方吃
C	戴眼鏡的師傅態度差/點餐裝沒聽見/請服務生點了餐後照樣不放不放迴台/第一次吃爭鮮吃的這麼不開心
D	迴轉台上該有的都有/不會遲遲等不到/點餐上餐速度算快/還不錯/
C	給不起芥末就用賣的吧/一人一包又不開放拿/好像很珍貴/直接用賣的不是比較好/芥末吃完卻拿不到的人流/
D	營業時間不同於其他店/座位多/不需要等候/
D	不錯/有很多握壽司/也有生魚片/都在檯上轉/不用再另外點/
D	位子有點擠/不知道為什麼有些盤子上的蓋子不見了/服務生動作蠻迅速的
D	台北市唯一推薦的爭鮮分店/食材新鮮/避開用餐高峰時段/還能享受環境乾淨/服務優良/
C	醋飯真的不好吃/想吃壽司又不想花大錢就滿剛好的/兩百多就撐了/服務很好
D	宵夜時段轉盤上的壽司擺放時間過長有點不新鮮/可以現點現作/環境乾淨明亮/
C	平價壽司/壽司一般/座位略為擁擠/服務員過少導致有點忙不過來
D	目前爭鮮裡排名第一/也許因為鬧區營業到早上/巔峰期長/餐點品質都不錯/都可以在轉盤拿到想要的/
D	好吃/平價來說算新鮮/新的變化/環境也乾淨
D	以爭鮮來說這家/人多流動量大食材都算新鮮/
D	食物/服務都有到位/環境清潔也都不錯/
D	以爭鮮來說/忠孝店的壽司種類很多/又補的很快/去吃過很多家轉盤上東西超少又不補的
C	地點跟營業時間很適合酒吧後吃一下/不過新鮮度感覺沒有很好
D	起司/蛋糕/意外的還蠻好吃欸
C	吃到一半發現/裝食物的蓋子沒洗/跟師傅沒帶手套/瞬間想吐/The/covers/of/food/is/reused/without/washing/them/Their/food/and/cooking/hygiene/is/awful
D	人潮很多的一間店/服務人員依舊親切/食材也算新鮮/推/
C	還行/但壽司沒到新鮮的及格線的程度
C	不知道在忙什麼的店員和師傅/忙這麼久也沒看到壽司上迴轉道/永遠就那幾樣
D	服務不錯/但是人潮也是蠻多的/需要等位/有點小可惜
D	麻辣生蝦超好吃
D	味噌湯很好喝/除了必點的鮭魚系列外/炙燒豚真的好吃可以吃看看
C	人太多/用餐品質沒有很好/碗盤沒洗乾淨/服務人員也沒笑容/
D	這裡的小小的可愛PT/東西好吃就跟其他的爭鮮一樣/這裡的爭鮮是走陽光的路線/定期有60元的期間限定喔/
C	這外場人員只有一個/是要操壞員工嗎/點餐都點不太到/請公司適當安排人力
D	地理位置方便/就這個區域來說平價/位子很多
D	樓梯很陡/腳骨不便者/敬請見諒/
D	半夜/宵夜就他了/盡量直接點餐
C	多數餐點都非常不划算/不過60元一貫的高級鮪魚還蠻好吃/
D	就是爭鮮/服務人員滿親切/開到凌晨/半夜想吃壽司的第一選擇
D	空間不錯/玉子燒壽司每盤兩個/服務很快速/下班時間人多
C	就是普通的爭鮮/東西也沒很新鮮/
D	座位多/食物的選擇也多/蔬食/甜點也有會想再光顧/吃的好開心呀/
C	還不錯/上班中午休息吃很省時/不過吃到飽也是快兩百
C	店員真的愛聊天/且對待食材很粗糙/晚餐時間趕就該草率上台了/
C	口感還不錯/但/菜色樣式不多/
D	地點佳/營業到很晚/服務佳/餐點品質一般/惟尖峰用餐時間人多/建議避開/
D	環境不錯/壽司也還ok
D	營業很晚/宵夜日式好選擇
C	我吃宵夜很不挑剔/可惜那天吃到不新鮮的鯖魚壽司/難過/默默
C	點菜慢/店員臉臭/送上來的魚肉跟冰塊一樣/難吃不要來/超雷店
D	店員應該是看心情做事/我因為都自己一個人吃/所以店員都不用太理我/能選的越來越少/
C	優惠活動無法使用/問服務人員也不知道/用餐空間空氣不流通/生魚片溫的
C	Google/讓我們走了一個捷運站的路/就當運動啦/不過好像沒有以前來得新鮮了呢/
C	選項越來越少/湯頭有點過鹹
C	雖然不錯但菜色可以在多一點會更好
D	空間有的點小/壽司還算新鮮/
C	用餐時間人都會很多/有些餐點可能會等不到/建議直接用點的
C	食材補很快/但服務人員可能不足/還有進步空間/
D	工作人員很親切/服務不錯/就是有些東西等很久沒來/要直接用叫的
D	環境還不錯/吃飯就是想要舒服輕鬆/服務同仁多/服務快/
D	8點吃的時候出餐快/服務生優良/菜色多樣
C	深夜好選擇/但有一次手捲裡面吃到塑膠料的一角
C	宵夜時段的新鮮度很差/轉盤上的種類很少/出菜速度慢/
C	服務生都在聊天/點了東西沒有了也不說/結果枯等了10分鐘/東西都超/慢/來/
D	剛到晚餐時間就進去吃/壽司都是現做的
D	員工親切/防疫期間依照SOP作業/讓人放心用餐
C	就是把生魚片放在飯上面而已/還是比較推薦藏壽司/
D	空間寬敞/座位也多/用餐人多/迴轉帶上的壽司也相對比較新鮮/
D	用餐時間人潮多/鮭魚鮮嫩肥美/30元一貫值得試試/
D	食材相對來說新鮮/唯一注意是小心食量超出預算
C	消夜時段/食材沒那麼新鮮/感覺很少東西能吃
D	動線不錯/燈光柔和/視野好找人方便/
D	宵夜好選擇
C	鮭魚卵從紅變黑了都不知道放多久了/生魚片都溫的/爭鮮的鮮在哪
C	深夜服務差/迴檯上餐點不新鮮/現做速度又慢/
D	感謝有這麼晚的爭鮮
D	店員很親切/店內乾淨明亮/還有準備兒童座椅/棒棒噠/
D	一般般壽司店/
D	冷氣夠冷/在冷清的東區/是不錯的吃飯地點/可刷任何卡/方便/
D	鮭魚壽司跟味噌湯/黑糖奶凍好吃/
D	價格親民的迴轉壽司店/但品質上/你知道的/
C	生魚台的師傅手切手弄著壽司/一會又接電話/也沒洗手/反覆著/
D	剛進門的時候有點不好聞的味道/魚腥味/其它都不錯
D	喝完酒之後來碗鮭魚味增湯/花枝壽司真的超滿足
C	迴轉台上選擇很少/而且感覺師傅很不尊重壽司本身
C	菜色較少/拿沒幾盤就不知道要吃什麼了/
C	人潮通常眾多/要等候一段時間/餐點和環境就跟其他分店差不多/
D	點餐速度快速
D	位置蠻多的/而且竟然會開很晚/算是晚上肚子餓的好去處
D	在忠孝東路肚子餓了自己或是跟朋友們很好的選擇之一/
C	在2樓/上下樓梯要小心/食物與其他分店一樣/沒特別好或壞/
D	營業時間長/任何時間想簡單吃一下都可以直接來
D	24小時的店家/服務普通/態度普通/自己吃的高興最重要
D	營業時間/完全是為了宵夜也想吃壽司的人著想啊
C	客人不多的情況下等餐等很久20分鐘以上/店員16態度極差
C	蓋子完全沒有洗/刷卡錯誤叫我自行處理
D	好處是開很晚/食物就一般/深夜時段別要求太高/
D	這家都爭鮮特別好吃
D	環境舒適/食材新鮮/人潮多時餐點可能會等很久
C	服務的跟喪屍一樣/帶位客人沒聽到還用喊的/不會走過去招呼嗎/
D	夜貓子的天堂/營業到早上五點半/
D	深夜仍有營業/若找不到其他分店可至此地用餐/
D	時間開很晚/座位很大/食材新鮮
C	味道跟中部的有差異/服務上倒還可以
D	這是一間不錯的日式迴旋壽司店/味道不錯/
C	就只是爭鮮/也就這樣子
D	星期六晚上9點30時間來的鮭魚超多狂上
D	服務很好/食材很新鮮
C	服務尚缺訓練/生魚片跟其他家比/不夠新鮮
D	店內空間舒適/寬敞明亮/鮭魚品質好/cp值高/
D	服務超級棒/環境舒適/食材新鮮/一百分/謝謝你們
D	營業到凌晨五點/多個深夜用餐的選項
D	服務快速/環境乾淨/食物美味/品項齊全
C	環境跟服務都很差/想踩雷可試
C	餐色算是豐富的了/人潮很多/
D	營業時間晚/較適合剛下班去飽餐一頓
C	讓我上吐下瀉一個禮拜的店家/扯/
D	北海道季的起司海老很好吃/松葉蟹散壽司就沒什麼味道
D	非常快速/乾淨/地方寬敞舒適/不吵雜/很適宜的用餐地點/
D	半夜轉台上選擇較少/但服務都有做到/還可以
C	衛生品質真的很差/以前來沒這麼糟啊/
C	感覺新新鮮度/品質都比其他地方差
D	有幾位店員都很有活力而且非常認真/很重視每一位顧客的需求/
D	老闆娘很nice/生魚片份量食大時小
C	宵夜好夥伴/只有鮭魚跟豆皮可以吃/其他不行
D	服務態度親切/讓人印象深刻
D	好多點都收了/這附近剩這一家壽司店/
D	營業時間到凌晨/非常方便/服務也相當不錯
D	雖然有點擔心線上食材不知道轉了多久/不過還是好吃
D	服務態度很棒/整體衛生環境也很好
D	少點菜色的變化/或許我去的時間不對吧
C	除了鮭魚以外的菜品皆不推薦
D	服務跟餐點都很好
D	老闆很親切/是一間有溫度的迴轉壽司店
C	普通/生魚片不新鮮
D	一貫的服務水準/品項也很好吃
D	壽司還可以/便宜好吃可以宵夜的好地方
D	3號服務員的態度很好很有禮貌值得讚賞
C	服務極差/點單點叫服務生送來也不肯/9478/
C	還行
D	服務不錯/魚肉小片
D	去完夜店可以來吃
C	壽司普通/但開到很晚適合夜貓族
D	代客服務好/食物有一定水準/衛生也很好
C	這是我吃過分數最低爭鮮
C	轉動的盤子太過擁擠/導致上面的蓋子狂掉/服務人員都是臭臉
C	老是聽到東西掉到地上/是大家工作太累還是心情不好/
D	店員跟師傅都不錯/店開的時間很長/推薦
C	店長必須換人/不然就是等關門/
C	店長不知道在急什麼
C	口味一般/服務一般/是24H/車位很難停
D	24小時/常常在半夜不知道要吃什麼的時候就會來吃
D	最喜歡這間爭鮮的焦糖鮭魚/
D	好吃是機率機率/不過已經比大多的爭鮮都好了/
C	中規中矩/雖有新菜色/但是無法讓人驚艷
D	晚下班不小心就會來這噴錢吃宵夜
D	鮭魚壽司/味增湯/鮮蝦手卷/焦糖鮭魚肚好吃
D	營業到半夜/很適合下班來吃宵夜
C	服務時好時壞/食材新鮮度價位尚可
D	冷氣強/食材新鮮/迴轉台豐富
D	不錯/但鮭魚類的可以不要這麼多嗎/
D	真的很新鮮又好吃便宜哦/_/
C	男師父捏壽司都不戴手套/但是女師父有戴
C	坐在最旁邊的四人桌好像邊緣人一樣服務員完全不理/服務生態度非常差/服務生態度非常差/服務生態度非常差/服務生態度非常差/服務生態度非常差/服務生態度非常差
D	就是填肚子的選擇/開到半夜很方便
C	內場師傅不斷嬉鬧/很不專業/影響用餐情緒
C	尾數1寫成7/讓人多付6盤的錢/黑店
D	店員店長親切/食物好吃/出餐快速
C	服務不行/食材軟爛/海苔也爛
D	空間大/食材還可以/不用等很久/
C	餐廳在二樓也不把字寫大一點
D	很high的一家店/超級少見的爭鮮/深夜推薦
C	質素一般/但用價錢來算CP值還好
D	好吃/300塊真的可以吃飽
C	食材少/不新鮮/服務員跟智障一樣
C	普通平價迴轉壽司/逛逛街去吃還不錯
C	鮭魚是怎麼搞的/品質很差
D	所有爭鮮裡面最優秀的一家/
D	環境很舒服/用餐輕鬆
C	中午時段/迴臺上種類選擇偏少/
C	位子多/人也不少/也因為人多/東西才會新鮮/
D	下完班還開著的店/很便利
C	營業時間加長讓消夜時段也可以吃到爭鮮
D	半夜不知道吃甚麼就來吧/總會轉到一個你要的
D	員工服務態度很好/讚/
D	鮭魚好吃/深夜來吃都不是問題
C	C/P值高/生魚片寿司/種類多元/
D	地點離捷運近很方便
D	東西新鮮又好吃/服務親切/
D	食材新鮮/服務細緻/缺乏停車位
C	深夜的米飯偏乾/不好用筷子夾
D	店員服務不錯/餐點品質ok
D	我給五星理由是他營業到早上/
C	品質不穩定/品管不好/想測運氣的人可以試看看/
C	晚上深夜吃東西好去處
C	沒什麼人出餐不知道在慢啥
C	價格適當/但口味又還不錯/
D	一個人的好選擇
C	約莫凌晨兩點吃完飯/要結算盤數/店長態度很差的把結算單子/丟在桌上/結帳時也面無表情/態度冷淡/很像一副要我趕快把錢拿出來的樣子/讓人感覺很差/夜班經理真的態度很差/對員工也是/真不知道為何可以當上店長
D	最新鮮的在忠孝店/鮭魚肚超好吃/
D	讚/
D	不錯吃/翻桌率高/不用久等
D	店長的氣質好親切/五星級服務/
C	在二樓/要注意找一下/
D	很快輪到我們/幸運/壽司師傅速度很快
D	24小時營業/座位多
D	店員服務迅速/海鮮品質還行
D	三樓的服務員很親切
D	雖然在二樓/用餐時間還是不少人
D	ˇˇ舒適/吃得到其他店家未上市的口味
D	選擇多/環境舒適/
D	空間大/點餐快/可以很好的享用
C	不好吃/魚不夠新鮮
D	好吃/店員也很親切/
D	食材非常新鮮/空間大座位多
C	鮪魚都黑了還放在上面轉
D	服務態度變很好/大大的進步/
D	大眾消費乾淨舒服的用餐環境
C	服務態度一般/但是東西還行
C	整體來說/普通/檯面上選擇有點少
D	平價壽司/冷氣涼
D	這個年代還能便宜吃壽司的店
D	教練我想在午夜吃壽司打乒乓
D	24小時營業/吃宵夜很方便
D	環境舒適/也適合家庭用餐/
D	店內整潔明亮/算是不錯的爭鮮
C	24小時營業/半夜想吃可以來
D	好一個解宿醉的去處
D	不知道吃什麼的時候的好去處
D	服務人員動作迅速/壽司也新鮮
D	服務好/東西好吃
D	謝謝朋友amuamu
C	生魚片放在轉盤較不新鮮
D	用三被券優惠很多
D	魚腥味從樓梯口就聞到/
D	用餐空間尚可/廁所乾淨/
C	/生魚片由4片3片剩2片
D	要爬上二樓階梯/環境乾淨
D	服務不錯
D	店內很寬敞/服務員態度不錯
D	半夜下班後的好去處
C	比較各地的爭鮮這個店服務較差
D	出餐速度很快/服務很好
D	以夜貓子來說/是非常棒的去處
C	點餐等很久都還沒來
C	用餐環境不錯/價格實惠
D	爭鮮/還是我心中最好吃的平價壽司
D	24小時營業/還不錯
D	壽司不錯吃/又便宜喔/
D	菜色豐富/品質新鮮
D	改裝後燈光明亮/用餐環境乾淨
D	店員好正
C	平價/口味還可以/座位小
C	還不錯吃喔
D	還行的爭鮮
D	供餐到早上五點半/超方便的
D	上菜速度快/服務人員親切
D	地點佳/營業時間長
D	感覺壽司的種類比較多元
D	種類多樣/吃的超滿足
C	店長不在服務就變差
D	方便/不小心會吃很多
C	就是迴轉壽司/標準化用餐方式
D	工作人員的服務態度良好/
D	快速的服務/舒適的用餐環境
D	喜歡來這裡吃點心或消夜
C	24小時/假日人多
D	人非常多/場地較狹小
D	這是台北市唯二的24小時店
D	動作迅速服務人員速度也快
D	營業時間較晚/造福夜貓族
D	營業到很晚這點非常棒/
C	相較其他家/最差的一家爭鮮
C	東西還可以/服務很一般
C	人手蠻不足的/尤其是在晚上
D	半夜想吃壽司的好去處
D	目前最好吃的一間分店
D	可以/一直聊一直聊/聊天的好去處
D	服務快速
C	還可以/裝潢很普通
D	東西讚/空間舒適
D	便宜好吃/服務好/
D	全台灣吃過最厲害的爭鮮/
D	乾淨
C	服務人員態度較為散漫
C	吃不到干貝壽司不想打高分/
C	人力嚴重不足/員工素質極差
D	方便我也愛吃
D	食材新鮮/服務很好/
C	感覺食材沒以前好
C	服務人員真的是很冷漠/
D	環境乾淨/服務態度100分
C	走上樓的時候似乎有股臭味
D	空間舒適明亮/服務很有朝氣
C	服務態度很差
D	環境乾淨/服務態度好
D	鮭魚鮪魚非常新鮮/讚/
D	夜班服務人員親切效率
C	壽司略小/座位還算多
C	冷氣開的強到爆
C	餐點少/服務差
D	最喜歡這裡的方便性與舒適
D	表現的和別家爭鮮一樣佳
D	服務態度好/品質也不錯
D	服務好餐點不錯
D	當不知午餐吃什麼好時
D	食材新鮮/還不錯
D	速食壽司/方便
C	好吃/食材新鮮
D	服務人員滿貼心的
D	24hr半夜菜色有點少
D	每次來都有新品/
D	可以用歐付寶/不錯喔
D	場地太亮/服務有些慌亂
D	方便吃壽司的好地方/
D	就是喜歡吃壽司
D	是夜貓子好選擇
C	已經幾年沒有吃完拉肚子了
D	經濟實惠/服務佳
D	爭鮮不管哪間都很可以
C	還行啦
D	不錯/人很多/
D	還行
D	有半夜場/
D	幫服務人員加分/
D	環境很好很乾淨
C	新鮮的食材越來越少了
D	服務態度很好
D	乾淨明亮的店家
D	服務不錯/新鮮
D	地點方便又好吃
D	服務好/東西多
C	轉檯上菜色種類較少/甜點/小菜居多/壽司的米飯有待加強
C	生魚片不是很新鮮
D	服務態度不錯/
D	服務人員很親切
D	很乾淨服務不錯
C	店員臉有夠臭/
C	壽司種類越來越少/
D	喜歡友善的用餐環境
D	送餐還算快
D	服務非常好
D	新鮮/菜色齊全
C	用餐時間50分/
D	開很晚的回轉壽司店/
C	不喜歡/飯不行
D	開到天亮94讚
D	熟食選擇不少
D	服務親切/環境整潔
D	新鮮品項多
D	缺點/壽司縮水了/
D	優質的用餐環境
D	宵夜時段的好去處
D	一間/正常/的爭鮮
C	就/妳知道的/剛好
C	服務員忘東忘西
D	人多時肉新鮮
D	乾淨明亮座位多
D	想快速吃生魚片的好選擇/
C	跟其他爭鮮一樣
D	半夜也開門
D	金賀呷/
C	人手太少/無法現點
D	服務還可以
D	新鮮多樣好吃
D	還不錯吃
D	還不錯
C	24小時營業
D	24小時很方便
D	壽司/價位中等
D	乾淨明亮
D	東區的平價美食
D	環境不錯
D	台北宵夜好去處
D	推薦給大家/
D	很喜歡/
C	服務態度不佳
D	單純想吃壽司
D	快速便捷/適合快速用餐
D	這裡的海鮮/新鮮
D	地點很方便
D	地方寬敞/可以
C	很一般的壽司
C	歷久不衰的壽司
D	店長很親切
D	很多豐富可以選擇
D	環境不錯
D	服務態度良好
D	服務態度很好
D	快速/乾淨/簡單
C	跟一般的爭鮮一樣
C	還好
D	方便快速的選擇/
D	宵夜好去處
C	品質變差了
D	服務態度很好
D	越來越不好吃
D	宵夜的好去處
D	新鮮/好吃
D	好吃/實在
D	宵夜必來
D	不錯呀
C	東西都不多
D	乾淨好吃
D	親切的服務
C	品質尚可
D	服務的動作很快
D	人永遠都很多
D	就爭先麻
D	營業時間很晚
D	服務稍稍忽略
D	食材選擇多
D	營業時間長
C	生魚片很薄
D	舒適的空間
D	cp/不錯
D	服務很好
D	服務親切
C	就爭鮮嘛
C	中規中矩的迴轉壽司
D	服務讚
C	滿難吃的/
D	好熱鬧
D	讚
D	壽司好吃
D	好吃的鮭魚
D	環境不錯
D	挺不錯的
C	品項較少
D	開很晚
C	還可以
D	維持一貫的水平
D	環境不錯
D	乾淨安靜
D	開很晚
C	品質變差
C	還可以
D	環境不錯
C	態度很差
C	還可以
D	平價壽司
D	商品多樣
D	喜歡
C	還好
D	服務好
C	店長很和藹可親
D	不錯
D	環境舒適
D	環境整潔
C	空間大/座位多
D	鮭魚超大片/
D	服務優
D	好吃/
D	就是爭鮮
C	soso囉
D	覺得這家放料比較多耶/蝦手卷也是兩尾蝦仁/我到別家還只有一片切片的半蝦/營業到半夜真的很強/加班之後的覓食好所在/但出入口那樓梯夭壽不好走/
C	人流量大/壽司品項少
D	服務算可以有禮貌/種類也蠻多/沒看到的可以用點的
D	小資族午餐的好地方
D	星期六晚上來到這裡/驚喜地發現我們可以立即就座/這裡的壽司價格非常合理/但如果你是一個conneseiur/那麼這可能不適合你/工作人員的服務也很棒/
C	壽司價格令人難以置信/一盤30美元/有多種選擇/不要期望價格太高的質量/但是排隊會變得很長/
C	手捲是好吃的/歐姆蛋很可愛/但不好吃/轉檯上的壽司一直是剩的那幾樣/向店員點餐都很慢才來/來的都是別桌點的/很不好的用餐經驗/
D	便宜又好吃/價格可以接受/毫無疑問/謝謝/
D	溝渠定做/如果您告訴您的妹妹您正在吞食/就會被告知她被埋葬了/什麼都沒睡/所以讓我們對像出納員這樣的女士說/
D	每盤少於1美元/且開放時間晚/有很多選擇和友好的服務/
D	味道很好/但是很早就關閉了/最後命令是21/00/免費飲料/熱綠茶/所有菜單價格為每盤30ntd/他們接受卡和線支付/
D	30/NTD的傳送帶壽司/該系統與日本完全相同/通常有gari/芥末和粉末茶/我不會說日語/因為它不適合遊客/但我認為它可以順利使用/因為我了解系統/味道很正常/如果價格在100日元左右/味道和日本100日元壽司一樣/日本沒有菜單/如烤shishamo和芋頭dorado/這很有趣/味噌湯/因為它是白味噌/所以東日本人感覺有點不舒服/蒸米糕/它通常是美味的扇貝和與日本相同的味道/蝦/蝦味噌在船上/味道鮮美/我想在日本吃這個/扇貝/應用辣醬/量大/質地好/味道鮮美/金槍魚/和日本100日元壽司一樣的味道/魷魚/我覺得它很新鮮/融化和美味/但它的回味是美味的/三文魚/頂部有脂肪/味道鮮美/多少鮭魚/它的味道和你想像的一樣美味/我認為我不會在台灣吃100日元壽司/但有趣的是/非日本壽司店做得很好/我認為嘗試一次是螞蟻/由於24小時營業/所以可以作為深夜小吃/
D	真的很友好/大量的選擇/而且價格實惠/為/14/個盤子支付了/420ntd/
C	是的/這是一個非常繁忙的壽司特快分店/服務很好/但是壽司廚師用雙手觸摸傳送帶上的髒盤子處理壽司的方式令人不悅/尤其是當他們製作壽司時/我坐在他們的前面/
D	深夜的皮帶式壽司店價格合理/大多數菜/通常配兩片壽司/都是三十元新台幣/
C	物有所值/但味道還可以/可以吃得很瘦/這對飲食很友好/
D	與我的朋友共進晚餐約凌晨三點/服務器05可以在整個過程中以英語訂購食物/非常專業/一定會再來的/謝謝/
D	Sushi/Express很好/但是選擇最近有所減少/我一直很想吃傳送帶壽司/他們有一個值得嘗試的新奶酪壽司/工作人員很友好/餐廳很少忙/如果他們沒有您想要的選擇/只需詢問工作人員/他們就會將其淘汰/
D	如果您一直在等待/您第一次錯過的車牌會再次回來/所以很好/
D	大干貝好吃/
C	晚上十二點去吃/服務人員很像心情很差臉很臭態度一副不爽的樣子/看著轉盤轉/食物上面的蓋子很髒霧霧的而且都黏到食物/吃100多塊就走了/不會再去/臺中爭鮮品質好一百倍店員臉也不會一副愛理不理的樣子/好像欠他們幾百萬一樣/
C	食物不夠新鮮/但是價格還不錯/
D	及時的服務/店長對客戶的熱情和對員工的關心/我喜歡這種氛圍/壽司品種最近發展了很好/
C	第一次來這間分店/椅子一拉開就有一個蝦子的尾巴/還是我朋友幫我拿起來擦掉的/一開始點餐時/得等很久/連續點三次/服務生才說/等等幫你上迴台/然後你得在等很久才拿的到/並且經我們觀察/保險蓋好像因為方才非常的忙碌/所以並沒有經過清潔/所以我們很常看到不屬於餐點應該會有的配料伴隨著蓋子在上面遊/並且桌子及杯子都有沾染感覺上一位尚未清潔乾淨的痕跡/真心希望能改進啊/最後的最後/我連續點了2次紅豆白玉/不誇張/我等了10分鐘都沒有遊來/店員還可以大家在那邊聊的很開心/讓我忍不住/在點了一次/服務生非常的貼心在跟我說一次/會幫你放迴台的/鄉親們ㄚ/如果是你就只差這個嘗試完後就想跑了/你還會想等嗎/結論/紅豆白玉千萬不要嘗試/謝謝/
C	便宜的壽司的地方有很多座位/味o湯很好吃/
D	好吃/
D	好吃/
C	壽司就是這樣/每間40家餐廳的質量顯然更好/這是30/件/
C	所有東西都從冰箱裡拿出來/魚和米飯/所以它太冷太硬了/味道還可以/但沒什麼特別的/絕對是/快遞/價格絕對公道合理/
D	從傳送帶上快速咬壽司的好地方/每盤只要30NTD/1USD/壽司既便宜又好/
D	正常吧/普普通通的喔/
D	基本的壽司傳送帶/食物很好/尤其是因為它營業到很晚/非常適合深夜喝醉的食物/
D	壽司一樣便宜/不幸的是/他們太在乎優化而不在乎客戶體驗/
D	偉大的概念/我的最愛/
D	便宜/
