D	肉的品質很棒/量也真的蠻多的/海陸雙人完全可以2/4個人吃/指一般食量/不夠可在單點即可/菜品跟飲品採自助/麻辣湯底好吃/其他藥膳跟大蒜我沒吃到所以沒辦法評論/海鮮新鮮/蝦子的殼完全有專人服務撥殼欸/生蝦直接撥/看服務生撥超好撥的可以知道很新鮮/吃起來也真的都很甜/其他海鮮我也沒什麼吃到/太飽沒吃/
D	服務態度親切/食材新鮮/用餐環境不錯/點了四人套餐1999/需再加10/服務費/火鍋料蔬菜buffet區種類蠻豐富的/會想再訪
D	很驚喜/驚嚇的肉肉蛋糕/肉質很好/胡椒豬肚湯底非常美味/
D	大年初四第一次來用餐/黃先生有禮貌/待人有耐心/讓人覺得用餐相當愉快/當然現場環境也是非常好/
D	食材好吃/昆布湯頭鮮美/服務周到/疫情開放內用下沒什麼人/只能點單人套餐/下次再來訪/壽星當月APP能夠免費換一個肉蛋糕/可選擇豬肉或是牛肉/我覺得很不錯/吃得過癮/2021/09/13/爆炒蒜頭蛤蜊雞湯好喝/用APP點數15點免費換的/店員會先幫忙炒鍋/之後倒入湯頭/湯裡本身附有雞肉跟蛤蜊/覺得這個湯頭很讚/2021/09/25/
D	肉食主義好選擇/點評再送肉/店家很nice/廁所乾淨有香氛/貼心附上小護墊/漱口水/加分/
D	服務周到/食材精美/尤其是自助區/可享受菜肉均衡的美味/除了百頁豆腐外/多為原型食物/十分健康/
D	超爆量肉肉299元起/蔬食自助吧無限吃/蔬菜項目會依照季節作變化調整/提供當季新鮮食材作替換/超過20種的季節時蔬自助吧/高麗菜/青江菜/地瓜/香菇/南瓜/海帶結/杏鮑菇/玉米/番茄/金針菇/百頁豆腐/絲瓜/冬瓜/三角豆腐/紅白蘿蔔/馬鈴薯/絲瓜/蒟蒻結/等/非常豐富/視覺光看都飽饗宴/副餐包含冬粉/白飯/肉燥和多種項目麵類食材/飲料多元選擇/冰沙/熱飲/氣泡水/等/浮誇肉蛋糕/美國雪花牛/活力梅花豬兩種肉品組合而成/肉的份量驚人高達有16盎司/還有依霏最愛/霜淇淋機/北海道牛奶和巧克力以及綜合3/種口味/
C	沙拉吧沒什菜色/也沒有按時補齊/還限定時間/還是喜歡以前的肉多多
D	肉真的很多/而且店員態度超好/尤其是其中一個瘦瘦可愛可愛的男生/好像比較常站櫃檯前結帳的那個/還會介紹平常比較不會點的湯底/藥膳/因為我平常沒喝所以不敢點/但是真的煮起來超好吃/完全不用調味料就很夠味/冬天來了吃這個很暖/店內氣氛很好/音樂不會大聲到跟聊天聲音衝突/本店已納入我的口袋名單/
D	這家分店要給五顆星/店員很親切/飯後還提醒我們地下一樓有冰淇淋/可以用挖的那種/馬上衝下去裝/菜也比其他間新鮮/很勤勞更換/豬肉吃起來蠻嫩的/會回訪的的店/用餐經驗很好/
D	店員態度很棒/對湯頭有選擇性障礙的人/店員會真心推薦好喝/又香的湯頭/整間店很乾淨/舒適/再加上會播放好聽的歌/吃飯很放鬆/自助區乾淨又整齊/店員也很注意衛生唷/牌子掛見習生的服務生人很積極呢/肉多多/肉真的很多呢/肉蛋糕真的也很漂亮呢/
D	自助區的食材感覺比其他分店多/位子也較寬敞/店員服務態度好/自助區的肉燥飯好吃
D	過年初二能找到能吃的地方就偷笑了/帶著家人出來覓食/隔壁/石二鍋/還是很多人/就來這裡試試/環境/算是蠻小的一家店/四/五桌的位置/90分鐘用餐時間其實差不多/櫃檯還貼心了準備了各式的衣物除臭劑/用餐/多種鍋底選擇/加上套餐/每人5/600/大概跑不掉/蔬菜可以無限取用/搭上冷飲/熱茶/霜淇淋/跟冰淇淋/很特別的選擇/椰子/荔枝/芒果/還有/榴槤/麻辣火鍋有辣到外/還不錯喝/雖然不該喝太多/豆腐/鴨血量也OK/牛奶鍋跟昆布鍋也不錯/只是大多肉類跟麻辣還是較搭/我們叫的肉品都好吃/蔬菜也都翠綠新鮮/服務/一位疑似店長的對客戶非常關心/客戶點了肉蛋糕還會問是否有人生日/客人要求幫忙拍照/還說大家太嚴肅了/請客人擺不同/Pose/來增加歡樂感/其它服務都算到位/結論/不會錯的一個餐廳/價格可能在同類餐廳算是稍高/但沒有大問題/加上熱忱的服務/可以推薦/不能刷卡/
D	地點臨捷運站/附近停車位不好找/建議搭交通運輸前往/今天下午過去/雖然已經下午兩點仍要候位接近20分鐘/欲前往提前預約較佳/肉多多有提供app與網路訂位的服務/一進店就有很重的味道/這是所有火鍋店的通病/價格的部分從最低的299到中高價位6/700或更高都有/採取選擇湯底與肉品決定價格的方式/蔬菜/飲料與甜品自由取用/飯食麵食有提供肉燥與油蔥/餐點部分肉的品質以及自助區的蔬菜與簡易火鍋料的品質都相當的不錯且很新鮮/但是百頁豆腐多次看到未完整切斷的/這點若店家有看到這則評論的話可以多留意/醬料的部分可以選擇的佐料數量算中上/佐料品質都蠻好的/除了蔥花有部分未完整切斷以外口味與品質皆宜/特別是吃辣的朋友可以嘗試看看店家炒的辣醬/辣度與口味都非常好/服務部分相當優良/從門口帶位到外場服務員的服務都相當優良/親切/友善且服務快速/加湯的部分通常都不用自己找服務員/服務員會主動巡視且親切詢問/至於衛生部分就是最大的問題了/多次踩到地上黏黏的/不知道是有飲料打翻還是什麼東西/加上在收完的桌子上看到一根黏著的頭髮/總之衛生部分是最大的地雷/這部分可以再做得更好/
D	店如其名送很多肉很令人開心/
C	接到店長來電/覺得態度上是很有誠意的/雖然仍是婉拒了你們的彌補方案/畢竟都吃完了/也不是為了這個才上來留言/但還是上來改個留言多兩顆星給店家平反/可能是剛開始大量外帶造成的誤會/若能改善/會跟親友再前往用餐/剛拿回家時真的是氣炸了/也跟一開始點餐時店員態度有關/等了四五十分鐘取餐時可能過了巔峰/態度好上不少/真的沒誠意的店家/買了兩份套餐回去/買回來外帶/這包跟我說是兩人份的湯/連一半的食材都淹不過/高麗菜跟金針菇蔬菜很多都是一人份/把兩人份餐點全部裝在一起想混魚充數啊/5/23十一點事先致電過去想先預約店員還不給預約/說要現場點餐然後等個四十分鐘才能取/是要現場製造群聚你們才開心是嗎/以往吃了幾次覺得還可以/現在我絕對不會推薦親友去了
C	預約外帶取餐/結果等半小時還拿不到/還要排隊排超長/那幹嘛預約/預約也超麻煩/打電話打很久才接/不吃不會死/浪費半小時生命停損離開/
D	假日下午用餐/可能是中午後的補料時段/從入座遺漏給菜單/補紙巾到自助台以及自己要加湯底結果也空的/都需要提醒才補上/一直到最後結帳沒問有沒有會員/結果我回家後才想起來/下次要避開冷門時段用餐了/除了遺漏不少事情/服務都很好
D	女店長服務很好喔/很仔細又細心/栽培的很值得/希望能延續服務的品質/很貼心的店長/
C	肉質/湯頭都普普/當月壽星有送肉蛋糕/用餐時間有點趕/要不是因為天花板有木削掉到我朋友身上/因此延長用餐時間不然真的趕/服務態度是不錯的
D	肉很多而且很好吃/還有蔬食自助吧/很不錯/湯頭也好喝/
C	不會再來這間店消費了/覺得很累/加湯是只有店員才能用/講了三到四次也沒有來/重複的話要講五遍以上/倒湯的時候有一個新人拿低低觸碰到我的筷子/也當作沒看到/衛生非常差/還有疫情當前/你們店員不需要幫我們剝蝦子了/我知道是有戴手套/只是真的不必要這樣做/
C	第一次來吃時大約是在今年十月左右/抱著可能會踩雷的心態來吃/但意外的覺得蠻好吃的/雖然肉質沒有很好/但就是一分錢一分貨我也就不抱怨了/因為有了第一次好的經驗/今天再去吃/覺得跟我兩個月前吃到的肉多多完全不一樣/1/自助吧少了很多食材/像是鴨血/豆腐之類的/餐廳一定會給官方說詞說自助吧會隨著季節更換/好好笑喔說的好像鴨血只有夏天有冬天沒有一樣/2/點完餐以後等了半小時才上鍋/因為坐地下室/以為生意很好/還特地上去一樓看一下/沒有啊沒坐滿啊/那怎麼會裝個湯裝了半小時/我不太清楚/3/因為我是兩個月內吃了兩次/我非常確定肉量少了很多/且菜單有偷偷漲價/4/吃自助吧的金針菇吃到金針菇帶有土的梗/5/地下室的店員只會在那邊閒晃裝忙/加湯還要我走過去請他加/你們十趴服務費收假的/6/最後時間到店員趕人走說/你們時間到囉/樓上還有客人在等/結果到一樓發現位置都是空的也沒人在候位/好啦直接趕我走我又不會說什麼/但不要搞得好像你們生意很好一樣/總之我是不會再去吃了/
C	晚上現場詢問有無位子/因為當時較晚覺得如果要等就換別間餐廳用餐/而當時店員說客人都已結束用餐不用等太久/結果足足等了半小時才叫到我們/但湯頭不錯吃啦/只是又餓又累明明比我們晚進來的另一桌居然跟我們一起入座/然後也先介紹比我們晚進來的那組客人整個感受真的不是很好/知道服務業很忙很辛苦/但往後希望可以老實說不然有一種被騙的感覺/
C	下午4點/一進門/店內/只剩兩桌客人/服務員讓我們在等候區/請我們好好的看一下消費方式/說實在話真的看不懂/等他們/終於/告ㄧ段落/還要求我們必須要掃QR/Code/才讓我們入內用餐/說是防止客人忘了帶走物品/蔬菜吧自助區/其實料並不多/就基本/滷肉飯/王子麵/麵條/豬油/果汁吧/氣泡飲/咖啡/冰淇淋機/這一家的店氣氛很歡樂/堅持用他們覺得快樂的音量/來轟炸客人/請求他們將音量轉低/沒到10分鐘/另一名店員又堅持把它調到最大/當時店內只剩我們一桌/喇叭在我們的斜上方/音量範圍正好朝著我們/下面有補上/我刻意下載APP/來測量當時的音量/到底有多Happy/在90分鐘內用餐/而且是在超級緊湊的節拍下/我相當了解店家的策略/選擇的麻辣鍋相較於其他鍋底/要另加/100元/鍋底能續加ㄧ次/但一開始上桌時/他宣稱已經幫你加好了/之後要再加鴨血豆腐/鍋底要另加50/實在話/這麻辣鍋完全沒特色/鴨血沒入味/味道ㄧ般般/無任何記憶點/菜葉黃的/爛的/依然拿出來補上/非常之惜福/店員的服務稱不上好/感覺是極力想表面的表現他很用心在服務/但氣氛顯現實非如此/整間店顯現出來的氛圍就是/我就是做我的/要吃不吃隨你/我從沒吃過/那麼讓我炸腦煩雜的ㄧ餐/有幸今天碰上/78/85分貝的密閉環境/或許坐在馬路上吃還不至於分分鐘都這樣疲勞轟炸
D	第一次來/肉/真的多多/哈哈/品質也好/第一次吃火鍋有雞腿/還蠻好吃的/肉真的太多/只得包一些回家/隔壁桌的年輕人也是包肉回家/看起來不止來一次了/點餐很快/這裡的服務很好/用餐的心情也會變得很好/特別看了一直服務我們的員工/好像叫十X龍/拍謝半夜記性很差/謝謝你用心的服務/我當然知道這不是你的本名啦/下次還會再光顧
D	營業到凌晨四點/半夜想吃火鍋的選擇/店內座位不多/肉質尚可/湯頭/蒜頭蛤蠣雞湯很好喝/另外加點的麻辣鴨血很彈嫩且有入味/好吃/
D	店長服務細心/居家防疫還能享受美味的火鍋真是一大享受/現在活動期間一鍋只要149/比三媽還超值/推薦給大家/
D	2021年04月/到訪/一樓坐位不多/還有地下室的坐位/地下室的空間應該比較大/可以容納更多的顧客/因帶全家人來/點了一鍋爆炒蒜頭蛤蜊雞湯/湯頭好吃順口/目前店家推蔬菜自助吧吃到飽/飲料吧及冰淇淋無限享用/而蔬菜自助吧菜色大約二十多種/很夠大胃口的顧客來享用/我全家點了30oz的豬肉/肉量/真的很多/對於無肉不歡的顧客絕對沒話說/而店家還提供飯/肉燥/豬油給顧客享用/看顧客要吃豬油拌飯還是肉燥飯/而我吃了兩碗肉燥飯/真的很好吃/整體吃了下來真的好飽/唯一美中不足的地方是石頭鍋和微波爐的熱度調整有點近/假如去調整熱度時/手可能會被燙到/我倒是比較建議以後可以像其他火鍋店/把調整改在客人前面桌下調整比較安全/
D	第一次吃肉多多/肉真的大盤的超誇張/好友們吃的很過癮/我卻是對店裏裝飾的恐龍公仔充滿興趣/店裏的主視覺有大暴龍/吃著肉覺得自己彷彿也是暴龍了/由於同行的好友剛好生日/結果服務的人員看了証件之後/送了肉蛋糕/Oh/My/God/誰發明的/超聳動的/但大家都很開心/服務太度很不錯唷/期待下次去有送恐龍/
D	菜類是自助式的/幾乎都是鮮甜的蔬菜/很加分/肉類可再加強/去了兩次菜單有改過/第二次去點牛肉還送雞肉/肉肉吃不完啊好多/可外帶/飲料類選擇很多/冰淇淋也是/適合大胃王和肚子很餓去爽吃/以這地區來看/CP值高高/如果能取消10趴服務費更好/畢竟火鍋都是消費者自己煮的
D	湯底是石頭火鍋/上湯底到製作到滾水/時間太長/造成享用餐點的時間被濃縮/基本享用完主食/副食吧完全沒時間享用/冰淇淋什麼的/都沒吃到/有點殘念/食材/服務還是挺好的
D	知名連鎖火鍋品牌/價格與份量是相匹配的/且對於喜歡吃肉的顧客來說提供將菜盤換成肉盤的服務亦相當不錯/店內空間算是較小的/但整潔度足夠因此不會給人狹窄的感覺/有機會會再來光顧/
D	有套餐有單點/湯底有拌炒的不能做鴛鴦鍋/這次是麻辣跟雞肉蛤蠣各一鍋/自助霸台蔬菜自取/還有飲料冰淇淋跟肉燥飯/服務良好食材新鮮/
D	點牛五花/給培根豬/麻辣湯底現場炒/很適合刷肉/肉很好吃/吃很飽/疫情期間的外帶也很優惠/肉多到吃飽飽
D	店長人超好的/很好吃/下次絕對帶很多朋友一起去/而且菜都是自己盛/不太會有不想吃的菜就不吃的情況/這樣真的很不錯/
D	/Taipei/Taiwan/肉多多火鍋/火鍋第一品牌/半夜肚子餓宵夜又有新選擇了/8/1開始肉多多加開消夜場至凌晨4點/太造福晚上找東西吃的我們了/上次外帶火鍋在家吃/體驗到暴龍式肉片吃法/真的大呼過癮/現在用振興劵消費吃火鍋抽30台SWITCH動森機/也太誘人/福星高照/抽我抽我抽抽我/這次要來體驗新菜單/爆炒川府麻辣湯/搭配澎湃三寶/我跟大p吃到肚皮要爆炸/很愛爆香鍋的鍋底/有專人桌邊爆炒與解說/最佳醬汁調配/蔥/蒜/洋蔥加兩匙湯底/捲包著肉片一口吃下/很是極品/店員很親切的桌邊服務/隨時會關心湯頭狀況/魷魚煮熟後也會幫忙切片盛裝還會撥蝦/刷肉/好暖心呀/洗手間也有些貼心小物/熊寶貝/乾洗手/方便把自己弄得乾乾淨淨再回座/肉多多/美食推薦/cnnfood/深夜食堂/宵夜場火鍋/消費滿額688即贈一張摸彩卷/新菜單/爆炒麻辣鍋/消夜必吃火鍋/評比/四顆星/小方糖/吃貨/blogger/popular/yummy/love/delicious/hotpot
D	1/9第一次來吃肉多多/點了看起來很厲害/好像很划算的肉蛋糕/但其中牛肉的部分吃起來居然遠不如打卡加價69元的培根牛/而且還有一種腥味/感覺那肉是反覆解凍再冷凍過的變質品/下鍋再煮後吃味道更明顯/我們整桌都無法吃下去/花了7百多沒有吃飽離開覺得有點心酸/本來只想給3星/不過加價120的起司牛奶湯底真的很好喝/旁邊的青菜配料和雞油拌飯也很不錯/如果肉品保存控管能改善就好多了/不過短期內我不會再吃了啦/寧可去隔壁排隊吹冷風等石二鍋/
C	1/最上面是最大份XXL嫩肩牛/口感差到不行/非常柴要499加一成/2/第二層是最大份XXL霜降雪花牛/可以請老闆來解釋霜降在哪嗎/根本全部都肥肉有夠扯/跟最下層菜盤換的雪花牛吃起來沒差還要559加一成/3/最後是449的手切松阪豬/豬腥味超重/煮了還是很重的味道/完全不新鮮/而且松阪在哪吃起來很硬/4/菜盤可以換便宜的雪花牛/重點是便宜的雪花牛套餐居然說沒了/然後還是可以用菜盤換也是滿奇怪/可能要逼你點貴的難吃的肉吧/總結這家我開幕不久後吃過一兩次/那時有送肉肉卷/份量真的很大/現在晚餐時段的肉真的太貴太差/份量也沒有比較多/加上湯底都要加錢/麻辣湯超不辣超普通/牛奶湯還可以/然後晚上居然說沒白飯了也是扯/服務人員有的很好有的很差/三個人吃下來就這樣要2000多/也是暈了/可以去吃麻辣鍋吃到飽比較划算/再說ㄧ次食物的品質真的下降太多/不會再去吃了/還有音樂有夠中二難聽到不行/
C	店員推薦加會員送一盤肉/來了2盤肉詢問輸入錯誤一盤招待/結帳時確算了錢這算是詐欺捏/重點竟沒有給發票怕我們發現急忙把我們送走/10月中吃一模一樣的東西竟多了2百元
C	1/用餐當天室外冷颼颼/室內很悶/沒開空調/老婆兒子吃火鍋吃到頭昏昏/超級不優的用餐環境/不推/2/點了好肉三品還加了/99升級40/的肉/但是看到肉的份量/誇張的少/同桌4人都說/這樣的肉要/1358/那如果沒有升級的話/不就少到可憐/店名是肉多多ㄟ/不是肉少少/超級不推
C	以前來的時候覺得服務還不錯/結果這次來出了一堆問題/跟店員反應空調有點悶/有人來調了/但他是把空調關起來/再次跟該店員反應/他還有點不太想回我/後來講說已經調低過了/結果我比給他看/他才意識到空調直接關起來了/第二件事是我請同個店員加湯請了三次/前兩次都是忙完手邊的工作後就去發呆/第三次我火大去找他跟他講我已經說三次了/他還一臉沒事一樣/變成別人來加/那個店員也看起來年紀不小/應該已經過30了/還能犯這種剛出社會的新鮮人才會犯的錯/也沒有任何不好意思的感覺/我覺得這種人應該可以不用請了吧/真的是不要一顆老鼠屎壞了一鍋粥欸
D	這家服務人員很用心/出餐時也會看客人用餐情況出餐/不會造成整個桌上很擠/或許我非用餐時間去/但依這服務狀況就算用餐時間或許會很忙/但相信服務還會是很好/這次點雙人餐/肉以有贈/所以還沒出到生肉蛋糕我就以經吃飽了/所以餐點沒用完/告知服務員可以先收/服務人員反詢問要打包嗎/個人不喜歡浪費/店家提供這個服務當然好/所以包落去/這個服務員很貼心/因為這些服務/我下次選者會再次光臨/附近好停車/有car/park/推用餐好點
C	一行人六位/坐了五位的位置/有點擠但還是謝謝服務生橋位子給我們/打卡每人可以再選送一盤豬或牛/當天吃肉吃的算是過癮/但給二顆星的原因是/湯頭真的太遜了/麻辣湯頭要加錢就算了/但不香也不麻也不辣/最後還是加了高麗菜下去煮/才勉強覺得有辣/不吃辣的朋友也覺得完全不辣/石頭湯頭也普普/附餐的豬油拌飯也不香/沒有醬香味/豬油味也不濃/很可惜完全沒有襯托食材/其實肉品也普普/害我連拍照的衝勁也沒有了/希望可以再加油/
D	服務真的很贊/昨天臨時起意看到這間火鍋店/肉量很夠/多到都吃不完了/
D	加價120的起司牛奶湯底實在/旁邊的青菜配料和豬油拌飯也很不錯/還有加寬版的王子麵/主菜和配菜都推薦/
C	一顆星是給貴公司的/下午去用餐時外場從頭到尾只有一個人/要送餐點餐帶位結帳/更何況還有客人是在b1/只看到服務生跑上跑下累得要死的感覺/請問這麼大間的連鎖店外場只有一個人會不會太誇張了
D	第一次自己用霜淇淋機用冰淇淋/而且荔枝口味的冰淇淋也太讚了吧/番茄湯頭也好讚/下次想嘗試牛奶鍋
D	哇賽/肉多多果然真的肉多多哩/二個打卡禮和加購禮就又/送一大盤了哩/超讚的啦/湯頭餐點非常好吃/服務也超級好/大推大推大大推/肉多多/吃完也肉多多了/哈/十字龍服務超好/請老闆一定要加薪哦/網美誕生的第一天/哈/十字龍教的/
C	真的再也不會來了/一進去店員介紹菜單/推薦我們點四人套餐/跟我們說一個人四百多元/因為沒吃過聽他說肉又很多就點了/肉沒很多就算了/每片嚼起來都跟輪胎皮一樣難吃/尤其是低脂牛/嚼到我冰沙融化還在嚼/啊另外一種牛肉我忘記叫什麼了/但我有拍下來/看來一個是低脂牛一個是高脂牛/一盤都是油/煮完整鍋湯都毀了/用餐時朋友在裝飯發現飯鍋有異物/告知員工後也沒得到任何回應/那鍋飯也沒換掉/當天21點才進店吃飯/店員點完餐直接上樓/要加湯要幹嘛我們還要自己爬樓梯上去找店員/最後還要收服務費/什麼都我們自己來/我算你們一成服務費還比較合理吧
D	店員的服務態度熱情誠懇/會這麼說是因為當天沒有訂位/在臨時前往的情況下雖然需要現場等/不過負責在櫃台登記帶位的男店員非常熱情的招呼/讓我們全家人都覺得值得等待/肉的品質與價格非常合理/我們全家人為了吃/討論很久/店員也沒有因為這樣而不耐煩/反而更加熱情的協助我們點餐並給與建議/本來想給5星好評/但/少的那一星完全被海鮮扣掉了/蛤蜊/淡菜/魚片不新鮮/店員說魚片是捕撈後急速冷凍/所以外觀顏色上沒有那麼漂亮/都是到運送到店家後退冰再切片出餐/當天媽媽不吃牛/豬/本身也不太吃肉/完全是為了陪我們愛吃肉的人來用餐/想說至少可以吃海鮮/但海鮮的新鮮程度真的吃過就知道/當然我們知道我們來的是/肉多多/不是/海鮮多多/這樣的新鮮程度要求是否走錯棚XDDD/所以我認為少一星非常合理/如果店家願意調整海鮮的保存方式/也許會吸引到更多客人/
D	/爆炒系列新湯底/爆炒川府麻辣/爆炒蒜頭蛤蜊雞/爆炒海味石頭/爆炒加入各種食材爆香後香氣四溢/加入高湯/涮肉煮菜/風味獨特好吃/川府麻辣含入味的鴨血豆腐/麻麻辣辣好過癮/另外蒜頭蛤蠣雞/雞腿嫩口蛤蜊飽滿是熱銷款/海味石頭有炒乾魷魚/讓頭濃郁有層次
D	不錯的火鍋店/牛肉的味道非常甜美多汁/服務人員的態度也相當好/雖然在地下室用餐店裡面環境也不錯/
D	湯頭/肉質皆好/服務人員態度很優/使用泰國明果頂級冰淇淋/真的很好吃/
D	位於後山埤捷運附近/對面有停車場停車便利/人潮多卻不用排隊/肉多食材新鮮好吃/除了原味湯頭之外/其他各式湯頭皆要再加價/湯頭清爽不死鹹/還不錯吃/服務員細心服務/熱情說明菜單及消費方式/一聽見筷子掉落聲響/立刻補上新的筷子/用餐期間/還有提供剝蝦服務喔/自助吧提供各式飲料咖啡/日本明治冰淇淋/及少見的泰國冰淇淋/可惜地下室空調設計不佳/石頭火鍋於桌邊炒料/整個地下室煙霧瀰漫/全身都是濃厚的油煙味兒/扣一顆星/
D	黃郅銘服務人員的服務態度超好/很熱情親切/希望可以繼續保持/ì/_/í/
C	海鮮吃起來普普/不是很新鮮的樣子/蚵仔有點臭臭/蛤仔沒什麼味道/雞肉很嫩/好吃/冰淇淋不好吃/是便宜的味道/飲料普
D	店員很客氣/訂位出錯直接送海鮮送肉/裡面對於欠蔬菜的年輕人來說算是很不錯的補充點/飲料冰品選擇也多/每次來都吃飽飽的/很不錯
D	親眼目睹了肉量超夠的肉蛋糕/冰淇淋很好吃/而且還有能夠自己用的霜淇淋機/服務很好/
D	建議怕肉太多吃不完或是怕肥肉的人可以依照菜單上面建議人數略減兩人/海鮮我覺得蠻不錯的/肉其實不差/只是我剛好帶長輩去吃/份量真的是夠足
D	肉量真的很多/肉質鮮嫩/蔬菜自助式/新鮮/飲料多樣豐富/咖啡就有多種可選/冰淇淋是泰國進口的/口味是市面上不常見的/好吃/加入會員送一盤肉/份量幾乎是主餐的2/3/
C	/2020/8/餐點/肉蠻多的/沒牛腥味/份量比一般再多一點還不到撐/厚度剛好非紙片肉/品質有一定水準/菜盤高麗菜蠻醜的/是不影響口感/但視覺上就不是很完美/基本菜盤沒提供火鍋料需要另外加點/建議在菜盤上下功夫/添加特殊時蔬如佛手瓜/降低沒吃到火鍋料的失落感及與其他店家做區隔/畢竟不是每個客人都會菜盤換肉盤/值得一提的是金針菇有幫忙撥好/不會吃到一整坨的/能不加價以雞蛋當主食/這點很棒/環境/冷氣很涼快/提供漱口水之類的除味小物/歌單都很好聽/吃完很想去熱唱/電磁爐操作跟加熱速度快/服務/上餐速度快/親切但不會過於熱情/主動提供更划算的點餐方案/距離拿捏的恰到好處/價格/加上服務費/300/跑不掉/在這個價格區間/應該要再更精進細節/才能拼得過隔壁的石O鍋/
D	菜盤可以換肉/點四個套餐然後兩盤菜盤換肉/另外的兩盤菜盤裝在一起給我們有一點奇怪/有四鍋怎麼分才好呢/醬料很多口味可以自行調配/肉質還不錯/韓國的冰淇淋味道不錯/
D	肉品真的好多/差點吃不完/蔬菜盤自助式也很豐富新鮮/適合家人一起共餐
C	不是很好吃/份量的確如傳說中的多但是這樣的價格本來量也不會少/而且肉吃起來品質不太好/湯頭也很普通/麻辣沒有香味也不辣/店內有1樓和地下室/被安排在地下室用餐/地下室的自助bar只有冰淇淋/我完全不知道能不能上樓去選用/服務生什麼都不介紹/完全不覺得有被服務到/服務生寧可聊天也不願意來介紹餐點及環境/最扯的是角落在滴水/絕對不會再去的店
D	肉份量很多/吃得很飽
D	超級棒的服務跟價位/肉也很多/來一次變成我內心中的最好的火鍋店
D	東西好吃/份量足夠/肉真的很多/店員服務不錯/店長人好好/很親切/推推/
D	肉真的非常多/打卡送的肉超級大盤/感覺比原本的餐點還大盤了/然後還會送一堆優惠券跟優惠刮刮樂讓你抽/內容大概就是各種肉量升級/當月生日還會送你用肉做成的蛋糕/超浮誇/推薦給食量大很愛吃肉的人來肉多多/另外服務態度非常好/
C	你們這間強迫讓客人浪費食物的店/真的是太誇張/也沒明顯告示打包規定/就因為你們貴死人的單調自助吧/怕客人多打包蔬菜類/那麼怕輸關掉好了/給你看我鍋裡九成都是加點吃不完的肉/你跟我講規定啥打包只能包還沒煮的/但我就是已經關火全下打算回去吃/我還真的第一次遇到吃火鍋不能打包的/你他老師的那我還加點幹嘛/2人來吃將近1400/吃一個浪費/傻眼/不爽/你們真的會遭天譴/餐飲業欸/員工欠訓練/口齒不清/帶位慢/沒服務態度/以後真的要吃你們隔壁幾間還比較好
D	好吃/店員也很親切有禮/尤其是一位短髮女生/好像名牌寫/黑瑞龍/的店員真的很貼心/大推/
C	昨天和同事共6人坐兩桌/中午用餐/外場只有一人/從侯位到上菜大概就過了半小時/前一天電話預約也響了約3分鐘才有人接/醬料區的蘿蔔泥非常稀/水加很多/cost/down有點過頭了/
D	整體環境很舒適/生意很好的情況下/服務態度還是很優/可惜菜盤相比其他火鍋店較單調/幾乎只有高麗菜和金針菇而已/不過主打的肉品份量蠻多的/打卡還可以再送150公克的肉/湯底也稍嫌普通/但是冰淇淋很好挖/飲料種類也挺多/會因為服務態度超好/而再次回訪/
D	2019/7/6一人用餐/現在不用打卡就送一盤小份的牛或豬/若打卡再送一份/餐點內容霜降牛大份套餐559/小份牛五花/送的/嗑肉卷牛五花/有限制用餐時間/整個吃完超級飽/不過後面送的牛五花/油花部分超過80/可能看我吃太多吧/肉多多肉品質不錯/會繼續再來
D	真心喜歡它們家麻辣的味道/
D	環境乾淨整潔/服務生非常親切/肉跟湯頭品質一般般/但肉的份量很多/適合來大吃特吃/現在打卡還有多送一份/
D	假日的下午時段來吃/免排隊/超愛蔬食吧/很多蔬菜可以拿/飲料吧選擇也很多/火鍋好吃/服務生態度很好/每次來都很滿意
C	肉很多/不過有個女服務生服務比較要加強/餐點大致上都還不錯/菜盤可以續一次/麻辣湯底也可以續一次/打卡有送牛肉或豬肉二選一/肉多多火鍋是由長期經營海鮮漁貨的超越集團歷經多年推出的肉品專賣店的火鍋品牌/超越集團對於餐飲的熱情/點點滴滴化為肉多多火鍋的核心價值/希望帶給各位難忘的用餐體驗/
D	肉多多顧名思義就是要吃很多很多肉呀/肉切得很大塊又厚/好吃/麻辣湯底還可以免費續加一次/冰淇淋有香草乳酪口味/像起司蛋糕很好吃/服務我們的店員非常細心/值得推薦/
D	1/免費湯底不錯/不過建議選原味/蔬活有點太淡/2/給的菜盤份量也很十足/3/羊肉好吃/很Q/4/雞腿肉也很嫩/煮久不會柴/5/豬肉真的偏硬偏柴/不過店員有先告知/整體不錯/態度很好/樓上的冰淇淋比較好/飲料也建議可以一樣/不過可爾必思味道好淡/希望可以改善/供大家參考/
C	肉真的很多/自己點的/加量的/打卡送的/愛吃肉的可以試試/湯頭也不錯/可惜價格沒有很美麗/三個人吃了兩千/
C	90分鐘好緊湊/一直不斷提醒用餐時間/大概提醒3次吧/用餐前一次/用餐後2次/我們89分內離開/提醒有帶小朋友的家長可以選擇別家分店/用餐起來會輕鬆一點/不會好像在行軍/快快快快快/阿/忘了說/同時進餐廳的2組客人都點完餐/我等不到店員幫忙點餐/還去櫃檯提醒/我要點餐喔/不知道這樣有沒有從點餐才開始幫我計時/可是我和一起進來的2組客人一起離開/總之/沒有下次了/太趕了/我那一顆星是給食材的/
C	要訂位結果怎麼打電話就是打不通/只好現場排隊/等了超久才輪到我們/結果才吃不到一個半小時/竟然被員工告知我們佔用到後續客人的訂位位子/等了半小時火鍋才好/實際吃不到一小時就被趕/從來沒這麼不爽過/實在很欺負人/
D	肉質佳/服務態度好/打卡還有送肉盤/一人一盤/麻辣湯頭有好吃的鴨血和豆腐鍋底/可免費續一次/菜盤的高麗菜也可以續一次或換成肉盤/環境整潔也有多樣化的飲料和冰品/葡萄冰沙好喝/唯一的缺點大概是有限時90分鐘和地下室收訊不佳
D	肉質跟海鮮都很新鮮/份量又多/服務人員態度很親切/來好多次了很喜歡/
D	肉多多真的CP值很高/服務人員服務超棒的/尤其是帆帆的貼心剝蝦蝦服務/下次要來挑戰海陸雙拼/
D	第一次拜訪後山埤店/服務生超親切/帆帆跟羽庭都超nice的/肉品也是吃到快翻白眼/超級推薦/比起南京店/更加值得一來再來/
D	肉質好/份量大/是好吃的/只是價格偏貴/偶爾來打個牙祭還不錯/有機會會再訪/
D	肉多多價位甜料多/但美中不足/第一晚豬油拌飯鍋巴好多/是/怎麼回事/第二碗重新點白飯/飯黏黏的/我個人愛粒粒分明的啦/
D	這間位於台北捷運後山埤站2號出口對面的肉多多火鍋/是一間相當推薦的台北後山埤火鍋好選擇/肉多多火鍋忠孝後山埤店這個月全新推出蔬食自助吧吃到飽以及韓風霜淇淋/搭配10盎司的肉品只要299元/如果想吃點不一樣的/推薦肉多多的/爆炒三兄弟/有海味石頭湯/川府麻辣湯以及蒜頭蛤蜊雞湯/愛吃辣的一定要試試爆炒川府麻辣湯/在桌邊直接爆炒麻辣湯料/還會加入超好吃的麻辣鴨血和臭豆腐/愛吃肉的朋友絕對要點肉多多新推出的/浮誇肉蛋糕/如果剛好有人生日的話/剛好就可以當作生日蛋糕/二個人來用餐可以點肉多多的雙人套餐/像是好牛三品/好豬三品和好肉三品都是一個不錯的選擇/愛吃海鮮的/三人海多多套餐吃完絕對會縮短與痛風的距離/有龍蝦/鮮蚵/小卷/虱目魚漿和滿滿的鮮蝦唷
C	同事介紹聚餐/同價碼自助式菜盤比別家少些/生日送的肉質普通些/但冰淇淋與飲料不錯
D	肉好吃/鍋好大/2020/12/17/青菜/飯麵都是改自取的了/菜單也有換新/隨便吃都超飽/
C	雞腿肉有腥味/豬肉牛肉也還好/自助的蔬菜香菇很好
D	想吃肉的真的可以考慮這家喔/肉超級多的/而且肉質鮮美/海鮮好吃/鈺馨服務員很可愛/服務很周到/幫忙撥蝦/撈肉渣/很推的一間店/
D	來附近談事情/結束後跟朋友逛到這兒吃晚餐/餐點真如其名般地肉很多/愛吃肉的朋友們應該會很爽/服務態度親切/不時會詢問需求及收拾/推薦/
D	這個肉也太爽/大家一定要來吃哈哈/菜也很新鮮/推推推/對了工商一下自己的ig/anpingege
D	這次來另一間分店/一樣是有不錯的用餐經驗/肉量一樣足夠/加上這次打卡額外再送肉/多到可以再留到下一餐/菜盤ok/白菜一片片非常大/額外叫的鮮蚵肉質飽滿/湯頭一樣不錯/特別的是這間僅只有鴛鴦鍋/所以如果是一個人一種湯頭/另一邊是開水/服務態度尚可/價格偏貴/但以份量與品質來說/可以接受/整體而言/會再次去吃的店/
D	服務生服務態度非常好/點餐前會介紹菜色給第一次的我們/用餐後會詢問是否有吃飽/下一次還會想去
D	店員服務親切/火鍋湯底濃郁/食材新鮮/有免費飲品跟冰淇淋/停車方便/只能付現
C	就是訂位21/30他會讓你22/20才進去吃/不知道訂位幹嘛用的/
C	先說等約30分/等了快60分後/說要再等30/60分/對店內狀況掌握不住/有點可惜
D	味道好吃/肉盤份量充足/店長是個美女XD服務非常貼心
D	店員服務非常周到/一點都不馬虎/店門口的十字龍先生/地下室桌邊服務的人員花花/還有一位小姐/沒看到名字/都很親切/肉盤份量足夠/湯頭也滿甘甜的/座位舒適/桌子也夠放滿滿的食物/配套的飲品選擇性多/又有鴛鴦鍋可混著吃/比想象中更好/第一次吃肉多多/很榮幸來到這家店/絕對要給滿滿的星星/現在還有肥豬蝦活動/吃起來很划算/
D	肉質不錯/菜盤可換肉/高麗菜可續/自助醬料選擇多/但坐位稍嫌狹窄不夠舒適/而且自助飲料區後方用來隔間的鐵架已經生鏽/面對著鐵鏽用餐/觀感不佳/希望店家能改善/如能把美耐皿湯碗換成瓷碗會更好/隔一個月再次前往用餐/這次還是被安排在鐵架前的座位/鐵鏽的部份竟然/改善了吔/有重新上漆呦/店家有看到人客的心聲/值得嘉許/期待換瓷碗哦/讓人客吃的安心健康
C	兩個人吃了近1500塊/只能說CP值不高/肉的品質不錯冰淇淋意外好吃但選擇不多/用餐環境和服務跟不上這個價位/最讓人不能接受是竟然不能刷卡/下次寧願多花一點點去吃馬辣
C	感覺很差/上面顯示營業到22/30九點來買外帶就說一律收客到21/00而已/內用我可以體諒/我外帶帶回家自己煮也不行嗎/真的是很爛
D	角鼻龍的服務態度很好而且笑容很Q/最近因為更換菜單所以點任何主餐都會再送一盤肉/再加上IG打卡謝肉祭又多送一盤/369的XL套餐可以吃到一盤大盤的肉/兩盤小盤的肉/附餐/麵/飯/冬粉之類的/菜盤/而且高麗菜可以續/說實在是吃得非常非常飽/也吃得很過癮/但不得不說B1的飲料選擇真的偏少/只有奶茶跟無糖綠茶/冰沙類的都要跑上去有點麻煩/雖然無糖綠茶就很解膩了哈/但整體而言的用餐體驗很好/而且我覺得不用每個人都點套餐/四個人的話二到三人點套餐/一個人用小菜點滿低消150然後大家分著吃剛好/
D	店員服務很好/肉的份量驚人/霜降牛每片都比臉還大/
D	肉又多又好吃/冰淇淋還可以自己用/店長服務很好/
D	東西新鮮/蔬菜和肉的份量都很充足/冰淇淋還有兩種不同的品牌/真的很棒/
C	地下室收訊不良/但有/wifi/店員介紹不完整/已點完才發現有更優惠的方案/還說菜單上都有寫/反正這天只是路過了這間分店/之後就算路過也不會再來吃/肉真的很多/可能會吃別家分店
D	店員服務好/海鮮真的鮮甜多汁/比起肉更覺得海鮮更值得/雖然平均一人1000/但覺得有值得這CP/難怪很多人來吃
C	地下室用餐/收訊不好/餐點的菜盤沒辦法換全肉/菜盤是自助式的挾取
D	肉質非常好/不用加價的石頭湯頭也很讚/不需要加價/菜盤可換肉或海鮮/打卡可再換肉/真的是肉多多/大力推薦/冰淇淋還有泰國的明果冰淇淋/少見好吃
D	第一次訂到肉多多/碰到超優質服務妹妹紫庭/好幸運/這家湯頭棒/肉多多/海鮮又新鮮/不枉遠從新竹來聚餐啦/
D	價位中等/肉真的很多/肉質不錯/好吃/冰品有點少/大致上推薦/
D	肉盤真的超猛/服務態度很好/送餐滿快的/會想再來/
C	今天/天氣突然驟冷/這是絕對吃火鍋的好天氣/同事幾人相約一起去/肉多多後山埤店/是我們選擇的/就只衝著肉多多/對一群肉食女來說/滿足吃肉的慾望/就是今天要達成的共識/因為顧吃/完全沒記住店員介紹的肉品/軟嫩和麻辣的口感/讓人欲罷不能/下回可要試試牛奶鍋/
D	打卡送肉盤/份量對食量大的男生可能要點更多/不過其實單盤的份量已經算蠻多了/對我而言已經非常足夠了/是適合吃肉的地方/
D	醬料新鮮/肉多質料好/還有咖啡機/不錯的飲品/覺得很棒/希望口碑做出來後質感還是一致/一定能長久經營/
C	店員服務很親切/一貫的風格都是打卡再送肉盤/五個人吃下來真的很滿足/而且一個人也才400左右/店面有一樓跟地下室/湯頭的部分/我覺得有待加強/煮到後面就沒什麼味道了
C	划算/但每次來/阿姨不趕快整理桌/所以要等超過15分鐘/明明就有空的/但不趕快整理/其實沒什麼服務的/都要自己來
D	這間店完全無可挑剔/肉很多很好吃/服務生態度也很好/還送很多肉/生日會多送肉蛋糕/一定要給滿分/
C	肉的份量和品質都比以前差就算了/服務態度很差/女店員上餐詢問她是什麼肉非常不耐煩/請男店員加湯卻被櫃台另一個店員瞪/我們三個人吃了2200/最後連冰淇淋都還沒用就被女店員提醒有限時只能吃90分鐘趕走了/隔壁的石二鍋便宜多了還不限時/春節假期帶長輩來讓她吃得很不高興/以後不會再訪/結帳後立刻把優惠券和刮刮樂送給還沒入座的客人/
C	湯還可以/肉質差很多/服務人員最後結帳口氣/態度不佳/不會再來吃飯受氣
D	東西好吃/有好康都不藏/會很飽/店長人好好喔/
D	中高價位/肉質普通/份量還可以/海鮮類少少的/就一般般了/
C	以量跟價錢來說算是便宜/只是肉跟料的品質就普通而已/肉量是真的很多
D	服務人員親切且認真仔細/與顧客核對每一項外帶餐點/超驚喜/2/只超大提袋的份量/感謝貼心的服務人員/另多提供一袋高湯
D	好吃/店員服務態度超讚/還有剝蝦服務
C	帶兒子捨棄隔壁石二鍋的機會第一次光顧該火鍋集團的分店/服務人員建議完黑牛即離去/沒多久肉來了我們便開動/吃著吃著覺得奇怪為什麼沒有附餐之類的/想說等等就來了/就一直等到肉吃完了/兒子説飽了/我才翻了下菜單才發現有附餐四選一/我們父子倆就只吃二碗白飯/涮牛肉結束/到櫃台結帳告知工作人員我們只吃白飯配牛肉/一開始點餐時也沒告知有四選一/工作人員回覆要幫我打包沒來的菜盤我回説不必了我們都吃飽了/我請店家結算結果是599/白飯一碗/服務費一成總共681/也就是說我花了681元吃二碗白飯/涮牛肉/包含喝他一杯冷飲/姑且不論店內乾淨度不足/個人覺得令人失望的是店家在處理疏失的態度完全沒有等同規模的誠意/還面不改色的收我服務費/跟隔壁同是集團的石二鍋差距極大/錢我還花得起/你敢收我一定敢付/但我不會再踏進該集團的餐廳也不會推薦親友前往/
C	桌面位置實在非常小/都沒足夠位置擺肉跟配料/菜盤只能放中間邊邊角落位置/不小心就會碰到打翻/為了多幾個位置營運/給客戶位置必須設計這樣小/服務態度5顆星/用餐感受1顆星/肉質不錯份量非常足夠/愛吃肉的人會很喜歡
C	一開始服務人員臉很臭/被安排在地下室/收不到訊號/無法打卡按/廁所太小間/
D	第一次進入肉多少/店員會詳細介紹/打卡送150克的肉盤/豬肉選擇多樣/整體評價不錯/但是價錢上可以去吃到飽了/
D	大份量的肉肉/湯底很讚/服務員也很客氣/飽飽/價錢也能接受
D	服務很好/菜區有待加強/
D	店員很仔細的告訴我們怎麼點餐比較划算/肉很多很好吃
D	肉品不錯/可是副菜跟醬料有點少/而且沒有香菜/
D	火鍋好好吃/肉量超大份/店長凱洛服務親切/聚餐好選擇
D	服務人員都很親切/尤其是帆帆特別熱情/套餐送的肉/個人覺得不會很小氣/ㄧ餐吃下來真的覺得很符合他們的店名/肉多多/
C	就肉稍微多一點點/價格當然也稍高些/其他沒了/
D	在家裡旁邊/位置很方便/服務人員很親切/評論送肉盤唷/
D	肉真的很多/但地下室的東西偏少/推薦坐樓上
D	肉超多/環境也很舒適/服務也超nice
C	超雷/昆布湯底/完全沒味道跟白開水一樣/打開菜單就先告知便宜套餐都售完嘍/行銷手法/點了松阪豬/腥味超重/肉超硬超難吃超難吃超難吃/整桌最勉強只有白飯能吃/花了快五百只得到一碗白飯能吃真的是謝謝/下次寧可等70幾組的石二鍋也不會踩進肉多多/
D	肉多多肉真的多/服務生態度很好/還幫忙剝蝦/用餐非常滿意/
D	不錯的肉鍋/但座位有點小/
D	肉吃的很爽/自取的菜類算新鮮/20的雞湯也不錯/服務人員親切/唯一的小缺點是泰式甜雞醬/有種臭臭的味道/類似腳臭悶很久的感覺/不知道是不是太少人用所以都悶在那/到店用餐的時間是晚上10點多/全部的醬料都剩一半左右/只有甜雞醬是滿的/希望店家能再注意一下
C	預訂外帶取餐要先下載app加入會員才能打電話去訂/2021年了還只能電話訂餐/電話超難打/打很久才接/那就算了/取餐才是惡夢/預訂今天晚上7/30取餐/7/40抵達/竟然還要排隊才能取餐/排了半小時還沒排到/變成另一種群聚/請問浪費時間打電話預訂的用意在哪/乾脆大家都去現場排隊買就好了/等到8點多/眼看再等半小時肯定也拿不到/只好離開/可以外帶的火鍋店還有很多家/現在開心回家吃別家火鍋了/建議大家不管訂幾點/可以提前兩個小時去排排看/順便體驗一下久違的人潮/
D	服務親切/食物新鮮/湯頭很棒唷頭很棒唷
D	新來的店長很客氣/重點是東西好吃喔
D	很仔細核對訂單/醬料也不錯/目前只能付現/電話非常難打/建議可跟小蒙牛一樣先用line或app訂單/不然講電話時非常吵雜/需要大聲回應/對員工耳朵也不好
D	店員滿熱心的/牛肉還不錯吃
D	肉真的很多/服務很好/還會幫忙撥蝦殼/
D	肉真的好多雖然不是超級好吃感覺味道都差不多/五顆星是給服務人員/照片中的女店員很貼心/
C	服務很親切/肉品不錯/蔬菜也很新鮮
D	不愧店名取為/肉多多/打卡送肉又送菜盤/麻辣鍋味道也很不錯
D	店員服務親切/環境乾淨/用餐氣氛不錯
D	電話訂餐/提早到現場取餐/店員有幫忙注意餐點/讓等待時間沒那麼長/p/s/上個月去現場只接受電話訂餐/這次去取餐時發現居然有開放現場點餐/現場很多人等待餐點/希望店員能控管一下人數/以免造成群聚
D	麻雀雖小五臟俱全的代表/醬料區飲料咖啡機都在店門口/隔出了一人火鍋區/也讓多人桌活動空間十分寬敞/基本上是兩人一鍋/鴛鴦鍋兩種口味/在instagram限時動態上標記/肉多多火鍋第一品牌/還能再送一盤肉/也就是說除了套餐給的一盤肉/再送一盤/一人可以有兩盤/一桌就總共能有八盤了/你可能認為八盤/一下就吃完了/錯/你錯了/肉多多每一盤的每一片肉/都超厚超大片/我覺得大概是一般火鍋店的兩倍厚度/這樣算就能說是十六盤肉了/前面咖啡機的溫度也是剛好入口/不會太燙/奶茶也很好喝/不過不知道為什麼/下面的巧克力牛奶按不下去/吃完連平常愛吃的同學/都說他吃到肚子脹/一個人平均下來也只要300/400多/以這個份量算是很佛的價格/服務生也還算有趣/跟的上我們講話的節奏/雖然這次吃這是因為沒訂到潮肉/不過肉多多卻讓我刮目相看
D	不只好吃/又吃得飽/又有美女店員帆帆的推薦/值得在去一次
D	太棒了/好吃/服務佳/
D	東西新鮮好吃不用說/員工人都大方活潑超nice/完全是因為員工很棒留言的/希望老闆看得到然後幫他們加獎金/
D	湯頭不錯/肉多多真的很多肉/一家店除了要好吃外/服務也很重要/幸運遇到超正服務生紫庭/推薦給大家/
D	服務人員都很細心/服務態度超好/海鮮都好新鮮/平常不加任何醬料類的我/清吃都超級鮮甜/超新鮮der/CP值超高/值得一吃再吃/肉質也相當好/很愛恐龍的我忍不住跟拍一下/超可愛
D	真心覺得該集團沒有以前好吃/價位也回不去了/營造出肉很多讓你吃不完的感覺/但品質就真的普普/還好冰淇淋有拉回一些分數/適合大食量的人吃
D	食材新鮮/肉質有一定水準/份量也相當足夠/少給一顆/因為地下室用餐排風不好/吃完全身食物味超級重
C	/隔一年跑來吃/辣湯徹底失去了以前的風味/
D	服務很好我給/4/顆星/都會隨時照顧客人/蔬食吧也很新鮮/但是麻辣鴨血鹹到爆/霜淇淋太水清沒有奶味/建議能改善/
D	肉多到超乎想像/服務生帆帆服務很周到/幫忙涮肉/去蝦殼/第一次碰到服務這麼好的
D	因為禮卷送蝦/整體來說不錯/服務也行
D	之前肚子很餓都愛吃肉多多/離家也近
D	無限吧台料很多肉也很多cp值非常高/讚/
D	這次來跟之前不一樣的體驗/四川麻辣醬用桌邊服務把他炒香/在加入麻辣鴨血豆腐跟麻辣湯/這樣讓湯頭更有層次質感/很不錯/在地的好地方值得再次用餐/建議可以加個撈渣網/免得燙完肉壞了品嚐湯的美味/
D	麻辣鍋好吃/但是有預約還是等了半小時
D	服務親切/用餐時不慎打翻冰淇淋/店員竟主動遞上紙巾/很窩心/
C	我想外帶/你們要我一定得下載app才能點餐/結果下載完不能用/打電話過去反應/還說這次破例讓我電話點餐/下次還是要用app才行/你們邏輯到底有沒有問題啊/app不能用還要我用它點餐/還說這只是為了集點用/你當我是乞丐嗎/永不再去/垃圾店家/態度有夠爛/
C	真的很扯從八點排到八點半才告訴我沒辦法點餐/一開始走過去問說要點餐這邊排隊對嗎/店員說對的不管是取餐還是訂餐都要排隊/結果我八點半排到了告訴我不能點餐/也沒有食材給我點了我真的很傻眼欸/那你也不要一開始就講到底是怎樣啊/看人家白等很爽是不是再也不會去了/我一定好好的幫你們宣傳/什麼爛店啊/
C	分一樓跟地下一樓/訂一點半準時到還要等位子/量體溫洗手比我後來的可以先進/另外在地下一樓用餐蔬菜吧跟一樓不一樣/飲料也不一樣/醬料區沒有洋蔥跟店員反應之後要我們自己上去一樓拿/廁所只有一樓有/到地下一樓用餐讓人感受低人一等/魯肉飯的滷肉竟然是沒加熱冷的/東西還勉強可以/價格不便宜但也沒有到很貴/用餐快結束店員竟然說他們人都在一樓找他們要上去/但與此同時又有店員在地下一樓玩手遊/可能在休息/整體感受不行/時間到了過來說之後又急著收拾/湯汁亂噴/另外只收現金/兩顆星給生日送的肉蛋糕/
C	點4人套餐/價錢還可以但是肉量沒有之前吃的那麼多/但是麻辣鍋沒有麻只有死辣/吃了有點不舒服/有點失望/自助火鍋料的種類有點少/菜的部分很多都是梗/也有些許黃掉/服務還不錯
D	服務好/食材豐富又新鮮/開薰/
C	超不推薦來這間肉多多吃的啦/曾經給評價說出問題也當做沒看到/不懂得補償權益受損的客人/每一間肉多多分店品質都不一致/看來遲早全部倒光/給人感覺就是便宜沒好貨/肉多又怎樣/此店就是讓人傻眼/希望你們天天被客人抱怨/總有一天才會知道自己經營的有多爛
D	這邊肉超多/蠻好吃的/服務人員也很有禮貌/感覺賓至如歸/P/S/服務人員/三角龍/服務態度實在是令人感覺太棒啦/其他人員也超棒的/
D	Cp值高的火鍋店/比他旁邊幾間企業級的都棒呢
C	來吃過幾次了/昨天印象分數直接扣光/一開始到地下室座位沒多想/但入座後感覺不是很整潔/飲料也需走到一樓才有多一點選擇/最後讓我無法忍受的是放肉的大餐盤底座/跑出一隻大蟑螂/我完全傻眼/我知道做吃的不可能沒有這些東西/但直接讓客人看到這太誇張了
D	點套餐送肉/打卡又送肉/真的是肉多多/服務員帆帆很細心/服務也很快速/
D	剛和同事吃完宵夜/服務人員態度超好/很客氣有禮/要點餐時/有問我們是剛下班嗎/是師傅嗎/他說看我們手上都有繭/細心入微丫/昨天才吃完燒烤吃到飽/今天來個蔬菜自助吧/一人269元/30元多一盤肉/以為是小小盤/來了超大盤的肉哪/有夠霸氣/我們四個都忍不住/站起來幫食物拍了遺照啦/又吃撐了丫/同事說滷肉飯/豬油飯也超好吃/我個人喜愛霜淇淋/咖啡/王子麵這類/自助吧的菜色也是我愛的/沒有多餘的火鍋料/超喜歡/另外特別推薦他們的服務/安排座位時/配合座位/建議我坐裡面比較適合/期間不用叫人/都會主動來加湯收桌面/中場取自助食材/服務人員也都會微笑點頭/真是個愉快的一餐/結帳時才發現/細心入微/服務超好的/就是店主管林弘杰/謝謝今天的服務/會推薦給朋友的/下次見囉/0/
D	真的超多肉/吃好飽/服務生帆帆服務很棒而且親切像朋友一樣/
C	肉沒有多到可以叫肉多多/而且羊肉很騷/隔壁的石二鍋都比這個好/兩個人一個菜盤/真的少的可憐/高麗菜續加/四個人只給五片/自認為只是一間廣告打很兇的店
D	肉盤份量很大/好吃又划算/店員很親切/服務態度超棒的/
D	第一次吃肉多多/餐點新鮮好吃/服務人員超熱情/尤其是帆帆服務超優/
D	服務親切/環境舒服/下次還會來光顧/
D	服務超好/特別是店長/很大方/感受超好的一次用餐/服務五顆星/牛奶湯鍋/120/很好喝/推薦/麻辣湯/100/呃/個人是覺得很不喜歡/不建議/今天是點兩人套餐/肉真的給很多/牛五花/油脂部分過多/雞肉很大盤/新鮮/蝦漿/個人不喜歡/牛肉漿/超鹹/魚漿/虱目魚丸/好吃/餃類也給的很多/蔬菜種類蠻豐富新鮮/飲料也很多/冰淇淋就/普通一般/不是特別好吃品牌/總結今天吃了一千六/兩人完全吃不完/沒想到每樣東西那麼多/四星給了服務/一星給了牛奶湯/店長很細心/都會注意客人需求/
D	整個用餐過程非常的開心/店員服務很親切又有耐心/很替客人著想的一間火鍋店/食物可以選擇自己喜歡的菜色的自助吧/份量對男生來說都不一定吃得完/CP值非常划算/總之大推這間火鍋店/五星奉上
C	生意不好不是沒有道理/欺負客人/可惜沒負分/負5分/與家人一起用餐/4人點了痛風的距離1399元與兩組浮誇肉蛋糕499元/理應共花費1399/998/10/服務費/結帳時既然被告知你們只有點2個套餐/所以要額外再多收2人的基本消費268/2/我們沒動過自助吧/用餐前現場服務人員完全沒告知消費規則/結果結帳的只回我們一句/既然這樣就收你們一人好了/4人花了快3千/碰到這樣會的店家/請大家要小心/
D	肉多肉質好/湯頭也不錯/飲料跟冰淇淋吃到飽/
D	桌邊服務很棒/吃的很滿足
C	整體道菜CP值不高/雙人套餐/1259平均下來一個人約要/600左右/以這個價錢應該還可以在去吃更好的選擇或是吃到飽/雖然有自助吧可以做挑選/但是以這個價位似乎是基本款/因為之前有來訪主打/肉多多/但是套餐肉品吃下來21oz的份量看起來超少/覺得有點可惜/
D	謝謝你們/細山龍小威/和正妹組長/對我們提供這最棒的服務與祝褔/會是難忘的生日家庭晚宴/
C	1/帶位帶到人不見/2/價格比石二鍋略高/但味道與品質相近/多了日本明治飲料跟泰國冰淇淋/3/石二鍋面免服務費/他要收一成服務費
D	肉量很多/服務好/補湯速度快/肉量多到通常都會吃不完還可以多吃幾餐/
D	熟悉的到方又來了/感覺還不錯唷/服務員還是真眼熟啊/跟上回來的時候是同一位/食物都很新鮮/沒來過的你們一定要來/不來你們會後悔啊
D	真的肉很多/現在有IG/Google/map打卡有送肉的活動/菜盤頗豐盛/嫩肩牛肉質偏硬/霜降牛肉質嫩/小肥牛普普/活菌豬意外的好吃/雙人海陸套餐/不太超值/
D	肉真的有多多/不過打卡送的肉吃起來一般般/價格尚可/店員彎彎服務還不錯/
D	服務還有不錯/防疫措施也做的很棒
D	店員親切有禮/蔬菜自助吧也非常乾淨/
D	外帶取餐/小姐們服務態度很好都一一解釋一一點交/祝生意興隆/
D	這是主餐點的嫩肩牛肉盤/打卡有另外再送肉/但地下室的地很滑要小心
D	很好吃/下次會在來
D	非常喜歡這間店/服務員紫庭笑容滿滿很棒
C	前天到此餐廳用餐/看網路上評價也很不錯/抱著很大得期望/朝聖/點了盤牛小排/700多塊/這樣的價位/餐點的品質我實在不能接受/不會再去/非常失望/
C	大概可以瞭解為什麼旁邊的店總是比較火/自助bar還ok/肉也還好/有的肉蠻差的/服務態度還不錯/但是一個什麼都還好/但是有的很不ok的店/是沒法競爭的/
D	服務很好很貼心/幫剝蝦真是太屌了/崔先生的服務讚讚/
C	地板超油/往地下室的樓梯也油/地下室用餐區嚴重臭味/帶小朋友去用餐很不滑算/以往可以抵消費/現在120cm以上直接要付180元再加一成服務費/難怪現場看不到家庭客戶/cp值低到不行/用餐限制1/5小時/但晚餐時段坐不滿/下次應該不會再來了/以往肉吃飽飽/現在是臭飽飽/還要很小心走路/
D	上菜速度很快/牛奶鍋底好吃/
D	店長相當的客氣/很詳細的幫忙介紹/讓老人家可以安心的聽懂菜色/吃得很飽/現在活動還可以打包回去/
D	湯頭好喝丶食材新鮮/工作人員的服務超級棒/每週必來的火鍋店/肉多多/我們又來了/肉質好丶湯頭香丶服務贊/
D	肉嫩/份量足/蔬菜新鮮/服務細心/
D	肉真的多服務周到/環境好喔/讚
D	餐廳環境好/自助吧選擇多/
D	服務非常好/店員優秀/
D	開場囉/終於吃到傳說中的肉很多/哈哈/
D	好吃肉又多多/服務很好
D	服務態度好/雞肉非常好吃/另一邊可刷肉/高麗菜還可免費續一盤
D	服務親切/肉多/好吃/
D	東西多料也不差/可以吃得很飽/只是肉一次全上/吃太慢感覺肉品質會變差/地下室位置偏小熱氣會讓肉退冰很快/有吃過就知道盤子是有架高的/不然放不下/這價格要這樣吃/去評價好的吃到飽餐廳一樣就好了/需要肉再請服務員上菜/不差但也沒有到必吃的程度
D	新店長/服務超好/大推/
C	大概介於3/4顆星之間/是不錯吃/且蠻容易有優惠/送菜盤/但覺得有加一成服務費/一個人約/400/600還是有點貴/
D	蒜頭雞湯不錯
C	不錯/菜盤有水蓮/鴨血豆腐好吃/但小肥牛乾乾的/
D	現在採用掃描QR/CO登記人數安排入坐/用餐模式也改變了/蔬菜類採用自助式取用/菜色豐富/附餐項目也變多了/有王子麵/刀削麵/冬粉蔬菜麵等/白飯搭配古早味豬油/黃金焠滷二種口味/飲料有碳酸飲料/果汁/咖啡/茶包及霜淇淋及明果冰淇淋/覺得很棒
D	很棒的用餐品質/親戚的服務/而且還蠻好訂位的一家餐廳/
C	於今天下午5點半左右進入本店/看過菜單決定好要吃什麼之後就告知店員說要點餐/店員說稍等一下/過了大概5分鐘/有的店員在收桌子/有的在幫別桌加湯/但還是沒有店員過來幫我們點餐/我們再次跟店員反應/店員一樣說稍等一下/再過大概10分鐘/一樣沒有人來幫我們點餐/一氣之下直接離開本店/當時店內客人其實不算很多/還有幾張桌子是沒有客人的/沒有想到在這種情況下竟然有店家能夠完全無視還沒點餐的客人/覺得很生氣/也很荒唐/我自己也是做過餐飲業的人/就算再怎麼忙也不可能把客人晾在旁邊這麼長一段時間/我絕對不算是個奧客/我能夠看得出來店內的員工當下的狀態並不是非常忙碌到沒辦法接應客人/不可能再光顧本店/非常糟糕的用餐體驗/甚至連用餐都沒有用到
D	肉品品質佳/絕對吃得飽/相當划算/可惜的是冷飲似乎沒有無糖茶類解膩/熱飲有提供茶包熱水
D	後山埤捷運站2號出口對面/地點交通便捷/服務生非常客氣/態度超好/很少看到員工這麼熱情的了/超讚/建議要假日要訂位/不然用餐尖峰時刻真的等一小時起跳唷/只收現金
D	肉很多/叫菜菜單要看清楚/因有些湯頭要另外收費/
C	上週六8/1晚上來看到客滿/想說那就登記一下排隊吧/櫃台的男店員卻一直講電話應該是在處理外送/想說等一下沒關係/但是卻講了超久/完全不顧後面很多人排隊等登記/防疫期間讓這麼多人擠在店內等這樣好嗎/後來放棄算了吃別的/貴店店員為了一組外送讓其它客人等到不耐煩拂袖而去這樣正確嗎/還是反正週六夜生意好到不得了/所以用一直講電話/也不叫其他人過來幫忙登記一下的方式趕客人嗎/是不是應該改善一下/
D	十字龍店長很有誠意的處理問題/謝謝/因為我們也常吃這家/今天遇到這種事情非常訝異/且還帶從台東上來的朋友/我們提出看到問題/希望日後能再避免類似的事情再發生/原本的評論是我在等了一個半多小時/肚子飢餓下po的評論/如下/原本訂位中午12點/結果被漏掉/等到1點多才被安排位置/到現在1/30了/鍋還沒上/只上菜/是要生吃嗎/然後說訂位漏掉接待的人員說要招待我們/其實本來也沒什麼期待/原本想說可能就一盤肉或是其他小菜意思招待一下之類的/但只一個湯底/且我們就坐後等超久湯底都還沒上來/一起進來的都快吃完了/後來店長來上班/一直跟我們抱歉/也再附上其他菜給我們/誠意真的超十足/推十字龍店長勇於承認團隊的錯誤/並積極處理事情的態度/還會常帶朋友來吃的/
D	地點絕佳/出捷運站旁邊就是/肉菜醬料品質都不錯/去的那天剛好廁所在維修/服務人員有先將可能發生的狀況先告知/再讓客戶決定是否要進入用餐/
D	帶閨蜜來吃/好吃好吃好好吃/大口吃肉跟鮮甜的番茄湯/
D	變自助吧以後更方便自取菜類與主食/很棒的改動/肉還是一樣多又品質好/重點是開到快天亮難得的店
C	服務親切/沒停車位/
D	好吃/新店長服務貼心
D	今天來吃晚餐/一位可愛的長髮見習女孩服務態度很Nice/食材料理好吃又不貴/大推
C	牛奶鍋不錯/但麻辣湯表現不佳
C	2021/2/一家營業到半夜的火鍋店/有蔬菜吧台/與以前直接上菜盤不同/飲料有不少選擇/冰淇淋用明果的/另外有霜淇淋可以吃/價格方面一個人大概要500/1000左右/麻辣鍋真的有辣/而且有點鹹/肉品最便宜的吃起來普普/用餐環境還可以/總結/如果半夜想吃麻辣鍋可以考慮這家/如果不吃麻辣我比較推薦不遠處的築間/
D	火鍋湯頭好/肉多/蔬菜為自助吧
D	肉質不錯/菜多吃到飽/飲料也多/很讚/基本湯頭很好喝/
C	可能一直被舊的印象影響/內心覺得肉多多就是CP值超高的地方/現在去發現變成新菜單/消費方式變貴很多/自助吧菜色少/飲料選擇少/兩個人吃將近1300元/但是卻沒有滿足感/
D	好吃/新店長服務貼心
D	第一次來吃肉多多/湯底是麻辣跟豬肚雞肉鴛鴦鍋味道真的很濃郁/看評語很高分/才來吃/真的讚/我們有帶嬰兒/店員就送了圍兜給我兒子/然後我想說燙一下兒子的東西/拿小碗燙就好/別造成店家不方便/店家拿超大的碗用熱水讓我們燙/真的很貼心/而在餐點上/會詢問辣度/因為每個客人能接受的辣度不同/就會上前來關心/吃到好味道/享受好的服務/好開心/
D	豚骨雞肉湯頭不錯/很濃郁/很像拉麵湯頭/吃完也不會口渴/可惜烏龍麵不喜歡/冷凍麵體/麵條外面裹了透明像果凍的皮/太奇怪了/菜盤/肉/飲料/醬料都很ok/店員服務態度也很好/可惜店員對菜單沒很熟/sop也不統一/價格比一般小火鍋貴一些/但價位與品質相符/覺得可以唷/
D	服務很棒/店員親切/上菜速度快/東西好吃
D	肉真的很多喔/歡慶肉多多全球第25家/超值海陸299元
D	俊傑服務很好/忙碌的同時不忘親切/很難得
D	肉好多吃超飽/服務人員帆帆/
C	菜不新鮮/摸起來只有乾癟的感覺/玉米筍黑掉/玉米吃起來也有怪味/湯頭也很鹹/無骨雞腿也有雞腥味/完全不會想再吃第二次
D	來很多次服務依舊很好/
D	肉多多生蠔真便宜/2顆100/
D	買一盤送一小盤/讚
C	本身很喜歡吃火鍋/吃完之後的感想/吃起來跟尋常火鍋店差不多/最大原因應該是收費跟食材不對等/這樣的價位用料跟分量應該可以再提升一點/不然其實吃旁邊錢嘟跟石二鍋其實就可以了/價位相較平易近人/事實也是旁邊石二鍋爆滿/不想久候加上沒吃過想試試看才選擇來用餐的/唯一比較不一樣的是湯頭選擇多/但也是都要額外收費的/所以並沒有什麼太大的亮點/至於服務方面/基本上就是吃鍋/該上的有上/其實沒什麼需要被服務到的地方/介紹菜單跟結帳員工都算客氣有禮貌/總結/人員沒問題/用餐環境尚可/品牌核心食材質量做老闆的真的該檢討/不然真的只能撿石二鍋滿出來的客人而已/
D	環境舒適/超好吃/服務棒
D	110/5/26/5星/今天是外帶300以上套餐/買一送一/方案/先說結論/CP值很高/值得再買/我點了/1/美國板腱牛/10/OZ/499元/2/雲林粉紅豬梅花/10/OZ/489元/總共付款499元/真真正正實實在在的買一送一/餐點內容/A/肉類/我自己吃的是粉紅豬梅花/肉量是裝成兩盒/大約16片/肉的口感很好/厚度也剛好/很滿意/B/菜盤/蔬菜類/用塑膠袋裝/根莖菜類/用紙盒裝/沒有火鍋料類/這部份店家是直接將兩份套餐的份量裝一起/如果是要分開兩地用餐的人可能要事先提醒店家/C/湯/我是選不用加價的昆布湯/店家是用塑膠袋裝兩袋/D/附餐/我是選了拉麵/E/醬料/店家有裝好兩盒醬料/我個人不用醬料/家人是說醬料是辣味的/建議如果對醬料有特別需求可能要先告知店家/我是大約10/30打電話訂餐/訂餐時會先留下你的個資/實名制/店家說最快11/30可以取餐/到店家之後/湯包已經裝好在袋子中/涼的/肉盤跟菜盤是我到場才從冰箱取出/果真回到家肉片的形狀還是很美/沒有軟掉/衛生讓人放心/之前就蠻喜歡到店裡用餐/最近推出的買一送一/實際體驗過後/覺得非常划算/平常火鍋外帶/可能最會擔心的就是肉片的狀況/我覺得肉多多的肉片外帶也很不錯/值得推薦/109/11/15/五星/我點活菌豬/299元/一成服務費/最基本的餐/服務一樣很好/菜盤/以蔬菜類根莖類為主/沒有丸餃類/但份量比之前多/不要菜盤可以換肉/白飯/飯很Q喔/活菌豬肉片/厚度剛好/肥瘦也不錯/吃起來口感很棒/7oz/份量很不錯/生日送肉蛋糕/可以選豬肉或牛肉/寫問券送六隻蝦蝦/接下來三天要整修喔/之後好像會更改用餐模式/109/6/9/五星/我點/牛豬愛雙拼套餐/299元/一成服務費/我點最基本的餐/服務一樣很好/很細心/108/11/13/5星/才隔了兩天我又再訪了/今天是平日的中午來訪/先說結論/今天吃得更滿意了/所以評分提升為5星/我點/牛豬愛雙拼套餐/299元/一成服務費/菜盤/比一般火鍋的小一點/以蔬菜類根莖類為主/沒有丸餃類/這跟之前一樣/白飯/飯今天更剛好/還是Q/但是是Q中偏軟/是我喜歡的/活菌豬肉片/厚度剛好/肥瘦也不錯/感覺好像比11/10那天好吃/小肥牛/看起來肥/但吃起來很剛好/之後應該都會點牛豬雙拼/之前全部豬肉有點小膩/各一半蠻剛好/份量也還是不少/一樣參加打卡活動/39元多一盤/培根牛/大約5片/但今天的培根牛是現切的阿/視覺效果太美了/放了30分鐘之後塌掉的樣子/就是我11/10拿到的那盤阿/原來剛切好這模美阿/或許被美色迷惑/覺得吃起來好像更好吃/今天服務還是不錯/肉片吃得更爽快了/應該會再訪吧/108/11/10/4星/我點/愛哭活菌豬套餐/299元/一成服務費/菜盤/比一般火鍋的小一點/以蔬菜類根莖類為主/沒有丸餃類/白飯/飯很Q喔/活菌豬肉片/厚度剛好/肥瘦也不錯/挺大一盤/果真是肉多多/我有參加打卡活動/39元多一盤/培根牛/大約5片/整體服務也不錯/肉片真的吃得爽快/列為會再訪的店家/
D	3人套餐1599元/親子用餐/這家店服務待客禮貌/肉盤固定/青菜飲料BAR自取/用餐環境不錯/
C	青菜新鮮/種類蠻多的/無限取用/有王子麵/冬粉/刀削麵/等亦無限取用/肉類大盤/沒有騷味/還蠻好吃/用餐環境還算舒適/服務佳/缺點價格高了些/位置不多/所以等超久的
D	大推/食材新鮮/份量超夠/服務很親切/帆帆兒很可愛/
D	服務周到/食材新鮮/環境整潔
D	肉多又好吃/壽星招待的肉蛋糕很讚/店員服務態度也很親切/是間會想再回訪的店/
D	肉不錯/服務人員也很熱忱/但咖啡機爛到爆炸/有些類型的飲料按下去出來的全是水/咖啡味道也很不正常
D	服務態度佳/環境ok/但排隊要等/
D	份量夠料也不錯/生日優惠很澎湃/喜歡麻辣湯底/最後差點吃不完
C	今天第一次買/肉算多/一點的/但是品質很爛/肉多多/爛多多
C	店名顧名思義/肉真的不少/但是價格不便宜是隔壁石二鍋的兩倍再多一點/所以CP值頗低/這是我第一次吃肉多多/之前要去吃南京小巨蛋附近的總店被當場告知一定要提早預約/現場沒有位子/所以期待多少會比較高/火鍋都是鴛鴦鍋/我點了原味石頭湯底跟麻辣湯底/原味有很重的蝦米味道我很不喜歡/麻辣鍋雖然要加100元但是還不錯/鴨血跟豆腐可以無限續/廁所也還算乾淨/總之就是還可以/沒什麼驚喜/基本上不會再訪/但是不太明白為什麼要收服務費/醬料跟飲料及冰淇淋都是自取/服務員也沒特別親切或是服務周到/還有隔壁幾個上班族台灣大媽很吵/講話跟笑聲很大聲綿綿不絕/都不會顧慮別桌客人的用餐環境
D	目前來消費一共兩三次/時段都是大約/21/00/22/00/左右/我最想提的是/我每次來的時候店家的服務都很周到/讓人滿意/服務人員笑容可掬/既親切又不失專業/介紹餐點時口齒清晰/不疾不徐/對店內菜單的掌握甚高/熟悉菜單上的每個項目/並能根據你的需求給予適當的建議/被詢問較多問題時/完全不會顯得不耐煩/會就你提出的每個疑難仔細地一一給予解答/而非官方的制式回答/因為整體的服務品質很出眾/一時可能難以詳盡描述每個細節/這邊僅舉幾個亮點為例/1/會詢問長頭髮的客人是否需要髮圈以方便順利用餐不弄髒頭髮/2/會在客人擦眼鏡時給予拋棄式的酒精棉片供擦拭/3/上菜時些微地調整桌面物品擺放讓客人有更大/更好的空間夾菜/以上可能是/也可能不是出於店家本身對於每位服務人員的硬性規定/也許並非每次當上述條件構成/服務人員就會做出相對應的舉動/也許某些部分甚至完全是出自他們個人的/額外的對客人的體貼/但是在整個用餐過程中/你能感受到這些好意不時的傳來/覺得自己被服務了/覺得自己是客人/2019/10/23/約莫/22/00/我用餐完畢走出店家/一邊心想/肉多多火鍋/忠孝後山埤店真的是一個好地方/
D	雖然店員服務態度不太好/第一次來吃不太懂怎麼點/很不耐煩也不太跟我們解釋介紹怎麼點餐/名牌名字是疊字植物名/但肉很多番茄鍋很好吃/
C	原本麻辣鍋可以加一次鴨血豆腐被取消/店家說是已經先加好了/因此要另外加價購買/
D	肉質挺不錯的/環境也舒服/100元/150元的/湯頭很強/由於份量太多/最後打包回家再吃一餐/不錯強R/本人消費體驗/
D	好吃的火鍋店/凡凡店員很幽默ww/一定要吃看看/肉真的很多
D	冰淇淋要到樓下拿很不方便
D	環境舒服/服務棒棒/食物新鮮
C	肉的品質不怎麼樣/吃起來蠻柴的/加錢升級成別的湯底也沒什麼味道/同樣的價位去吃別家感覺會更好/不過服務是蠻好的/所以給兩顆星
C	今天我們晚上吃飯/看到了蘿蔔泥中有一隻大蟑螂跟店員反應後店員把蘿蔔泥端走後竟然無多做表示/後來還把我們放在桌上的牙套丟掉/我們竟然還需要自己撿回來實屬誇張加湯還需要自己動手服務態度實屬誇張/
D	肉超多/環境舒適/一個五百可以吃超多/不點高檔牛的話/
D	肉真的很多/角鼻龍服務很好/而且/她涮的肉超好吃
C	唉/肉多多變的太讓我失望了/肉量不再像肉多多/肉質也變差/醬料竟然沒有白醋/沒有白醋/沒有白醋/這麼基本火鍋該有的竟然沒有/服務也不像以前那麼好了/失望/除非不得已不會想再來了/失望
D	服務非常貼心周到/雨天被淋濕還準備了吹風機跟紙巾/真是太感謝了/昆布湯頭很好喝/雞肉也很嫩/而且飲料有楊桃汁ヾ/ΦωΦ/ツ
C	服務態度跟其他分店比起來真的令人不敢恭維/來這家店是來吃功德的不是吃服務的
D	肉真的很多/最後肉沒吃完只好打包/回去路上肚子太重走路走不穩/服務也很棒/尤其是上班最後一天的/女韋/麟妹妹/細心而且貼心/真的是一次非常滿足的用餐經驗/
D	肉多/蔬菜自助吧種類不算少/服務不錯/還會再訪/
D	蔬菜好新鮮/椰子冰淇淋好好吃
D	肉多多名不虛傳/真的肉很多/一開始點暴龍特餐/怕2個人吃不飽/結果最後還打卡加送2客肉/不過暴龍特餐到最後就超飽/後來只好麻煩我們這桌的服務生鈺馨幫忙打包/服務態度真的很好/值得再去吃吃唷/隔壁的那間實在太難吃到了/這間肉多多也不錯喔/
C	從一進門到結帳離開沒有感受到任何服務/連點餐也沒人做任何介紹/甚至一樓明明有座位卻安排我們坐地下室/導致才要爬樓梯上一樓才有其他的飲料/冰品可以做選擇/吃過了那麼多各式各樣的火鍋/這是我第一次為一個火鍋店留下這麼糟的印象/無論你點什麼湯底都必須要費用/肉品價格偏高外/肉質並不好/肉量也不多/甚至副餐的王子麵都要等快10分鐘才上/居然還敢跟我說今天餐點上齊了/聽不下去提醒他才匆匆送來/我跟我的朋友是絕對不會再訪/隔壁的食二鍋/錢都都好得多/
D	食材新鮮/服務周到/
C	服務態度簡直不可恭維/店內並沒有多少客人/站在櫃檯空等了一小陣子後/店員才請我們在旁邊稍等/等了一陣子才終於帶位/準備要點餐時店員卻都裝忙/第二次請店員來點餐時/他卻拿抹布收桌請我們稍等/前前後後等了快半小時連餐都沒點到/還是這就是本店的服務呢/連基本的順序都搞不清楚/祝生意興隆/
D	第一次來吃/服務很好/牛奶鍋好好吃
D	好吃/雖然店面沒有很大/但服務還不錯/可惜不能刷卡只能付現
C	我不知道做了甚麼事/店員臉從帶位開始皆都是臭臉/帳單來了連句提醒都沒有/面對其他桌客人都會適度微笑提醒帳單來了/這感覺有點不適/湯頭不錯/菜新鮮/飲料多樣化/醬料很特別/
D	店員親切和善/服務殷勤/食物種類繁多且價美物廉/CP值爆表
D	肉多多果然是肉多多/菜盤比較起其他同類型的商店是明顯比較小的/但是肉盤明顯就大一些/價位也很清楚的299/399/往上推/個人覺得對愛吃肉的人/這種店是很好的/畢竟打卡送肉/送錯肉就送錯在補一盤肉/真的/吃到我都怕肉了/不過我現在比較傾向平衡的吃/所以我還是希望它的菜盤/青菜的部分能多一點/不一定需要高價位的青菜/成本低的青菜只要乾淨清甜/也是不錯的/湯頭的話只能說還可以/多的就不說了/推薦愛吃肉的前往/
D	斜對面有公有停車場/平日不用久候/最後收客時間到十點多/今晚選擇30OZ的雙人餐/我們肉品選擇是牛肉/豬肚雞湯/昆布湯頭很喜歡不會過鹹/肉品口感很棒/目前忠孝店有活動/特定套餐贈送蝦子/沒想到一送就是十幾隻/個頭還挺大的/帥哥店員還特地幫忙將蝦子去殼/真的很感謝/一樓空間寬敞舒適不擁擠/感謝今天忙碌的帥哥店員們的招呼/辛苦您們了
D	肉多又大盤打卡還再送肉盤/棒啦/
D	2019/10/7/下午1/30/去用餐的/該時段的服務人員非常優唷/先是詢問我們是不是第一次來訪/表明是第一次來此店用餐後/服務人員即詳細介紹消費方式/用餐過程中會適度的詢問湯頭是否合口味/並主動告知若覺得份量不夠/可以打卡加贈肉類/若不喜歡菜盤/還可以菜盤換牛/豬肉或海鮮唷/
D	肉三顆星/服務一星/內容/菜盤內容略少/但肉很大盤/怕吃多可以點小套餐/肉品質不錯/海鮮的新鮮度可以/肉稍微有點厚度/不透光/如果吃不飽每個人可以打卡換肉/服務/剛吃就說沒飯了/人家桌上有我們卻沒有/還要一直問一直拿/肉還沒吃完剩兩片就收走/但他們至少很有耐心解決問題/值得再度光臨/
D	肉份量大CP值高/想吃火鍋的好選擇/只是不太喜歡地下室的環境/如果能選建議坐一樓較舒適/
D	服務人員態度都很好很親切/也很熱心/肉份量真的蠻多的/爆炒鍋有稍微鹹了一點
D	湯頭不錯/肉品質好/吃的飽飽飽/
D	這個肉量真的多/好爽啊/
D	店員很幽默很可愛ww/服務態度也很好/豪ㄘ/
C	菜多多/肉少少/隔壁家Pho感覺很好ㄔ/美國雪花牛399煮起來只能裝兩個小飯碗
D	防疫期間的外帶餐點CP值很高
C	肉質不錯/湯頭不推/服務不優/動線不佳/動線在地下一樓/兩人座/旁邊一個四人和六或八人座/肉盤擺在兩人坐旁/阻擋另外兩桌客人進出/只留一條瘦子可以通過/胖子要努力縮小腹的小徑/尤其是四人座/然後每人進出都有部分衣服或背包在肉上晃來晃去/感覺好像加了很多空氣中不知名的調味料/兩人第一次用餐/點一大一小肉品套餐/送上來兩盤看起來一樣份量/詢問了另一位服務生/他表示去了解/後回來問我們是哪個是大份的/然後說他在去處理/留下一臉黑人問號的兩人/完全沒說明情況/然後一去不復返/後來用餐到2/3原本點餐的服務人員回來問我們/湯頭和肉還滿意嗎/我們再次詢問肉品是不是上錯/他一臉尷尬說/填單不小心填錯了/我們把單改好了/然後默默飄走/後來第三次在詢問那位點餐人員/這兩份肉品是什麼大小/服務員表示/都是大份的/這處理流程充滿問號/我們問一個答一個/上錯餐也解釋不清不楚/一種強迫中獎的概念/
D	環境乾淨/菜盤可以換肉/菜盤可以再續/
D	肉好吃/量也很豐富/很值得來呦
C	今日第一次吃/整體就是不好吃呀/到底哪來那麼多五星/去吃時/沒什麼客人/而且主盤都吃快一半了/菜盤一直沒上/還我們去問/回我們/沒上喔/再來就也沒走過到我們桌邊給過服務/結帳時沒忘收服務費/好棒棒唷/只能說隔壁十二鍋/錢都/好吃很多/
D	肉品新鮮/份量多/即便告知一位用餐/仍耐心帶位/服務親切/訓練有素/細心且專業的說明肉品油花對肉的口感會有什麼影響/更示範幾分的熟度/肉的顏色/怎樣才是肉品最適合食用的樣貌/
D	肉真的給超多/藥膳湯頭也很好/
D	吃了很多間肉多多/這間服務真的特別特別好/尤其是漂亮的媁麟/還有子毅/兩位的配合讓我們整個用餐都很開心
D	松阪豬跟牛小排都很不錯/
D	好吃/肉多超滿足/
C	點1999的雙人餐/肉質跟份量都一般/如果不是點牛奶鍋/肉其實不算好吃/牛小排很不錯/另外兩種差評/海鮮盤的螃蟹在這個季節應該要很肥美/但卻沒有蟹膏也沒有肉/很鹹/跟服務員反應至少三次才有回應/補了花枝漿/蝦漿/可是已經是接近尾聲了/店員解釋說因為肉多多是以肉為主/但其實肉真的還好/只能說牛奶鍋救了這餐飯/QQ
C	CP/值很低/環境不舒適/湯頭普通但是要額外收費一人100/200不等/肉品品質差又少/並沒有肉多多/整個用餐體驗只有很差二字
C	服務很不錯/肉很多但品質並不高/肉片吃起來跟兩百左右的火鍋差不多/每一口都是筋不好咬/但價格卻高很多/肉多可以吃的很飽/雖然說是用餐加送肉片/但以肉的品質來看就只是把加送的成本疊加在售價上/反而像是用漂亮話強迫推銷/量多也只是消費者買單/感受並不是很好/不會再訪/
D	湯頭還不錯/服務也很好/唯一缺點就是坐位太少/
D	肉多多用餐好吃/環境乾淨
D	之前曾看過其他人的評論覺得服務態度不佳/但去了之後倒不覺得不好/反而是很不錯/不論男女服務人員都很親切有禮/價格上也合理/肉類和菜盤的品質也很好/唯一的缺點就是場地小了點/
C	1/對肉重量不重質的再來/肉質不好/尤其高單價的伊比利豬/根本都是/一堆油的碎肉/2/所謂的牛奶鍋/就是一整鍋奶精/超級不適合喝/只能涮肉/3/菜盤的清潔很差/很多爛掉的菜埋在下面/賭一把顧客不吃/第二顆星給店員/但是店員服務很好/所以想吃粗飽的人再來就好/然後點便宜的肉就好/不要點高價肉/
C	17/30/一開店就進去/樓下的醬料都不齊/服務生感覺很散漫/店內的空間配置很不舒服/比起其他肉多多/這一家真的很雷/但跟一般價位的店比起來/算普通
C	肉質/服務/上餐速度都很棒的一家店/座位很卡腳/起身時我這桌跟隔壁桌都差點有要掀桌的錯覺/還好鍋還沒上/不然湯一定會灑出來/座位可能是店家希望高翻桌率而很硬不舒服/置物籃無法放置在座位下只能放在座位跟座位中間/吃的喝的跟服務真的很棒/只差硬體設備/座位/而已/加油/
D	服務親切餐點好吃
D	服務好肉品新鮮
D	拍照打卡可上傳ig送肉/品項非常充足/不過置物空間設計不算很方便/這次坐在地下室用餐/通風可以接受/菜單設計不太直觀/服務員解說有點不耐煩/
C	有打卡送肉的活動/但是是送小盤肉/品質也沒那麼好/此外人手有些不足/打卡送的肉經提醒3次/到用餐快結束時/剩15分鐘/才補上/菜盤的分量也不多/高麗菜不計大小約給10片/其他食材也只有一點/價格還算可以/最便宜在350以內/
C	我家走過去5分鐘也不可能再次光顧/去隔壁錢都吃都比較開心/帶位速度慢/有訂位跟沒訂位態度天差地別/點菜速度慢/叫了幾次要變臉了才來/湯頭/肉質/肉量真的很一般/食物量沒有符合貴店主打肉多多/價格還很敢開/沒告知菜盤可以換肉盤
D	肉質和湯頭都很出色/店員都有詢問是否需要加湯和幫忙/服務態度很好/
D	肉質新鮮/配菜也新鮮/海鮮拼盤更是讚/會推薦朋友一起來/
D	料多味美/還送很多招待券/XD
D	點一份肉套餐會再送一份肉/套餐副飯或麵食還有菜盤/可以吃很飽/一二樓有不同飲料和冰淇淋/服務生帆帆服務的很貼心/
D	肉份量十足/沾醬也很棒/服務人員會逐桌詢問女性顧客是否需要髮圈綁頭髮/
C	肉還蠻新鮮的/湯頭也不錯/喜歡吃火鍋的朋友也可以試試價格中上一點哦/
D	肉類都不錯吃/飲料可以喝到飽/除石頭鍋底免費/其他湯底都要另外計價/麻辣鍋底不錯/番茄湯底一般/小朋友超過100公分要150元低消/整體來說價位偏高/
D	麻辣鍋偏淡/但牛奶湯底濃郁好喝/蔬活拿來煮海鮮很棒/服務積極主動讓人覺得窩心/小管家角鼻龍服務好就算了/長得可愛也就算了/蝦子還剝得每隻都有尾巴肉/謝謝/
D	/真的名付其實的肉多多/蠻適合肚子可以裝多料的人吃/當然吃不完也可以打包/改天自己煮加料/萬一啦/食量不大的/可以只點一份/再加點其他的配料/點滿共鍋費的費用/
D	分量超多/兩人吃四大盤肉/服務人員很勤收碗盤/肉品品質不錯/菜盤也很好吃/下次可以試試看海鮮/可惜地下室的自助吧似乎比1樓少/
C	我本身很愛吃火鍋/吃過這麼多火鍋店這家真的是最雷的/非常不好吃/且去裝醬料的地方/蔥都是泛黃到不行品質超差超不新鮮/肉質差/不新鮮/一個人吃下來500多超級貴
C	5大1小卻只安排了看似4人座的位置/只開了二鍋/實在有點擁擠/服務員拿來小孩餐椅後看到空位擺著就走/留下我們自己在那喬位置/桌上擺滿了要使用的餐具/上菜盤/上肉盤後更覺得沒有空間/對於帶著剛快滿一歲小小孩的我們/實在很不方便/小孩正處在亂碰階段/前面桌上不敢擺放/但桌上空間有限/又怕小孩一伸手碰觸到熱湯熱食/只好把小孩餐椅往後拉/餐椅沒桌子/也沒法拿東西吸引他的注意力/最後小孩就開始歡要討抱/只好大人們輪流抱著/輪流用餐/用餐最重要的是環境舒適/但這樣的環境太過擁擠/位置空間小/更不適合帶小小孩去吃/
D	我是每個禮拜都會顧定來吃的客人/雖然不是住附近但會專程來這裡用餐/是因爲這裡的每位服務生對待客人就像對待朋友ㄧ樣/很親切也很細心/我真不明白下面對這間店給予負評的人的心態/如果真的想要鼎極的服務你可以去吃海底撈阿/還會有表演可以看多好/只是價位高多了/想要用10元的價格買到100元的商品/我真看不懂/
D	服務態度好到無法形容/東西份量又多又新鮮/整體感覺不輸築間
D	好吃/服務態度好/
C	本身是滿喜歡肉多多的但這家分店不論是肉的品質或是環境舒適度都不太好/同樣價格下會傾向去其他分店或是其他品牌的火鍋店
D	就是很多肉/但是只有安格斯黑牛比較好吃/果然是反應價格/有活動打卡多一盤但是要催促才有上/因為出菜的忘記了/
C	如果只是想在一盆死鹹的湯底把食材煮熟/對火鍋湯頭/醬料/菜盤沒這麼講究/可以進來吃/廁所非常髒/服務輕率/不知道店內主管和員工怎麼訓練的/4/5分實在名過其實/
C	兩人隨便吃/就955元/而且根本吃不飽/幾片肉/以及超小的菜盤/後悔來吃/想說隔壁石二鍋/要排隊/原來是有道理的/肉多多不推/很雷/
D	牛肉肉質好吃/起士牛奶與蕃茄湯底好喝/肉真的很多/即使吃不完也可以打包/可惜桌子很小/東西放的很滿/要夾食物不太方便/
C	地下室的位子空氣不流通/服務人員動作很慢/湯底等了好久才送上/服務人員蠻親切的/豬肉好吃但是份量並不多/不會想要二訪/
C	今天第一次去吃沒想像中那麼驚艷/就是一間還不錯對火鍋店/但這個價位已經能吃火鍋吃到飽了/價錢稍低的話c/p值會不錯/缺點是廁所拉門沒有門鎖/優點是冰淇淋很好挖很有誠意不怕別人吃/而且有非常多平常吃不到的口味/冰淇淋部分給五顆星/
D	三角龍服務超好/肉多好吃/
C	肉量很多/但除了板腱牛很嫩以外/其他的五花牛/培根牛都一般而已/配料是品質一般的火鍋料居多/飲料bar不止普通/已經是難喝的程度/梅子醋完全是梅子水/只適合真的非常愛吃肉的人/
C	進門等很久/也沒人接待/點餐沒介紹/還要自己猜/肉品貴就算了/火鍋最基本的湯底還要加錢選/感覺有被強迫加價的感覺/在樓下又不是收比較便宜/多樣飲品還要上樓才有/吃過一次就怕了
C	/沒有限制用餐時間/菜色普普通通/自助飲料有不同選擇/醬料區選擇多樣/充足/
D	東西很好吃/但他一直讓我同學忍不住偷尿尿
D	因為太餓/來不及拍照/肉大份新鮮好吃/套餐再送肉/超划算/重點是服務人員親切/有空閒還主動協助客人撈油沫/謝謝專業服務員帆帆/
C	有的服務員服務不錯但請一個戴眼鏡的男服務員不要亂跟顧客說話/很不舒服/我不喜歡你的玩笑/謝謝/
D	服務生/芸芸/服務態度很好
D	肉真的多到誇張/活動送肉很大方/吃不完連湯底也能打包/帆帆跟媁麟服務態度很好很親切/會再訪的店家/
D	店長長的帥/服務也很親切/打卡就送肉盤/我們幾人打卡就送了幾盤肉盤/加上原本的肉盤/肉多的吃不完/連菜盤還可再續一次/冰品和飲品的口味也很多/醬料也很齊全/鍋底選項多/我選是有先炒過的石頭鍋蠻香/朋友選麻辣鍋/豆腐鴨血都很入味/她說很好吃/大家吃的超極飽/還打包帶走/下次吃鍋還是會考慮來這裏
D	肉盤份量超大/cp值超高喔/
D	肉超多/吃飽吃滿
C	座位少/因此有時候要坐到地下室/但有些飲料冰淇淋是只有上面或下面才有/因此都要兩邊跑/滿不方便/菜盤的份量來說偏少/服務人員/不會像其他店家主動來加湯/來加菜/還要我們自己主動告知/只是服務比別家差一點而已/但服務還是算不錯
D	今日去肉多多後山埤店/感受到這裡的服務員特別貼心/服務也快速不會讓客人等太久/其中凡凡服務員除了態度親切之外/也隨時注意客人的需求/還有擔任角鼻龍的服務員/貼心幫我們處理小卷讓我們方便煮食/也很貼心注意我們的需求/而今日用餐湯頭也美味/海鮮新鮮/還會再來/
D	肉份量很多/川府香辣湯底及餐點都不錯/感謝帆帆和另一位幫忙撥蝦的服務員細心解說及服務/兩人套餐吃下來相當外面吃到飽價格選擇性較少因人而異
D	東西好吃/服務很好/就是位子有點少/人多需要後位一段時間
D	東西好吃/戴眼鏡的店員還會問要不要幫忙涮肉/很貼心/昨天服務我們15人的短髮小姐姐也很快速的幫我們收拾桌面/謝謝你們/
D	石頭鍋先經過魷魚條爆炒/海味十足/跟一般石頭鍋店單純用蒜/洋蔥等食材就是別有一番風味
D	前陣子去肉多多吃飯/有個服務生很親切而且筷子掉了會立馬幫我換/一問之下知道他叫家垣/他服務真的不錯/笑容又很可愛/我猜不管男生或女生都會喜歡上他吧/
C	單點有重複餐台的豆製品/建議請客人先行看過自助餐台再來點餐/
C	餐點的內容物份量很夠/完全不怕客人吃太飽/但空氣流通不佳/吃完飯全身會留下很濃郁的味道/雖然店家很貼心的準備很多衣物芳香劑/
D	5星給店員的/顧名思義肉很多
C	看了評價很好來試試看/結果很失望/不會再訪/菜盤換的小肥牛很乾不好吃/點了松阪豬/覺得吃起來很普通/到櫃檯結帳才看到松阪豬是組合肉/知道吃了一堆組合肉感受不太好/餐具都沒洗乾淨/杯子倒完飲料還沒喝上面就厚厚一層油/換了兩個杯子都一樣/湯匙也沒洗乾淨/都沾著可以用手摳下來的垢/
D	已過了中午用餐高峰期/客人還是很多/工作人員很熱心的招呼我們停車/湯頭清爽可口/三個人吃雙人套餐再加一個150的低消/很飽/剩下的湯還打包
D	真的是肉多多/肉質也很好/菜盤也很新鮮/而且剛好都是我喜歡的菜/服務態度一級棒/尤其是帆帆/真的很熱情/
C	今天興沖沖的帶破病多日的老公去補身體/一到火鍋店就點高級牛小排/還有生蠔蛤蜊/店員推薦滷肉飯/結果飯好難吃/海鮮不新鮮/唯一高單價的牛小排還OK/一回家就拉肚子/不推肉多多後山埤店/不想拍照不想打卡
D	服務員很nice/肉很厲害/我還沒飽
D	CP值超高/很滿足
D	餐點好吃/服務很讚喔
D	媁麟的服務態度很好/幫我們刷肉肉/請店長以獎勵取代責罵/員工會更進步更有向心力喔/_/ツ/_/
D	環境佳/肉的品質不錯/不知怎麼點餐的我們/服務員鈺馨介紹的很詳細/也很親切/下次還會想回來聚餐/
D	牛肉品質好/送餐速度快/醬料飲料冰淇淋自取/湯底很普通/大部分的套餐價格落在三四百/內容有/湯底/菜盤/肉盤/飯麵類/會再收一成服務費/結帳只能付現/菜盤可以換肉或海鮮/不換的話可以續一次高麗菜/搭配上現在FB打卡送小肉盤的活動/可以吃得非常過癮/
D	這裡的美食真的很棒/除了美食棒以外/服務生服務態度非常的好/尤其是阿傑/我想感謝阿傑為我的美食帶來的更加美味/優秀的服務/專業的工作精神/謝謝你阿傑
D	10/20/晚上時段/維琳服務的很好/很貼心/不只有她/整家店都很優秀/服務的很棒/有機會還會再來/還有/肉真的蠻多的/湯也很蠻好喝的/
D	離捷運站近/服務生友善/上餐快/
C	兩人用餐排了剛好一小時一號都沒跳過/桌位全部給3人以上的先坐/詢問兩人是否沒位置/回答兩人的只有五桌/原來等到死就算有四人位也不願給你二人的入座/
D	好吃/服務貼心
D	今天第一次來用餐服務員鈺馨小小隻的笑起來很可愛/今天出菜速度比較慢一點後來聽服務員說今天廚房人比較少所以才讓我們等比較久但還是有一直跟我們道歉還給我們名片說下次可以再來找她她會特地幫我們招待東西/很棒/
D	肉很多/菜可以換肉/店裡很感覺
D	服務人員的品質很棒/10/09/晚間負責站櫃檯結帳/名牌是/十OO/的/
D	很好吃/肉多多名副其實/湯頭不錯/菜跟肉新鮮/醬料區有很特別醬料口味獨特/飲料機應有盡有/冰淇淋也不錯/明治的/
D	服務品質很好/肉多菜盤也夠誠意/四川麻辣不錯/但是石頭火鍋鍋底不到味/二人吃下來和去吃到飽的餐廳價錢差不多/就看每個人的喜好了
D	很幸運ㄧ去就有位置/在週末的時間/以單點式的火鍋來說真的很平價以外/打卡送肉的活動送的肉量很大器/不簡單/麻辣鍋底夠鹹/但煮久了會越來越鹹/建議之後/白湯即可/而且高麗菜免費送一份/很大器很大器/兩人吃完才700多/重點是比一般刷刷鍋更有質量/
D	之前來店用餐時/家垣服務不錯/筷子掉了還沒撿起來就有一副新的筷子在旁邊遞給你/服務態度很好肉的品質也不錯有機會會再去吃
D	吃超多肉的/打卡也是有送肉的/價格合理/有茶/飲料眾多選擇/店里燈光/設計很美/個人很喜歡/
D	肉真的很多/菜盤可換成其他菜單上的食物/肉片新鮮有厚度/麻辣鍋底很棒/其他飲料及甜點是吃到飽/
D	服務品質很好/肉多菜盤也夠誠意/四川麻辣不錯/但是石頭火鍋鍋底不到味/二人吃下來和去吃到飽的餐廳價錢差不多/就看每個人的喜好了/
D	我們吃了好多肉/我們加點兩份肉ㄟ/結果沒吃完/喔有吃完啦突然想到蠻餓的/好好笑
D	肉多多真的多/服務人員涮肉專業
D	愛吃肉的人可以來試試看/可以滿足你的胃/
D	火鍋湯頭肉質食材鮮美的佳/價錢走平價位也很值得推薦/第一次來捧場/我還會在來捧場的/讚/讚/服務生/鈺馨服務佳/
C	跟朋友去吃/點了三盤肉/一盤400多肉卻只有10片1片40元/呵呵/卻只是普通/低cp值/不會在去不值得
D	肉多讚讚好吃/歡迎來吃吃看
C	東西難吃/服務人員態度隨便/那個烏龍麵根本就是放了不知道多久/有夠糟糕的用餐感覺
C	先講好的/送餐快速/結束/肉多但難吃/價格跟品質落差太大/點了xl的肉吃不完/看菜單才發現肉自動升級/帳單也升級/真棒/到底哪來那麼多好評/是不是好客燒烤的同伴
D	1/湯頭很好喝/2/海鮮新鮮肉也好吃/3/服務生很親切/4/飲料選擇很多/開心吃飯的好地方/感謝帆帆的貼心服務/
D	優點/1/肉超多/不必加點也夠吃/2/醬料選擇多樣/3/服務態度超好/4/交通便利/缺點/1/人手不足/導致點餐時較慢/當天只有一個服務生服務全場/2/冰淇淋口味較少/3/人潮眾多等候及定位需要較長時間/價位/350/600以上/要看有沒有加點東西/
D	很好吃/服務超好超親切
D	服務好/肉好吃這個月來吃第二次了/麻辣湯底很讚/我都想把湯底喝光光
C	晚上9/10點用餐/2個男店員扯爆/打卡送肉/問了2次都不理人/氣到準備走人/剛好來了女店員/才馬上給/離峰時間還如此態度/真不敢恭維/這家分店處事真令人不舒服/絕不再訪
C	價格跟品質比起來還可以/味道也還不錯/冰淇淋是雜牌的/不能刷卡大扣分
D	今天來吃的時候服務我們的是一位叫做角鼻龍的服務生態度很好人很可愛很喜歡他而且這邊所有的服務我覺得都很優良而且環境以座位區來說乾淨而且一桌空間很大不會擁擠/每一位服務生態度都很開朗很/湯頭好喝份量超級足夠價錢便宜/
D	雖然店名叫肉多多/很驚喜有很多素食的菜色可以選擇/紫庭的服務非常優質一級棒/非常推/
D	肉多菜多又好吃/桌服員/媁麟/也非常貼心/提供髮圈/並親切的為我爸媽仔細地解說菜單/
D	服務很棒/態度很好/肉很多/壽星送肉蛋糕跟生日快樂歌/讚讚
C	肉真的超多/五個人去點四人份套餐/肉多到吃不完/但個人覺得湯底普普/肉真的多到吃完可能會有一陣子不敢吃肉片了/
C	服務人員態度很好/東西就普普/低於預期/個人覺得這樣的內容物/價格偏貴了/
D	海鮮新鮮/肉大盤/
D	吃火鍋就要肉多/
D	上餐速度快/服務人員也很耐心的介紹/感謝負責我這桌的服務員/帆帆小姐/怕我們等太久/一直樓上樓下跑的確認餐點準備好了沒/總之整個用餐時間都很愉快/
D	帆帆的服務周到/人很Nice/活潑可愛/希望下次能在讓你服務/肉真的多多/吃的很飽/下次會再關顧
C	感覺沒有到肉很多欸/為什麼不要叫肉少少/但至少服務品質很好/所以多給一星/如果抱持著想吃很多肉的心態/建議不要去
D	肉分量很多/服務很好/吃很飽下次會再帶朋友來
D	肉真的很多多/超讚
C	第一次去/問服務生/態度很差愛理不理的/2人份菜盤跟本就是其他火鍋店的1人份/肉盤也沒有特別多/一個國中生都吃不飽
D	防疫期間/大家加油/
D	份量十足/肉品及海鮮都令人滿意/服務員帆帆親切笑臉迎人/服務完美週到/值得讚美/
D	服務態度好/食材算不錯/覺得比隔壁石二鍋好/因為不用排隊排很久/會再次光顧/
D	服務人員態度超好/
D	小人超熱愛的店/每週都要來報到一次/
D	店長服務有夠讚
D	人員服務好/態度優/廚房人手不太夠/出餐比較慢/不過還不錯吃/份量也多
D	好吃/店長人很好/
D	我是老顧客楊先生/吃了快一年/因為後山埤店有紫庭/服務親切/願意跟顧客交朋友/交心/會因為有這個姊姊在而遠從汐止來光顧/大家來後山埤店可以找她聊聊天/是個會幫店聚客/難得的好員工/有她在就會持續來/
D	食材新鮮/海鮮也很新鮮/非常推薦牛奶鍋/這種價位配上桌邊服務/我覺得很值得/希望能繼續保持/冰淇淋也超好吃唷/
D	環境舒適/肉質還不錯/菜盤可加一次/整體來說CP值高/一般餐點約/350/500/只能付現不能刷卡/沒有數位支付
C	中價位火鍋/普普/沒記憶點
D	地下室冷氣比較強/大家服務態度都很親切/服務生/角鼻龍還主動幫忙拍照多張/熱情工作100分/肉品普通/服務很好/
D	肉好多吃好飽/人雖多但空氣很流通/凡和馨的服務很親切/桌面收拾乾淨又迅速
D	肉多好吃/湯頭讚/服務好/人員態度親切/感謝服務人員意忠及媁麟的服務/很棒的火鍋聚餐/
D	整體環境優/服務好/肉多好吃/很推薦大家捧場/
D	今晚到後山埤的肉多多聚餐/很不巧他們店裡的冷氣壞掉了/邊吃邊流汗但店裏所有的客人非但沒有生氣還吃的很開心/因為肉多多所有的服務人員一直說抱歉/並主動提供冰紙巾跟冰水/現在還有服務態度這麼好的店家真的值得表揚/下次還會再去光顧/謝謝店裏所有的服務人員及店長/祝你們後山埤店生意興隆
C	肉變少了而且切的小塊/cp值都沒有了/今天專程推薦帶朋友來吃有點沒面子/還有冷氣可以加強一下嗎/
D	還不錯/用餐環境很好/餐點湯頭很棒/讓人很舒服/
C	難吃又貴/醬料區沒有白醋也不補/湯底每樣都要加錢然後口味死鹹
D	第一次來/很期待/因為說很久了/還遇到了一個美女店員/鈺馨/還有幫忙撥蝦殼耶/
D	餐點蠻好吃的/但尖峰時間要等很久/
D	除了好吃之外/服務也很週到/肉多多從來不讓人失望/謝謝羽庭小姐/
D	份量充足/吃得很飽/服務不錯/該供應的也都有供應/屌打信義安和那家/雖然那家離我家比較近/可是服務差/提供的飲料也比較少/根本不會想去那家
D	肉份量很多/吃的很過癮/服務人員意忠親切/值得常來的店
D	只是去外帶湯底/店員一樣請我們喝飲料/態度非常親切很貼心/大推
D	肉很多/吃很飽/服務員凡凡認真盡責/櫃檯小哥/沒看到名字/處事圓融有禮
C	前往用餐時詢問有無位置時/女服務生表示馬上可以入座/我告知那我先跟朋友說去停車/服務生表示ok/後來回來另一個服務生說要等一個半小時/兩個詢問時間差僅有十秒/女服務生就一直裝忙不理會我/真的傻眼/
D	食物的Cp值很高/帆帆以及每個工作人員都很好很貼心/店裡環境很活潑/很適合朋友聚餐聊天/下次還會再來的/3
D	吃的飽很開心
D	肉質不錯/人員親切
D	店員服務品質200分/女生長髮會給予髮圈使用/對待客人很真心/會注意客人的需求/讚
C	肉難吃又貴/湯頭一般/環境沒有很乾淨/感覺高星是靠員工和假帳刷的/千萬別去踩雷/
D	服務生態度非常好/吃起來很舒服/
D	服務態度很好/上菜速度快/缺點是在地下室用餐的霉味比較重/建議要改善/或是在一樓用餐就沒有這個問題了/
D	服務很好/東西好吃/
D	肉多多/最喜歡吃肉肉/優秀的店/三角龍謝謝你的服務品質讓我吃的很愉快/同桌的朋友也很開心
D	豬肚湯底很香
D	第一次來體驗肉多多/吃的很爽/服務管家阿傑很棒/下次再來給他服務/
D	服務非常好/份量也很足/價錢也合理/未來還會再來吃/
D	好吃/服務好
D	來嚐鮮海陸鍋/丹麥活菌豬肉質很棒/海鮮桶有4隻蝦子/魚片/花枝丸/貝類/感覺很超值/
D	店員服務貼心/知道我是孕婦/還送上抱枕讓我放在背後/餐點介紹和服務活潑/尤其是帆帆/服務超好/
D	用餐環境不錯/服務人員很親切很活潑很熱情/我們這次是由可愛活潑的帆帆服務/整個用餐過程很愉悅很開心
D	紫庭姑娘服務態度極好/我很滿意
D	紫庭看起來很酷但其實很親切
D	店員阿傑人很親切/服務很周全/店裡的工作人員素質都很不錯/另外餐點也是很滿意吃的很飽很滿足/
D	服務態度不錯/高CP值/大人小孩都吃的蠻開心的
C	肉是有多啦/但是/有蒼蠅/冷氣不冷吃的滿頭大汗/筷子很髒/接合處鬆開還卡垢/
D	服務人員態度佳/肉真的很多也很好吃
D	肉是真的蠻多的/店員服務態度也還算不錯/豬肉比牛肉好吃/
D	肉多/好吃/服務生阿傑人又親切且周到/讓人還想再來
D	食材不錯/CP值高/服務親切/還送小髮圈/冰淇淋好吃/會想再去
D	現場候位招呼禮貌迅速/菜單介紹詳細有禮貌/上餐迅速/還會指導肉要怎麼刷比較對味/吵得很開心/
D	蠻多活動的可以送肉/消費也送券/湯頭為普普通通/菜盤也可以換肉/適合愛吃吃肉的人
D	第一次來/東西很好吃/服務生態度超好/又很貼心/下次一定要再來/
D	肉多多初體驗/肉真的好多多/食材很新鮮/服務人員也很親切/
D	不錯啦/肉的確多/但價格相对也比平價鍋稍多一點/
D	肉肉吃到飽/打卡送肉肉
D	菜色很澎湃/帆帆很親切
D	上次來吃飯家垣服務不錯/我坐下時還幫我用椅套蓋住我的外套/讓我的外套比較沒有那麼臭/家垣推推
D	食材新鮮/可以大口飽足/為點餐程序可再加強/不要讓人很困惑/
D	肉多味美又大方/服務態度熱忱/真是肚子餓時的好去處/
D	肉肉很多/湯頭還可以/菜單及說明不夠清楚/需要花些時間才明白/
C	我覺得2人的菜有點少高麗菜可以多一點/我們也很少吃冰淇淋/只吃火鍋
D	三角龍先生服務親切/兒童椅還會很仔細的用酒精擦拭/會主動與小朋友互動
D	肉是不少/雞湯湯底也不錯吃/店員親切介紹
D	好吃份量足服務好
D	名符其實的肉多多/
D	肉多/好吃/服務人員親切
D	店員用心服務周到/肉真的多/吃的很開心XD
D	食物好吃/服務態度超好的
D	品質跟服務尚可
D	單點的肉質蠻嫩的/贈送的就還算普通/肉片份量不算少
D	服務親切/肉盤份量多/吃不完可外帶/有打卡送肉活動
D	肉甜湯香/食材新鮮/服務人員媁麟很貼心/服務很好/優良員工
D	肉好吃/服務超好/肉好好吃
D	肉多又新鮮/自助吧飲料冰淇淋多樣/戴眼鏡中年男店員/很大方
D	肉質好/海鮮新鮮/服務人員崔意忠眼巧手快服務貼心/
C	稍早去吃/難吃死了/湯超級鹹/並沒有想像中的好吃/超級難吃/難吃到爆了/超級爛的爛店/非常爛/難吃到不行
C	服務非常好/食物從湯頭到菜盤跟肉都糟糕到不行/
D	愛吃肉必來地方
D	服務相當親切/肉真的很多/這樣的價格有放鬆的心情跟親切的服務真的很超值
C	跟其他火鍋店吃起來沒有什麼不同/但音樂開好大聲感覺在趕客人/講話都聽不到
D	幫我們服務的小美女/鄭鈺馨服務態度很好/食材新鮮/肉質也很棒
D	菜盤可以換肉盤/肉量很多/服務人員態度也不錯
D	服務非常好/送蝦又幫撥蝦餒/東西也很好吃
C	肉多多已經不多肉了/沒有打卡送肉/肉量也吃不道五分飽/
D	店內的服務生帆帆服務貼心/也很主動的幫客人補湯/另外幾位外場人員也很貼心也很快幫客人處理大小事/值得推薦
D	本人從進入店家後/細爪龍面帶笑容服務/難得的午後時光/會推薦朋友前往用餐/
D	店員熱心/豬肉好吃/
C	很倆光/排隊等/上菜等/動作超級慢慢來/cp值各人覺得很不高/
D	肉好吃/服務人員/帆帆/服務態度超親切/一頓吃下來非常滿意/
D	謝謝服務員帆帆的要求/讓我初體驗google/maps/給薪跟留言/吃的滿飽的/
D	服務好/蛤蜊雞湯底很好吃
D	服務人員/家垣xD/的態度都很優質/而且份量都超夠的xD/食物真滴好吃xD
D	肉品新鮮/環境舒適/服務人員很親切/有會會二訪/
D	愛吃肉的可以來
D	食材新鮮/湯頭鮮美/適合與三五好友聚餐的好地點
D	肉很新鮮/服務員很有禮貌
D	帆帆用心介紹/全部吃光光
D	肉多紫庭小姐服物很貼心
C	下午四點打電話過去定位/服務人員說等一下然後電話就放著跟店員講話/然後等了五分鍾沒人來接/電話還是一直放著的/好像客人電話費不用錢呢/
D	肉多多/肉多真材實料唷
C	服務態度很好/雖然送很多肉/但肉質普通/
C	第一次吃肉多多/點麻辣沒告訴我/鍋底可以續/可惜了/以後不去了
C	肉量多/很容易做活動再送肉/肉質不如涮涮鍋單點肉品
D	非常好吃/菜色多選擇/環境好/居然還有送暖暖包/很貼心/
C	肉品算是好吃的/但服務需要加強一下/價格偏貴
C	海鮮類soso/飯煮的很硬點了豬油拌飯吃一口就放旁邊了/服務也普通/
C	服務太度差/就是不知道才問說的不清不楚/問他一直回答/看你們/看妳們/看你們/吃了一肚子氣/
D	服務好/肉品品質不錯/份量大/很滿足/
D	帆帆小姐服務超好/肉很多/吃超飽/小地方貼心/
D	服務親切/食材也都非常新鮮/很棒的一餐/
D	服務好/東西好吃
D	沒有冰的純茶類/有點遺憾/但是湯底好喝/肉也蠻好吃的
D	服務生親切/肉多海鮮好吃/價格實在/經濟實惠/
C	見錢眼開的爛店/男店員夠爛/還要看客人點什麼餐/決定服務態度/
D	桌服員意忠服務態度好/東西也好吃/下次會再來的/
D	瑋麟服務好棒棒/肉很會涮/家垣也好厲害唷/好吃唷/讚
D	湯頭十分好喝令人驚豔/沾湯頭就很夠味
D	感謝鈺馨幫忙涮的羊肉豬肉/好ㄘ好ㄘ/加油/下次再來/
D	點餐方式換了/肉越來越多了/服務員帆帆的服務也很好/
D	這個價位搭配服務還在接受範圍/可惜如果加購或活動能多些會更好
D	Cp值高/忠孝東路火鍋一級戰區/極力推薦肉多多/๑/ㅂ/b
D	湯底選擇多/用料實在/服務人員親切/好吃唷
D	吃的飽很重要
D	好吃/價格合理
D	環境好/食材更好/
D	超好吃/兩人套餐吃超飽/服務又好
D	肉好吃/服務員鄭鈺馨態度親切/非常滿足
D	飯在8/30就沒了有點扯/但服務態度算有誠意/
D	肉多份量足又是雙湯頭/可滿足不同需求/
D	好吃服務態度超好/
D	肉多多好吃讚/
C	食材很不新鮮/感覺冷凍很久/講求肉多也份量普通/低CP值
D	送餐快速/肉多又好吃/謝謝服務員帆帆桌布貼心的服務
D	朋友生日時候去/竟然還有生日活動/東西也蠻好吃的
D	服務人員超好/謝謝戴眼鏡帥哥靦腆
D	帆帆服務很棒喔/每次重訓完都會來這裡補充蛋白質/
D	肉多又好吃唷/
D	東西好吃/店員服務好/希望可以保持/菜盤可以換海鮮蠻不錯的
D	服務好/料多
D	CP值很高/肉很多/也有很高的品質/湯頭很多可選
D	服務好/好吃
D	肉質優良/環境整潔/員工用心還給小孩聖誕糖果/
D	三角龍很很好/雖然看起來憨厚但速度很快/麻辣鴨血很嫩很好吃/
D	服務人員再忙都保持可親的態度/
D	店員服務非常好/肉真的非常多/
D	服務好到讓我覺得不給小費對不起他們/嚇死我了
D	肉很多/上菜快/又有飲料甜點吃到撐/我吃好幾次了/CP值很高啊/
C	性價比太低/價格很高但品質環境跟不上/請避開這坑/
D	肉真的很多/但海鮮選擇就不多/愛吃肉的朋友必去/
D	真的是肉多多/而且還有撥蝦殼服務/真是令人感到開心/
D	肉片現點現切/菜盤還可以再續/服務/
D	服務員男生帥女生美/素材新鮮肉好吃/
D	真的肉可以吃的超開心的/而且服務人員超好
D	整間店等候的地方被一組16個人的佔滿/店員也無可奈何
D	肉多多吃到自己肉多多/還有一個活潑可愛的小女孩貼心服務/她的名字叫帆帆
D	工作人員/角鼻龍/很王品/服務溫柔的太過頭了說/份量超爆多
D	帆帆/服務很親切/
D	好的用餐環境
D	好好好吃/又乾淨/
D	服務很讚/今天服務員是細爪龍/她笑容滿滿/很親切/大家快來
D	服務員態度很好/還幫我們做湯底調整/
D	價格實在/愛吃肉的好去處/帆帆服務超棒/
D	目前吃過送餐最快速的肉多多/服務人員態度良好
D	吃好飽好豐盛喔/細抓龍超活潑可愛的/
D	家垣笑容可愛/服務親切/讓人用餐愉悅/有服務業的水準/值得/鼓勵/
D	角鼻龍和板龍/家垣服務超棒/店內食材/湯頭美味/值得一來再來/
D	芸芸服務佳/
C	蔬菜肉品普通/服務差評
D	店員鈺馨很親切/還有提供貼心的剝殼服務/
D	服務人員細抓龍小姐非常親切/份量非常多/好吃/
D	肉超好吃/服務又親切/會再次光顧的店/
D	肉超多/好吃/店員很熱情/超讚
C	地點不錯離捷運出口很近/但是店面有點小/B1接不到網路/一點訊號都沒有/
D	料好實在/服務好/樓上樓下的醬料/飲料齊全
D	還可以/牛奶鍋好吃/會再訪/不過豬肉有點味道
D	來慶生/肉豐盛/服務好/大推服務員媁麟/
D	挺好吃/肉很多/海鮮也滿新鮮的
D	服務生很Nice/熱情/聽說叫凡凡/不知有沒有打錯字/
D	黑毛和牛好吃/雞湯湯頭好喝/
D	店員帆帆服務親切/熱心/東西很好吃/
D	肉真的很多/凡凡和倩倩服務非常親切/值得推薦/
D	對於想要吃多一點肉的人來說是不錯的選擇
C	食材感覺不是很新鮮/實際份量比想像中少
D	肉質非常好/媁麟小姐服務非常周到喔/
D	我是這裡的常客/東西明明很好吃/服務也很友善呀/
D	肉多實在/品質也很好/服務人員態度非常好/
D	服務人員細爪龍服務親切/服務態度很好/會繼續來用餐/
D	好吃/服務好/感謝服務人員帆帆跟倩倩的服務/超級棒
D	/
D	服務人員態度很好/肉質新鮮好吃哦
D	服務生帆帆很親切又和善/下次還會來/
D	好吃/最重要的店員非常親切/服務非常好/
D	好吃服務也好/我覺得細細很幽默/
D	細爪龍阿威好讚親切又細心/紫庭好讚熱情又好好人/很謝謝/
C	服務上有待加強
C	雖然肉多多但是味道不及價位/有待加強
D	很貼心的服務/還主動詢問是否需要髮圈/免費提供/
C	地下室味道不太好有霉味/如果可以刷卡會更便利
D	位於忠孝東路五段上/樓上空間較小/還好地下室也有位置/
C	肉質還好/菜盤小/CP值低
D	服務人員很熱情/食材也新鮮好吃
D	食材很多/呷真飽/只是剛進入B1味道不好聞XD
D	歌單很好聽/聽完馬上跑KTV/超想唱
C	選擇性太少又貴/都在吃肉/不會想再去了/
D	服務好/餐點很好吃/送餐速度快/讚讚/
D	角鼻龍/服務超棒/店內食材/湯頭美味/值得一來再來/
D	一個套餐送一盤肉/好吃/蔬果湯頭好喝
D	肉很多/很好吃/超級好吃的/也很划算
D	食材新鮮/份量又足/帆帆服務超棒/
D	服務不錯但肉太肥所以少一星
C	湯頭尚可/價位中等/菜盤種類偏少/適合朋友聚餐
D	服務超棒/筷子不小心掉地上馬上送一雙新的筷子來/
D	Cp值爆高/服務人員態度優/尤其是帆帆/人超好/服務貼心
D	肉多好吃/服務人員還好剝蝦服務讚
D	帆帆服務niceeee/可愛的服務生/肉真的很多啊啊啊
D	我很喜歡辣川味/店內員工很親切/熱忱
D	吃肉肉長肉肉/
C	菜盤的料不給換其他蔬菜/失望/踩雷
D	帆帆服務超棒很幽默/這邊東西又好吃/
D	肉多多/有個服務員/家恒服務不錯/推他
D	有位叫紫庭的女生服務超讚的/又貼心服務態度極好會因為她的服務再次消費
D	服務好/肉多多
D	服務人員都很親切/最喜歡帆帆/熱情/大方/美麗/
D	肉厚又多/湯頭好
D	服務員態度很好東西很好吃肉很多
D	服務好/味道佳/整體感覺很好
D	驚訝/隱藏人物/帆帆大正妹唷/真的超正的/人又親切/
D	吼假/現在就在現場/不評論不行啊/好吃的榴槤冰淇淋
D	肉多多現在有推出299個人套餐/推推/
D	牛奶鍋很好喝/
D	服務人員親切/氣氛很棒/適合闔家親友聚餐
C	吃完後上吐下瀉的/感覺是肉不新鮮/超噁
D	店員態度好之外/東西真的多又新鮮/
D	有位叫家垣服務超讚的/又貼心服務態度極好會因為服務再次消費
D	湯底不錯/也謝謝帆帆ㄉ細心解說與服務/真不錯/
D	B1的燈光有點暗/細爪龍店員容易被嚇到/很有趣/
D	牛奶貝好吃/服務生帆帆可愛又熱情
D	服務態度優/
D	後山埤店換肉/
D	鈺馨不錯喔/服務好的店家/下次再光臨
D	吃火鍋/真開心
D	今天來吃飯給家垣服務/覺得不錯/下次來一定要來給他服務/
D	很好吃/還有榴蓮冰/店長好瘦好帥喔
D	非常有人情味的火鍋店/超推
D	好恐怖的肉盤呀/超滿足的/一定會有下一次/
D	裝潢舒適/餐點品質不錯/服務人員親切
D	肉質好服務員正
D	有招待蝦子/
D	不錯吃/但肉類有點腥味
D	份量真的很多/肉質又很好/CP值算非常的高/
D	服務員/服務的貼心/還會幫你撥蝦/大推服務員帆帆
D	價位合理/東西也好吃/
D	麻辣湯底很棒/服務生三角龍很貼心服務很好/
D	店員超貼心/餐點超好吃/
D	環境好好吃/意忠小哥哥服務好
D	好吃/帆帆親切服務很好/會再來
D	服務人員/家垣笑容滿面介紹餐點很詳細
C	小貴
D	臺北車站近又是個歷史紀念公園民主聖地
D	Cp值高/湯底品質佳/肉份量大
D	肉超多/服務生超正/好吃
D	環境好/地點佳/服務人員親切很方便/
D	家垣服務很好/桌上有空的盤子都一下子被收走了
D	服務好食物又好吃/店長人很nice
D	家垣服務不錯/希望下次來也能給他服務/
D	媁麟的服務好好/非常的貼心/讓用餐體驗滿足
C	好吃/但店員服務就普普
D	東西好吃/服務生帆帆認真細心
D	服務態度很好/肉很新鮮
D	這家店選項很多/鍋底選項很多/服務親切
D	服務好/CP值高/但是空間有點狹窄/
D	店員家垣棒棒/服務百分百/食材新鮮份量十足
D	份量真的很多/湯頭也還是無錯/
D	服務好/麻辣鍋好吃/豆腐推薦
D	肉多多長肥肉/
D	第一次來還滿好吃/
C	湯頭普通/菜盤單調/cp值不高
D	雖價位稍貴/但東西非常好吃/物超所值/
D	媁麟妹妹超貼心/聲音溫柔服務超讚喔
D	超壯觀超好吃
D	肉多/服務好/之後打算再來/
D	肉多多/新鮮好吃/好滿足/
C	肉的品質還ok/坐位有點少
D	帆帆/倩倩/服務很讚/值得來吃
D	環境優/服務好/真的肉多多呀/
D	肉多實在/服務態度佳推推推推推/
D	服務人員很細心/吃飯環境很好
C	服務人員態度非常厭世/整體感覺不佳
D	好吃/帆帆雖然單眼皮但很搞笑
D	第一次來吃/
C	中午人少服務員不會服務第一次到店的客人
D	服務態度很好/品質佳/湯頭超好喝/
D	服務親切/用餐非常愉快
D	新開的店/環境很乾淨/服務也不錯/
D	服務很不錯/肉多多/好吃
D	肉多多/疫情期間的小確幸
D	麻辣鍋味道很棒/
D	價位適中/肉超多/吃到快吐了
D	名符其實的肉多多
D	名副其實/肉品多樣/品質不錯/鮮嫩好吃/
D	大滿足/服務好尤其是媁玲很親切
D	肉真的很多/記得打卡囉/
D	伊比利豬/松阪豬超好吃/用餐環境好/
D	店很整潔/唯有/不好停車/
D	好吃/服務生帆帆服務很讚喔/
D	第一次吃/角鼻龍服務超好/
D	送餐快/服務親切/肉超超多/
D	服務親切/肉肉好吃/
D	小獵龍
D	肉多服務好/評價還送肉
D	肉好吃/服務不錯
D	服務不錯/打卡送肉吃爽爽
D	肉多多/吃的很滿足唷/肉超多/
D	肉很多/店員服務很棒
D	肉多品質好/大大推薦/
D	環境整潔/店員服務客氣/
D	生蠔超讚/
D	感覺很讚喔/
D	肉真的很多/帆帆服務很好/
D	非常好吃/還送暖暖包/很貼心
C	位置很小/廁所很小/讓人吃起來很壓抑
D	讚讚讚/好吃份量足夠/店員親切
C	不喜歡提醒時間到的次數過多
D	肉有點薄/服務態度不錯
D	服務很好/整體來說很滿意/
D	真是肉多多的湯頭好食材棒的火鍋店
D	肉真的很多/服務很優秀
C	肉質好/但服務不憂
D	帆帆超讚的/肉也很讚
D	肉多多服務好
D	東西好吃/店員服務態度很好
D	東西好吃/服務態度非常主動
D	肉優/服務生汎汎親切專業
D	五顆星給可愛美麗大方的服務員帆帆
D	肉真的很多/記得澱粉少吃點
D	朋友聚會/環境整潔/食材新鮮好吃
D	服務好/肉質棒/蔬菜新鮮
D	與好友在肉多多後山埤店聚餐/Good/
D	享受到出了名的帆帆服務/覺得幸運/
D	因為角鼻龍/他值得五顆星/
D	好吃/超級飽/服務很好
D	謝謝阿傑/帆帆跟羽庭的服務/非常的不錯
D	阿傑服務好/很棒/很會照顧客人
D	服務普通/肉的品質不錯
D	肉多/好吃/服務佳
C	四人套餐有飽
D	吃肉吃好吃滿/還有好吃的冰淇淋
D	牛奶鍋好好吃/帆帆好棒/
D	名副其實的肉多多/多到你吃不完
D	食材新鮮湯好喝
D	Cp值高/店員帆帆也服務周到/
D	服務好/東西好吃/
D	服務員都很親切可愛/Good/
D	環境不錯/離捷運站近
D	物美價廉乾淨迅速
D	上餐快/服務態度好/
D	新品好吃/店家服務好
D	服務親切/肉多實在/
D	服務生帆帆/服務好/態度佳/大推/
D	之前來吃飯/家垣服務很好/
D	食材新鮮服務好/TQ帆帆/倩倩
D	美味/服務態度超好/
D	舒涵服務態度很好/有問題馬上解決/棒/
D	吃了一週份的肉/
D	肉很新鮮
C	只能現金付款/打卡IG送肉盤/肉蠻厚實的/海鮮很新鮮/單人菜盤很小/共鍋低消150可抵單點費用/不可抵鍋底費/
D	ㄈㄢˊㄈㄢˊ可愛/親切有魅力/
D	謝謝細抓龍龍的招待/好親切
D	我可以為了細瓜龍再吃一次
D	服務生很親切/很推/
C	肉的確多但肉質真的是/
D	肉好吃/服務很親切
D	不用再加點就很多肉了
D	肉很好吃/帆帆很可愛
D	好吃/服務很客氣
D	之前去吃/家垣的服務很棒
D	帆帆好可愛ㄛ/可以認識嗎哈哈
D	服務好
D	好吃值得推薦
D	服務超好
D	很好吃店員帆帆很親切
D	角鼻龍服務棒棒/好吃服務又棒
C	冰淇淋是裡頭最好的了/其他沒啥好說的
D	服務好
D	美味/服務好唷/
D	服務不錯/蝦比肉讚
D	肉很多/不論任何代價一定要肉很多/
D	不錯
D	吃得好飽/服務很好
D	肉超級多/讚嘆帆帆/
C	生意很好/可惜態度不佳
D	服務親切/食材新鮮/
D	價格合理/服務超棒/推/
D	服務超棒東西又好吃/
D	上菜速度很快/服務很好/
D	火鍋好吃
D	好吃㠶㠶服務又好/
D	肉份量品質還是很好
D	肉多多好吃/火鍋第一品牌/
D	服務超讚
D	服務親切/份量足/美味/
D	服務態度超好/超棒
D	好吃服務好
D	肉多/店員人好/
D	好吃/請大家了來吃/
D	烏麥尹/
D	肉多多真好吃蝦蝦好新鮮
D	服務親切/食材新鮮/
D	值的推薦/肉多好吃/
D	肉多好吃/服務讚
D	肉多/服務好/
D	好吃/服務好/
D	要說什麼呢/就是好吃/
D	服務好/評價好吃
D	份量多/適合朋友聚會
D	肉質好/吃的爽
C	肉質中下
C	曾經是愛店/現在很失望
D	肉很多/嗜鳥龍服務好
D	餐點好吃/服務佳
D	三角龍/肉鼻龍服務很好
D	外帶划算
D	吃起來/
D	帆帆跟三角龍都辛苦了/
D	好吃/服務好/
D	店員很水/肉多多/
D	又到此大吃一餐/
D	服務好/量多好吃
D	味道好/服務佳
D	好吃/海鮮很新鮮
D	肉超多/超滿足/
D	凡凡服務很好/下次再來/
D	肉質與湯頭都不賴
D	服務人員帆帆很親切/
D	好吃而且店員態度很好
D	服務好
C	肉很多/冰淇淋差了一點
D	紫庭服務親切/用餐愉快
D	服務好/東西好吃
D	超滿足/
C	喇叭壞掉破音/母湯/
D	讚/肉真的很多
D	真的很多肉/
D	服務好/態度好/又細心
D	好吃/服務好/
D	角鼻龍美若天仙/服務超好/
D	家垣服務態度非常好/
D	不錯吃/份量大
D	優質肉品/
D	服務超棒
D	肉大盤又新鮮
D	評論送肉唷/
D	有一位叫小凡的服務很好
D	東西很多/服務好
C	女服務生態度極差
D	崔意忠服務棒/讚/
D	Cp值尚可/服務可以
D	又來進補了/好吃/
D	肉多多/牛奶鍋/好喝/
D	被包場了/沒吃到
D	肉質嫩又多/讚/
D	服務態度好
D	非常讚
D	帆帆服務非常好唷/
D	就在後山埤站附近/交通方便
D	食材新鮮的肉質好吃
D	肉多/服務好
D	肉多味美吃飽飽
C	唉/白跑一趟/營業時間也不改
D	服務好/氣氛佳
D	服務態度很好/
D	崔意忠服務好/棒
D	肉多/服務好
D	服務好
D	意忠的服務很貼心哦/
D	招待親切/服務週到
D	好吃/服務好
D	好吃愛來啊
D	服務員態度非常好
C	肉多服務好
D	二訪肉多多
D	好吃肉大塊
D	張倩soooooo/nice/Well/service
D	牛奶鍋很有特色
D	服務員很貼貼喔
D	好吃紫庭服務很好
D	餐點美味/服務佳
D	服務很棒
D	服務好/環境佳
D	家垣/瑋麟/涮肉好吃/
D	細爪龍服務一級棒
D	份量多/吃的滿足
D	不錯/地下室稍不方便
D	好吃/謝謝/值得推薦
D	帆帆服務態度很好/
D	餐點美味
D	好吃/服務好
D	肉質不錯
D	請假嚐鮮/
D	服務好
C	服務nono
D	花花服務超級讚
D	肉真的多多/讚
D	服務人員態度親切
D	肉很多/湯底不錯
D	肉很多/肉質好
D	偉麟的服務超好/
D	服務態度很好/
D	好吃沒話說/
D	肉多份量飽足
D	不錯喔/服務也不錯喔
C	有蒼蠅在飛QQ
D	最強撥蝦手/帆帆
D	店員人很好/親切
D	有肉有菜有火鍋料
D	讚讚/好吃的美食
D	肉多/料多/醬多/
D	服務人員態度親切
D	凡凡服務很好/肉很多很多很多很多很多
D	肉還不錯/
D	店員人讚
C	中等/可以嘗試看看
D	服務員/帆帆/
C	覺得旁邊錢嘟勝/
D	帆帆服務很好唷
D	服務好/氣氛好
D	服務好
D	椅子高度很尷尬
D	汐止劉德華私房景點
C	服務還不錯
D	細爪龍服務親切
D	服務好
D	食材還是不錯的
D	細爪龍/讚讚/加薪
D	肉超級多/
D	服務態度超讚/我喜歡這裡的服務/超多/
D	好吃服務又好
D	料多服務好
D	好吃服務好
D	服務食材佳
D	服務很優
D	讚讚的/不管是餐點還是店員/還有可愛的羽庭店員跟帆帆店員貼心的小服務/
D	角鼻龍好棒棒
C	沒有真的肉多多
D	吃的很開心
D	服務很好/店內服務生帆帆還有主動提供蝦子去殼的服務/麻辣湯底的鴨血很好吃/點肉品套餐還加贈肉盤
D	好吃/服務好
D	超飽
D	帆帆親切美麗可愛
D	不是吃到飽因此沒有時間壓力/可以盡情享受火鍋與飯後的冰淇淋/份量也很足夠/一桌六人都點大盤肉多到桌子擺不下/高麗菜還能免費加量/不用擔心吃不飽
D	三角龍很棒/
D	好吃好飽
D	出肉速度不錯慢快的/服務也都還不錯/湯底有點點鹹了些
D	品質好服務佳
D	超級好吃/
D	服務人員不錯
C	很多果蠅在飛/
D	好吃好吃/環境好
D	好吃服務好
D	帆帆服務非常好/肉也吃到好撐/下次來要來吃一次
D	服務態度很好
D	態度良好
D	很讚
D	服務超好/
C	還行
D	肉多多真讚
D	肉質不錯/
D	家垣服務好
D	新的宵夜好去處
D	肉多多/名副其實/
D	帆帆服務周到
D	份量很夠
D	怎麼那麼好吃/
D	帆帆服務很棒
D	服務一等一
D	讚/
D	服務超好
D	服務態度好
D	嗜鳥龍讚讚
D	好吃又豐富
D	三角龍很棒
D	媁麟服務/
C	品質下滑中
D	服務很好/
D	肉多多我喜歡
D	料多實在
D	味美肉質佳
D	服務很棒/
D	物美價廉
D	服務不錯
D	還不錯
D	服務良好
D	牛逼三角龍
D	服務很好
C	店面較小
D	服務不錯
D	細爪龍/讚讚讚
D	熱血開吃/
D	凡凡服務棒棒
C	超級吵
D	服務很好
D	服務不錯
D	服務不錯
D	餐點好吃
D	美味的火鍋/
D	讚讚讚
C	還好
D	服務跟餐點品質都超棒
D	服務很棒
D	肉果真名不虛傳
D	不錯
C	就是火鍋嘛
D	不錯
D	女兒最愛
C	服務普通
D	有水準的
C	服務差
C	路過
D	吃肉肉補肉肉
D	服務佳
D	服務好
D	上菜很快/
D	食材鮮
D	服務好
D	服務好
D	服務好
D	還可以
D	服務好
D	還不錯
D	服務極好
D	服務好
C	趕客人
C	還不錯
D	服務好
D	角鼻龍服務棒棒的
D	三角龍/
D	/๑/ڡ/๑/
D	環境好
D	謝謝各位
D	好吃好吃/
D	吃鍋感謝
D	肉超多/
D	好地點
D	吃飯嘍/
C	服務態度超差差差差差差差差差差
D	/
D	吃晚飯
D	肉多多/
D	肉很多/吃的很爽/一個人最便宜299/吃到撐
D	肉品很豐盛/吃得超級飽/
C	家人生日慶生/5大一小/餐廳安排擠四人座位/安排地下室環境空間宅小/電話訂位未告知座位問題/現場反應服務人員此問題/服務人員回覆訂位會告知/建議店長自己嘗試座吃感受
D	服務人員認真負責/用餐空間舒適/帶著小孩也能放心用餐的好環境/
D	品質沒問題/地下一樓的用餐區通風較差/如果有人點石頭火鍋湯頭/衣服會全是那個味道
D	每種湯頭都很有特色/肉非常多/可以吃很爽
D	肉真的很多/吃的很撐
D	漂亮乾淨/物有所值/價格公道/我有重訪意向/
D	肉品有誠意/我們點雙人海鮮的套餐/本身不吃牛所以對於牛肉沒辦法分享/但是可以改成豬肉一開始以為只能吃到一種/後來他們是一次來三種肉品份量有夠多/而且肉片不會很薄蠻厚的/吃的出口感的那種/菜盤部分就比較平淡高麗菜非常多一兩樣火鍋料/湯頭我們點石頭跟麻辣/石頭我們點清淡的蔬菜/麻辣的部分屬於麻而已不會很辣/後來上的海鮮非常新鮮/即使吃乾貝也不會吃到那種很噁心的味道/螃蟹也很鮮甜不知道是不是那隻發育不良那個/肉很少/蝦子魚就不用多說了/有自助的飲料還有冰淇淋可以使用喔/整體來說/肉品海鮮真的給的很滿意/湯頭的部分比較普通/整體份量很多其實後來我們菜盤根本吃不太下幾乎硬塞/更不用說我們後來換的泡麵連煮都沒煮/價錢普通貴一點/至少吃完不會有空虛感/上菜速度快服務好坐位乾淨/一群人來挑戰暴龍海鮮船或許很不錯喔/
D	老實說/不是風扇的愛好者/而且火鍋本身還可以/但是卻有很多肉/因此/如果您是蛋白質愛好者/那麼這可能就是您想要去的地方之一/
D	肉肉多多就是好吃/菜菜多多就是舒服/
D	打卡送肉/好吃/
D	麻辣好吃/
D	肉真的很多/吃到打嗝/
D	首先/這是一家bu鍋風格餐廳的連鎖店/側重於豐富餐點/我是由於一個生日活動而來的/他們確實有一個生日要約/一塊蛋糕/其次/我確實選擇比蔬菜菜更多的飯菜/我們花了1400新台幣買了兩份海鮮和豬肉雞肉的套餐/我們還建議我們選擇共用石鍋而不是元陽鍋/食物很好/真的很愉快/我們被提醒當晚/在預訂前的那個晚上沒有廁所/最後/我們被提醒/晚餐每次參加只能提供90分鐘/如果您確實希望人們有更多的訂單/那我感到不公平/您怎麼能在不優雅進餐的情況下將進食時間限制在僅90分鐘之內/實際上/我們沒有喝太多酒以避免去休息室/
D	店家人很好/食材也很好/
D	我來這裡是因為附近12/Hotpot的等待時間很長/價格並不便宜/但我對此感到滿意/在衛生方面有點差嗎/
D	好吃/一直吃/
D	每次都很便宜的吃到吐/
D	上菜很快/都不用等/
D	可以一直吃菜很棒/
D	好吃/俗又大碗/
D	肉超多多/又好吃/CP值高/
D	好吃cp值高/
D	便宜肉多好吃/
D	一個友好的店員給了我最好的英語/就像商店的名字一樣/它和一杯肉很好吃/如果我再次去台灣/我想再去這裡/
D	好吃/CP值高/
D	肉真的多又好吃/去第四次了/
D	很好吃/
D	肉多多/肉多/好吃/
D	口味很棒/肉很多哈哈/
D	我不懂日語/但店員禮貌用英語解釋/我的肚子已經滿了/真好吃/
D	好吃/
D	真的肉多多/紫婷服物很棒/
D	真棒/
D	好吃/
C	可以/新菜單對我來說真的不是很好/舊菜單要好得多/
C	一樓店面小/要下地下室/廁所不及格/等候區沒冷氣/熱得我中暑/沒刷卡/付現/
D	好吃/肉多多/
D	好吃唷/
D	服務很好/食物n湯都超出預期/我一定會來的/
C	肉不/利/多/
D	肉好多啊/好吃/
D	這家的火鍋蠻特別的/特別是牛奶芝士湯/不錯/就是不能喝太多/帆帆的介紹不錯/
D	很好吃/
D	好吃/
D	超棒/
D	好吃/
D	我要去的火鍋店/
D	好吃美味/
D	好吃肉多多/
D	新鮮食材又好吃再加上帆帆服務不錯/
D	真的是肉多多/
D	好吃/
D	好吃/
D	肉多多好好吃/
