D	整體還不錯/菜盤裡面有兩隻鮮蝦/櫻桃鴨盤也蠻好吃的/一人平均一份主食加湯頭約四五百塊
D	點了胡椒豬肚鍋和干貝鍋都很/好/喝/肉的品質也不錯/但這家分店服務不是很好/店員不是叫不來就是態度不好/可能是外場人真的太少/但還是會願意再來
D	使用會員點數兌換的贈品/份量等同套餐食材/店家誠意十足/防疫期間/除四人座位採梅花座/取用飲料/醬料/店家貼心準備拋棄式手套/疫情期間令人較安心/唯一不便/店內廁所僅一間且於二樓/分享方式/三到四人小家庭用餐/兩人小聚/建議食用時機/午餐/晚餐/宵夜時段/飽足度/火鍋主食份量合理/另備有冰淇淋/飲料無限供應/
D	CP值高/烏龍麵是冷凍的麵體煮過就散了/明治冰淇淋是小確幸/櫃檯接待的姊姊可以試著把語速放慢一些/客人聽了會比較舒服/
D	環境乾淨明亮/服務親切/冰跟飲料無限暢飲/原味比石頭鍋好喝/個人覺得不用特別加錢升級石頭鍋/肉質鮮嫩/加Ocard會贈送點數可以免費換肉/
C	一進到店裡沒有詢問是否有來過也沒有介紹菜單也沒有說飲料冰淇淋醬料/也沒有問說有沒有來過也沒有說加入會員的事情/一坐下來菜盤就在桌上/菜盤不是應該等客人坐在位子上才給嗎/菜單都沒介紹就叫我們選湯底/加入會員還是我看到牆壁貼的加入/築間會員/享點數回饋/問貴店店員加入會員可以換什麼東西/跟我說可以換蛤蠣/肉/有十樣你看一下/啊我是要去哪看/客人詢問不是就應該要說出有哪十樣嗎/開始吃之後看到菜盤的青菜這樣爛爛的為啥還要給客人/這樣也要算服務費嗎/只有加湯加湯也沒有稍微擋一下萬一噴到客人呢/本來只想給一顆星/多加一顆星是因為海鮮跟肉/肉很大塊/湯底也不錯/忠孝一店跟新莊店的店員服務態度差很多/新莊店的店員服務態度很好會一一介紹服務很到位/菜盤也不會出現這種爛爛的菜都是新鮮的/
D	微/解封/兩個人做斜對面/去公共區域要帶口罩跟一次性手套/火鍋料也太多/豬血糕跟蟹肉棒是怎麼回事/Jumbo嗎/配料好像比疫情之前多/我們用的點數換蛤蜊跟蝦仁滑/蝦仁滑真的很蝦/每口都有蝦/有amazing/到我/湯頭好喝/肉好吃/料豐富/可以內用真的太好了/對了/廁所還有牙線跟護墊可以使用/So/sweet
D	肉非常的多/麻辣湯很夠味/建議搭配一份鴨血/凍豆腐/因為原本湯底的料實在有點兒少/喜歡附餐可以只選蛋/冰淇淋飲料任吃任喝很加分/
C	覺得這家店/很大的進步空間/用餐過程/我們大概換了二次餐具/都是因為看起來沒洗乾淨/店員也幫忙提供新的/但卻沒有好奇為何客人要換/也沒有主動詢問/不知道是見怪不怪/還是警覺性太低/點了梅花豬肉鍋/肉薄/偏柴/梅花豬肉其實本身是個很安全/不容易吃到太硬的/但我就是吃到了/飲料只有奶茶跟蜜桃汁/跟預期火鍋店的雪碧可樂機器/有點落差/以肉質不好/菜盤平庸/忘記拍照/這樣的價位CP值偏低/但由於店員服務還可以/留下二顆星/希望可以改善
D	湯頭特別/醬料也有用心/平價又好吃a首選
D	整體而言環境很乾淨/食材也很新鮮/菜盤內容物也很豐富/疫情期間開放內用店家還提供一次性使用的拋棄手套給顧客取餐使用/相對讓人安心/飯後還有明治冰淇淋可以使用/
D	個人自己的吃法是點原味湯底/沒煮前自己加一點佐料區裡的蒜頭跟沙茶還有辣醬調味/整鍋煮起來就不需要醬了/湯底我只會一開始原味時喝一點/之後就不會喝了/整體服務還不錯/會注意桌面是否要整理/肉類吃起來對我不會分辨的人來說還不錯/哈哈/都放的很可口/
D	菜盤火鍋料可以都換菜/讚讚讚/會員累點可以換餐點/推推服務員態度友善/一個人在櫃檯差點忙不過來的時候/親眼目睹同時帶位/點餐跟結帳三組客人一起卡在櫃檯/也不會語氣不好/非常專業qwqqqq/但希望外場有多餘人力/不然旁觀者看了有點心疼/晚餐時段越晚越多人/冰淇淋很好吃/
D	疫情期間內用兩人坐四人桌斜對角梅花坐/自助區須待口罩/手套
D	加班的好夥伴/點數兌換肉份量超級多/很實惠/湯頭選擇口味很多
D	服務人員很友善/食物好吃/醬料選擇豐富/飲料只有兩種/冰淇淋是明治的/防疫措施完善讓人安心/會想再來/
C	居然沒有石頭鍋/點了最普通的柴魚昆布/結果真的超普通/感覺沒有竹間該有的價值/而且坐在二樓的角落的位子/整個二樓都沒有服務生/等了超久都不能加湯/之後會吃別家分店了
D	湯底和肉的品質都很好/菜盤就有兩隻蝦跟一顆蛤蜊/份量也不少/全部吃完超飽的/醬料部分選擇很多/後來發現直接沾店家特調的香醋醬最對味/冰淇淋提供的是明治的/有8種口味可以選/店員也都很親切/是間讓人感覺很舒服的店/會願意再去下一次/
D	Cp值很高/菜盤還有兩隻小蝦和一個蛤蠣都很新鮮/第一次加入會員5點可以換一份東西以為送的只有幾顆幾片結果是一整盤/那天服務生服務講解也很好
C	星期六我訂12/50分用餐/因為在路上在小塞車/一般預定會為你保留十分鐘/在12/55/還在十分鐘內/店員來電詢問是否還會來用餐/我回答/塞車在路上已經快到了/會繼續去消費用餐/後來到了門口因為下著雨請女友先趕進去/我去停車找位置/結果用餐完畢離開後/才知道女友在進入店面時/被櫃檯的一位年紀頗大感覺像老闆娘的女士當著眾多客戶的面痛罵一頓/意思是指為何沒能在12/50分到/而且言詞態度急不友善/我認為如果延宕超過保留的十分鐘/店家有權利取消此筆預約/這點我十分接受也願意配合/但電話中的詢答/也表明因為塞車會在晚到一點時間/大約晚到5/6分鐘/店員也願意等待/結果讓自己女友在櫃檯處被當眾責罵/試問這樣的態度/身為一個消費者/是否有反應的權利/我並不是花錢就是老大的心態/但為了翻桌率趕時間/對一位女性顧客如此惡劣的態度/試問/誰能忍受/之前長期在其他築間分店用餐/也推薦女友築間的用餐品質/但當天女友用餐情緒明顯低落受到影響/一言不發/我表達這家店面情緒管理及服務態度嚴重不當/用餐期間就如其他的評論一樣/點餐/上餐/加湯等等都明顯沒其他分店的服務水準/請拜託把教育訓練加強/並且做好情緒管理/不然這樣的水平/拖低了築間在火鍋業界的好名聲/
D	很熱門的深夜火鍋店/店家營業時間到凌晨三點/但如果沒有事先訂位/晚餐時間很難臨時有位子/菜盤的份量還好/有些許火鍋料/不過也有蝦子和蛤蠣/算是比較豐富的菜盤/當天點的是綜合海鮮拼盤/份量不少/鮮蚵可以換蛤蠣/不過蛤蠣感覺不是非常新鮮/有好幾個煮不開/或是煮開之後蛤蠣沒甚麼肉小小的/蝦子倒是不錯/大隻而且鮮甜/加入會員可以累積點數/壽星當月會另外多給點數/因此累積到可以換一盤肉/肉盤的份量真的不少/不過肉不是厚切的/煮起來比較薄/附餐可以選麵類或是雞蛋/飲料和冰淇淋無限享用/冰淇淋的品牌是明治/
C	2021/規模已經越來越大/各項服務與各與規定開始企業化/走向瓦城的模式/感覺上過去的很多服務/都不在貼心了/尤其最近推出的熟食餐/名義上是防疫下的方便與服務/但是吃了幾次/應該以後不會再點了/服務人員的對話方式已經完全跟瓦城一模一樣了/這是公司規定/公司這樣/未來那樣/餐飲企業化不得不的現象/2018/04/今天沒看到/那個爆雷服務人員/竟然發現他們的肉有重組肉/餐點品質ok/蛤蜊/真的有大/有鮮/蝦子也Q彈/好剝/二樓男服務生/態度很客氣/資深的女主管/也是客氣/對其他桌小孩/更是親切/今天/我們併桌/但是他們菜送錯順序/後來要補副餐給我們/但/我們吃夠就好/沒有要了/跟他們婉謝/畢竟周日忙/我們可以體會/醬料區/香菜/有些黑/爛的/要注意/PS/老實說菜盤的生鮮香菇豆類製品還有杏鮑菇/常常都沒吃/可惜也浪費/如果可以退掉/這樣餐廳也可省錢/錢不用退給客人了/PS2/好幾個月沒來/換瓷碗了/衛生/質感/提升了/PS3/有點昏倒/女主管過來說/樓下的冰品不一樣/可以試試看/跟我老婆說/你常來吃我有印象/有點哭笑不得/一般來說/這裡的服務人員態度都很親切/對小孩子也很客氣/真的先前遇到的爆雷服務人員/真太誇張了/不堪回首的記憶/2018/10/11/這次服務一星/餐點四星/一個女性服務態度非常差/我們兩大一小/要我們坐兩個人位置/明明現場有其他空位/而且其他有小孩的也坐4人座/非要生氣了/大聲講話才願意給你4人座/我能體會餐飲都是想要高的周轉率/換桌率/問題是/我是事先訂位/而且每次用餐/我們都一個小時就吃完/點的餐點絕對不會少/雖然過去用餐經驗不錯/但是完全能體會為何有些好的店家/會有一顆新的評價/因為服務人員的流動性/跟素質不一/當你遇到差的服務人員/就算再好的餐廳/也是令人反感/以後若再看到那人/不想再來了/2018/07/今天給5星/是針對服務態度/主要是店長真的有用心在注意客人跟小孩/小孩筷子掉在地上/竟然只有在3秒鐘內/就送上新筷子/這種經歷這輩子只有在鼎泰豐有遇到/更何況今天幾乎是客滿的/火鍋的湯不夠的時候也主動加湯/真的服務好/而且這間餐廳有一樓二樓都有提供冰淇淋/服務人員主動告知你/兩邊的口味不一樣都可以試試看/真的讓我非常驚訝/另外/廁所也有保持乾淨/第一次上廁擦手紙用完了/要離開的時候/又去廁所洗手發現馬上就補了擦手紙/在餐點跟菜色方面/個人覺得也有一定水準/肉品也無腥味/而且上菜時/肉幾乎看起來是冷藏/馬上就可以涮/另外/蒸煮麵/好吃/老實說今天是我第二次來/第一次的經歷已經忘了/今天不錯/整體有4星/
C	餐點沒問題/但我不知道服務生是不是數學有問題/還是怎麼樣的/我們五個人點了五個鍋那怎麼會只有四個附餐/三個人點飯一個人烏龍麵一個人王子麵/有人多單點了一顆蛋/結果上桌只有2碗飯一顆蛋跟兩份麵/我們跟服務生確認/他說我們只有點兩碗飯/有一個附餐是點蛋/我們想想可能是點餐的時候/沒有沒有把加點的東西跟櫃台說清楚/所以我們跟服務生說再加點一碗飯/結果付錢的時候加點的東西變成了一碗飯跟一顆蛋/我不知道什麼環節出錯了/也不是不願意付加點的錢/但最後在櫃檯的時候我們提出了這件事/但櫃檯一直跟我們跳針說/單據上就是顯示多加點了一碗飯跟蛋/那我們也不打算吵了/那個加點的錢也不過幾十塊/只不過這次的用餐體驗真的不好/
D	昨天首次外帶回家吃/服務親切/包裝食材皆用心/超推/全家在家吃更自在好吃/
C	平日晚餐6/30用餐/二樓三組客人/不忙碌/兩次加湯都是我自己加/不明白為何要付服務費
C	11/23/晚上11/左右去用餐/一個女店員態度超爛/點餐時有疑問詢問他愛理不理/想說算了那直接點/他又用很差的口氣叫我等一下/好像我欠他錢一樣/真是奇怪/有人逼你來上班嗎/吃到一半要加湯時/也是一副吊兒郎當樣/倒湯時拿很高手也不遮一下/一大沱湯直接噴出來/全部給我噴在生肉盤裡面/真是令我哭笑不得/幸好當時朋友幫忙反應/他才說要幫我換一盤/吃了20年火鍋/第一次看到店員加湯加到湯會飛/真的很難相信他是不小心的/我不知道他的名字/就是當天在二樓一直走來走去臉很臭的女生/希望店家可以幫忙處理這個店員的問題/我相信不是只有我覺得他的態度真的很不好/這個女店員看起來就不想幫忙加湯/問他能不能自己去加/他竟然回我/制服要不要也給你穿/請問我跟你很熟嗎/這是玩笑話嗎/開這個玩笑適當嗎/態度真的令人髮指/希望貴店能留意一下這個問題/不要讓一顆老鼠屎壞了一鍋粥/食物還是挺好吃的/以上句句屬實/絕無虛假/二樓有監視器的話應該也有拍到他加湯的畫面/謝謝/
C	一入座菜盤就放在桌上/其中一個菜盤的芋頭很像凍壞/告知服務人員後就幫我們換一個新的/麻辣湯裡忘記放鴨血/奶香味道也比較淡/點了湯底/牛髓/發現跟之前吃的完全不一樣/味道非常淡非常明顯/我們這桌兩鍋都是這樣/後來也很不好意思的跟服務人員告知/問說是不是比例有加錯/結果服務人員聽完後也沒和我說什麼/直接用call機告知/7桌說他們的牛髓味道很淡/後來就說要幫我們換一鍋/態度蠻冷淡的/感覺好像也有點不耐煩吧/告知要加湯/一句話也沒說/吃到一半發現牆壁有一隻蟑螂/之前吃別間餐點品質/服務態度都不可能這樣/我吃過很多次/但朋友是第一次吃的/我還一直推薦築間/但這種品質他們也覺得很普通/感受非常差/完全不會想再來這間了/
C	中等的火鍋/菜盤普普通通/但一流的營業時間/這種等級的火鍋竟然有營業到凌晨/4/點/如果晚上臨時想吃火鍋/搭配立頓飲料機喝到飽/冰淇淋吃到飽/這邊會是一個不錯的選擇/至於這次點的嫩羊肩的口感稍微硬了點/還是喜歡其他部位可以入口即化的無負擔爽感/主餐除了麵/飯也可以換蛋/宵夜想減輕負擔還是想吃火鍋的話/蛋是一個很棒的選項/油條真的是稍微老了點/還是比較喜歡酥脆口感的油條/另外湯底部分/牛奶湯底還不錯喝/整體來說我認為口味尚可/但/CP/值偏低/但是是火鍋宵夜的好選項/
D	海鮮很新鮮/菜盤份量足夠/有明治冰淇淋/牛奶湯頭蠻好喝的/整份吃下來超級飽/會員還可以積點換肉或海鮮/讚讚
D	肉質鮮美好吃/菜盤也很豐富/菜盤的蝦子也很新鮮/麻辣鍋個人覺得辣度很夠味/附贈的明治冰淇淋口味多也都很滿/唯一小缺點/店內味道很重/會沾味道那種/
C	菜盤尚可/湯裡的豆腐好像是凍豆腐/味道尚可/冰有8種但不太好挖/飲料只有兩種/上下樓都2種/蠻特別的沒有汽水/屬中高價位的鍋店/服務人員很常去櫃檯/要找人不容易/裝潢死角剛好/用餐90分鐘/點了板腱牛是有帶筋的牛肉/朋友吃牛奶鍋不推/一上桌剛滾就油水分離了/要小心煮不然就變清湯加豆花了/廁所蠻特別的很多掃具/如果不小心弄髒了可以直接幫店家清一下喲/也有貼心小物提供使用/廁所在2樓/還可以沒有太多飲料可以喝不會一直廁所/首推醬料台/很棒滿分/最滿意的部分/裝潢還不錯/天花板/待加油/記憶點是有的/但應該不會在特別去吃了/
D	好吃/服務態度也很好/
C	餐點還還可以/肉盤和菜盤都很新鮮/但是服務有待加強/餐點我們是已經吃到後面在吃冰/服務人員在整理桌上盤子時將上方的水灑到桌子上/桌上水也沒有擦也是收拾到一半/就沒有在來處理後面/導致把我同事的手機弄濕了/對於服務這塊希望可以多加強服務
C	一直都蠻喜歡吃築間的/但這一間真的讓人一星都不想給/1/肉的品質很差/有點碎碎的是要怎麼吃/其他間都是完好一整片的/2/冰淇淋看起來好像快融化一樣/不知道是冰淇淋還是奶昔/3/員工把工作的地方當玩樂場所/拿東西給同事用丟的/就在客人面前丟/都不怕丟到客人/還重複丟了好幾次/吃飯的場所在那邊嘻嘻鬧鬧的/素質極差/
C	人生第一次用餐經驗非常差/期許教育訓練有待加強/這次經驗是4人去用餐/接待服務人員待位不錯/但桌邊服務人員教育有待加強/點餐時是分開點餐/當下有位點餐時人員未告知白飯可免費加雞油/後來告知友人後即請桌邊服務人員請她幫忙加一下/當下服務人員聽到後/翻了明顯白眼/即回覆稍等一下/因為同桌4人都有看到翻白眼的表情/也不是一人感受/所以不知道翻那個白眼是什麼意思/要翻白眼不是不行至少不要當著客人的面前吧/觀感極差
C	疫情前很常來/點數還累積到了60幾點/這次來裡面人員都不一樣/每個態度都比爛的/做了10分鐘還沒有菜單/以前認為築間是高質感的火鍋店/現在叫我來我真的不會再來了/我不知道只有這間這樣還是每間都這樣/石頭鍋也沒了/小肥牛也沒了/全部都變相加價/真的很失望/
D	我同學都說火鍋好吃/蝦滑讚
D	好吃/先選湯頭/點了主菜海鮮總匯食材新鮮/佐料有多樣選擇/提供日式明治冰淇淋有8總口味好吃又不膩口/店長主動幫忙加湯/服務熱忱/態度謙卑/難怪人家會成功/
D	每個月都會去吃一回/服務人員都年輕活力又熱情/雖然很忙/還是盡量保持笑容/
C	空間座位寬敞/桌上還有附小垃圾桶/可以保持乾淨/食物份量蠻多的/唯一覺得自己點的魚有奇怪的味道讓我不敢吃/但店家也有表示會再注意食材/補給了一張食材兌換券/另外/我是一般湯底/不曉得是不是因為有加白菜的關係/覺得湯好像甜甜的/我個人不愛火鍋甜甜的啦/
D	服務品質很優良/鍋的份量也足夠/菜盤還蠻豐富的/醬料有一款牛逼醬/推薦可以嘗試看看/那天很可惜鴨血還沒有好/下次去再點來吃吃看/另一份鍋是點老饕牛/是石頭火鍋的煮法/炒完非常香/但我覺得肉質較韌/
C	公司在附近/固定就去聚餐/但第一次聽到用餐竟然一小時/我就問/生的東西要煮熟還那麼燙/一個小時是怎麼吃/還不時來催促/說有客人訂位了/但明明旁邊完全沒有人坐/很緊張的狀態下/東西都直接打包因為根本沒有時間讓人好好的吃/服務員們的雙眼盯的讓人發寒/只好打包和同事坐在外面吃和聊天/老半天才看有兩個人進去/所以所謂的有人訂位是在哈嘍/去那麼多次都沒有這樣過啊/反正很不愉快的一次經驗/之後也黑名單不會再前往/
C	今天晚上來用餐/不知道是不是在趕翻桌/一進店坐下來還沒點餐就送上菜盤/用餐的時候櫃檯手機響了一陣子/麻辣火鍋都快沒湯了外場卻一個人都沒有/吃過這麼多間築間/這間的服務可以在更好/收取了服務費卻沒被服務的感覺/
D	宵夜好夥伴/但不要坐在清楚可視內場的座位/我是不在意菜盤上那隻蝦跟那顆蛤蠣放在黑推車上超過30分啦/腸胃敏感的人能不能接受就不曉得ㄌ/
C	菜盤給的菜都蠻漂亮的/用餐環境整潔/服務態度也不錯/廁所也清潔得很乾淨/但整體c/p值有點偏低/價錢有些許略高/藥膳湯頭要加價80元覺得很不值得/如果稍微便宜一點會給到四顆星/
D	服務很好/加湯都很快速/原本看評論還在猶豫/到現場後覺得很棒/食材很新鮮/跟台中的一樣美味/列入口袋名單/棒棒
C	要不是一定要給星/我連一星都不想給/品質跟其他間店差的真的不只一點/這個就算了/畢竟麥當勞我都買到難吃的分店過/今天跟朋友去吃飯去吃飯/6/30入座/用餐時間90分鐘/我跟我朋友坐到7/30還在吃東西/服務員走過來跟我們說/不好意思下一桌定位客人7/50要入座/是在哈囉/我們6/30入座不是應該吃到8/00嗎/你們自己座位時間排的有問題反倒是過來趕客人/我吃過那麼多家築間沒有一間是這樣的/吃東西吃到一半被趕著離場/感覺真的很不好
C	這間是我吃過3間築間分店當中最差的/濕度太重導致地板潮濕不舒服/服務人員非常被動/不夠機靈/味道普通/可接受/
C	蠻普通的火鍋店/預定時說遲到不保留/但準時到卻又讓有預定的客人站在外面一直等/上餐一直漏也是最主要讓人感受不太好的部分/菜盤換肉/一小時才上餐/主動跟店員說/只得到出單機有問題的回覆/天曉得我東西沒來跟我講這個幹嘛/完全沒理我/直到跟另一位店員說才補上/後來點數換的蛤蜊也到同桌都吃完了還沒上/二樓根本沒有店員可以詢問/跑到一樓跟櫃台說/男店員很迅速幫忙補上還多給了一些/處理很迅速確實讓人感受好很多/嗯/就店員的專業能力差異蠻大的/好好的要來幫忙家人慶生/結果花一堆時間在找店員/等餐/應該不會再來/
D	份量很夠霜降牛肉質驚艷好吃/加會員還能馬上換海鮮或肉品/換的量跟單點量一樣多很有誠意/服務的店員超熱情/結帳還主動問要不要明細/建議先訂位唷
C	蔡非常/菜非常不新鮮/這是夜市以下的品質吧/二樓用餐空調很差/吃完都被隔壁的鍋熱到/非常之不推/而且飲料也只有兩種/有其他更好的選擇
D	服務人員人超好/特別是這麼冷的天氣/在門口讓我們進來取暖的那位天使
D	常常需要排隊/建議事先訂位/服務態度還滿看運氣/有遇過雖然很忙但服務還是很好的/當然也有遇過很兇的/食材部分滿新鮮的/菜盤份量多/也可以客製搭配這點滿好的/另外有多種醬料可以選擇/還有飲料跟冰淇淋可以無限吃/可以吃飽而且是很飽/很飽/但吃完身上也會很臭/很臭/食物/價格/服務/清潔/環保/
D	牛奶香菇鍋不錯/肉質新鮮但價格有點高/冰淇淋好吃/友人的爐子一直感應不良沒辦法加熱/店員服務是好的但有點忘東忘西/
C	吃很多次/今天晚上一樓冷氣不涼就算了/剛剛8/20就被問說下一組客人在外面等了/意思是時間還沒到不能繼續坐著休息/等待同桌上廁所的人/說好的90分鐘呢/提早給你收碗盤不是讓你趕客人的/
C	11/1/第一次來吃築間/有一個短頭髮的實習生女店員/態度非常不佳/板著一張臭臉/點餐的時候就一副吊兒郎當的樣子/讓人有很不好的第一次用餐體驗/希望其他的分店不要也是這種服務態度
C	凌晨1/30左右到這裡用餐/點餐的時候店員告知沒有白飯也沒有烏龍麵/想說用餐的時間晚了也覺得沒關係/下一桌到的時候點餐時候就突然說有還有兩碗白飯/下一桌點餐也突然告知說加入line/會員會送肉盤/在我們這桌點餐的時候也是什麼都沒告知/不是在意優惠/而是在意那個服務的差別待遇/是真的沒有遇過這種差別待遇的服務/下次要吃築間也會選擇別間也不會再是這間
C	到了櫃台跟服務員說明有預約晚上8點20分OOO四位/服務員看了一下記錄確認後竟回我們然後呢/是第一天上班的嗎/用餐環境跟桌邊服務員都不錯/也有準備手套讓我們使用/餐點品質算cp值高
C	築間推出的職人鍋/忠孝一永遠都是賣完的/是不想賣還是/真的令人火大/電話還沒掛就聽到另一個員工說跟他說賣完/加盟店的態度就是這樣嗎/
C	很不友善親子餐廳/今天用餐的時候/只要小孩叫一聲服務員就來/吃的很有壓力/非常不愉快的用餐經驗
C	12/25/晚上某位女性店員態度很差/不想上班的話建議離職/客人沒有欠妳什麼
D	推薦泰奶冰很好吃
D	好吃/價位偏高/位置較少建議先訂位/內用有自助飲料吧及明治冰淇淋/口味多種/限時一個半小時/須注意用餐時間
C	平日凌晨一點被告知現場要等兩小時/明明就有位子也沒有其他客人排隊/很明顯就是能接但不想接打槍客人的話術/貴公司老闆真的要好好整頓一下/你的員工根本不想幫你賺錢
C	108/08/07/實際用餐感受/各項餐點和服務其實都還可以/但很受不了在處理/石頭火鍋/爆炒時的那個油煙味/這次的座位位置在二樓/一樓狀況也類似/一鍋就算了/一但兩鍋三鍋四鍋陸續來時/那個油煙味嚴重到我女友引發過敏/造成無法換氣/以致草草吃完快速離開/離開結帳時/跟櫃檯反應也是一副無所謂的態度/在此強烈建議店家/要嘛請停賣有油煙的商品/要嘛請加強你們的排煙設備/在改善你們的排煙狀態之前/是沒辦法再去了/住在附近的客人留/
C	用餐到一半大蟑螂從桌邊爬出來/告知店家完全沒有任何表示/感受不佳
D	每一間築間都值得五星評價/價格平價食材也算新鮮/鍋底選擇與呈現也是比一般火鍋店來得實在
C	爛透了/有訂位/到現場跟我說沒訂到位/只能併桌/服務也沒到很好
D	吃完會幸福的一家店/服務人員親切/食材新鮮/醬料會即時補齊/常吃就像自家餐廳方便/戒澱粉的好選擇
D	昨天凌晨去現場詢問/需等候50分鐘/後來在門口/隔壁轉角/準備要離開/店員跑出來找到我們表示/訂位客人取消/可以用餐/謝謝
D	因爲疫情關係/好久沒吃到築間/今天再度過來光顧/口味多了好多/還有/油拌飯/ᴗ/
D	外帶/999/4人餐/食材新鮮/品項多/加入Ocard築間會員/累計消費點數/內用時4鍋可換4樣5點的食材/外帶就只能換1種/湯頭濃郁/可分2餐使用/煮食時/冷水稀釋/醬料/沙茶醬/蒜頭末/辣椒末/調味醬汁皆量多/保持乾淨入冷藏/炒飯/冷飯/調味醬汁/讓硬飯粒變軟又添風味/炒菜/沙茶醬/好吃/外帶套餐另/400明治冰淇淋1桶/4L/刷linepay/可積linepoint/點數/
D	吃了好多年/品質很穩定/建議要先訂位/即使一人來用餐/服務人員一樣很熱心/
D	平價又好吃/使用優惠券兌換的產品也不馬虎/嗎推薦給喜歡吃鍋的人/但用餐時段真的好多人XD/
C	真的很失望/吃過的築間中這裡真的很差肉比別家小很多店員又藉口一堆/如果是喜歡築間的肉和服務品質/奉勸各位可以去找別家吃
D	最近在推會員制/非常方便/手機帶在身上不怕兌換卷沒帶/280元的梅花豬再用兌換卷換鯛魚好滿足/重點是兌換的份量跟單點一樣/吃得太爽啦/9/14/2樓的兩位男性服務人員也非常親切/店家之前帶位方式會讓2人用餐時感到不太舒服/共桌要坐同一側/火鍋的菜盤及肉盤又很大常常會不小心碰到及對到眼/不知道現在還一不一樣/如果改了我願意常來/所以建議要來且怕尷尬的朋友/詢問座位時別忘了特別多問一下有沒有兩人位/
D	之前在台中吃牛奶鍋很不好吃/在這裏吃的正常而且很香/不過每次吃完身上味道都很重/份量很多/而且肉質還不錯/每次都會吃很飽/還有免費明治冰淇淋/滿五百會送肉券/吃起來很划算/
C	食材是不錯還有明治冰淇淋/但我們被安排在店內最深的位置/吃火鍋已經很熱/空調還不夠強/熱上加熱實在受不了/走到門口結帳區又爆涼爽/溫差有夠誇張/不會再來了/
D	好吃/這個服務生態度超好的/完全不像農安店的店長那樣不耐煩的口氣和態度/幾乎竹間的分店都去過/從沒遇到農安店那種態度/心想是否那裡的地段比較高檔是嗎/
D	/
C	晚上9/10過去/說要到10/10才會有位置/會電話通知/直到10/40都沒有打電話/直接餓肚子/到隔天也都沒有收到任何電話/直接被放生
D	肉非常新鮮好吃/擺盤也非常美和有份量/搭配湯頭也有多樣價位可供選擇/應該都可以找到適合自己的餐點/用餐環境舒適/雖然兩層樓但座位不算多/餐期如果沒有先訂位容易客滿要等/石頭火鍋服務生會現場爆炒香料麻油後再開始注入高湯/非常香/但店內排煙設備不好/點這湯頭要有滿身甚至鄰桌都聞到油煙的心理準備/點過一次有點承受不起/店內吃到滿足為止的明治冰淇淋一二樓口味沒有重複/大概有16種/記得留點肚子享用/整體來說服務生態度也很好/當然不小心翹二郎腿自撞桌面下方電磁爐埋設處木盒割傷流血/店員很主動詢問協助提供藥品協助/用餐環境與餐點俱佳/目前已短期造訪兩次/
D	二樓服務人員態度良好/佩娟/還貼心提醒/要先把油撈掉在喝湯才順口/會回來一吃再吃的店/
C	餐點不錯/服務不差/一樓位置較窄/乾淨不佳/地板油膩/醬碟/筷子不乾淨明顯油污未洗淨/
C	怎麼打電話都不接/實際到現場員工忙著收拾/打烊時間都還沒到/不接電話又不收客/那不如不要開這麼晚吧/
C	10/12打了31通話/加我朋友打了2/3通電話/都不接/我能體諒很忙有時候可能接不到/但我從11點半打到晚上都沒接/我覺得有點誇張/希望可以改進
D	我們打電話訂位後也準時到了/但是服務生說前一組客人還在用餐而且是長輩就請我們再稍等一下/我們就接受了/結果一等就等了20分鐘/我去跟店員反應/後來又等了5/10分鐘才換我們/真的等到心情很差/因為訂位的時候還被叮嚀說一定要準時到/我們準時到了還等了快半小時/那感覺訂位也沒啥用啊/但後來店員是蠻有誠意的要補償我們/給了我們一人一張七選兌換券/一人可以選上面其中一樣主菜/本來以為會是蠻小份的/結果是正常的份量/所以就覺得這個補償蠻有誠意很不錯/菜盤比一般火鍋店的菜盤還要好/種類多/然後不會都是一堆火鍋料那樣/主菜的部分/豬肉很有嚼勁/不會很油很肥的感覺/很推/雞肉很嫩很好吃/魚還好/蛤蜊一般/蝦很不推/比一般在喜宴時會出現的蝦子的大小還要小/而且煮熟後每隻的顏色還有深有淺/煮的時間一樣/就感覺有點奇怪/有幾隻剝殼很難撥/感覺是沒很新鮮才會這樣/吃起來是沒怎樣而且我們吃完都沒拉肚子/反正就是蝦的品質有待加強/飲料部分/熱茶非常好喝/而且真的很熱很溫暖/奶茶好喝/冰淇淋是明治的/口味非常多/一二樓的口味都不一樣/很不錯/醬料也蠻多選擇
D	無論你選擇什麼樣的主餐/強烈推薦一定要點石頭湯底/服務人員會在桌邊替你把洋蔥和大蒜用麻油炒香/最後再注入高湯/湯頭非常鮮甜/甜點是明治冰淇淋/一二樓的口味不同選擇很多/是會讓人想再來光顧的好吃店家/下圖為350元的魚片鍋/
C	位子狹小/隔板一擋根本無法按熱度/旁邊檯子也都灰塵吃的時候都怕飄下來/送的優惠券說沒期限回去一看蓋著有效期限是兩個月前的日期/餐點cp值算高
D	疫情後平日晚上10點人偏少/你各位還不去吃爆
D	環境乾淨/食材新鮮/服務態度也很好/很推薦朋友可以來吃看看/
D	非常適合全家大小一起聚餐/記得要訂位喔要不然會在門口等很久/服務人員非常的親切食材也很新鮮是一個吃海鮮的好地方
D	東西很好吃價錢很便宜/而且服務人員遇到少部分刁難的客人態度還是很好真的很厲害
D	廁所有放生理用品/貼心到爆/讓我能繼續安心的吃完晚餐/讚
C	一直以來都很喜歡築間/也覺得是目前火鍋店的首選/昨天到餐廳用餐/一樓接待人員是很客氣/但入席後安排2樓座位/看起來這樓層似乎只有一名服務人員/或許因為客人較多所以服務態度上並沒有太好/點完餐後上湯/湯鍋裡黑黑一塊塊的是鍋子燒焦未刷乾淨的殘渣/向服務人員反應後/只說/稍等一下/然後端上一鍋新的湯就走掉了/或許是因為人手不足服務人員才失常/還是希望能恢復到平常那樣的水準/至於湯鍋內的異物/是關於食安問題還希望能更加謹慎/
D	店員很好笑哈哈哈哈/服務很好喔
D	東西好吃/服務親切/CP值高/副餐料多/主餐豐富
D	沒有太驚艷的感覺/蠻一般的小火鍋
C	我吃過最爛的築間/大家不要來吃這間/其他間比較讚
C	電話都一直忙線/要不要把官網的電話先移除掉/或是把電話線修好
D	肉質不錯/海鮮新鮮/結帳後還會送招待券
D	服務態度好/環境乾淨/讚讚
C	牆壁上有蟑螂/店員還不抓/要讓我們自己抓
D	服務很好/上菜速度也很快
D	第二次去吃築間/真的很喜歡奶香鍋/味道很濃郁/而且補湯的時候也是補牛奶不是一般高湯/除了湯底令人印象深刻/餐點的份量也都很大/菜盤裡面還有蝦跟蛤蜊/一般來說很少會有/另外連續兩次都是由二樓的見習服務生/他很貼心服務的也很好/覺得很值得鼓勵/到櫃台結帳時才知道他叫兆群/原本想要幫他寫個顧客意見/但好像沒有特別的管道/所以就來google上面留言/希望店長或是老闆可以看到這種好的員工/是可以替店家加分的/
D	雞腿肉一週只有幾天會進貨/因此要專程去吃雞腿的可能要先致電洽詢/以免撲空/2018/1/1/凌晨經過臨時想吃/結果留下不錯的用餐經驗/推薦點石頭鍋一開始一定要爆香一下/這樣湯頭會更好喝/菜盤提供的配料有些別於其他間/也滿好吃的/雖然雞腿肉沒有特別裝飾/但能吃到就覺得很幸福了/飲料跟冰淇淋一樓二樓都有/分別有不同的口味/唯一缺點就是裡面一樓格局狹長型/加上不通風很悶/也因為這點吃完全身超重火鍋味/這也是唯一的缺點/建議可以要求坐二樓/然後服務人員態度親切/整體還OK/會想再來/
D	牛奶鍋好吃/不過店內有點吵/不適合與友人聚餐聊天
D	肉品還不錯/可惜單鍋鍋底沒有鴛鴦/
C	交通部分/捷運出口步行約3/5分鐘/環境部分/環境清幽整潔/希望加強店員服務態度/再進行訓練/餐點部分/湯頭中規中矩/主食的魚片為冷凍魚片/雞腿肉很新鮮軟嫩/
D	因為在附近上班/下班後很餓要聚餐的首選/吃超飽又有點數可以兌換食物/營業時間也到凌晨/完全不會趕/但是用餐時間排隊要排很久就是了
D	CP值高/份量多/服務也不錯/只是吃完全身都是火鍋味
D	服務非常好也非常親切/食材鮮甜/唯獨空間小/空調弱/建議加強空氣流通/謝謝了/
C	時間還沒有到服務人員就在趕人四點收工/三點東西就收完了/吃一點小時就在那一直趕/服務很差
D	菜盤的料算多/有石頭鍋跟原味鍋可以選擇/還有冰淇淋/飲料/缺點是吃完衣物會有很濃的火鍋味/
D	麻辣湯頭好吃/油煙稍重/食材還算新鮮/明治冰淇淋口味多/內場服務生略少/
D	湯頭和食材都很新鮮/環境也很乾淨/
C	2021/1/非常不好的用餐體驗/除了食物吃起來跟其他分店差不多以外/1/用餐空間狹小/2/服務態度不如其他分店/3/冰淇淋勺有4/5沒入水中/拿取時很噁心/4/板健牛油花整個發黃/我是不知道正不正常/但給人感受很不好/吃了這麼多次築間倒是第一次遇到過油花發黃的肉品/5/玉米筍居然鬚鬚沒拔乾淨/6/菜盤中出現紙片/這一點真讓人無法接受/總之/非常不推薦來這裡用餐/可能築間最近都在推旗下的新品牌/原有的火鍋品質下降了/想來吃的請三思
D	食材新鮮/服務態度好/每次集點通常下次都能再換一盤肉/明治冰淇淋口味多/已經去好幾年了
C	因為都會有把火鍋料換成青菜的習慣/發現這家換成菜之後感覺只是把火鍋料拿掉/並沒有幫我加菜/跟其他家築間的菜量真的差很多/冰淇淋的湯匙沒有流水/不太衛生
D	服務生態度很棒/餐點美味
D	搭配app點數優惠超級划算/還有7/11/ATM優惠卷也很實在/重點是料多新鮮/明治冰淇淋吃到飽等福利/絕對物超所值/
C	真的服務態度負面評論一堆/在廁所上個廁所都可以聽到員工聊天/還說誰在上廁所阿/客人不能上廁所喔/傻眼
D	鍋底讚/服務讚/辛苦了/新年快樂
C	跟其他間分店比起來/差超多/肉很小片/本來要六人桌到了才跟我們說要四個兩個拆開坐/還藉口一堆說什麼/你們位置這樣比較大/六人桌早就被訂走了/築間很好吃但是這家分店真的是爛到爆
D	吃過最豐盛的菜盤/冰淇淋口味超多/人太多服務人員動作都比較急/
C	昨日/11/4/晚上6/30/四人的訂位/一位有準時到場/但其他三位友人有晚到的情形/也知道用餐時間90分鐘/90分鐘過了/也很感謝多給我們時間到120分鐘/現場員工盡職的大聲提醒我們用餐時間已經到了/但尷尬的是桌上的食物就是還沒吃完/畢竟火鍋也是要煮過才能吃/所以就告訴店員可是我們都還沒吃完/但店員持續大聲回覆/可是已經多給你們時間到兩個小時了待會20/30這桌還有訂位/整個僵在那邊/很尷尬/知道要加速/我就到上樓看一下位子的安排/我們的位子在一樓/的確人不少/但是依舊有4人空桌/還有一個怪現象明明有空的兩人桌/卻安排四人桌給兩個人坐/再來大聲提醒還沒吃完時間卻已經到的客戶離開/好奇這是有智慧的安排座位方法嗎/如果時間真的這麼沒有彈性/在幫客戶點餐時就要提醒客戶/不好意思你們點的數量可能會吃超過90分鐘/可能要點少一點/這樣的大聲提醒/這樣就不會有今天這種問題了
D	東西好吃/人員服務不錯/下次會再來
D	好吃的連鎖火鍋/開到凌晨超方便/
C	鍋物覺得還好/小提醒/樓上樓下冰淇淋口味可能不同
C	直營換加盟後/服務素質明顯變差
D	築間不愧是築間/味道跟食材都十分到位/確定是價位確實小貴了點
C	服務態度非常的差/吃個飯不停的來趕客人還說謊/用餐時間明明還有20分鐘/卻說只剩下5分鐘要客人吃快點/還剩10分鐘直接說用餐時間已經到了/下組訂位已經在等/要我們不要耽誤時間/晚上12點店外根本沒人候位/到底是在趕什麼/還是看不懂時間不會算數/講話態度有夠差/吃過所有分店/就這間最差/不會再來消費了/
D	換菜單有不錯的選擇/抽風有點差/環境不錯/但宵夜來坐二樓被告知不能太吵/有專人幫忙弄石頭鍋感覺很好
C	宵夜時段的好夥伴/開到凌晨四點的火鍋店/服務人員態度很好/也沒有人手不足的問題/只是來了好幾次/幾乎每次吃到後面都會被類似切大蒜的燻得眼睛很不舒服/在其他分店沒有發生過類似問題/不知道是不是因為廚房離客人的座位區較近的關係/真的是每去必燻/
C	因為離家近的關係/常常去吃/每次去現場位子超多/但是永遠都是要等/不然就是併桌/偶爾東西不新鮮就算了/這一條路上有三家築間體系的店/我三家都吃過5/6次/但是以後應該不會再去了/對於貴公司安排位子的邏輯/真心看不懂/
D	有生之年吃過最好吃的平價火鍋店/石頭鍋幹你娘超香超好吃/女店員態度親切又長得很可愛/超喜歡整理氣氛跟用餐品質/cp值很高/加入會員可以享用更多好吃的肉品/超愛這家店的/
C	前天跟朋友去吃/三個人吃完晚上都拉肚子/我朋友還拉肚子到隔天/我隔天也尋麻疹/打電話跟他們反應/說會再回電也沒有/感覺很差/海鮮不新鮮/還在我們旁邊桌大量炒石頭鍋/全部都是油煙味/絕對不會再來了/
C	食材不如以前新鮮了/
D	吃過南港店/覺得南港店品質比較高一點/但也不差/一樣好吃
C	板腱牛肉Q甜不膩口/湯頭非日式昆布而是偏台灣人口味的各式口味/青菜蝦子等副餐沒那麼新鮮但算好吃/飯不好吃/飲料冰淇淋普普選擇多/醬料選擇性多/10/11晚上10點近11點人爆滿/建議還是讓客人自己加湯/對桌的客人鍋已見底還不見人服務/牛五花聽對桌客人說不好吃帶筋/還有異物在上面/新會員有送十選一的單點主菜/最便宜的300套餐都是重組肉/此次為初訪/我想我不會再去
D	超愛吃築間/尤其愛來忠孝二店/服務人員超親切/因為我算常客了吧/他們都會記得我要點什麼/夏天和水晶超可愛/真的名字就叫夏天和水晶嗎/應該是小名吧/在忠孝二店用餐就跟在自己家吃飯一樣輕鬆自在/謝謝服務人員的親切和熱情服務/難怪會是我的愛店/
D	來吃生日餐/首加會員就送五點/生日再送五點/選了每五點就可以十選一/牛/豬/羊/雞/蝦/鮮蚵/蛤蠣/潮鯛魚片/花枝滑/蝦仁滑/總共叫了三分/最後消費每100再送一點/下次還會想再來吃/
C	ㄧ個星期去大約去一/兩次/每次都點安格斯牛小排/但8/21星期五晚上去用餐/那天點的是安格斯牛小排/結果來的是比小肥牛還要油的肉片/跟服務生反映/結果不給換/還推說是送肉廠商的問題/肉誰訂的/不可能是肉商自做主張送的吧/結帳時/收錢服務生又問餐點有什麼問題嗎/我也重覆說安格斯牛小排太油了/結果只是喔了一生/沒要處理/到底是問怎樣的啊/問了不處理/不是讓消費者對這家店/更不爽嗎
D	食材新鮮/服務好/氣氛位置偏小
D	料好肉質佳
C	跟貴店店員打電話訂位訂19/00/口頭在電話中向我們確認也是沒有錯/到用餐當天17/30就打來問有沒有要用餐/反應是訂19/00後/說晚點回撥電話/打來說你們店員寫成17/30/要我們等到20/40/因為現場沒位置/服務態度也不算多好/麻煩你們接訂位時加強員工訓練可以/
C	桌上還有一盤肉/用餐時間75分鐘的時候就來趕人/問我們是要東西丟著馬上走人還是打包/當下我一臉傻眼看了一下時間/發現根本還有15分鐘/_/他們就說下一組訂位客人來了/拼翻桌率也不是這樣拼的吧/_/超級糟糕的用餐經驗/很好吃就不計較了/可是/也不是說多好吃/肯定是不會再來第二次ㄉ店
D	真是我的/從小吃到大/品質保證CP值高/十幾年的愛店/時不時就要回訪一下/尤其是蛤蜊真的超好吃/每次都很新鮮/築間的員工訓練真的很好/還會打電話特地確認是否到現場/未來我會繼續支持築間/
D	心中NO/1的火鍋店/服務好/食材新鮮/用點數換東西/會想常去/
D	跟朋友快要吃遍台北築間了/加賴就可以是會員累積點數/消費100一點/5點就可以換肉盤/10/15點可以換更高檔食材/用點數留住客人蠻聰明的/重點也是要好吃/每家品管真的是都做得不錯/難怪生意都蠻好的/尖峰時段建議一定要先預約喔/
D	麻辣湯頭好吃/油煙稍重/食材還算新鮮/明治冰淇淋口味多/內場服務生略少/
D	餐點不錯/用餐完還會給折價卷/還不錯
D	食材新鮮湯頭鮮美/服務人員都很客氣
C	昨日/11/4/晚上6/30/四人的訂位/一位有準時到場/但其他三位友人有晚到的情形/也知道用餐時間90分鐘/90分鐘過了/也很感謝多給我們時間到120分鐘/現場員工盡職的大聲提醒我們用餐時間已經到了/但尷尬的是桌上的食物就是還沒吃完/畢竟火鍋也是要煮過才能吃/所以就告訴店員可是我們都還沒吃完/但店員持續大聲回覆/可是已經多給你們時間到兩個小時了待會20/30這桌還有訂位/整個僵在那邊/很尷尬/知道要加速/我就到上樓看一下位子的安排/我們的位子在一樓/的確人不少/但是依舊有4人空桌/還有一個怪現象明明有空的兩人桌/卻安排四人桌給兩個人坐/再來大聲提醒還沒吃完時間卻已經到的客戶離開/好奇這是有智慧的安排座位方法嗎/如果時間真的這麼沒有彈性/在幫客戶點餐時就要提醒客戶/不好意思你們點的數量可能會吃超過90分鐘/可能要點少一點/這樣的大聲提醒/這樣就不會有今天這種問題了
D	心中NO/1的火鍋店/服務好/食材新鮮/用點數換東西/會想常去/
D	雞腿肉一週只有幾天會進貨/因此要專程去吃雞腿的可能要先致電洽詢/以免撲空/2018/1/1/凌晨經過臨時想吃/結果留下不錯的用餐經驗/推薦點石頭鍋一開始一定要爆香一下/這樣湯頭會更好喝/菜盤提供的配料有些別於其他間/也滿好吃的/雖然雞腿肉沒有特別裝飾/但能吃到就覺得很幸福了/飲料跟冰淇淋一樓二樓都有/分別有不同的口味/唯一缺點就是裡面一樓格局狹長型/加上不通風很悶/也因為這點吃完全身超重火鍋味/這也是唯一的缺點/建議可以要求坐二樓/然後服務人員態度親切/整體還OK/會想再來/
D	超愛吃築間/尤其愛來忠孝二店/服務人員超親切/因為我算常客了吧/他們都會記得我要點什麼/夏天和水晶超可愛/真的名字就叫夏天和水晶嗎/應該是小名吧/在忠孝二店用餐就跟在自己家吃飯一樣輕鬆自在/謝謝服務人員的親切和熱情服務/難怪會是我的愛店/
D	後山埤火鍋店裡最好吃的一家
D	假日人很多需要先訂位/冰淇淋/飲料/醬料自行取用/有提供兒童小座椅放在沙發上/雞腿跟小肥牛肉質不錯
D	這一家店離我住的地點不遠附近火鍋店很多這一家算是有較多食材而且新鮮價位稍高喜歡火鍋可以試試
C	洗好的碗跟醬料碟都是菜渣之外/加湯還要客人叫人來加湯/常常還找不到人這樣收什麼服務費/結帳整個一樓都沒有員工還要我跑進廚房找人幫我結帳
C	以前有來用餐過/印象不錯/於是再度光顧/但菜單已更改過/跟過往差距甚大/食材沒有比較多/價位偏中上/若以這價位及食材/覺得不是很划算/若多一百元/就可吃馬辣鴛鴦頂級火鍋吃到飽/可能因為直營店變成加盟店的原因吧/故此次用餐無拍照/畢竟不會再光臨用餐/
D	從中壢過來台北/第一次來這邊用餐/想說看評價不錯就來了/點了霜降牛/雪花牛/價格還不算太高/偏中等/肉品上的部份很不錯/再裝醬料的時候可能是服務員撞到客人/導致那位客人醬料灑在我衣服上/但服務員真的很貼心的幫我擦/並告知如果有送洗的話/可以跟他們說/接著留下他們店內的名牌/原來服務員是店長/後面因為飯上有一根頭髮/所以幫我換了一碗/並招待他們自製的滷鴨血給我們吃/真的很棒/調製味道不馬虎/鴨血本身都很嫩/總而言之/雖然插曲很多/但服務態度不會讓客人失望/推薦大家可以來用餐看看/我下次有來用餐的話/還蠻想吃看看和牛的/
D	女店員人很好/希望沒有男朋友/
C	排煙設備差/一進去油煙味很重/二樓更嚴重/服務態度差/第一次來沒有介紹也沒有菜單/要菜單還會回嗆/剛拿到菜單在看就一直趕點餐/阿就沒吃過到底在趕什麼/就算人多很忙也不可以這樣吧/菜黃黃的根部黑黑的/不只有我的是這樣/碗不乾淨/用衛生紙擦還會有髒東西卡住/地板很滑/油/感覺隨時都會跌倒/讓人傻眼的是/對別組的客人態度截然不同/第一次的感覺不是特別好/希望可以改進/收盤子記得要看盤子上有沒有/肉的血水/拿過去都滴進我的鍋裡/單手拿會不穩的/幸好我剛好吃完不然我絕對不會再繼續吃的/第一次的差評獻出去了
C	第一次來這間分店/意外的讓人失望/原本以為所有的店應該都有一定的水準/來用餐的時間並沒有很多客人/但是服務人員整個手忙腳亂/我們點雞肉鍋/想把菜盤換成沒有火鍋料只有菜/結果接連2個來問我們是不是吃素食/然後換好的菜盤端上來感覺只是把火鍋料抽掉/並沒有如同服務人員說的會都換成青菜給我們/菜盤少的可憐/吃的過程中/旁邊沒客人的那桌/服務人員一口氣炒了近10鍋的石頭火鍋底/煙霧彌漫/整個油煙味衝鼻而上/我知道服務業不容易也很辛苦/雖然他們態度都很好/但是這樣的服務和餐點品質/真的讓人不會想再來光顧了/
C	這是一個趕人的故事/一進門就被趕/一直提醒用餐時間/我們訂位又沒遲到/店員態度都很差一直趕/很常吃築間/這間態度最差/能成撐場的只有冰淇淋吧/可惜被趕沒吃到/結帳又很久/不想等還讓我們等/我們的時間不是時間嗎
D	第一次吃的時候點了很貴的海鮮鍋/覺得很還好/可能海鮮用煮的有點浪費吧/第二次點中價位牛肉就還不錯/小份的份量也很多/飽到我把副餐的麵換成蛋/不然吃不下/服務人員都滿親切/但是不知是不是半夜人手不足/上次點老佛爺鍋等很久/而且服務生不會時常經過巡視看是否加湯或有其他需求/我還直接跑到櫃檯問/btw/播的歌年代都有點久遠
C	用聽的覺得服務生很熱情/用看的覺得服務生很粗魯/近後山埤捷運站/共兩層樓/位子不多/尖峰時刻若不想久候會需要併桌/兩組2併坐一張四人桌/洗手間在二樓/二樓用餐區很悶/餐點還行/不吃的食材似乎可以更換/聽隔壁桌有向服務人員更換/因店員沒介紹菜單/所以也不清楚/冰淇淋的廠牌是明治的/二層樓都有/分別給兩位服務生各加湯一次/即便都有靠牆讓位以便她們加湯/不過還是讓壺底碰到用餐碗內煮好的食材/壺口的湯大灑到電磁爐電源開關都被關掉了/體諒服務業很辛苦/不過若有小孩一同用餐/誠心建議離席會比較安全/
D	非常細心且專業/很多優惠以及服務都非常貼心引導顧客/沒想到營業到那麼晚還會有同樣至尊的服務/實在難見/非常喜歡/享受/今天載著方眼鏡的男服務員服務態度及專業度極佳/會再去消費的給與200分
D	這一家店離我住的地點不遠附近火鍋店很多這一家算是有較多食材而且新鮮價位稍高喜歡火鍋可以試試
D	來本店用餐很多次了/每次服務都很棒/簡宏菜單介紹詳細/服務也很棒關心加湯/
C	跟朋友聚會/朋友魚片上有髒東西跟毛屑/感覺像掉到地上髒掉又撿起來放在盤上端給客人/如果是你們看到會敢吃嗎/請感同身受/注意食安
C	魚片上有髒東西跟毛屑/感覺像掉到地上髒掉又撿起來放在盤上端給客人/如果是你們看到會敢吃嗎/_/
D	肉片好吃/品質不錯/環境乾淨
C	今天到忠孝一店用餐/我們坐在靠廚房的倒數第二桌/店裡走進去也讓人感覺很舒服/服務員感覺也很好/但是最讓我不能理解的是/雖然加湯這件事聽起來只是小事/但是我就這樣一次/二次/三次看著你們服務員/甚至好像是當天主管/穿白色制服/走過來只問我隔壁那桌的客人要不要加湯/然後問完看你們都是直接轉頭完全不看我們這桌需不需要/到了第四次我這鍋湯都快燒乾了受不了才主動跟你們說/雖然加湯只是小事/但是當下感覺真的不太好/明明都在同一區/不是只需要轉頭就可以問我們了嗎/
C	糟糕只能說非常不行/來吃超多次/每次服務品質不一樣就算了/食材品質也非常糟糕/可以吃蛋餃吃到塑膠紙/太多想講了/只可惜/講了根本沒屁用/因為他們對於顧客的感受/完全無所謂的/服務態度差/真的可以不要出門工作/沒要你畢恭畢敬/但你要搞清楚/這是服務業
C	吃過的築間裡/服務最差的/帶位的時候也沒有說是併桌/入座後才知道是併桌/也沒有隔板擋著/入座沒多久一直問要不要點餐了/點餐時候的態度語氣很差/之後不會想再到這間分店用餐
C	冰淇淋真的很硬/像是沒有誠意要給你吃一樣/跟其他分店比起來體驗較差
D	價格較一般小火鍋店還略高一些/但菜盤和肉片也較精緻些/還有飲料和明治冰淇淋吃到飽/如果搭配消費時會送的七選一兌換券/好像是消費滿/500/會送一張/的話/CP/值會高一點/服務態度感覺得出比一般的店還好/看得出對員工的訓練挺不錯/美中不足的是因為用餐人數眾多/所以會嚴格執行用餐時間限制/應該是/90/分鐘/如果是跟朋友聚餐愛聊天的話就不太適合/有次在二樓用餐/天花板會因為水氣凝結在天花板上而滴水下來/雖然我自己沒被滴到但那次是吃得頗心驚膽跳/但整體來說瑕不掩瑜/
D	宵夜/聊天好選擇/也不會太貴/
D	用料新鮮好吃/服務很好
D	食材湯頭都蠻不錯的/但板翼牛肉片稍薄比較吃不出口感/奶茶好喝/招牌香醋醬沾肉片很對味
D	食材新鮮/湯頭道地/物美價廉/CP值高/值得推薦/集點消費划算
D	營業時間長/東西不錯吃
D	食材美味可口/環境整潔/女店長招呼熱切/
D	整體都超過我的四星水準
C	食材不錯/但服務生太少/導致點餐/上菜速度超慢/去年去吃一次也這樣/看起來是常態性的人少
D	於5/8來吃/服務人員真的讚到沒話說/看到男友手機沒有電超級主動問我們要不要充電/重點是/我們沒有線/他還借我們/太讚啦/真的服務好到沒話說/超級飽/而且其他服務人員也都很客氣/特地大老遠從板橋跑到這吃很值得
C	完全不合口味/肉不好吃/比旁邊的光還糟糕/只剩冰淇淋可贏
C	因為曾經吃鍋別的分店的築間/印象中明明就是我很喜歡的火鍋店/第一次光顧忠孝一店依照慣例點了牛奶鍋/加湯的時候才發現是加清湯/竟然不是加牛奶鍋的湯底/曾經吃過無數次別的分店每家都是加牛奶鍋底/可能是因為每家店的作法不一樣/當光憑這點我就不會再來光顧了/畢竟正常人都會尋求更好的/對吧/
C	退步好多/湯清淡無味如水/肉質也變差/短時間不會想來了
D	深夜班楊璇璇小姊姊態度非常好/完全必須頒給她台北年度餐飲優秀大賞/很認真/愉快的用餐經驗/必須上來讚賞一下/推自家會員Line也很用力/好員工/去過四間築間我最喜歡的一間/
D	築間系列正常水準/不過忠孝一店店面較小/導致桌間距離不大/有很多座位是靠牆的/出入不方便/以至於扣了一顆星/
D	服務人員/態度親切/湯可以一直加到你喝飽飽的/吃不完還可以打包帶回家隔天再繼續煮來吃/第一次吃到這超讚的火鍋店
C	東西不錯吃/不過員工教育真的要加強/油燙到我也忘記道歉/也沒第一時間處理我的燙傷還在繼續爆香石頭火鍋/請幫忙拿個冰塊冰敷也拖拉拉/雖然沒有很嚴重/不過起了水泡就是不爽/資深員工也沒盡到教育的責任
D	服務很棒/餐點好吃
D	喜歡在這裡享受美食/今天訂了約20人位置/店員在前一天事先幫我們統計餐點/並且到了之後有超快出餐速度/從頭到尾態度也很好/真的很喜歡在這裡用餐/而且還有點數可以兌換肉跟許多單點品項/真的很喜歡在這裡用餐/
D	食材新鮮餐點好吃/店員服務態度很好/小芹/貓貓都很親切服務周到/
D	我記得七八年前最早在基隆吃過/後來搬來台北市/台北也有分店了/雖然隨著菜單和價格有變動/調高/鍋物內容是品質有好/現在也有集點換想吃的肉盤/可說是划算/而且營業時間到凌晨4/00/天冷想吃宵夜/此鍋物為首選/
C	訂6點的位/拖到6/40才入座/說是上一組客人晚到/所以他們也沒辦法/電話訂位的時候還強調不保留/結果竟然因為晚到的客人影響準時到的客人/上網看評論發現很多人跟我們一樣的情況/奉勸想去吃築間的大家/考慮看看其他分店/不然就算提前訂位了/還是有可能要等快一個小時喔/一顆星是給好吃的火鍋/
C	在2020/2/17/晚上6點訂位五位/服務生加湯時撒我與朋友外套上/我的外套是會吸水的棉外套/一點一點的咖啡色湯在米色外套上/告知其他服務人員/才遞上許多濕巾紙/灑湯的服務人員/是一位比較福像的女服務員/灑了湯完全沒有注意到/非常糟糕/
D	第一次吃這家/肉/菜/海鮮都好吃份量又大/加會員還再送東西/服務態度也很好/很不錯/
C	等超久說15分有位子結果等了之後要進去又說在10分鐘/樓上不是也有位子嗎/還有就是量體溫時差點被店員絆倒/送餐有點慢/
D	後山埤火鍋店裡最好吃的一家
D	以前吃覺得還好/不知道是換經營者了嗎/東西變好吃/服務也變很好/且每次都能累積點數換一堆肉/幾乎每個月都要吃1/2次
C	肉質好像跟其他家吃起來不太一樣/牛奶鍋加湯加的是一般高湯/其他間分店應該都是加牛奶湯底啊/導致牛奶鍋越吃越清淡/竹間牛奶鍋很好吃但這間分店的牛奶鍋不推
C	服務態度有待改善/用餐的時候發現湯匙很不乾淨/上面有乾掉的髒汙/然後請服務生換一個後依然有/再找他的時候/他把整桶湯匙拿來桌上說/那你幫我挑一個/而且動作也沒有說很小心/就丟桌上/我也沒有故意刁難/就真的沒洗乾淨啊/一店跟二店差蠻多的/真的不會再想去一次一店了/
D	看店員兩人顧兩層/內外場還要收銀/分身乏術到/我們看了都心疼了/假日班一個年輕人還小聲的跟搭班的說/他可以去洗手間嗎/看他再服務兩桌完衝去/這真的超可憐的/By/the/way/食物真的很優質美味/謝謝/
D	菜盤很豐盛/肉的品質及份量都很好/個人喜歡石頭鍋湯底/店裡服務人員會先熱鍋/再用麻油拌炒洋蔥及碎香菇/再加一瓢店家的酱/最後再加湯/真的好喝/
C	今天去吃/ㄧ看又換菜單了/吃完覺得很失望/湯頭變的很普通/從一開始的竹間剛開時去吃/覺得湯頭不錯/東西的品質跟份量也不錯/所以算蠻常去吃的/直到有ㄧ次去吃到覺得湯的味道變了/變的我覺得不太好吃/之後就有很長的一段時間沒再去過/直到有次經過發現改名成築間/於是決定再去吃看看/但因為很怕又喝到不好喝的湯/於是偷偷帶了一個高湯塊打算如果不好吃再丟湯塊/但那ㄧ次很滿意/因為有個海鮮昆布湯我個人很喜歡/所以我的湯塊沒用到XD於是又開始算蠻常光顧新的築間/今天一踏進看見新的菜單/很多的東西都漲價了/雖然餐點的品質還是ok/但昆布湯頭真的讓我感到失望/加上今天醬料區的醬油吃起來太甜/不知道是和風醬油還是ㄧ般的醬油那個有問題/怎麽調都很甜/以前不會這樣/因為築間我真的吃了至少超過10次以上/今天真的覺得湯頭很不ok/至少近期內不會想再去吃了/
C	吃這間也好幾年了/一開始都還不錯/但後期不知是店長換人還是怎樣/越做越退步/做火鍋的湯怕人喝/多給你一咪咪好像施捨一樣/外面買小火鍋湯都比你多/還要被帶眼鏡的女店長酸又沒收你服務費/湯不夠跟沒收服務費有什麼關聯/還是為了嘴而嘴/老客戶不屑再光顧/1
C	晚上10點去消費/服務生收盤子/沒注意把盤子上的冰塊水打翻/灑到我手機桌上都是水/也沒馬上道歉/桌子也沒擦乾淨/這樣的服務態度真的是很不ok/希望貴公司可以多教育/謝謝
D	整體口味/菜盤內容都不錯/但菜單一路吃下來換了好幾次/湯頭品質也有點不穩定/每次喝到的濃淡都不太一樣/碗有時候沒洗乾淨/還會一整片黏黏的/
D	生意真的很/非常好/晚上或者週末去吃記得要訂位/這次去吃是拿了朋友的/加肉券/他說滿500就會送一張/送出來的肉都沒有偷工減料品質也不錯跟主餐的肉是一模一樣/但約300上下可以吃到兩份主餐/吃完再吃一點明治冰淇淋/就夠飽了
C	人手不太夠/整個二樓只有一個服務生/上菜速度極慢/醬料區也很久沒人補/看先前的留言也有這樣的情形/蠻可惜的
D	石頭火鍋湯很有味道/菜盤很豐富/店員推薦的魚餃口感很好很有嚼勁/肉的選擇很多樣化/我點松阪豬/軟硬適中非常好吃/200多塊的價格很親民/CP值高/
C	有用餐時間限制/但是服務人員的動作很慢/點餐要等/上菜很亂也要等/四個人先上三個湯/惟一還沒上湯的先上肉給她/有一點無語/期間請加湯/等了很久/講了三次才來/湯都快乾燒了/只有一樣不用等/用餐時間到了請你離開不等/平心而論/服務人員的態度沒有不好/都很客氣/鍋也好吃/只是一直等/等/等/最後在服務人員提醒只剩5分鐘草草結束/
D	環境跟食材都不錯/CP值佳
C	沒什麼客人也在趕時間/坐下來沒多久就臉臭要快點點餐/男服務生愛理不理/築間就這間千萬別去找罪受
D	服務好/東西也好吃
C	以前來的時候感覺服務不錯/食物量多價格還ok/這次來價格偏高許多/共鍋費高到嚇人來到了600元/碗盤油膩/醬料碗上還有未洗乾淨的醬料/冰淇淋碗/清潔不佳/電磁爐清潔不佳/整體比以往糟糕很多/真的需要再改進了/
D	牛奶鍋真的很讚/每次吃都換不了別的口味/肉品品質也很有水準/喜歡牛奶湯的/非常推薦/
D	服務態度不錯/一二樓的冰淇淋口味不一樣/東西也算好吃/但沒有太多的驚艷/
C	服務態度不佳/整個臉臭/動作慢/教育/員工不需要特地講到大家知道吧/加湯加很少/加錯人就算了/最後還直接倒在不需要加的人的湯/可以理解人手看似不足/但是這樣的服務水平真的需要重視/如果領班因工作太累影響服務品質/店長是否應該重新調整班表人數/畢竟你們是連鎖餐飲/一間店的不及格是會影響整個品牌的觀感/
D	以單點火鍋來說/CP值很高/肉質不錯/菜盤豐盛/冰淇淋好吃/只可惜飲料選項少/
D	這次點的雞肉/蛤蠣/而且菜盤也可以換菜不要火鍋料/不浪費/非常推推/
C	原本很期待來吃/但服務態度真的不是很推/居然還要加收服務費/肉的量跟其他分店比似乎少了一點/還是基隆的好吃/等了很久上去後發現現場空位還是有很多/不知道為什麼要讓客人等那麼久/吃完結束的時候那些位子也還是沒人/讓人感覺有點差/服務生也不會幫忙注意是否要加水/都要走過去跟他說/才會來加/那時也沒很忙/下次不會再來這裡了
D	店內有多道湯底選擇/湯底價位都不同喔/大推石頭湯底/親切的服務妹妹會在桌邊上鍋/將洋蔥/蒜/麻油炒香在加入高湯/香味撲鼻四溢/物料大氣/擺盤精緻/明治冰淇淋/飲料無限供應/最低價位280/10元石頭湯底/10/服務費/小資價位/值得推薦/
D	態度優良/冰品好吃
C	座位狹小這個我勉強接受/地板油油的我也忍著接受了/上菜的順序亂上我也不想計較了/但是那個冷氣真的是會讓人越吃火氣越大/店員整理碗盤跟有仇一樣/乒乒乓乓的跟戰爭一樣/讓人怎吃飯啊/非常的不推薦這家/想受罪就上門討Ｍ吧/
C	用餐時間一個半小時/一頓飯講了4次/催促拼翻桌/吃的很不舒服
D	食材普通/冰淇淋難吃/加會員可以送肉/店員服務態度熱情/把顧客當朋友來款待/可惜服務員數量少/速度偏慢/
C	服務爛/明明就有五六個人員
C	物有所值吧/在臺北這個價位大概能吃到的品質/肉質尚可/但退冰後糊成一團/菜盤豐富/冰淇淋無和飲料可無限取用/味道都不錯/
C	店員態度不佳/一開始提早到還被酸/後來點菜一直催/講話超咄咄逼人/超兇/人手不足/但是上菜速度極慢/上肉還用丟的/媽媽還吃到塑膠袋/但沒有任何表示就說去問到廚房/就消失了/後來回家拉兩天的肚子/生意不錯/人多到店員互相吵架/雖然每個職業都很辛苦/但是也不該發洩在客人身上吧/接完電話罵髒話/實在很不推這家/其他地方的築間就很棒的好吃
C	爛死了/我們訂七點三人/先跟我們說電磁爐壞了只可以開兩鍋/協調後開了三鍋/餐點一直都不上/最後主菜7/28分上菜/我等廁所聽到員工/說/那11桌上菜只晚了一分鐘/就在那邊生氣/我就站在他們看得到的地方/他們也看著我/還是繼續說/重點是我們沒生氣/也沒罵他們/他們這是什麼意思/飯也叫了好多次才上/然後千錯萬錯都是客人的錯嗎/
D	食材新鮮美味的火鍋/消費滿一百元可以集點兌換餐點/可惜吃完身上火鍋味很重/
D	食材很新鮮/湯頭也好喝
C	員工明顯教育訓練不足/蛤蜊沒有處理好/整鍋湯都是黑色的沙/黑到朋友還以為蛤蜊是臭掉的/當時全部菜都丟下去煮一口都還沒吃/就發現湯有沙/通知服務人員/她說幫我換/直接替我把菜放鍋裡可以嗎/想說不要麻煩太多/便說可以/結果送上來鍋裡只有我單點的木耳/還有豆腐/番茄跟杏鮑菇和一些根莖類/我的菜全部不見了/我以為是她會另外補給我/結果朋友詢問我的菜勒/我說不知道可能等一下會另外補一盤吧/當下服務人員聽到/就進廚房很大聲說/剛剛那鍋裡面有菜嗎/因為位置太靠近廚房/我聽到整個傻眼/小姐不是妳把我的鍋端走的嗎/那麼滿一鍋/你看不出來嗎/後來送出來的菜更讓我傻眼/因為菜量根本不到我鍋裡的一半/我的菜一開始是將所有火鍋料都換成菜/所以菜很多/補這種量我也是笑笑的/最火大是結帳的時候/只草草的說/剛剛蛤蜊不好意思喔/就這樣/如果妳要道歉的這麼沒誠意/我寧願不要/第一次吃東西吃到這麼生氣/
C	味道還行/但冰淇淋太硬/服務員感覺臉很臭
C	份量不夠多/適合宵夜而不是吃飽/吃氣氛與晚間小聚會的民眾/廁所乾淨舒服/空間明亮/可以刷國民旅遊卡/且店長親切熱心/但若不是為了刷卡/可能不會推薦給想吃飽或吃到美味鍋物的饕客們/應該不會再去一次/
C	爛斃了/店家服務人員的態度很差/東西不新鮮/鯛魚片薄到透光/告知服務人員/只是把壞掉的材料換掉/並沒有換整鍋新的/調味料部分/既然用完就應該要補/結果/沒有/還回我說/阿就沒有了啊/看/到底這是什麼服務態度/還有/既然是石頭火鍋/不論我們位置坐在哪裡/理應當/服務生不能覺得我坐在裡面/就好像我怎麼會坐在裡面那個位置我讓他很不好作業/還給我/嘖/一聲/到底/是在/嘖/什麼意思的/以後不會再去/很火大/
C	用餐時間1/5時不夠/媽媽年紀大吃得較慢/就在趕客人說時間到了/也因為這樣根本就沒吃完沒喝湯/又不是吃到飽為何要限定時間/吃個晚餐還要吃很感/很不開心
C	半夜12點來吃/等了半小時只有一組人進去/不是沒位置/是老闆太省/員工太少/一堆桌子都沒收/門口一堆人在乾等/吃過其他分店/其他分店很喜歡
D	一流的服務/東西也很好吃/食物的份量十足/足夠一個男生吃飽/湯底製作不馬虎/石頭湯底直接在你面前煮/阿姨親切有活力/食材新鮮/強烈推薦/One/of/the/best/hotpot/in/the/area/Fresh/ingredients/come/at/a/generous/portion/Order/their/stone/original/soup/base/I/recommend/it/
D	店員服務態度很好/食材新鮮/消費滿500元送兌換券/可以換肉品或海鮮/份量不小/非常划算/還有飲料和明治冰淇淋暢飲/非常滿意喔
D	服務非常好/東西好吃/環境很乾淨/讚/
D	想吃宵夜/又想要有舒適的用餐環境/選擇這裡會滿意/每人消費大約350起/一人一鍋/可以做石頭火鍋爆香/肉質鮮嫩/湯底多選擇/好喝/P/s痛風體質/不宜貪喝/小心普林囉/
D	好吃/價位偏高/位置較少建議先訂位/內用有自助飲料吧及明治冰淇淋/口味多種/限時一個半小時/須注意用餐時間
D	牛奶鍋不錯/使用ocard可累積點數/同事很愛來這聚餐/宵夜場時常客滿
C	吃不完而外帶/打開全傻眼/肉是用袋子裝/全部變成一坨是要吃什麼/為何肉片不用盒子裝呢/整個傻眼
D	超級好吃的啦/我最愛吃牛奶鍋/冰淇淋也非常棒
D	好吃/服務人員很熱心
D	這4顆星都是給今天服務我跟老婆的張姓男服務生/服務態度極佳且親切/假日人力似乎不足身為相同服務業替他覺得有些辛苦/不知道是店家排班有問題還是大夜班就是一個人hold住一樓/這種好服務生要好好把握啊/可惜了
D	物美價廉/服務親切/CP值高
D	服務員蠻親切的/湯頭好喝/食材也蠻新鮮的/
C	肉質不錯/可惜菜盤不夠豐富/高麗菜也不多/中等價位/我去這家座位很少/假日或用餐時間最好訂位/
D	這理的湯很好喝哦/煮料也很好吃哦/大家可以來吃吃看哦/她們服務太度也很好
C	超爛的候位機制/18/20現場候位/用餐人數4人排現場候位4號/結果約18/50樓上有六人桌空位/且現場候位號碼也到4號/結果竟然不是詢問我們願不願意併桌/4/2的模式併桌/而是直接讓晚來很多的兩組三人直接入桌/詢問原因竟然是以出入不方便為理由/那請問兩組3個人就方便出入/4/2的狀況就不方便的理由在哪/店家也解釋的不清不楚/這種完全不按照候位順序的爛店/勸各位要吃的時候要考慮
D	個人覺得滿滿新鮮海鮮的海鮮總匯/肉cp值高/2樓凌晨過後不放音樂怕吵到樓上住戶/所以很/安靜/牛奶湯頭香濃/藥膳湯頭算味道適中/人手常常不足/但服務態度都是好的/用餐環境算舒服
C	環境不是很乾淨/菜單看起來很有質感/但餐點一般般/用餐空間擁擠/不會想再去第二次
C	石頭鍋肉會先炒香/整個香氣十足/牛奶鍋味道也不錯/但有些小貴/營業時間長/宵夜族的好地方/
C	平日中午前往/只開一樓座位所以有機會遇到滿位情況/點了素食鍋300/份量還不錯/有免費冰淇淋與飲料/同行朋友說海鮮跟肉品都還不錯/會再來光顧/
D	料多實在/冰淇淋飲料樓上樓下口味都不同/湯頭美味/用料新鮮美味/不定時的超嫩雞腿更是可遇不可求/
D	比較喜歡二樓的座位/但服務生沒有很多/加湯點菜需要等一下/是吃小火鍋的好地方
D	下午肚子餓想吃東西/仍是正常營業時間/很棒
D	料多東西又好吃/而且價錢不貴
D	看樓下好多負評/來這邊平反一下/我兩次去都跟男友共鍋/而且都是晚餐時段/我覺得店家態度都很好/也沒有給我擺臭臉呀/食材不新鮮可以向店家反應/我相信他們也會處理的/消費蠻500送優惠卷/海鮮新鮮又好吃/是我的愛店之一/今天還要再去吃/
D	CP值OK/食材也很新鮮/一定要集點/下次再吃可以兌換/蠻划算的喔/
C	訂位19/30/一直到20/30都無法進去/15分鐘內覺得都可以接受/但等到半小時有點/over/建議未來/如果無法/就不要硬接訂位/
D	服務生小芹貓貓佳佳珮瑄服務良好/餐點也好吃/找他們服務準沒錯
D	服務人員都年輕活力又熱情/雖然很忙/還是盡量保持笑容/
C	空調極差/建議會過敏的人去之前先三思/同行其他三人都覺得眼睛澀澀的/我本身有輕微過敏痛到睜不開/自己鍋關火了隔壁開鍋照樣不舒服/出來時身上都是味道原來我是去燒烤/我還以為是火鍋呢
D	服務人員親切幽默/質量價格相比信義區火鍋店便宜划算/青菜都有挑選過質地佳/肉質好/石頭鍋底只要十元/推薦給火鍋粉試試
D	牛奶鍋還蠻香ㄉ/一堆菇菇/不喜歡吃的人要注意/冰淇淋是明治的/有很多口味不錯吃
D	好好吃服務好好讚/
C	七點半的訂位/讓我們等到快八點/告知前面客人還在吃/那是你們的問題不是我消費者問題/既然客人超時那麼久沒法處理/開店做啥/
D	食材新鮮好吃/擺設很美/
C	訂位時再三確認/一來一回聯絡了三次有/到了現場問我們要不要等樓上位置/但要等一下/我們說好之後等了20分鐘/再跟我們說抱歉樓上有訂位/我們一樣坐在一樓跟別人併位一起吃/比我們晚到的先進去吃/不會再去消費/_/
C	已就座/服務生說有親子客層/習慣坐11桌/結果二個大人是熟客/感覺超不爽的/副餐也忘了送/
C	飲料沒可樂/冰淇淋上下樓才能拿到自己喜歡口味/地板黏
C	服務態度超差/問問題好不耐煩/一開始在外面等了好久/結果一帶位上樓二樓幾乎全空/不知道剛剛在等什麼/另外/點餐時猶豫了一下石頭鍋肉要不要先炒/竟然很不耐煩一直問有沒有來過/真是花錢找罪受嘖嘖
C	這間店以前剛開服務態度超優/東西平價新鮮又好吃/曾經讓我連續一個月幾乎天天報到/相隔很久今天在來吃/因樓下沒位置/必須帶位到樓上/幹部/店員聽到要共鍋/臉爆臭/我覺得今天我不是到你快打烊才來/重點是離打烊時間還很長/如果你不願意接你可以說你沒位置/沒必要擺臭臉/更誇張的是菜盤送上來青菜嚴重水傷爛的可以/這樣的店還需要來吃嗎/
D	問消夜火鍋要去哪吃/絕對會推這裡/不過最近又漲價了/還是很值得吃/他的菜盤大勝其他家火鍋店/
D	一如往常沒在客氣的好吃ㄟ/雖然每次吃完身上都味道ㄟ
D	店員非常熱情/菜單選擇豐富/但店內通風不是很佳/在石頭鍋爆炒後的油煙較薰眼/
D	火鍋可選種類多品質高/服務態度不錯出餐速度可再改善/營業時間長是個適合半夜聚餐或宵夜的好地點/
D	CP值超高/石頭火鍋的湯頭相當夠味/菜盤/主菜也都很精緻/外場人員男的著襯衫/女的著套裝/讓人感覺很整潔/相當推薦
C	麻辣湯頭很普通/魚片不是很新鮮且很硬/價格偏高但是品質普通/
C	價格還可以/過昨晚去吃以前巨蝦真的大現在菜單的巨蝦變草蝦感覺/老實了/下次不會再去點巨蝦煱了/有點受騙感覺/
D	好吃划算/服務親切
C	築間去過很多次了/可是下午三點多根本沒什麼客人還要跟陌生人併桌/很不會為客人著想/以後還是會吃築間/但是不會再去這間分店了
C	牛奶鍋還不錯/但可能生意太好/用餐期間店員一直來說還剩30分鐘/還剩15分鐘的/讓人備感壓力
C	收10/服務費但是沒什麼服務/廚房吵的要死/東摔西摔的/這種價格去火鍋世家還有活海鮮/來這邊東西都死的就算了/要什麼沒什麼/飲料跟水喝完也不會補/不如去旁邊的石二鍋或是火鍋世家
D	從台中到台北/都很喜歡築間/
D	海鮮干貝湯頭不錯
C	不知道服務生是不是剛來的/感覺很差/東西沒介紹好/點菜也沒記清楚/沒介紹完整還跟主管說有完整介紹/睜眼說瞎話/真的很誇張
C	2人非用餐時間卻直接帶位和其他客人併桌坐/應該先詢問客人是否要繼續等待或是能否併桌才對/讓人感覺不受尊重/況且店內也還有2人空位/不知道為何不先帶2人位/可惜了還算不錯的餐點水準/
D	好吃/服務好/
D	好吃/湯頭美味
D	服務人員很可愛/工作很勤奮
D	店員服務很好/用餐過程很棒/唯獨廁所只一間/都得排隊/
D	築間好吃不用話說/雖然有點小貴/但我覺得真的蠻好吃/氣氛也不錯/但人也是蠻多的
D	不知道吃了幾次/
D	東西很新鮮/從來沒吃完過/還能打包一堆/
C	整家店人員素質都有待訓練/一開始候位說不會太久/大家在外面吹風吹了半個多小時才進去一組/進去看裡面有好幾桌空桌/問他還要等多久永遠都說再一下下/人員沒訓練完成不要出來開店好嗎/浪費別人的時間
D	開很晚的一家火鍋店/食材新鮮/肉品部份覺得略薄/服務也很棒喔/
D	建議事先訂位/牛奶鍋底不錯/服務人員也行/但碗盤稍不潔/
D	生意太好造成人手有點不足/所以現場會明顯感到忙亂/最好要對一下點的餐點有沒有漏掉或送錯
C	火鍋一般般/服務人員不夠/有客人帶小孩吵到不行/也沒人處理/太差了/
D	火鍋好好吃/佳佳和小芹服務態度很好/貓貓很聰明/
C	打電話預約/服務員一接起來請我稍等一下/等了4分鐘也沒人來回覆/電話一直在線上/一直聽到電話另一頭結帳帶位的聲音/但就是沒人來回應我/一直空等/應對能力很差/可以採用稍後回電的方式/這樣感受真的很不好/手機打市話也是一個費用/很不好的體驗/也不知道是服務員忘記了這通電話還是故意的/
D	湯底/食材/冰品都好吃/店員態度佳/長的漂亮
D	口味及服務其實相當不錯的/價格也不算高價/只是食材有時候會不太穩定/其他的目前還沒遇到哪裡覺得不滿意的
D	外帶還蠻划算的/推推
D	食材很新鮮/店內裝潢很溫馨/桌椅很舒適/服務員很細心/
D	晚班男服務員親切認真/東西簡單明瞭乾淨衛生/冰淇淋稍微少了點/整體來說是好的
D	服務很好東西好吃
D	半夜吃火鍋的好選擇/生意好/所以不用擔心食材不新鮮/整體服務也都很不錯
D	蝦子新鮮/座位寬敞
D	讚/
D	食材不錯/也滿好吃的/整體環境整潔/但到二樓廁所發現馬桶很髒/看了有點反胃/也不敢使用
D	空間寬敞/附近可以停車
D	冰淇淋超好吃/二樓有不同口味哦/而且會送券/划算/而且不用看日期/每次都吃超飽
D	服務態度是我預見最好的/有一位張小姐熱心服務/讓我只是想吃火鍋就一定要去這間
C	一回說稍等一下/又變/能併桌嗎/不然要等50分/每次吃都1000以上/還要跟別人併桌/無言/態度不喜歡
D	可以深刻的感受到服務人員的熱忱/謝謝他們親切的服務/讓我們有很棒的用餐體驗
D	從預訂位到餐廳的領桌帶位/親切介紹餐點及飲料冰品介紹詳細/很棒/
C	沒遇過這麼爛的服務態度尤其是老闆臭跩臭跩的今天不是因為我們是客人就比較大而是那種我們很紅很多人愛吃的態度讓人無言問有沒有位置說要等很久很久兩小時以上結果等不到20分鐘不想接客人可以直接講用不著這樣
D	服務熱忱/安排座位貼心/為帶寶寶的我/預留大空間/使得舒適度提升/
C	肉量變少且漲價/二樓屋頂有發霉的情形/位子較少/冰淇淋過硬難挖
D	餐點CP值高/需訂位以免沒位置/
D	宵夜首選/可惜我最愛的雪花豬沒有了/
D	調料很多樣/東西好吃/餐後的冰淇淋和飲料也很多變化
C	某曾姓綁馬尾服務人員態度超爛/回答問題超不耐煩/共鍋不能選內側那個位置/否則/服務人員不好加湯/會造成他的困擾/聽到這樣的理由真是令人傻眼/廁所超髒/很難想像廚房的衛生狀況/
C	海鮮/肉都挺鮮的/但是鐵鍋/碗盤/杯子都沒洗乾淨/都必須擦過/燙過/
D	好吃/東西新鮮又豐富/很常會贈送優惠券可以使用/
D	服務好/食材新鮮/真的很好吃/價位超值/下次還會再去
C	鮮度中下/和其他分店品質有落差
D	11/29晚間21/30/23/30用餐/二樓服務員小姐服務良好/下次會再光臨/
D	食材幾乎都很新鮮好吃/火鍋料/青菜/菇類都很棒/值得推薦去吃/
D	好吃的石頭火鍋/每次都會用點數換肉肉/
D	肉盤跟火鍋料水準都不錯/還會送兌換券讓你吃到撐/
D	夏天姊姊服務一級棒
D	推石頭火鍋/好吃/肉也不錯/價格偏高/服務態度普普/人很多用餐時間需等較久
C	請問你們結帳附送的抵用卷日期押過3天就過期/是強自客人在時間內用完餐/
D	吃完之後/會有蠻重的火鍋味/而且石頭鍋有點太油了/吃到最後有點膩
D	2樓服務員有時只有一位/上菜服務都等很久/看得我們都不太好麻煩服務員
D	食材還滿新鮮/偏中價位/座位不多現場要等一段時間
C	湯底要70元補湯為什麼是加一般的高湯水/而且吃的好熱
D	環境乾淨/氣氛舒適
C	碗/盤/湯匙都沒洗乾淨/上菜速度過慢/品質下滑/
C	頭綁馬尾男服務生態度惡劣/明明已有座位整理好了卻不帶位/自顧自繼續做別的事/完全不理會在外等候的客人/宵夜不想收客的樣子/這家已經不只一次服務態度不佳/不會再來/
C	餐點的份量滿豐富的/湯底味道較清淡/可以自己發揮燉湯能力/
D	連鎖火鍋店家/食材新鮮/用餐時間客人很多/建議事先打電話訂位比較不用等太久
D	火鍋料給的很足/湯頭好/CP值很高
C	服務很好/湯料也還不錯/但是不太特殊/無法做出市場區隔
D	食材新鮮/服務態度也很好/重點是對親子很友善的餐廳/值得讚賞
D	量多新鮮好吃/可惜地方不大/冰淇淋1樓2樓不一樣/
D	服務人員非常親切/湯頭好喝/建議要先訂位才不用等太久/
D	好吃的火鍋店/服務人員親切/冰淇淋也很讚/
D	我覺得以其價位來說/還蠻好吃的/不過我是點便宜的/最貴的不知道怎樣
D	環境蠻寬敞的/
C	還可/湯很鹹/但服務人員很親切/湯頭部份可再加強/
D	火鍋好吃份量充足/用餐環境舒服/明治冰淇淋太有誠意/
D	小芹服務很棒/很好的消費體驗/
D	還不錯/排半小時就能吃了/排隊情況比台中分店好多了/
D	吃完之後不會口渴/代表湯頭天然調味少/菜色也新鮮
C	覺得沒有第一次去的好吃/冰品都很難挖/很可惜
D	肉質好/份量大方/環境明亮乾淨/
D	值得一試/湯頭跟肉都不錯/明治冰淇淋口味多
C	小孩明明還沒7歲/卻要收共鍋的錢/堅持要小孩點一鍋/一個還沒7歲的小孩怎麼吃得完
D	食材新鮮/附設醬料多樣細心/飲料冰品好吃/服務親切/很不錯/
D	醬料多樣
D	半夜用餐不用等/份量看起來不多/但也會飽喔/
C	肉是冷凍解凍的/有種冰很久的不新鮮感
C	牛奶鍋超難吃有一股噁味/麻辣鍋也不辣/魚片完全不新鮮
D	第一次去肉是先在鍋內炒/這次去卻沒有/肉沒有第一次那麼香
D	牛奶鍋很特別/食材新鮮/建議先訂位/才不用多等
D	用餐環境氛圍很好/食材/用料新鮮/聚餐的好去處/
D	好吃/服務佳/目前火鍋店第一首選/
D	服務不錯/一定要事先訂位/否則用餐時間一定沒位置/
C	電話永遠沒人接
D	食材新鮮/回饋點數/用餐的好地方
D	食材很新鮮/價格偏高一點/不過還滿好吃的
D	建議/預約再前往/以免餓到/
C	價位偏高/座位不多/最好先訂位/環境乾乾淨淨很舒服
D	食物很新鮮/服務也好/
D	料好實在的火鍋店
D	很棒耶/台北鍋物的第一首選/整個食材份量超豐盛的/
D	餐點不錯吃/服務待加強/
D	食材很棒/海鮮也算新鮮/份量很夠/
C	蔬菜跟肉類感覺放很久/很不鮮的感覺/湯頭還不錯/
D	食材好/服務親切/價格合理/值得再來/
D	服務態度佳/開到很晚/宵夜的一個選擇/周圍停車稍微不便
D	鍋類算不錯/價格也不貴/值得再造訪
D	N訪/牛奶鍋必點
C	半夜火鍋選擇/平常不用特別來這吃了
D	牛奶鍋湯底香濃好吃/龍王鍋料多新鮮
D	新店嚐鮮/
D	火鍋鍋物和肉品都很讚/就是價格我覺得稍高
D	服務熱忱/食材新鮮/可口好吃/
D	很棒的食材和服務唷/真的很適合愛吃鍋的朋友
D	好吃份量多/可惜吃的時間不太夠享受
D	很讚的火鍋店/超值/
D	不錯吃/
D	服務親切好吃
D	築間一貫的美味與優秀服務/吃高級火鍋的好去處
D	服務人員親切/食材新鮮/送餐速度快
D	海鮮很優/價位從低到高都有/選擇性多
D	單人石頭火鍋/開的時間夠晚/冬日晚上覓食好去處/
D	食材新鮮/服務也相當親切
D	環境舒適/海鮮類火鍋算便宜的/凌晨也營業/宵夜可
D	目前吃過最棒最平價最新鮮的涮涮鍋
D	料很多/吃得很飽/環境也很乾淨/
D	CP值高食材新鮮服務佳/
C	東西都還不錯/不過服務人員有點少/服務面比較欠缺之/
D	食材新鮮/店員親切/可惜客人多/常需要排隊
D	超推石頭鍋/好吃份量也很足夠/CP值很高/
D	火鍋可選種類多品質高/服務態度不錯出餐速度可再改善/營業時間長是個適合半夜聚餐或宵夜的好地點/
D	食材不錯/也滿好吃的/整體環境整潔/但到二樓廁所發現馬桶很髒/看了有點反胃/也不敢使用
D	火鍋好吃份量充足/用餐環境舒服/明治冰淇淋太有誠意/
D	超推石頭鍋/好吃份量也很足夠/CP值很高/
C	還可/湯很鹹/但服務人員很親切/湯頭部份可再加強/
C	東西都還不錯/不過服務人員有點少/服務面比較欠缺之/
D	服務很好/CP值高
C	把現場客人當訂位沒來的候補/完全不尊重現場客人
D	服務不錯/一定要事先訂位/否則用餐時間一定沒位置/
D	好吃/會員點數送的蛤蜊很多/
D	服務生態度良好/冰淇淋很好吃
D	不錯吃/飲料冰品自助/1/2樓的飲料不一樣
D	肉質算不錯/能在精緻一點就更好了/
D	CP值高/服務周到/明治冰淇淋很好吃
C	把現場客人當訂位沒來的候補/完全不尊重現場客人
D	好吃/服務態度不錯/環境衛生乾淨舒服
C	訂了位還要等半小時/有待加強
D	鍋的份量頗多/還有慈璇非常的親切
D	服務態度好/冰淇淋軟硬適中/不會挖很久
C	火鍋內有一隻完整的蒼蠅/完全破壞食慾/
D	到此一遊/大快朵頤/
D	服務生非常注意顧客需求/態度也非常好/環境乾淨
D	食材新鮮服務人員親切
C	竟然沒有豬血糕/牛奶有保久乳的味道
D	份量足/海鮮很新鮮/但空調系統不是太好
D	好吃/但排煙效果不好/吃完衣服味道超重
D	東西好吃又便宜/CP值很高
C	稀有併桌還要服務費的店家/
D	一樣便宜好吃/
D	衛生很好/
C	整體感覺不錯/但綁馬尾的男服務員/態度有點/嗯哼/
D	最特別的是石頭湯底/推薦大家可以吃看看/
D	哎唷/不錯唷
D	明治冰淇淋好吃/飲料種類有點少
D	吃兩次了/很好吃/服務也好/
D	食材絕對新鮮/牛奶鍋必推啊斯/
D	宵夜好去處/可先電話預約/常常客滿要候位
D	食材新鮮/最棒的是開到零晨4點/
D	食材新鮮/料很多/人潮很多/一定要定位/
C	Cp值低且不新鮮/不推/有其他更好的選擇
D	味道還不錯/不過價位偏高一點/
D	冰淇淋要吃更多口味要去不同樓層/有尋寶的感覺
D	服務態度很好/沾醬真的好吃
D	好吃/很新鮮/與朋友相聚的好地方
C	詢問位子好了沒得到的回覆是已經在擦桌子整理/最後多等了半小時/
D	質感裝潢皆不錯的300起跳鍋物料理
D	服務親切/和牛好吃/讚
D	湯頭好/Cp值高/聚餐的好選擇
D	好吃而且兌換券的東西給得很大方的店家
D	吃了兩次/整體都還可以/覺得可以再更好
D	這天氣吃火鍋還不錯/喜歡吃/
C	湯頭不錯/羊肉嫩/
D	真的很好吃/石頭鍋很香
D	量超足/價格跟吃飯飽差不多
D	服務品質非常好/服務生很有禮貌
D	真的好吃沒話說/用料實在
C	服務生態度不太好
D	不錯吃/服務不錯/很可以/
D	想吃好又吃飽時大推
D	好吃/服務很好
C	態度有夠差我還以為我欠你錢
D	服務態度很好/食材新鮮
D	深夜好夥伴/肚子餓的第一選擇
D	東西好吃/服務很好/宵夜的好去處
D	東西好吃/
C	平價鍋物/空間較窄/適合家庭聚餐/
C	人手不足動作慢/店內地板油/油煙味重
D	讚/
D	真的不錯蠻好吃的/價格中上
D	很喜歡竹間/好吃
D	高C/P值/建議用餐要先預約/
D	石頭好香/湯頭很好
D	餐點品質優/環境整潔
D	座位寬敞舒適/服務好
D	貓貓的服務不錯/很親人
D	好吃/品質穩定態度優良
D	好吃服務也好/建議事先訂位
D	好吃新鮮/但貴
D	東西好吃/服務人員超親切
D	火鍋風味佳/可惜價格稍高/
D	便宜/好吃/服務好/食材新鮮
D	貓貓服務員/服務態度很好/
D	空間寬敞舒適/服務也不錯
D	好吃/推薦麻辣鍋
D	肉質很優/海鮮很新鮮
D	好吃的小火鍋/肉好湯好
C	要先訂位/才不用等太久
D	服務超棒/
D	服務好/食材新鮮
D	吃完身上會有滿滿的油煙味/
D	東西超好吃/服務又超好
C	馬尾男/共鍋很難/加湯很難/炒料很難/
C	以前服務好/態度佳/料好味美/今非昔比/
D	湯頭不錯/室內空氣不好
D	服務好/東西好吃
D	好吃/服務優質
D	食材新鮮豐富/CP值高
D	好吃/環境乾淨/價位適中/
D	值得大家試試/好吃/
D	好火鍋/不吃嗎/
D	服務很好/CP值高
D	乾淨氣氛佳/
C	以前好愛來喔/後期有點虛掉了
C	覺得改成築間後變的不好吃
D	連鎖火鍋店/品質不錯/
D	不錯吃/但漲價了
D	氣氛好/食材很新鮮
D	很新鮮很好吃價錢實在
D	東西好吃
D	好吃/可以再來
C	食材尚可/附的白飯和麵很糟/
C	電話整整一小時不接/扯到爆/差不多了/
D	吃的很飽/但飲料只有2種可以選/位子很少/建議先訂位
D	餐點很豐富新鮮
D	東西好吃/服務不錯
D	食材新鮮/座位尚稱舒適
D	比較小間/預約還是要等一會
D	食材新鮮/價格合理/
D	整體來說還不錯
C	牛肉品質不是很好/其他都ok
D	很好吃/服務也好
C	菜盤及肉的份量有減少
D	服務好/物超所值/
D	海鮮非常好吃/大推
D	讚/很好吃/服務親切
D	食材新鮮/湯頭清甜/
C	食材新鮮/價格頗高
D	湯底不錯/食材新鮮
D	物廉價美可令人/大快朵頤/服務佳/
C	生意很好但相對服務就/
D	咖啡好喝/料好實在/
D	經濟實惠
D	好吃/附近不好停車
D	一切都好/只是杯子是紙杯
D	料好實在CP質優
D	cp值很高/也乾淨
D	食物不錯/適合聚餐
C	不好吃/不會再來/
D	火鍋很好吃/服務很好
C	普普通通/價位越來越高
D	非常好吃超級喜歡/
D	好吃/偏貴
D	服務人員超親切
D	愛死了/
D	用料實在新鮮
D	料好/味美/價實在/
D	服務好超好吃/
D	價格合理/奶茶好喝
D	最喜歡的火鍋店之一
D	好吃實在的火鍋店
D	價格實惠/肉質突出
D	宵夜好選擇/
D	食材新鮮/還不錯
D	份量十足的好吃火鍋
D	好吃/很難訂位
C	食材算是豐富好吃/環境及餐具實在是無法忽視的需要改進/
D	食材可/價錢合宜
C	越來越貴了
C	三重店比較好吃/
D	好吃/超飽
D	牛奶鍋不錯吃/
D	火鍋非常厲害/
D	很讚
D	好吃氣氛佳
D	環節整潔待加強
D	服務很好/態度親切/
D	好吃環境優
D	服務態度親切又貼心
C	貴又不好吃
D	融融讚/
C	菜盤配菜很豐富/肉盤份量完全不會讓你失望/昆布湯頭就很棒了/麻辣鍋的味道也很不錯/有明治冰淇淋/十多種口味/第一次吃到布丁的/還不錯/服務生很有禮貌/很熱情/開到4點這點最棒/更新/去了十幾次/然後已經很久不去這間了/換了一批人/肉也越切越薄/態度越來越差/而且/我修正的評價也被刪除/真的以後不會再去了/
D	牛奶鍋味道好
D	麻辣鍋的豆腐很好吃
D	深夜救贖
C	店長服務態度很差
D	環境舒服
D	東西好吃/夏天/水晶/服務好
D	好吃/服務好
D	不錯的餐點
D	還不錯
D	海鮮很新鮮
D	食材很新鮮
D	服務超好/
D	湯底好喝
D	生意不錯
D	好吃服務好
D	好吃的火鍋
D	不錯
D	好吃好服務
D	鍋物豐富/美味
C	不錯的火鍋店/但總要排隊
D	鍋物新鮮
C	不錯吃
D	不錯吃
D	好吃的火鍋
D	滿好吃的
D	服務很好
D	服務很好
C	不錯
D	石頭火鍋
D	食物好/環境佳
D	氣氛好
D	食材新鮮
C	不錯
C	服務不佳
D	肉質新鮮
D	價格不貴
D	好吃/
D	環境優質
D	服務親切
D	好吃的勒/
C	服務/菜色都不錯/唯獨/菜盤/菜盤不放冰箱沒什麼問題/有問題的是/菜盤裡面的海鮮/蝦子都放到變常溫了/還乾掉/肉都變白色了/還有異味/請服務人員幫我換一盤/結果換出來還是一樣/只是菜盤噴水而已/很噁心/
D	若能改成自助菜盤更好
D	總的來說/帶英文菜單/我認為這裡的食物還不錯/海鮮是新鮮的/湯是可口的/價格也很公道/它並不特別昂貴/但是/我認為他們可能需要更多的員工或提供更好的服務/工作人員很好/但是他們有點慢/但是我們週末去了那裡/醬汁和冰淇淋是無限的/您必須自助/但是/許多次沒有用於這些東西的容器/
D	優質火鍋/價格非常合理/火鍋起價約300新台幣/我們買了cheapo牛肉和cheapo豬肉/非常好吃/豬肉有點幹且無味/但肥牛肉很香/非常令人愉悅/內部人士告訴我們要從7/11/atm處獲得優惠券/因此我們免費獲得了一盤魚和一盤額外的牛肉/所有這些費用均為708NT/包括冰淇淋和服務費/接受信用卡/如果您加入他們的LINE/就會在您的生日等活動中累積積分/截至目前/我們下次已經可以享用8盤免費食物/很棒的交易/即使不是哈根達斯冰淇淋也很棒/
D	愛店之一/營業到四點大推/個人鍾愛石頭火鍋/喜歡麻油的人千萬別錯過/雖然吃完整身臭死但也甘願/與店員熟識後更能體會他們人手不足的情況/若等很久請大家多多包含/菜盤以及肉品在水準之上/濁水溪以北火鍋界四百元內級距個人認為築間是最好吃的/想吃的話要預約/另外/跟不遠處的yes58義大利麵一樣/這家也算本人的分手餐廳/後來就只敢跟朋友來吃了/因為到目前都還沒有熬過去任何一個對像在用餐之後/歡迎各位情侶來試看看/更新/換體系之後價格略漲/小小影響用餐體驗/但瑕不掩瑜/註解/美食跟愛情是我的絕對領域/Absolute/Terror/Field/簡稱AT/Field/AT/立場/也是我心中最柔軟的那一塊/因為愛情常常踩雷/所以吃東西更要盡力避免/減少發生遺憾的事情/以上皆為本人不客觀但有參考價值的用餐體驗/評分標準說明/5顆星/天菜等級/值得前往/就算不能交往但來一發也死而無憾/4顆星/不賴/順路可以吃/如果開在附近能天天吃真的是一大享受/3顆星/普通水準/不需專程前往/有其他更好的選擇會跳過的程度/沒什麼驚喜/不會回訪/但如果路上店都關了進去吃不會生氣/2顆星/通常是只有店家服務態度好/不忍心打1顆星/1顆星/人神共憤/建議閃避/被評為一顆星的店家/在下方我會提供更優質的店家讓您前往/
C	鍋屋風格在台灣很普遍/在五山站和永春站之間/由於以下四個原因/確定不重複/①如果您與兩個人一起去/您將與四個人同住/因為對方也是兩個人/所以我很不舒服/只吃頓飯就立刻出來了/我也去過中山國子站的一家商店/但在設計時請注意不要擔心共享感/②商店的通風不良/衣服不舒服/③比價格還不令人滿意的味道/④這個地區有很多類似的鍋專賣店/
D	有多種醬汁可供您選擇/不僅如此/食物還超級便宜/我的兄弟和我總是來這裡/訂購很多/最終以便宜的價格超級滿/每人/300/新台幣/我們吃了一噸/我在台北吃火鍋的最佳地點之一/他們也營業到超級晚/
D	CP值超高/肉量十足/
D	已經來過這裡幾次了/非常友好的工作人員/體面的價格與相當大部分的食物/如果提供汽水/可樂/雪碧等/可以改善這種情況/但總體而言/這是一次很棒的用餐體驗/非常適合家人和朋友聚會/
D	CP值高/肉片大片厚度適中/湯頭濃鬱/好吃/
D	食物很好吃/下次要再和家人去吃/
D	肉盤真大方/註冊成為會員可獲得更多積分/以兌換額外的盤子/
C	說真的牛奶鍋真的超濃鬱好喝/比陽明山的牛奶鍋還棒/肉也蠻新鮮的/最可惜的是蔬菜超不新鮮/上菜盤的時候我發現要準備下菜/拿起高麗菜跟玉米都是濕濕出水的/更誇張是玉米拿起來還會噴水/我就知道這一定不新鮮/一定是人家沒吃完的在拿進去放但沒有處理感覺全都出水的/結果呢我煮完玉米吃的第一口臭又酸/我還想我可能沾了胡麻醬的關係/我在吃原味/結果沒有錯真的壞掉的/雖然服務生態度都很好給我在換一盤但我飽了也就算了/後面蔬菜盤也都沒有什麼吃/還發現金針菇上有辣椒片/這肯定是人家吃完很久的/真的蠻可惜的/湯底不錯/肉也不錯就是蔬菜盤超不新鮮連男朋友的也是/
D	肉很好吃/
D	好深夜選擇/招牌湯非常好吃/以芝麻油為主/但價格高於我們嘗試過的其他價格/快捷的服務/
C	肉很薄且份量小/soso/
D	不錯處理的項目太多/肉部分很大/工作人員很友好/環境不錯/
D	份量大/好吃/
D	交通方便/口味特色/
D	好吃/
D	好吃/
D	好吃/
D	好吃/
