D	假日用餐需預約/晚餐部分只有兩時段能預約17/00/19/00/個人和朋友是超愛生魚片的小食怪/所以這個份量我們都吃的很爽/而且套餐部分都有附小菜/蒸蛋/蝦頭味增湯/紫米紅豆甜湯/番茄/非常划算/私心超愛/1/套餐附的蝦頭味增湯/裡面至少有5/6個蝦頭/湯頭超級濃郁/鮮味滿滿/2/散壽司套餐/生魚片超多/上面的炙燒鮭魚滿不錯的/下層還有飯可以配/但是醋飯就非常的普通/3/綜合生魚片/一片的大小大概跟臉長一樣長/我個人吃的很爽/店員說價格差異是差在使用的部位不同/普的話筋會比較多/唯一可惜的是店員阿姨會一直來查看吃飯狀況/一直要收盤子/有時候會小被打擾到/店滿小的/一定要事先預約/假日的話現場應該很難有位置
D	這家的生魚片厚到我懷疑師傅放棄刀工了/哈/這麼大的牛肉鍋菜單寫3/4人份/我們六個人也吃不完啊啊啊/老闆你是用誰的食量在算/以台式日本料理餐廳/這家我喜歡/豪邁/氣派/美味/飽足通通有/飽到讓我沒辦法品嚐其他菜色/只好下次再來/哈
C	一間生魚片師傅完全不在意刀功的店/不知道其他評論寫跟紙片一樣的人視力出了什麼問題/但除了鮭魚外的生魚片容易有筋跟刺/如有長輩一同用餐需注意/套餐CP值見人見智/推薦散壽司/380/或特級散壽司/590/就很不錯了/另外洗白一下服務態度也很好/可能其他人遇到比較忙碌的時段/今天用餐時包廂的客人嗓門超大又滿口三字經/如果能幫忙關上他們的門這10/服務費我會付得更心甘情願/消費1000以上可刷卡/前菜的黃金泡菜一包200也可以考慮看看/
D	生魚片不可思議的厚/食材新鮮/CP值高/點散壽司定食的量一般女生吃不完/店家會問要不要用炸的/前菜就有一道清蒸魚跟醃漬南瓜/吃完生魚片還會有碗料滿滿的味增湯/會再訪的店/
D	聚餐吃海鮮的好地方/因為每盤份量都超大/生魚片超豪邁很長一條/到需要請服務生拿刀叉來分食的地步/避風塘蟹很耐吃/聊天打發時間的好選擇/五味軟絲新鮮/醬汁也選得好/豆皮壽司用的是日本豆皮/很多汁/炸野菜也是豪邁風格/麵衣不油很不錯/唯一失敗是炸牛蒡片/鹽加太多/反映後廚房只把牛蒡加量跟原來太鹹的牛蒡混在一起/好像在賭骰子/吃到完全不鹹和太鹹全憑運氣/六個人share每人付1040元/CP值高/
D	2022/01/22/中午用餐/這家生魚片太厚了吧/吃起來也很新鮮/附餐也很不錯/這天點的品項都好吃/價格也不貴/生魚片/炸豬排/烤鯖魚都不錯/
D	CP值超高的日料店/但生魚片真的太狂太大塊了/我們還自備剪刀/不然太難入口了/來金魚吃飯就是享受/大滿足
D	生魚片切得十分豪邁/商業午餐性價比超高的一家店/胃口小的人恐怕得做好打包的心理準備/上菜速度神速/記得是上千元才能刷卡/倒是附近停車位不好找/光復南路上有一個/
D	金魚日式料理/前身春日日本料理/座無虛席/一定要提前訂位/晚餐只有兩個時段可以選擇/17/00/19/00/可以刷信用卡/店內食材都以巨大又新鮮為名/個人覺得必點的絕對是生魚片和火鍋/生魚片可以4/5個人吃/滿足所有愛生魚片的人的慾望/火鍋點3人份/4個人吃卻撐到不行/整盤油花漂亮到不行的雪花牛和一盤海鮮/冬天吃真的超享受/來了幾次/第一次點烤飯糰和熱清酒/烤飯糰外層有點脆脆的/烤的恰到好處/熱清酒一定要趁熱喝/冷掉就有點失去風味/金魚日式料理絕對適合一訪再訪/
D	份量十足/第一次遇到/適合大胃王的你/同行的人只有我吃完XDD/推薦大家肚子餓的時候來聚餐/
D	三訪/不管是商業午餐/合菜/或是精緻的懷石料理都很好吃/分量也很足夠/店內的服務員們都很客氣/
D	份量真的好/多/整體還不錯吃/cp值很高/但如果沒有很愛生魚片可能會吃到想吐/粉絲堡調味有點像沙茶/吃起來偏普/蝦子沒有很新鮮/有點難撥/味噌湯偏鹹/烤的五仔魚推推很嫩/甜點的紅豆湯沒有很甜也不錯/另外用餐環境衛生程度需要加強/
C	對於喜歡份量多的人/餐點份量滿滿/平價日式料理餐廳/但衛生與服務有待加強
D	生魚片真的吃了非常過癮/也很新鮮/大推/只是用餐時間一個半小時/火鍋類上菜又慢/到最後40分鐘才上/變成最後吃得有點趕
D	日本料理/有套餐式的/前菜沙拉/蒸蛋/生魚片/壽司/味增湯還有餐後甜點/紅豆湯/
D	史上最讚/生魚片是我看過最厚/Cp值最高ㄉ日料/一定要來吃吃看/
D	生魚片大又新鮮/霜降牛肉火鍋份量很多/明太子馬鈴薯好想在續一盤/龍蝦新鮮好吃/每道都好吃下次再來點不一樣的食物/
D	首次到訪/cp高/生魚片又大又新鮮/花壽司/料多實在/推推/座位的安排還不錯/內有包廂抵消8000/覺得會再回訪的店/附招牌小菜/大根/ㄧ碟/飯後甜點/每人一盅/
D	份量很很夠/超值划算/愛吃日本料理的人是不錯的選擇/服務生大多是從年輕做到老人都很親切/
D	非常推薦定食系列/除了佛心巨無霸份量的主餐外/還會有開胃菜/小菜/味增湯/水果/甜湯/CP值高又美味/會再回訪
C	環境/風格像是辦桌類型的日式料理/如果想吃精緻日本料理要考慮一下/整潔/還行/但是看到服務生送乾淨茶杯到隔壁桌時把四隻手指頭插進杯子裡/餐點/特級生魚片真的很厚/吃到第三塊開始會害怕/炙燒鮭魚握壽司和明太子蕃薯燒很好吃/
C	幾年前曾經吃過/當時環境很乾淨/雖然平價/但是很有質感/這次的感覺不太好/客人之間的密度太高/導致餐廳裡面的空氣很差/再加上去廁所要先經過地上濕溚溚的廚房/其實是有點危險/但唯一沒變的是食物新鮮/生魚片夠大片/
D	份量滿多的/也很好吃/服務人員也很親切/推薦的餐廳
C	生魚片很新鮮/份量也夠大/只是生魚片/壽司以外的餐點不推薦/我是吃特上套餐/吃完覺得失望/裡頭的龍蝦不新鮮/感覺冷凍已久/吃起來不Q彈/還軟爛粉粉的/
C	散壽司很讚/魚片新鮮/CP高/切的很厚/服務態度不錯/但套餐的配菜很兩極/有時候很隨便/炒青菜是冷的/看起來不知放了多久
D	隱身在巷弄的日本料理/充滿海鮮味的店/超大塊的生魚片/CP值高的台式日本料理/套餐很划算/飽到吃不完/送餐速度超級快/收餐速度也很快/不知不覺就會吃的很急/哈/人很多/要記得先訂位唷/外場服務阿姨有個性/
D	從小吃到大/從春日吃到金魚/一生推的愛店/散壽司至少20片以上的超厚生魚片/還有蘿蔔絲/小黃瓜/玉子燒/冷醋飯/魚肉泥包生菜藏在下面/另附一碗味噌湯/小菜/甜點/這樣才/390/台北其他地方應該找不到了/
D	每隔一段時間就會懷念沙西米吃到撐的感覺/就會再訪/這次龍蝦及軟絲的口感超好/感謝廚師的用心
D	金魚日本料理的經營方式延續父親對日式料理的堅持與回饋客戶的理念/提供消費者平價又物超所值的美味料理/對於第一次前往用餐的我們來看/每道料理的份量都令人感到驚為天人的豐滿/很難想像在台北市也有這麼一間樸實無華的日本料理啊/
D	真的很過癮/建議兩人吃一碗會比較適合/
D	量大/就是讓人印象深刻/真的要保持飢餓狀況來用餐/才比較能體會爽度/
D	把魚搬出來後超級多/推薦散壽司定食/還有前菜配菜
D	CP值很高的日式料理/份量超級大份/吃不完可以打包/女生小胃口可以合點套餐在單點品項
D	不得不推/CP值極高台式日本料理/從以前店春日吃到現在金魚/份量驚人/非常新鮮/價格也不貴/親朋好友來聚餐滿適合/但如果想要精緻度這裡比較不適合/這次點散壽司份量驚人吧/生魚片真的很厚/厚/厚/吃到後面會有點膩/看到鮭魚都會怕/以這樣價位難怪屹立不搖/CP值高的破表/餐後心得/價錢份量都合理/值得一來再來/記得要先電話預約/因為客人真的滿多/
D	食材用料實在/海鮮很新鮮/座位稍嫌擠了一點
D	我最喜歡來這裡吃生魚片/大片又新鮮/綜合刺身只要499/我建議4個人來吃份量太多了/情侶來吃不完哈哈
D	很常去這邊用餐/生魚片非常的多/好吃/大片
D	我點了平日午間套餐399加一成/非常澎湃/看到滿桌菜實在值回票價/很適合宴請賓客的地方/做足了面子/生魚片是偏厚的類型/自行斟酌/若不敢吃可先告知換成炸魚/個人特別愛蒸魚這道菜/魚肉嫩嫩的很入味/大蝦冬粉煲的蝦肉品質很好/很鮮甜有嚼勁/壽司捲雖非主角但也水準之上/味噌湯就普通/缺點/服務人員/阿姨們/態度偏傲慢/扣一分/以及/上菜時一次把所有東西都到齊/讓人不知道該從哪個開始/又要注意煲/味噌湯冷掉/又要怕生魚片放久了會不新鮮/
D	東區日本料理有這種價錢跟品質/我認為這間店的老闆絕非等閒之輩啊/告訴你們不誇張/我吃到一半就開始想寫評論/生魚片超級超級肥美/肥美到我腦門已經衝上雲端天空沒有極限/小當家的動畫歷史重現在此店/我就是那個四郎/鮭魚就是嘟嘟/滿足我的身心靈/_/綜合生魚片才/499啊各位/不說幹話了/記得一定要來吃/吃爆嘟嘟/以上/
D	吃飯時間人很多/建議先訂位/炙燒好吃/
D	台式的日本料理店/服務阿姨都很親切/生魚片大又新鮮/商業午餐cp值很高/
D	/499的生魚片絕對值回票價/三人份的火鍋6個人真的會非常飽/上菜速度很快/服務的阿姨也很熱情/帶朋友來吃絕對不會丟面子/但廁所只有兩間/地板有點滑要很小心/
D	適合聚餐的一間日本料理餐廳/價格合理/很難在東區找到差不多價錢的生魚片/壽司/日式火鍋等/當日共七位用餐/點了大份的無骨牛小排火鍋/肉盤非常澎湃/並且還有附餐海鮮盤/有生蠔/蛤仔/豆皮/黑輪/魚丸/貢丸/蝦子還有青菜/煮完火鍋後可以加點白飯到鍋內做雜炊/生魚片份量非常驚人/不到五百元可以有這樣的份量非常不錯/伴著紫蘇葉/蘿菠絲/尤其是鮭魚紅甘魚等切的非常厚且非常大片/口感不錯/是新鮮的生魚片/炸豬排的厚度也非常驚人/但肉質並不會乾柴/反而相當的鮮嫩多汁/聚餐時點一份肯定不會失望/壽司卷中的餡料也非常扎實/有蟳味棒/肉鬆/小黃瓜/玉子燒/外層有海苔蝦卵/份量也很多/當天人均大約600元/是能吃非常飽的份量/會想再訪的一家店/
D	這家店生意真的很好/食材很新鮮/料理也很到位/蠻好吃的/生魚片切的較厚且大/應該要分2/3口才吃的完/用餐完畢會送甜湯/在東區應該算CP值很高/適合朋友聚餐或宴客/內部的隔局較擁擠/但值得來消費哦/
D	物超所值的一家日式料理/對食量大的人來講非常推薦散壽司定食/散壽司內容物有一碗半的壽司飯鋪在底層上面全都是生魚片/好吃的炙燒生魚片/小黃瓜/玉子燒/花壽司/其他有菠菜/海鮮蒸蛋這道菜會變化上次來吃是烤魚或魚頭等/味噌湯/甜湯類似八寶粥/水果每次來吃都是蘋果/食量小的話可以點烏龍麵定食/生魚片定食等也有很多單點可選擇/味噌湯甜湯忘了拍照
D	新鮮美味吃的出/大推
D	魚很新鮮/份量很夠/套餐三百多覺得吃很飽很划算/
D	超實惠的餐點/生魚片超大塊/
D	份量超級多多多/豪華散壽司CP值不錯/還附一碗魚味噌湯/烤魚下巴是大條魚的概念/雖然工作人員不太會行銷/但態度還算親和/上菜速度超快/有種不希望生魚片失新鮮的心理因素/反而增加用餐速度/而少了慢慢品嚐的心情/下次一定不要一次點太多/雖然點餐時詢問過服務生/但就是得不到建議/根本吃不完/以下是4人點的菜色/共點了豪華散壽司/混合生魚片/鮭魚炙壽司/豪華套餐和一份烤魚下巴/滿桌看起來就飽了/但很過癮
D	真的會飽到生氣欸/又多又好吃/_/
C	店內客滿被迫坐外面/地板居然是斜的/除此之外/茶杯完全沒洗乾淨/滿滿的污漬/請服務生換過還是一樣髒/我點的是399的午餐/上菜速度異常的快/仔細一看就可以發現/烤魚跟蝦堡是微波的/沙拉的和風醬淋到外面去/壽司也令人毫無胃口/服務生送菜時/擺著臭臉也不說話/非常的沒有禮貌/我能說的是/這家日式料理完全沒有讓人想來第二次的慾望/差評/๑/๑/
D	套餐非常實在/看圖片就知道/
C	一顆心都不想給/絕對不會再回訪/而且用餐體驗極差/坐在門口一直吹風就算了/服務人員在櫃檯大呼小叫/電話也一直響個不停/根本不能好好吃飯/從第一道菜開始所有容器就都不是乾淨的/從服務生手上接過來的盤子上充滿了食物的醬汁/每吃一道就要去洗一次手/到底是怎麼顧衛生的/餐廳地板也是又油又滑/茶壺的壺口明明已經破損卻不換新的/明明是營收這麼高的餐廳/連換一個茶壺都不肯嗎/給客人用破掉的茶壺到底是居什麼心/食物也一點都不好吃/從第一道菜的調味都是又重又鹹/或是非常油膩/我不是來吃流水席的欸/價格訂這麼高食物卻一點水準都沒有/生魚片切這麼大一片到底要怎麼吃/不是厚又大盤就是好欸/到底知不知道怎麼做日本料理/點了無菜單料理/廚房應該能妥善安排出菜的進度/但桌子已經滿了還一直上菜到底在想什麼/然後一直不收空盤/要客人講了才會收/員工訓練真的很差/從來沒有去過CP值如此差的餐廳/我不是來花錢受罪的欸
D	料多實在的日式料理餐廳/非常推薦炙燒鮭魚壽司/份量超大又超級好吃/什麼的炙燒鮭魚大概是一般壽司店的兩到三倍/真的非常實在份量足夠/其他餐點有都很大份/明太子馬鈴薯燒也非常推薦/真的是一家很實在的餐廳/飯後還會附上水果與甜湯/會一直繼續來吃的好餐廳/
D	單價不算便宜但經濟實惠/想爆吃一波生魚片的人可以考慮/店內吵雜/把它想成日料快炒店會比較妥當/兩人座位只有一桌/少人吃飯有極大併桌可能/胃口偏小的請謹慎點散壽司/其實是生魚片蓋飯/說著我現在又想吃了XD
C	訂位到了現場還等了10分多鐘/晚上會有很多喝酒吵鬧的客人/沒辦法輕鬆吃飯/不介意的是可以來用餐的/這裏的主打生魚片都很大塊/可以很豪邁的吃/但生魚片有點冰/鯛魚有點腥/青甘魚還不錯/鮭魚肚就還好/握壽司就很推/用餐完還有甜點水果/但我發現嘴巴裡面有一片魚鱗/汗/店員建議中午用餐總類多元/份量不減/但態度有點不耐煩就是了/
C	並不喜歡給店家負評/但是今天的體驗極差/一定要分享給朋友們/店內汚穢油膩/座位擁擠不堪/店員禮貌不佳/兼又大呼小叫/生魚片薄如紙/壽司隨便拼湊/漲價已不要緊/品質嚴重退步/奉勸各位不要去花冤枉錢/這家金魚已經不比從前/是本人近期到過最雷的店/沒有之一/
D	這間日本料理老店能不給五星吧/cp值極高/價格划算/餐點介於粗飽和精緻之間/絕對讓你印象深刻/生魚片都很新鮮/份量多有時還吃不完/蝦比手機還大/實在有夠誇張/生魚片厚切也是一絕/口感也是很好/烤魚下巴絕對不能錯過/還有炸蝦的蝦也是超大一隻/是個吃過會想要再去的店/客單價大概300/1000/點套餐十分划算/唯一缺點/記得訂位
D	每份套餐份量都很足/在台北市能看到切這麼厚的生魚片/價格又不貴的地方實在難得/商業套餐經濟又實惠/適合上班族下班聚餐的地方
C	前幾次吃的時候感覺不賴/這次母親節吃起來品質擺盤很差/大家看看生魚片/這我也辦得到的擺盤/何必來這花錢呢/
D	生魚片超大片/超值好吃/烤鮭魚頭超讚/
D	生魚片很有嚼勁/用筷子夾都一直掉下來的大小/其他菜色分量也都很大/卻不失美味/
C	因為散壽司套餐份量太大/之前都兩個人吃一份/今天用餐本來點了阿姨沒說什麼/後來才跑回來說現在改了/每個人要低消三百元/菜單跟店內都沒標示/提醒大家
C	很台式的假日本料理餐廳/生魚片切的很厚或許這是一般台灣人認為的好吃/但對我而言太厚了無法入口/新鮮/但無魚本身應該要有的味道/wasabi可以再用高級一點的/感覺很假/炸蝦外面那層粉真的好厚雖然蝦子看起來很大隻/那個炸蝦沾醬也好台喔/茶碗蒸莫名的大盤/但裡面的料很多/烤嘴邊肉也很ㄧ般般/明太子馬鈴薯假如馬鈴薯厚度切薄一點會更好/炸花枝普通/綜合海鮮沙拉還不錯/ㄧ餐下來唯一喜歡的是那個醃漬白蘿蔔/很台但超愛的/還有那個魚肉很多的味噌湯/整間店是客滿的/生意很好服務態度也很好/
D	只能說cp值高高高/一進門看到旁邊那桌桌上的壽司/一整個驚人/於是在點散壽司時/店員問說要豪華版還是一般的/立馬點了一般的/結果380元的散壽司套餐/主餐本身看來不大/但吃到最後覺得快爆了/副餐還有個滷豬排/散壽司上頭還有2個炙燒握壽司/被滿滿的生魚片蓋住/撥開後還有玉子燒藏在底下/最後底下的醋飯還是有一部份沒吃完/以我平常的食量而言/這是很少見的一件事/生魚片本身鮮度ok/搭配上這份量/非常適合愛吃生魚片的人/下次有機會一定多揪幾個人一起來用餐/才能吃到更多種的東西/
D	超值特餐真的很超值/小菜/味噌湯/醃蘿蔔/付餐/豬肋排/主餐/白飯/甜點/專業外場阿姨們上餐速度很快/茶也是直接給一壺慢慢喝/一整個飽到天靈蓋/
C	份量很大/不要一人點一個套餐/除非真的很餓很愛生魚片/份量很大/不要一人點一個套餐/除非真的很餓很愛生魚片/份量很大/不要一人點一個套餐/除非真的很餓很愛生魚片/很重要所以說三次/不然吃到最後真的會有反胃的感覺/餐點算是美味的/唯一美中不足的是山葵竟然不是天然的/醋飯我覺得非常好吃/建議多跟店家要醃製的薑片解膩/被很多人詬病的服務態度/說真的不是很好/東西都用丟的/尤其上餐具時/與其說態度不好/不如說是對自己的工作沒有熱情/環境還算維持的非常乾淨/店內裝潢算有幾分日本味/價格不算是親民/生魚片真的跟很多案例一樣有吃到魚骨頭/店內最吵雜的聲音是碗筷碰撞聲/老實說/不值得特地前來/
D	從以前的春日到金魚/生魚片跟牛肉火鍋/就是這麼大塊好吃又便宜/
D	點的是散壽司套餐跟鰻魚套餐/散壽司套餐給的很豐盛/鮭魚很甜很厚/朋友表示/而我點的鰻魚套餐也一點都不隨便/給了足足兩塊/吃起來也好吃/不過真的太多了/只好打包回家/不浪費美食/
D	吃好幾年了/生魚片很多很厚/每道菜都很精緻且吃得出很新鮮/我點1488的套餐/有龍蝦/海膽/生魚片/鮭魚卵/鮑魚等等/醃漬的蘿蔔也非常好吃/需要提前訂位/總是人滿為患/唯一的缺點是上菜每次都上太快/第一道都還沒吃完已經上到第四道/反應了兩次都沒有改善/
D	這間吃完真的會有一段時間不敢吃生魚片XD/當天我跟朋友其實有訂位/但是遲到了所以多等了快一小時/而且最後是坐大圓桌/對面還有另外三位客人/店裡位置其實不算少/但我感覺比較多是團體客/5人以上/來吃/約會不太推薦/因為座位間距很小/所以很吵/食物的話/我感覺兩個人點一份定食跟一份普通的餐就很夠了/因為定食會付一個湯跟兩樣小菜/分量很夠/我們入座的時間大約是七點/那時候散壽司套餐就賣完了/我們只好點握壽司套餐/但分量也是很多/照片裡面有一份都是鮭魚/因為好像其他的都賣完了/而且在我們點了之後/後面也沒得點了/推薦大家6點左右或之前入座/而且一定要訂位/
C	偏台式的日式料理/Cp值很高/真的不要亂點/隨便一個套餐都會吃到想吐/生魚片每一塊都超厚/完全沒辦法一口塞/用餐環境沒有很乾淨/燈光昏暗/座位偏擠/因為客人很多所以吃太慢/店員會趕人/服務態度不太好
D	優點/承襲傳統的美味/握壽司的生魚片還是挺大片/花壽司的CP值也很高/服務態度還不錯
D	台北市最划算日本料理應該毋庸置疑/套餐有沙拉/前菜/蒸魚/滿滿的料的味增湯/水果甜點/散壽司套餐真的大推/生魚片兩公分厚/物美價廉/建議先定位
D	超級大的生魚片/氣氛/食物/Cp值/整體體驗/服務態度/闆娘很可愛/怕我們吃不完還幫我們點餐喊卡/結果真的吃超飽/海鮮給得超霸氣/相當滿意/
D	超人氣台式日本料理店/390的散壽司套餐就超大份/魚肉隨便切超大超厚/雖然不是入口即化的等級/但份量大到可以把生魚片的癮止住/甚至吃到膩的狀況/每日經濟套餐也很划算/還有蘋果煲和2尾大蝦粉條/建議至多一人一套餐/不需再額外加點會太多/服務員都是阿姨等級/感覺是間老餐廳/
D	令人驚豔的生魚片/厚實新鮮甜美的口感/大推/松阪豬肉海鮮火鍋清淡的湯頭可以品嚐到食材的原味/豬肉片切成像是白切肉的厚度/保持咬勁但又不硬/好吃/
C	握壽司商午加一成服務費418元/可以吃蠻飽的/但對於追求品質的人就不推薦/1/鮭魚白色脂肪處理的比較不完全/除了炙燒口感上比較好/其他多了有噁心感/2/非鮭魚的生魚片筋偏多/影響口感/3/握壽司上的生魚片偏厚/看似CP質高/但厚的生魚片不利握壽司入口/影響口感/4/套餐的咖喱肉偏硬/5/味增蝦頭魚骨湯味道濃郁/
D	這生魚片夠厚/值得二訪
D	好吃又道地/份量很多/經濟又實惠/生魚片超級新鮮/已經來很多次了/非常推薦/
D	會知道這間店是朋友推薦/一開始看到什麼都好想點/幸虧阿姨有制止我們不然真的會造成浪費/東西新鮮好吃/份量真的很多/cp值高/生魚片也是我吃過最厚的一次/除了靠近魚皮那邊會有點難咀嚼以外其他沒什麼可以挑剔的/火鍋ㄧ端上來滿滿的食材/尤其最喜歡鮮香菇/飽滿有汁/肉的部分跟菜單上的照片一模一樣/很多很美/雖然寫是2人份/但其實可以四個人吃都沒問題/然後再單點其他壽司/
D	食材新鮮/出餐迅速
C	感覺超差的用餐經驗/從小到現在去金魚用餐已經10幾次/第一次中午去吃/難得推薦朋友去吃/到餐廳時間約1/50/店員讓我們入場沒說用餐時間/坐下來菜單都沒翻兩頁店員就來說看好沒/廚房14/00休息/搞得很緊張菜單都沒看完就草草決定餐點/還落一句你們可以慢慢吃廚房先收單而已/點套餐10分鐘內所有的菜都上來/又不是軍人要趕吃飯/怕菜冷掉也吃很快了/完全沒感受到眼前是美食/比較像是參加時間內把食物吃完的比賽/用餐中果蠅滿天飛/對朋友很不好意思/我都不好意思說是我大推薦的店/最後14/30/一個歐巴桑突然拍我們桌子說吃快點我們要休息/請問客人是你員工嗎/趕客人都不能好好說嗎/更何況一開始如果說只到14/30就休息我們就不會硬要今天吃了/真的太糟糕了今天/
D	我們家族聚餐/點了一桌一萬二的十人份餐/用料澎湃/吃超撐/當天的天婦羅現炸的熱呼呼超好吃/生魚片多到吃不完
D	一家不能亂點菜的店/不是價格問題是份量/第一次吃生魚片吃到老闆給刀叉/真的太大塊了/吃到最後直接請老闆幫忙改煮味增/炙燒壽司的份量也是扯/根本看不到飯/唯一正常份量的是牛肉炒牛蒡/推薦多聚餐去/服務也非常好
D	高CP值的美食/用料新鮮/只是份量過足/吃的很辛苦/雖然只有一個人/但是還是想要挑戰傳說中的豪華海鮮丼/生魚片超大塊/真的需要一把刀子再切個3/4片吧/盡力把生魚片吃完/建議多人來再分享/下次再試試看別的菜/
D	CP值真的高/以CP值來看給五顆星/但生魚片太大塊/個人覺得這就不是/品嘗/食物/若生魚片能切成小塊一點/應該會更好/出套餐的順序有點怪/主菜一起來/配菜來了就會搞不清是哪個主菜的配菜
D	生魚片/10分/烏龍麵/9分/海鮮沙拉/9分/雞肉唐揚/5分/唯一覺得與其他品質有差的/整體來說還是有/9分喔/一試成主顧的店
C	臨時決定的用餐店家/今日餐點NT/1/726/含服務費/包含以下/假日套餐499/1/生魚片/鮭魚之外/都筋多/2/和風沙拉/台式/套餐撐場面用/3/涼麵/加了芥茉還行/4/味噌湯/套餐裡表現最好/料多/湯熱/5/蝦煲/蝦大/但吃起來粉粉/粉絲沒熟/6/蒸魚/黑黑的分不清是什麼/味道尚可/7/蘋果盅/蘋果上放片烤鮭魚/溫的/加點區/150/烤野生鮑魚/最好吃就它/夠鮮夠熱/260/酪梨捲/還行/中規中矩/440/海膽軍艦/算鮮甜/但海苔濕軟/220/緣側/與許多非台式的日料店同價/可以理解台式日料不能用常規日料的環垃及服務比較/但用餐環境因為擁擠而更顯吵雜/座位擁擠人多沒關係/但冷氣也不涼/吃個飯邊冒汗/感覺就不太好/服務更別說了/除了臉色不佳外/就只有把菜端上桌的服務/其它都沒有/蝦煲的粉絲還不熟/以吃粗飽的價格來說/還有更多的店家選項/以前各方面算ok/至少東西大份/今天除了烤野生鮑魚跟味噌湯/可以說是全雷到/
D	晚上8/30來用餐依然坐無虛席/店內環境/燈光美氣氛佳/大推花壽司跟鍋燒烏龍麵/花壽司/料多實在又美味/烏龍麵/湯頭鮮甜/麵很Q彈/一口接一口/點套餐還有附贈咖喱魚/水果/柳丁/甜點/紅豆湯/Cp值超高/份量多到快吃不完/
C	今日跟朋友下午13點4x路過此店/問了一下是否有位子可用餐/服務員告知裡面有空位/自行入坐就可/待菜單遞上後/沒多久一位男服務員走過來告知他們師傅2點休息需盡快點餐/我們也就隨意點了二份套餐/這邊我都還能接受/待上完餐點也14點多了/重點是吃到14點30分時一位女服務員來敲桌子/告知他們要休息了叫我們吃快一點/當下真的覺的很無言/如知道時間那麼趕我也不會用餐了/服務態度真的很待加強/休息時間可先告知客人/這不難吧/
D	價格和品名憑印象打的/如果錯誤就見諒啦/1/炙燒鮭魚壽司/約/300/2/特選生魚片/約/450/另外還有點牛肉炒烏龍麵/約250/但忘記拍啦/生魚片/不/他應該是生魚排好吃很肥很大片/但是口感不知道有一點冰冰沙沙的/我猜是沒有退冰到很完全嗎/不過不減好吃就是惹/炙燒鮭魚部分撲滿整個飯誠意滿分/除了醬燒味之外/鮭魚該有的味道沒有被蓋住/口感鬆軟沒有一絲一毫焦/整體來說好吃推薦而且超多人/值得一吃
C	只有擺生魚片的一位男師傅態度好/其他人的服務/環境到菜色都讓我不會再訪/服務/環境/入門沒人理/點菜沒人理/只有男師傅理問我要什麼/明明沒人/安排我紙箱旁邊最陰暗的角落位置/連菜單都看不清楚的位置/請問老字號這麼久沒賺錢沒法裝燈改善環境嗎/阿姨們上菜用丟的/滑盤方式上桌/不喊一聲也不管你正入口直接推開碗/對隔壁桌的會說這是什麼菜色/你們對單客的態度真的很差/杯裡滿滿的茶漬/醬料盤卡食物殘渣/真是一家被評論騙來的店/自以為有一定水準可以安心而特意沒帶環保餐具/餐飲/食材用量取勝/沒有新鮮度可言/結帳/滿千才能刷卡
D	不吃生食的人可以請他給熟食/炸魚肉質很好/新鮮沒有加多餘調味料/很好吃/午間套餐令人驚喜的是蝦堡和烤魚/我覺得更像煮魚/鮮美份量足夠/建議必須訂位/太多人了/
D	東西新鮮好吃/生魚片誇張的厚啊/坐吧台可以邊看師傅料理/看到想吃的也可以問師傅那道菜是什麼/價位多少/師傅很客氣的回答/還會提醒你份量很多怕你吃不下/用餐時間超多人/建議早點去排隊/
D	餐點好吃/用料實在/地點比以前春日小很多/座位難免擁擠/建議11/30就開吃/若超過12/00/餐廳比較吵雜/吆喝聲音此起彼落/
D	單點烏龍麵套餐/副餐有沙拉/炸豬排/薯泥/紅豆湯/蘋果/佛心價290元/生魚片套餐390元/副餐有燙青菜/白飯/醃蘿蔔/肋排/味增湯/綠豆薏仁湯/蘋果切片/鰻魚飯的香氣十足/人潮眾多的用餐環境/食物美味不打折/比較偏台式日料的風格/非常懷舊/是很多銀髮族熱愛的店家/
C	所有的魚片都大到嚇死人/說驚訝會比驚艷更適合/最大的優點就是新鮮/但不是女生會喜歡的/第一次跟一個男工程師來吃/他吃的很爽/但我只吃了幾口/一半以上我都給他吃了/第二次跟三個女生來吃/單點居多/覺得沒事不會再跟女性朋友二訪/那一貫干貝/160/但鮭魚卵和夾附的哇沙米完全蓋住干貝的鮮甜/只剩口感/覺得/160這樣非常可惜/店內空間不大/但也不致於擁擠的感覺/每個人的桌子算偏大了/但阿姨們走來走去會一直撞到你/這點比較煩一點/收現金/消費要1000才能刷卡/分開付未滿1000的話不算喔/
C	東西是好吃/但服務態度令人不敢恭維/昨天中午點了一客烤鯖魚商業套餐/坐了40分鐘白飯/湯跟配菜都吃光了/主菜烤鯖魚還沒上/一問才知道服務生把我的菜先上給後面才點的客人/沒問的話是打算裝死打混過去嗎/由於我時間要到了只好請他打包我帶走/人都離開桌子了才端出兩碗小小碗綠豆湯說要招待/是要我再坐下吃嗎/要招待應該也要是發現送錯桌讓我乾等的期間就應該先招待/來墊檔等菜的空檔吧/這種賠罪收也不是/不收覺得更虧/乾脆打9折給我算了也不肯/600多打9折其實也才折60塊/這種消費體驗令人無語/兩顆星留給菜色/但我是不會再來了
D	/斟酌點菜/請不要浪費食物/火鍋份量很大/大概5個人一起吃/還有點其他握壽司/大家點菜還是要斟酌自己的食量/不要一下子點太多/吃完再點/服務的阿姨感覺累累的/大家要有耐心/
D	以/400左右目前台灣吃的最澎湃的生魚片相關套餐/散壽司/豪華生魚片套餐/反正只要跟生魚片有關係的/胃口小的吃友/吃不下/記得跟老闆說/老闆我只剩下的要外帶回家/生魚片的量大概是一般餐廳五倍量吧/若是各位吃友看了我的評論來吃而有愉快一餐/記得給我一個讚/
D	生魚片如果人太少真的吃不完/大塊到一片要分成三塊才能吃/天婦羅蝦子很大很飽滿/這間cp值滿高的/推/
C	CP值不錯的台式日料
D	生魚片超讚/其他食材也都滿新鮮上菜速度也很快/不過忙的時候真的有點吵雜位置略窄
D	長這麼大第一看到無敵大的生魚片豪華散壽司/足足是百八漁場用料的三倍之多/新鮮好吃/但是真的太大太多了/裡面還有兩個炙燒鮭魚腹握壽司和兩個花壽司/兩個人絕對吃不完/也不建議女生點來吃/因為連男生都無法一口吞下/其他菜色如培根美人捲/炸腐皮蝦捲/干貝握壽司/比目魚鰭邊握壽司和和風水果沙拉都還算水準之上/各具特色/但是不推雞肉唐揚/可能炸過頭了/雞肉太乾/沾醬也不出色/豪華散壽司附贈的鮭魚味磳湯好喝/單點的干貝蛤蜊湯也不錯喝/如果超大塊的生魚片讓你覺得太飽的話/可以吃一口店家提供的蘿蔔乾解膩/如果哇沙比可以像藏壽司一樣提供現磨的/相信超大生魚片會更美味一些/
C	不得不說/第一次看到這種生魚片一大塊咬著吃/沒有切薄片的擺盤/我個人挺不喜歡的/不過這種土豪吃法就見仁見智/整體的套餐份量很足/從沙拉/湯/蒸蛋/主食到甜品/紅豆湯/可說是一定會吃飽的/但是也反應在價位上/不過覺得CP值偏低是因為口味上幾乎偏清淡/淡到連食物本身的味道都沒有/調味上與視覺上的想像落差太大了/朋友點的咖哩豬排/豬排一點味道都沒有/覺得可以來嘗試一次大份量大口生魚片體驗/如果喜歡生魚片的朋友/來這裡可能會小失望/感覺他們沒有在認真對待生魚片料理/
C	如果只重視覺/不重口感可以嚐鮮/今日消費3千5百多/每樣餐點都很大份/但真的都沒口感可言/就連炸豬排都炸的不好吃/乾/硬/澀/串燒類/也難入口/生魚片部份真的就是切的很厚很大塊/但口感真的不好/炙燒鮭魚握壽司/完全沒味道/非常奇怪/人多/服務人員也多/但完全沒服務可言/餐亂上/服務也冷淡/
D	生魚片/壽司都非常新鮮好吃/價錢也都很親民/要去的時候最好是打電話預訂比較有位子/
C	兩人初次到貴店用餐/詢問499/390生魚片份量大概多少/店員告知就一份阿/讓我們有點不知所措/該如何下手點菜/生魚片很新鮮/如果兩人來用餐/建議不要點499的生魚片/兩人吃會有點恐怖的大片/照片看似還好/但是吃不了那麼多大片的/多人來吃/才可以吃到更多新鮮的美食
D	沒有想到是這麼厚且大片的生魚片/點太多吃不完/覺得非常可惜/一進門就是滿滿的生魚片味/但不是腥味/平日中午進去還是非常多人/服務生阿姨們都很可愛/店內的芥末並不會很嗆/生魚片的厚度有讓人嚇一跳/端上來沒想到這麼大片/吃得既開心又滿足/炙燒鮭魚也非常好吃/表面炙燒的糖跟醋飯都讓我驚為天人/特別是醋飯有一點點甜/第一次覺得醋飯很好吃/炸雞有點像台灣傳統炸雞/不是現在普遍日式料理店的唐揚炸雞/但也很不錯/海膽山藥麵口感是脆的/一點也不腥/吃得非常順口/每人都有一份飯後甜點/應該是紅豆湯/甜度很低/很爽口不膩/一定會再來訪問的店家/
D	鰻魚飯醬香搭配鰻魚濃郁鮮味/非常下飯/豪華海鮮散壽司非常推/份量適合兩人一起共食/兩種以上的生魚片新鮮大塊/味增湯也有很多鮭魚塊/吃時要小心刺蠻多的/
D	生魚片非常新鮮/看過最厚切的生魚片就是這家了/可訂位可刷卡/適合四人以上用餐比較合適/
D	點餐前要先做功課/份量實在太驚人/第一次看到握壽司上面的魚厚度跟寬度一樣的/
C	隱身於巷弄中/店內環境還可以/用餐時間來如果沒訂位的話/大多數都會被安排到大圓桌併桌/點了生魚片套餐/cp值覺得普通/雖然東西都給得很大份/但價錢相對來說也比較貴/生魚片的切法非常不專業/跟萬華三味一很像/是沒辦法用一口吃掉的那種生魚片/飯也沒有給醋飯/整個吃下來就只有大份這個優點/算是比較台式的日本料理/如果想要吃精緻/就不推薦這邊了
C	炒烏龍麵很好/五味軟絲也很好/但醋飯/非常難吃/只有甜味/飯也煮得過軟/和跟一座小山一樣的生魚片搭起來/真的很難吃完
D	/生魚片套餐/390/Sashimi/set/served/with/salad/appetizer/rice/and/dessert/生魚片套餐/加購鮪魚腹生魚片/100/天丼套餐/290/Tempura/Donburi/set/served/with/salad/appetizer/rice/and/dessert/豪華散壽司/540/Deluxe/Chirashi/附魚味增湯/超值商業套餐全天供應/還會附沙拉/開胃菜/白飯跟甜點/價格平均在280/380元之間/超大份量/就算是男生也可以吃到撐/真的是/超值/哈哈/如果是愛吃生魚片的人應該也會知道/北車有名的/三多屋爸爸嘴/兩家同樣主打平價生魚片/金魚/的肉片又更大更厚/又幾乎不帶筋/非常好入口/份量來說感覺也更多了一些/而且三多屋是戶外開放式座位/夏天真的很母湯捏/所以兩家相比我會更喜歡金魚囉/Info/金魚Kingyo/Japanese/Izakaya/台北市大安區延吉街233巷18號/需加收10/服務費
D	/綜合生魚片/100升級黑鮪魚/超大塊生魚片/一片要分3口才吃的完/請問老闆不想賺錢了嗎/魚頭火鍋/一大鍋滿滿的魚頭/魚的眼睛/比50元硬幣還大/還送滿滿的海鮮盤/酥炸豬排/外皮炸得酥脆/肉厚又不柴且有肉汁/鮮蝦唐揚/麵衣薄脆不會有厚重炸粉的口感/吃起來蠻清爽不會油膩/
D	外面停機車還算方便/點了豪華散壽司/鮑魚沙拉/炸雞塊/豪華散壽司是大量生魚片撲在醋飯上/每塊又厚又大/吃起來溫度剛好不冰涼/建議對食量要有相當自信才能一人吃完/味增湯鮮甜料多但魚刺不少要注意/炸雞普通/鮑魚沙拉上是整顆鮑魚/選則乾煎要加50左右/服務與氛圍比較像傳統老店/感覺比較急促一點
D	份量大/食材很新鮮/是一家CP值超高的餐廳/
D	三層肉好好吃/嗯/是疊了三層的魚肉啦/散壽司套餐有破布子蒸鮭魚/秋葵/味噌湯/紅豆薏仁湯/醋飯與吃不完的生魚片只要380/一成服務費/吃不完打包還給一包冰保溫/隔壁桌秀氣女生跟老闆要刀子切小塊吃/結果給她牛排的刀與叉/哈哈
D	每道菜可以說是料多實在/喜歡他們家的鍋類/炸蝦/生魚片/菜新鮮肉鮮嫩/滿適合和一群朋友聚會/
D	物超所值/服務好氣氛佳
D	總以前金魚吃到現在/紅甘/鮭魚/炙燒旗魚邊/蒸蛋/烏龍麵/都不錯/可以來吃/推推/
D	沒有比散壽司更讚的了
C	是春日日本料理的師傅開的/靠的是大份量的生魚片而出名/網路上討論度高/餐期時建議要訂位/開車來用餐可以停到附近國父紀念館停車場/店裡的客人平日中午主要是附近上班族/退休的長輩和來國泰醫院看診的人/店裡菜單種類很多/有全天供應的套餐/還有依照預算安排的無菜單料理/價格從1000元/人/1800/人都有/平日商業午餐有分399元和499元/就差一個鮭魚花枝卷/點完商業午餐後上菜很快/冷的沙拉/生魚片/壽司和招待的小菜都會一起上/後續會依續上蝦煲/烤魚/味噌湯和鮭魚花枝卷/最後有招待的紅綠大豆紫米湯/生魚片有基本款4種/一共9大塊/份量非常足夠且新鮮/目測在爭鮮至少有200元的價值/壽司像是鐵火卷/裡面的鮪魚完全吃不出鮮甜味/醋飯很黏/整個壽司都很沒味道/實在難以下嚥/商業午餐的烤魚是烤午仔魚/烤的香酥肉嫩/但味噌湯整體偏油/蝦煲的蝦吃不出甜味/反而冷凍味重/鮭魚花枝卷單點沒有/是師傅創意的手路菜/擺盤和創意都不錯/但味道不夠/還要加醬油/且鮭魚還咬的到骨頭/店員阿姨的服務態度不好/點餐要理不理/問問題也不耐煩/還沒上完餐就上餐後甜點/詢問後也要回不回的/午餐營業時間到14/30/但13/50的客人進來會先要客人先點/說只營業到14/00/且超過14/00店員會急著收桌/準備下午休息/可是明明營業時間就寫到14/30/店裡還有外賣自製的XO干貝醬/整體來說只有生魚片還可以/然後盤子缺角了還在用/沒服務確要收服務費/裝潢有日本風味/但底慍不夠/若來這點超過1000元的無菜單料理應該會很失望/
C	生魚片是很肥厚好吃/可是不知道為什麼點一樣的生魚片套餐/上來的餐點卻不一樣/後來問店員時/店員回覆告知說/有時候有/有時候沒有/蠻好奇到底是什麼樣的時間才可以吃比較多/
D	終於親眼見識到這傳說中的豪散/整體來說食材新鮮度佳/份量驚人/喜愛生魚片的一定要來試試看
D	這家在巷弄間的日本料理/來過好多次了/每次來吃都有不一樣的感覺/間單的生魚片棟飯分量很足夠/生魚片新鮮又大塊/一份就很有飽足感/兩個人吃也有套餐型/日式料理店中花樣多變化/上菜的生魚片有很多種類好吃又新鮮/喜歡生魚片的朋友要來嘗試看看/魚下巴燉的很軟嫩/吃起來的刺也不多/有一份蠻特別的生菜沙拉/有半顆的百香果搭配上一點雞肉與透抽/再來一份炙燒鮭魚握壽司/鮭魚的分量很足夠/一口吃下去很飽滿/最後再來一短鮭魚味增湯/整體來說是不錯的/
D	這裡的包廂內真的是銅牆鐵壁/沒有任何訊號/在當下真的讓我很煩惱/因為我迫不及待想把這裡分享給大家/苦無訊號/非常感謝這次店家安排給我一個包房/讓我短暫回台的時間內和我的家人提前共度一個難忘的母親節/菜式各人喜好不同/我個人覺得很不錯/有機會大家可以嘗試看看
D	傳統台式日本料理店/生魚片新鮮份量大/油淋清蒸午仔魚鮮美好吃/
D	味道不錯/份量實在的日式料理/但有可能太忙/店員在溝通時顯得冷漠/
C	人生第一次吃生魚片還吃到一堆魚刺/味道感覺很不新鮮/雖然魚肉都給你很大塊感覺很大方豪邁/但除了非常難入口之外/吃了幾口就覺得很噁心/店員態度也很差/讓人吃得很不愉快/俗擱大碗是沒錯/但要吃好吃或新鮮/這裡很不適合/
D	台北東區相當有名的超大生魚片/金魚的老闆跟之前仁愛醫院後的春日好像是同樣的/餐點風格像比較早期的日本料理風味/店內生意很好/週末去一定要先訂位/餐點選擇很多/也有划算的商業套餐可以選/不過/因為餐點份量實在太多/所以點餐時候可以詢問一下點餐的服務人員/是否會超過份量/我這次一訪/兩個女生點兩份套餐/就太多了/吃到撐也吃不完/想吃大碗滿意的生魚片或握壽司/金魚是不錯的選擇/
D	大份量/高CP值/美味是對金魚日本料理的最大印象/餐點份量都很多/餐後還會附上甜湯及水果/我一試成主顧/跟我一樣喜歡吃日本料理/想吃生魚片吃到怕的/絕對不要錯過/因為分量多/很適合一群家人朋友來吃/尤其過年及尾牙季要到了/金魚日本料理是個好選擇/散壽司/340/份量豐富種類也很多/有甜蝦/海膽/干貝/鮭魚卵/海鱺/紅甘等等/底層還有滿滿的醋飯/最喜歡的是鮭魚生魚片根炙燒鰻魚/生魚片都還算新鮮/而且每一片都超級厚/不到400元這樣的份量真的很佛心/霜降牛肉火鍋/送海鮮/三人份/1998/菜單上雖然寫3人份/但我覺得根本是5人份啊/肉盤超大一盤/還有附贈超級富的海鮮盤/肉盤/肉片是有厚度的/油花分布均勻/肉質鮮嫩/煮個５/７分熟超級好吃/大愛這個霜降牛肉/海鮮盤/有蝦/蚵/蛤蠣/丸類/青菜/很豐盛/但真的飽到吃不完了/沒有很能感受到它的新鮮與美味之處/火鍋使用卡式瓦斯爐/用餐過程中一直出線火太小滾不起來/或是沒火了等問題/滿影響到用餐體驗的/點火鍋實在非常划算/會讓你體會到什麼是飽到想哭的感覺ＸＤＤ/
D	真的很扯/份量都不小/走進來前請先做好心理和生理的準備/味道就沒有特別突出了/不過還算好吃/
D	金魚真的是日式料理店中俗夠大碗的代表/比較偏台式日本料理/今晚我們9個人用餐所以是坐圓桌/但還是有點偏擠/店內很吵雜油煙味也滿重的/有點像來到熱炒店/點菜方式有無菜單/套餐或單點/我們分別點了899元套餐/799元明蝦套餐和單點一些想吃的東西/套餐一開始是生魚片/我認真覺得這不是生魚片/一片超大片是一般的三倍大/根本是魚的屍體了XD/不過很新鮮就是/生意好魚料就是可以維持一定的品質/第二道是鮑魚沙拉和花壽司/鮑魚很大一顆而且很新鮮/花壽司大家很喜歡是傳統又懷念的味道/第三道是炸魚片/由於魚片夠厚而且新鮮/所以吃起來滿嫩不會乾/撒上胡椒鹽調味就滿好吃/第四道是油蔥鮭魚下巴/這時大家都太飽都決定要打包這道/因為味道是可以想像的/第五道炸蝦和蘋果沙拉/蝦子很大一隻貌似是明蝦/也很新鮮/第六道是蛤蠣蚵仔湯/料很多可是意外地卻沒有很鮮美/第七道是明蝦味噌火鍋/裡面料非常多加上明蝦後/湯頭鮮美到不行/大家讚不絕口/第八道是水果和甜點/大家飽到不行了/這份量真的太誇張/沒有一桌不打包的/店員們也都很習慣客人要打包了/很熟練的給我們餐盒讓我們打包XD/這家店適合喜歡台式日本料理的人/份量很大/食材很新鮮/CP值很高/但用餐環境我沒有很喜歡就是了/
D	東西份量很大沒錯/價格也很相宜/東西新鮮/味道跟質量可以接受/跟家人來吃是不錯的/很台式的日本和食店/
D	CP值超高/份量大/算相當新鮮/生魚片很厚口感佳/生意好常滿座/因此有點擁擠吵雜
C	再次造訪/少了第一次的驚喜/服務人員的辛勞沒能贏得掌聲/一樣選擇午餐時間/似乎在趕鴨上架/歡欣的用餐氣氛/就在快速走菜中直線下降/不知道自己是否會再有回來的勇氣
C	2021/04/05/一/吃喝台北/大安區/延吉街/午餐/晚餐/台日式/日本料理/金魚日本料理/金魚日本料理/營業地址/106台北市大安區延吉街233巷18號/提起這家/金魚日本料理/就不得不談起另外一家在/大安區/才剛歇業的日本料理老店/這老店是位於/仁愛醫院/旁大安路上巷弄間的/春日/日本料理店/這兩家店皆有個特色/生魚片切片是採台式日本料理厚切的刀法切片給饕客品嚐享用/這跟在中正區衡陽路上的老店/梅春/日本料理店風格雷同/聽說/春日/與/金魚/是親戚/是父子二代/亦或是/反正都是同一個老闆/而提到/春日/當然也得提一下/本人住家户籍地松山區的/民生社區/在我學生時代/春日/台日式日本料理店就是在/民生社區/撫遠街/草創開店經營/後來生意越來越好/紅到在/大安區/上班的白領主管們/上/春日/日本料理店打牙祭/所以/春日/便遷店移址至/大安區大安路/上/仁愛醫院/旁巷中經營/本日是家聚/所以至/金魚/日本料理餐點採外賣外帶攜回方式用膳/本日餐點/請参照相片
D	鍋燒烏龍麵198超好吃/又划算/鯖魚也好吃/炙燒鮭魚握壽司超大的/很便宜/2人吃1400/飽到打包/
D	高CP值的金魚日本料理是一間很台灣口味化的日本料理餐廳/生魚片切得很厚/但個人不喜歡那麼厚的生魚片/炸蝦外面裹的粉也很厚/讓蝦子看起來很大隻/明太子馬鈴薯和綜合海鮮沙拉還不錯/份量都很足夠/整間店隨時都是客滿的/整體環境也因此變得吵雜/因為生意非常好/店不大/所以桌距近/不太好聊天/生意很好/但服務態度並沒有因此而打折扣/服務人員態度客氣友善也親切/只是看他們忙得不可開交/總覺得應該再增加一些人手會比較好/
C	價格並不是很便宜/但是真材實料/魚肉給的真的很大片很厚很敢給/份量也多/吃得超飽/但因為太大片跟太厚會比較不容易吞嚥/炙燒的部分會因為魚肉的肉質透過燒烤而變得比較柴/就吃不出魚肉本身的味道/而且吃多了會怕/如果是大胃王的人可以/光顧/他們的份量真的很多/
C	我只能說/前菜是雪裡紅配咖哩這是哪個天才想出來的定食配菜/他自己一定沒試吃/味道說不出來的怪/還不如送沙拉還比較好/蛤蜊完全沒有肉/空殼好幾個/很不新鮮/味噌湯比起以前有比較不鹹/但還是很鹹/或許多放蛤蜊少加味噌會比較好/吃是吃的飽啦/我想沒點比較貴的餐點或是多人大套餐或許廚師只是在塞飽顧客/從春日吃到金魚/很可惜沒感受到承襲的誠意/只有一再省成本支出/鮮度/手藝/服務員的教育/附註/甜點綠豆薏仁湯好好喝
C	吃商業午餐499/含魚鏢/上菜太快/吃的太急覺得不喜歡/和風沙拉/壽司/生魚片/番茄煲/魚鏢/蝦煲/味噌湯/全部上菜用了20分全上滿/料理算好吃/但生魚片筋超多/
D	黑鮪魚下巴/太驚艷/海膽好吃/不便的是包廂位子有點窄包包都只能放地上/另外廁所會經過廚房
D	金魚日本料理和以前大安路上的春日日本料理系出同門/可想而知走的也是高CP值的台式日本料理路線/不精緻卻料多實在/店內服務員是大嗓門阿姨/鬧哄哄的/若是想造訪正統日式的客人/這裏不會是符合期待的地方/撇除台式的風格之外/它實在沒什麼好挑剔的/就舉自己點的握壽司套餐而言/340的價格物超所值的給你各種魚料又厚又長的壽司8貫以上/甚至還有壽司捲和炙燒的口味/壽司的塊頭到上桌那一刻才知道那份量之大/喜歡口中塞滿滿大口吃肉的人真的很適合/另外套餐還會附沙拉/漬物/開胃菜/就是第二張照片中的煮魚/一整尾醃煮過的/湯/滿滿的碎魚料煮成/鮮味十足/延吉街這一帶很難得一見的日式料理價格就在金魚/適合大快朵頤的一餐/每每造訪都撐到吃不下的走出去/
C	突然想吃生魚片/翻開口袋名單/找到金魚日本料理/最貴的點下去/540/54/店員也沒說份量很多/送上來都傻眼了/生魚片每片都很厚/吃得很過癮/種類多/下面還有醋飯/魚味噌湯料多/有刺要小心/花90分鐘硬塞把它吃完好撐/最後還有甜點跟水果/建議兩個女生吃一碗/店內消費滿一千元才可刷卡/櫃台一直在接訂位電話生意很好/其他店員也很忙/問話都愛理不理的服務不是很好/朋友點/699套餐/七道菜/平日中午還有/399套餐/很超值/PS/聽說跟金魚日本料理可以比下次吃旨丼/豪華大滿足丼
D	超級好吃又實惠的日本料理/因為網路找得到的單點體驗很少/我當天帶著自己擬的菜單問服務生/他們幫我改了幾道菜都改的很漂亮/整體金額跟我原本訂的差不多/但上菜的澎湃度和好吃程度都超越期待/我們八個人只點五道菜就吃到翻肚了/松阪豬火鍋非常好吃/讓人回味無窮啊/
C	優點/肉很驚人的大塊/還算新鮮/缺點/新鮮但味道很普通/因為肉太大塊反而很膩/鮭魚只有油味沒有甜味/鮪魚的刀工不好/都是筋/總之是吃粗飽的店/不期不待沒有傷害
D	Large/portion/of/a/set/meal/with/acceptable/price/1981開幕的日式料理老店/一個定食套餐就很有飽足感/包含主食/副餐/味增湯/時蔬/甜點/會有兩餐的飽足感/有兩個十人包廂/可以訂位/
D	大份量平價料理/就上菜速度跟性價比來說還不錯/但如果想找精緻料理/服務好的聚餐/或慶生餐廳/那這裡不會是個好選項
D	還不錯吃/CP值蠻高的/用餐空間有點小/
D	看起來這家店是之前春日日本料理的人開的/還是保有之前春日的風格/生魚片都給超大片/握壽司只看到魚肉飯都不見了XD/套餐380/10/服務費/400多就吃到你飽翻天/建議食量不大的話可以考慮兩個人點一份/再加個小菜就好/不然真的很容易吃不完/份量大/價錢合理/高cp值/是值得再訪的店家
D	新鮮好吃/部分春日的舊菜單成為隱藏菜單/給料非常豪氣大方/生魚片都非常厚又長/價格中高/適合宴會/小聚/
C	金魚日本料理/Kingyo/Taipei/想大啖物美價實的新鮮海產不用大老遠跑去東北角/老字號主打巨無霸生魚片的高CP值高/秉持平價消費/超值商業套餐/商業午餐/懷石料理/鍋物火鍋/刺身/手卷/壽司/燒物/炸物/食事/甚至連無菜單料理都吃得到/
C	服務跟價格都好/但這天吃的散壽司丼裡面只有鮭魚比較合格/尤其鮪魚實在帶太多筋很硬/下次再來二訪看是不是剛好運氣差
D	女生來吃要很注意/我沒吃午餐撐到晚餐時段才能完食/除非食量爆炸大不然不用點有醋飯的/吃不完會太浪費/散壽司還有附味噌湯/紅豆湯跟水果/中間如果覺得太膩可以請師傅炙燒鮭魚換一下口感和口味/要點豪華版的真的請三思衡量自己的食量/
D	CP值超高/料理也好吃美味/值得再次造訪/800塊套餐吃的到龍蝦跟生魚片還應許多配菜/飽到不行/生魚片套餐的生魚片也厚實份量多/其他料理也都水準之上/適合聚餐好地方
D	非常新鮮美味/但生魚片還是太厚/吃到後面會有點害怕/下次還會想再去/但生魚片應該點小盤就好XD/Fresh/and/delicious/Although/quite/thick/sashimi/is/too/much/XD
D	第一次吃生魚片吃到超撐/生魚片已經不是片/是生魚塊/超厚超大塊/建議切小一點/兩個人點兩份套餐/完全吃不完/炙燒鮭魚超好吃/餐點覺得都滿好吃的/壽司也很好吃/CP值很高
C	點699套餐/份量很足/生魚片切的很厚一片/可能有些人會覺得膩無法一次吃完/餐點大致上都不會太糟/店員阿姨們的服務很急很豪邁/
D	點了一個生魚片商業套餐/被嚇到了真是CP值超高/不輸痛風餐了/
D	生魚片品質很好/油脂很均勻/CP值很高/
C	310的豬排套餐/配菜竟然是三色豆/誠意有點太差
D	當天使用的是399套餐/壽司/明蝦煲/蒸魚/味增湯都算蠻不錯的/生魚片新鮮程度一般/但份量給的真的蠻多/套餐和風沙拉給的豆腐有點差強人意/整體來說還算份量味道都還不錯的店/
D	推散壽司/量超多/整個蓋到滿出來/但食量小的人建議跟朋友一起分/不然根本吃不完/
D	我只說真的超級大份/肚子餓去千萬不要失手點太多/完全吃不完/每一個生魚片都跟手掌一樣長/要吃蓋飯的飯還要把所有生魚片移開才吃的到/兩人吃一份蓋飯其實很飽/吃飯時看到隔壁桌點套餐式/菜狂上到隔壁客人一直發出/還有/哇/這要怎麼吃的完/雖然很多人不太滿意服務/但我覺得ok/碗盤其實也沒有到非常乾淨/但以這份量/地點和價格/我覺得也沒什麼好挑剔的/想吃生魚片吃到吐/推薦來這邊/我們沒有訂位/週末中午現場等候大概要等一個鐘頭
D	超讚的/390/10/生魚片滿出來/散壽司/必點/但兩人同行建議不要兩個都點散壽司/會吃不下
D	超好吃/cp值很高/東西很新鮮
C	同事聚餐/商業午餐399/生魚片平價魚/但大推新鮮水準高5星/其餘就感覺毫無廚師工力/多是廚房的邊角料來充數/也多用油炸處理料理/商業午餐很多餐廳視為招牌/這裡顯然不是/整體就是吃粗飽/海產店的等級/服務也就是老店老服務員/傲慢無禮不差你這客人的方式/
C	雖然套餐份量十足/但是人太多/坐位安排不佳/訂了7人位子/卻是4人的空間和6張椅子/最後是7人擠在一起/連用筷子都困難呀/生魚片/太大塊/如果自己帶刀子和砧板/每片魚可以切成4片較易入口/
C	生日隔天想吃日料/預先訂兩位沒遲到/被塞在沒有燈的出餐吧台口位子/沒人招呼也沒給菜單被晾在一旁約十分鐘/內場師傅喊了兩次才有人來給一本菜單/還沒點餐就離開了/應該不會再光顧/一人或兩人來用餐請慎思/會有過於繁忙多人桌/無人搭理的情況
D	很棒的無菜單料理
D	生魚片真的無敵大/料理份量大/海膽整個大愛呀/美味好吃/
D	生魚片切的超大氣/很大片很新鮮卻不會一直咬到筋/以價格來說很划算/套餐份量很大/兩個人都點的話會吃不完/金魚很適合招待長輩
D	生魚片好大塊/如果可以切薄一點/多幾塊/更好/點了螃蟹1398/做清蒸/還附鮭魚炒飯/非常過癮
D	吃貨朋友邀約/份量有夠大/鮮度ok/套餐的沙拉/配菜/味噌湯都非常有誠意/胃口小的建議兩人點一份套餐就好/可惜生魚片太大片/希望可以份量相同的狀況下切小塊一點/
D	豪華散壽司超大份/一個人根本吃不完/希望點餐的時候可以提醒一下/魚肉新鮮/但切的過分大塊/一開始吃蠻爽的/但吃到一半已經受不了/很膩又覺得剩下很浪費有罪惡感/如果2/3個人分食一碗應該會吃得開心一點/另外有附味增湯跟紫米甜湯/但真的太飽了沒辦法好好享用/
D	哇/中午11/30分/全店就坐滿了/生魚片厚重/需要借剪刀來切片/價錢真的是CP值挺高的/
D	超棒的家常日本料理店/生魚片價格差不多/但超大片又超厚/照片中超大魚下巴/只要/398/價格差不多但份量或大小都比較大/婆婆跟小孩都吃得很開心/很適合家庭聚餐/需訂位/
D	要給老闆五顆星/因為老闆開店不怕客人吃/讚/但是生魚片可以切小片一點/不然生魚片看起來超霸氣/但是吃起來有點恐怖/鮭魚生魚片尺寸大約/10公分/4公分/3公分/
D	超級飽/便宜又大碗/第一次吃生魚片吃到怕
D	每道餐點都是巨無霸尺寸/分量給的驚人/食材也相當新鮮/但環境非常吵雜/除了特定包廂以外/外場適合快速吃飽閃人/每吃完一道/服務員會立刻出現收拾桌面/不推薦多人聚餐聊天/
D	799龍蝦套餐還不錯/記得要等湯滾到冒泡了/再放龍蝦/不要煮太久/會好吃很多/服務來說/就跟大家評論的差不多/不要有太多期待
D	CP質很高的一家店喔/生魚片肉給的很大塊也很新鮮/壽司表現也很不錯/1300的無菜單料理也很棒喔/屬於適合家庭朋友聚餐的店家
D	量多價錢實在/店內稍嫌擁擠但是是相當不錯的店
D	價位划算/份量非常足/口味也很不錯/但唯一小缺點是魚可以切小片一點/不然吃多會覺得有一些膩
D	套餐有前菜煮魚及波菜/主菜生魚片及散壽司份量多/生魚片厚切大塊/還有魚味噌湯及甜點/CP值相當高/
D	生魚片給的分量不手軟/但如果可以切小或是薄一點/我覺得會更加分/畢竟生魚片不是大就好/而是一口能入口最佳/
D	壽司一端上桌整個嚇到/這握壽司也太大太厚了/炙燒鮭魚哇塞那個油脂/可惜的是那天點的烤明蝦雖然蠻大隻/但烤的太乾太硬了/
D	平日中午也是滿席/一定要訂位/份量很多/建議先點一點之後再加點/食材都很新鮮好吃/CP值很高
C	生魚片一樣厚切/口感舒服/唯獨此次套餐/有一道烤下巴被換成烏魚鰾/未主動告知/感覺有點難受
D	餐點美味/雖然價位較高但是以菜色來說非常划算/無菜單料理量很多還請斟酌
C	台式的味道/這次點399/10/的午間套餐/份量雖然看起來不多/但整份吃起來超級飽/上菜速度很快/收盤的速度也很快XD/下次還是吃一般定食就好
D	驚人的生魚片厚度/台灣風格的日式料理亭/門庭若市追求安靜用餐的就不適合這裡了/約莫6位揮汗工作的師傅正擠在吧檯裡/手腳俐落/小菜跟甜點也非常用心/
C	服務員很忙不應該是態度差的藉口/真的太忙的話/多請一點人吧/但口氣太差的話/送餐送錯/還強詞奪理說/妳自己點餐要知道有沒有附湯啊/莫名奇妙了吧
D	飽到受不了/生魚片太大塊了真要命
D	生魚片好吃超厚/套餐一上桌會傻眼/份量太多了/老闆你有賺錢嗎
D	我們7個人點了4份899元套餐/就很飽足/生魚夠厚/份量足/烤蝦大隻/美中不足的是芥末不是現磨/可惜了
C	新鮮度及烹調皆有一定水準/唯獨湯類略為遜色/不知道是不是因為情人節人多的關係/
D	來金魚吃尾牙/這個生魚片評分只能給好給滿/沒什麼好說的/好吃/吃得夠爽/份量超多/絕對吃不完/已經來過兩百次了吧吧每次都很滿意/一定要提前訂位/
D	緬懷春日/第一次吃/380元的生魚片套餐感覺很超值/生魚片厚度跟春日一樣狂/1人獨享有點too/much/下次要找朋友一起來吃/
D	聚餐推薦好地點/需要先預約比較好/滿1000元可以刷卡付費/豪華刺身的量真的蠻多的/喜歡日式料理的一定要來一次/刺身真的很厚實又順口好吃/還有點了/260鍋燒烏龍套餐/那個湯真的很鮮/裡面有很多的海鮮/蚵仔/蝦子/魚/部分的火鍋料/並且附加開胃菜/甜點/沙拉
D	跟以前的春日是同一個老闆所開/依舊保持當年的水準/份量足味道佳/是可再來吃的店
D	CP值超高的評價日本料理/有眾多的選擇/1/餐廳店員服務熱情/座位蠻多的/2/不吃生魚片的人有壽喜燒和火鍋等多樣選擇/3/套餐好吃不錯可點一份/其餘單點/因為一份的內容可以二人一起吃/4/生魚片非常的多/男生已經吃到超飽的/5/有收服務費/倒茶服務/6/開放式的工作台看得到師傅的用心
D	喜歡/一個生魚片套餐搭配軟殼蟹壽司/一瓶啤酒/總共/880/生魚片超厚份量超多/又飽又滿足
D	份量太多/請勿以為自己吃得下
D	好吃大碗/CP值很高/生魚片超厚/但味道就一般不算精緻/以價錢來說是很超值
C	Very/fresh/sashimi/But/it/s/too/big/big/piece/It/would/be/better/if/the/sashimi/to/be/cut/into/small/pieces/生魚片很新鮮/可是切太大塊了/有點影響口感
D	老字號餐廳/久違了/原本要吃春日拜估狗大神的威力Map圖像顯示搬遷/看到兩間店的關聯/在次感受到老店對食材的美味料理/新鮮滾滾仿如又回到多年前初次品嚐的感覺/
D	好吃實惠/一定會再來/
C	份量極大/生魚片超厚/飯不是醋飯/而且沒熟/危機處理能力差/即使訂位/套餐內容還是因為備餐不足隨性調整/餐廳動線擁擠/服務員上菜一直與我身體接觸/
D	大推/生魚片新鮮美味/料好又價格實在/其他餐點也很好吃/
D	北市可內用的第一天/熟悉的春日台式日本料理/視覺及味覺的雙重享受/鮮美的生魚片定食/鍋燒麵及鮭魚卵手捲/滿足了三個月來的渴望/
C	用餐用到一半看到牆面上爬兩隻小強/握壽司上的生魚片也感覺不夠新鮮/份量雖然很大方但衛生品質令人有點擔心
D	食材新鮮/調味簡單樸實卻又讓人回味無窮/
C	停車不方便/食材很新鮮/建議單點或套餐/叫10000元桌菜但不覺得特別/而且沒吃飽/
D	生魚片新鮮/份量都很大/沒有吃不飽的問題/比較偏台菜日本料理/環境稍擁擠
D	大份量高cp值/很少日本料理可以吃到飽出來/但是魚肉等級似乎沒這麼高/沒有魚肉的鮮甜味/推炙燒鮭魚或散壽司套餐
D	cp值高/但是環境就吵跟擠了一點/沒辨法/這種食材在很安靜的高級料亭要兩倍以上的價格/
D	餐點好吃價格樸實/用料新鮮大方/滿足喜愛日本料理人的胃
D	人好多/一定要先訂位/價位中等/但是物超所值/附近有私立停車塲/
D	CP值超高/豪華散壽司划算到不行/
D	豪華散壽司必點/份量多/種類多/生魚片厚/底下還有醋飯/跟附一碗魚肉味噌湯
D	漲價了/還是一樣有一兩位服務姐姐態度很好/有些姐姐態度不怎麼樣/大概就是薪水不夠支撐她們的態度吧/
D	CP值超級高的散壽司套餐跟握壽司套餐必點/炙燒鮭魚超美味/套餐都附沙拉/湯/一道開胃菜/烤魚或番茄煲之類的認真開胃菜/還有甜點/生魚片新鮮/建議先電話訂位
D	比三味食堂還大塊/便宜量又多/適合多人聚餐/吃不下的生魚片可以請店家油炸喔
D	食物好吃/份量又足夠/大推/
D	上菜速度快/餐點不錯吃/敗點是覺得味增湯裡的魚骨刺多/喝湯時要特別小心
D	先講重點/生魚片吃不完/可以請老闆把魚肉炸熟/外帶回家/基本上炸食之後就像是魚片天婦羅/香香的很好吃/以下是心得/許多年前曾吃過仁愛醫院附近的春日/後來才知道金魚就是春日的二代/果然/老闆一直以來都貫徹讓人不用花大錢就能吃到生魚片的理念/這次來就是完全吃到不行/一起同行的朋友說/暫時一個月內沒辦法再吃生魚片了/我這次點的是握壽司套餐/生魚片每個都大到不行/生魚片大概是壽司飯的5倍大/一邊吃一邊要擔心熱食冷掉/或是吃太慢就不夠新鮮/建議這種握壽司套餐/兩個女生吃一份差不多/如果想要享用多一點餐點/那就點單點配一些小品/比方說山藥鮭魚子之類的比較好/一個人吃一份套餐/女生如果食量不夠大絕對吃不完的/
D	生魚片新鮮好吃/來過多次還是會想要繼續來吃
C	店員服務很熱情/C/P值雖然高/但是點了鮭魚下巴那鮭魚吃起來/有臭味腥味之外/感覺是不新鮮
C	十分台式的日本料理/壽司裡面美乃滋很多
D	份量十足/CP值高/炙燒鮭魚完全是入口即化/唯獨醬汁味道稍重/下次要再試試直接吃生魚片/烤鯖魚熟度恰到好處/肉質也軟嫩/
D	生魚片很誇張豪邁的日本料理店/是春日老闆的兒子開的店/食材新鮮/料理美味/適合多人聚餐的好地方
D	食材好食物也好吃/就是被我看到後台打包很隨便/飯都噴到桌上再用手抓起來/
C	看到reciew這麼高/原來不是好吃而是吃粗飽的/服務很糟糕/上菜快到桌子滿出來/也不能幫忙換盤子/用餐環境很擁擠/乾淨度還好/上廁所要經過廚房/不推/
C	從來沒吃飯吃這麼生氣過/這家餐廳我來非常多次/也推薦朋友/但也真的讓我很失望/今天點散壽司套餐/阿姨說沒了/我說那改生魚片套餐沒關係/一上桌我看到這盤真的是傻眼/以前點至少有三四個種類/今天點就大家圖上看到這兩種/我問了兩個阿姨他們一句不好意思都沒說/只跟我說看當天魚類出貨/你下次要先問啊/如果是這樣不應該先跟客人說嗎/一個人叫你吃十片只有兩種魚然後還這樣超大塊的生魚片/這種餐有什麼好出的/隨便一家生魚片丼飯都不會這樣出菜/生意好態度就這樣/整頓飯都氣飽又讓不喜歡浪費食物的我浪費一堆/再也不想來/
C	不是我的菜/低質/一顆星已太多/我不懂為什麼有人來吃/生魚片除了鮭魚/全都是筋/全都是筋/全都是筋/衞生很差/還有小黑蟑螂/還有小黑蟑螂/還有小黑蟑螂/
D	食物都很好吃/簡單新鮮的日料/溫馨的店/推/
D	CP值高/38年的日本料理老店/生魚片大的嚇人/厚的夠本/物超所值的好店
D	無菜單料理/CP值算蠻高的/本次聚餐每個人花費大約1000元/有吃到半隻龍蝦/生魚片很新鮮/食材都在很新鮮/真好吃
D	秋蟹總是令人食指大動/還想再去吃啊/
D	便宜又大碗是這家最好的形容詞了/幾乎沒吃過400內能讓我吃到飽的丼飯了
D	料理都超好吃/生魚片給的很大方/每個餐點份量都很多/Cp值超高/推/
D	鮭魚生魚片/真的超厚/吃到害怕/
D	每樣份量都很足/除了一位服務人員比較臭臉之外/其他服務人員都蠻親切的
D	很澎湃cp值很高/只是用餐環境比較擁擠吵雜
D	份量雖大卻顯得不精緻/生魚片切大塊不易入口/但這樣的處理可以提高出餐速度/總之算是不貴能吃飽但並不精緻
D	新鮮美味又爽口的食材/吃了絕對會讓人意猶未盡/每一道豐富的料理都值得品嚐/CP值超高/如果可以/一個月至少要吃2次呵
C	櫃檯換年輕人就是態度跟老闆娘差太多了吧/下次不來了/高檔餐廳沒有高檔樣了
C	蛤蜊湯的蛤蜊都是死的/很不新鮮/烤鯖魚的檸檬上有藥膏味/擠完整個手指都是藥膏味/份量很多/吃不完/生魚片都超大片/請他們切小塊/只會拿刀叉讓你自己切/服務不好/桌子塞滿了/還一直上菜/
D	份量大到吃不完啊/味道也是值得一品/新鮮的魚更是招牌/
D	/吃/一家很威猛豪邁霸氣都無法形容的店/見到生魚片套餐還有那價位真難想像我是在台北/是在台南吧我/極少吃生魚片的我/衝著這名氣也來挑戰看看/心想網友大概是小鳥胃吧/寫這種文章嚇得到我嗎/看到實體真的會嚇到/總之/很推薦食量大/熱愛生魚片的人去試試看/一片生魚片大概女生要分三口才吞得下吧/部落格say/這東西真的有人吃完過嗎/老闆娘/甚少甚少/還真的很得意很囂張呢妳XD
D	散壽司滿到一個不可思議/強烈建議餓個一天再來/生魚片吃不下還可以弄成炸魚
D	大口吃生魚片的感覺真好/太幸福了/
D	極飽份量極多/生魚片套餐整整有將近10大片的生魚片/每一片大概都是一般人的兩/三口/湯很好喝有很多碎魚肉/還有生菜沙拉/炸天婦羅跟甜點紫米紅豆粥還是湯之類的/以這個價錢來說CP值滿高的/真的超飽
D	偶然的機會踏入店裡/然後帶著滿足的心情離開/看看那散壽司上的刺身/切的多厚實
D	只要399元的經濟實惠商業午餐/就可以讓人吃到新鮮/吃的滿足/很棒的CP值
C	東西新鮮好吃吃得很飽/但生魚片沒有處理一大塊上桌有一點點怕怕的/
D	套餐的豚棒腿味道普通/咖喱醬汁沒有味道
D	握壽司套餐/超澎湃/沒給五顆星是因為份量太多了/吃不完/雖然很划算/但是吃的太撐不舒服/沒有各種比例剛剛好的感覺/是一家不得不打包的店
D	五人吃無菜單料理1500元/人/多到打包好多回家
D	上菜快速/料理簡單樸素好吃/生魚片大塊
D	中價位/399元/但份量超足的每日特餐/值得初訪著嚐鮮/
D	好吃又新鮮/重點是分量超級多XDDD/CP/值爆表
C	服務尚可/生魚片新鮮度尚可/但有的生魚片還有血/但它的刀工害了食材遭到浪費/因為魚肉這樣變得有筋/且整個口感過於厚實導致太噁心/變得一點都不好吃/芥末也是化學/味增湯太嫌而且飄一層油/配餐是皇帝豆也有的奇怪/加上滷魚頭/導致整個料理一點變化性欠佳/同行朋友點的炸豬排沒有醬汁外還過於乾澀/只剩很厚可以說是優點/希望廚師能夠改善刀工/使食物變得好吃/不然也是一個大方的肉店而已
C	CP值超高可以吃很飽/但要吃精緻就完全不推薦/魚肉非常的大塊/沒有在管你的口感/講白的我覺得有點在浪費美好的食材/位置蠻擠蠻亂比較像食堂
D	火鍋非常超值/牛肉的油花很漂亮/生魚片依舊覇氣/烤透抽香甜脆口/聚餐的好地方
D	超值/老闆給料毫不手軟/一直以來保持著高cp與鮮度
D	進入店裡/客朋滿座/餐點有著高性價比/尤其軟殼蟹壽司讓我吃了三個還不膩口/
C	門口大媽服務員態度超差/老字號店家不缺客人用餐是吧/
D	份量足/價格也便宜/但是生魚片切的有點大塊/不方便入口
D	豪華散壽司建議兩個人吃/生魚片厚到你無法想像
D	生魚片新鮮而且每種餐點份量都超大/以這樣的份量來說價格非常的實惠/假日感覺人蠻多的/建議提前訂位/
D	/
D	老字號日本料理/食材新鮮/份量大方/適合多人一起聚餐
D	風味道地/菜色新舊並陳/葷素皆具/價格合理/服務親切/
D	海鮮食材新鮮美味/份量多
D	鍋燒麵誠意十足/有魚肉有蝦有蚵仔/湯頭很鮮/豬排套餐豬排超厚/有魚肉/味噌湯/水果/甜點/真的澎湃
D	生魚片好大好好吃qq/炸豬排還好/可以不用點/
D	超大份量的套餐/物超所值/狂推散壽司套餐/有看過壽司這樣滿出來的嗎/太讚了/
D	吃得好飽/台式日本料理還是很不錯的/
D	熱愛生魚片的朋友應該會非常喜歡這間餐廳的料理/魚肉非常大塊又大氣/雖然行家有說過生魚片不能切太厚/但我偏好厚片/不給五分是因為豬排定食實在讓人卻步/而且服務生的態度也都不大好/可以再精進/
D	肚子餓炸了/突然很想吃鮭魚頭/不能吃生魚片/但有個逼機人竟然在我面前點超大超厚的握壽司/鮭魚超厚超大/我看到目不轉睛一直盯著看/但我不能吃/我很乖/還好我的鮭魚頭沒讓我失望/好大好大份量可以/烤的也不乾很好吃但/就是有些地方真的很鹹/非常/還好有炒地瓜葉讓我配/不然我一定鹹死/但有人說生魚片太厚吃得很膩/花了法克我多想大口吃鮭魚/你還嫌/好吧旗魚太厚看起來蠻噁的/僅限於鮭魚我很可以/等我可以吃的時候我要吃超厚超厚的鮭魚生魚片/鮭魚頭/超厚鮭魚生魚片/超厚生魚片/日本料理
D	尚稱美味/份量大/價格划算/生魚片新鮮/切片厚/人多建議先訂位/
D	價格實惠/菜色口味也好吃/很適合家庭聚餐
C	標準的俗又大碗價格實在日式料理/生魚片上來每片都超大塊/不是一口就能吃完/炸雞唐揚很普通/炒麵還不錯/要吃精緻的千萬不用考慮/
D	除了服務生是媽媽級以外/整體真的不錯/不是尖峰時段來/安靜舒適/重點是吃的/我點380生魚片套餐/對於身高185的大男孩子來說/分量真的很夠/生魚片嚴格算起來有8片/以為很少嗎/你錯了/每一片足足可以塞滿我的嘴巴不誇張/對於女生來說至少三口吧/雖然飯少了點/但對於台北來說/這個真的很公道價了/380元有/一碗飯/生魚片一盤/魚肚一條/蝦頭湯/菜伯/秋葵一盤/水果/甜點/雖然有幾十快的服務費/但真的還不錯啦/
D	台北最好吃生魚片沒有之一/
C	去吃了好幾次越吃越糟糕/訂位預約8/30到/8/35到店還詢問櫃檯店員/距離營業時間9/30這邊吃飯時間上有沒有問題/都說沒有問題/吃飯吃到大概9點開始收東西又詢問服務生/我們這樣時間上可以嗎/也說可以沒問題慢慢吃不急/到後面尤其是把桌上的醬油收走完全不詢問也不看客人有沒有使用/當下已經反應我們吃不到三分之一就把醬油全部收走會不會有點扯了/點散壽司套餐/也不先告知客人我們來的晚/只有鮭魚跟旗魚兩種魚/而且是客人詢問了上菜才知道/9/20幾分東西還在吃/竟然有一位服務生很沒禮貌不客氣地過來跟我說/吃快一點/帶客人來這裡享用晚餐說這樣的話/有夠誇張丟臉的/從沒遇過有這樣的日本料理店/絕不再帶任何客人去/也不推薦有夠丟臉的/全台北日本料理店多的是不差這一間/
D	總之適合吃粗飽跟大食量的人/一般套餐就非常驚人了/不要輕易加點呀/食材新鮮調味很棒/CP值非常非常高/
D	台式日本料理/份量夠/味道還不錯/價格不貴/用餐環境稍擠
C	店員服務態度很差/才剛上菜/吃不到半小時的我們/店員就一直用厭惡的眼神看我們到底要吃多久/要翻桌率也不是這樣對待客人的吧/甚至看到桌上有兩碗味噌湯/店員/你們應該只有一碗味噌湯吧/我們/不確定哪個餐點有附味噌湯/我心裡os你都不清楚了/我怎麼會知道/店員/那我先收走/我心裡再度os這一碗湯已經放10分鐘以上了/你收走給下位客人喝嗎/不會太噁心/令人完全不想再來這樣家餐廳
D	生魚片真的超大塊/配菜的蒸魚也很好吃/經濟實惠/
D	以台北精華區而言/這樣豐盛的便當價格170真的很棒/而且蝦子也不是用那種廉價冷凍蝦/今天開會很開心吃到有豐富滿滿的菜的便當/
D	生魚片握壽司定食份量超多/每個壽司都很巨大/花壽司就超好吃/吃好吃滿吃飽飽/cp值很高/
D	真的超級好吃/肉又超大超厚/能吃到這麼厚的生魚片真的很滿足
D	生魚片超大塊/吃得很過癮/但切小快一點比較好入口
C	和兩名友人前往點了一份霜降牛肉鍋/它的油花分佈得很漂亮/肉質也相當好/但湯頭及附贈的海鮮盤很普通/也相較之前的春日多了許多再製品/有些小失望/吃不到一小時/就有服務員開始上甜點/水果/此時肉盤的肉尚未下完/以及後來服務人員沒注意我們才剛下烏龍麵就將爐火關掉/想翻桌的意圖非常明顯/從入桌到離開共1/5小時/不是很愉快的用餐經驗/海鮮盤的六隻熟蝦巳經下鍋/
D	台北難得點餐式的日本料理/生意很好/所以服務人員臉很臭/不過餐廳cp值不錯
D	生魚片非常好吃/大塊/新鮮/料理用心/空間有氣氛/
D	春日收了之後都改來這/服務人員都是粗魯的阿姨/這點可能不是每個人都能接受/另外還有金魚的位子排得比較擠/但豪華散壽司好吃量多而且不貴/另外推軟殼蟹壽司跟牛肉火鍋/
D	性價比高/讓人驚乎的無/菜單料理/
D	商業午餐感覺很超值/生魚片讓人吃到爽/
D	照片拍不出震撼感/其實份量非常多/兩個女生點一盤580散壽司吃不完/食材非常新鮮/連海膽都不會有很常吃到的怪味/魚肉非常厚/大概都超過一公分/個人非常非常愛吃鮭魚/從來沒有吃不下的情形/但是這天/我剩下一片鮭魚/真的再也吃不下了/
D	Cp值高且好吃/商業套餐份量超大/根本都可以兩人吃一份了
D	從以前還是/春日/時就常來吃/台式的日本料理/最讓人印象深刻的是食物的份量與真材實料/每碗味噌湯都有滿滿的魚/天丼也一如往常的優秀/尤其是那個醬汁/勝丼的豬排感覺料理方式跟以前不太相同/炸的偏濕/個人偏愛以前的口感/但份量還是不用一樣驚人/服務生阿姨們的熱情與物超所值的餐點/推/
C	這間是以前大安路的春日/味道還可以/但服務人員態度不佳/這點真的很可惜/
D	超級好吃又大份/再訪很多次了/
D	食材新鮮/份量很多/價格實在
D	厚切生魚片/超有誠意的天婦羅/好吃/
D	食材很新鮮/價位很公道/以後還會再想去吃
D	散壽司套餐/很驚人的份量/前面有前菜/蒸魚/豆腐/後面有料超多的湯和小甜湯
C	今天去拿午餐外帶/我是35號/11/20到達時叫到27號/大太陽底下排隊等7人/輪到我是11/40/告知還沒好要站旁邊等/接著就看別人一個一個拿走午餐/47號都已拿走了/我問了三次/店員都說還在做/到了12/05連53號都拿走了/我忍不住開罵/所有員工都不講話/只有老闆冷冷的說在做了/又等了7分鐘才做好/女的老員工結帳時說歹勢啦多送你一碗味噌湯/就再也沒人說對不起/這種傲慢混亂的三級勒色店絕不會再去/
D	來到金魚日本料理記得一定要先訂位/因為這裡的熱門時段人都蠻多的/生魚片便宜/且大片又厚/鮭魚炒飯以及鮮魚味增也相當不錯/還有飯後甜點與水果/唯一可惜的是生魚片有少許的鱗片沒有清乾淨/但整體來說非常的不錯/
C	中午用餐/點/散壽司商業套餐/370元/生魚片誇張的多/這不是散壽司/這根本是生魚片蓋飯/難怪生意很好/座無虛席/不過/真的以日本料理角度來看/從用餐環境/服務態度到餐點/只有一個詞形容/粗糙/而且為了吃完這/堆/生魚片/還感覺到有壓力/總不能把生魚片打包帶走吧/吃到後面有點噁心/完全沒有正常的日本料理給人家一種吃完後意猶未盡/清爽的感覺/所以/如果喜歡生魚片吃到飽的人絕對推薦這家/如果期望是日式的精緻/清爽的感覺/千萬別來/
D	綜合特生魚片/一整個超滿足/阿姨們很親切/下次再來吃/
D	料多新鮮/沒看過切這麼厚的生魚片
D	漲價了/東西也變小了/但味道不變
D	春日沒再營業了/跑來金魚試試/口味一樣/價錢也差不多/很實在好吃/客人很多/建議先預約
D	生魚片套餐/老闆給的生魚片又厚ヌ多/實在吃不完/如果再精緻些就更好了/基本是物超所值/
C	1/上菜速度極慢/12/10入座到12/47主菜都還沒來/2/一個壽司做成這樣/實在不怎麼美觀看了也沒有食慾/3/明明有點餐系統店家缺乏慣例制度/漏單頻頻送錯菜/都不看系統的點單質疑客人點錯菜/4/三週前就訂位了/8個人坐六個人的位置很擠/5/點餐時服務生都覺得客人應該知道什麼是/附餐/也未告知內容物是什麼/態度極差/6/餐廳整體服務品質極差/人手不足/絕對不會再二訪
D	從小吃到大也20幾年了/平價卻份量飽滿/豪華散壽司五百多元吃到撐/食材新鮮甘甜/很有誠意的料理/怪不得週末中午就一堆客人/料理性質偏向台式日本料理/追求正統的日式料理可能不太適合/
D	食材新鮮/份量充足/適合聚餐分享又不傷荷包
D	價格是因為份量堆疊而上/需要預約的店/你不能期待乾淨的用餐環境/大體上來說是點一個餐就快吃到飽到撐的店家/生魚片系列吃過一次非常新鮮/不過那量多到後面有點小厭世/普通女生食量怕是勉強/許多人說店家服務態度不佳/完全可以想像/他們就不缺客人的店/忙時難免/那天造訪沒太多客人就還行/提醒滿1000元才給刷卡/
C	餐點比想像中的不好吃一點/用餐環境較為吵雜
D	外賣/生魚片超大片/握壽司兩個就飽了
D	世界霹靂無敵好吃的生魚片/給料很大方/完全不手軟/CP值破百/
D	我的評論介紹的最詳細最真實/點開看圖看圖片/一道一道介紹
D	生魚片/新鮮/份量足/推薦/散壽司/同時能吃到生魚片/壽司/炙燒/還有附味增湯
D	話不多說/1399/10/好不好吃/請參考照片/
D	外帶內用的份量都很豪邁/常常客滿的日料
D	份量超多/超級超級多/食材新鮮/厚度/份量十分驚人/吃完你會怕/店員服務態度親切/注意事項/不要小看他的份量/先別點太多/慢慢加點即可/
D	招牌花壽司必點/來好幾次都只外帶花壽司/壽司米飯口感和配料搭配起來/不乾澀/整口壽司在嘴裡越咬越香/會ㄕㄨㄚˋ嘴/
D	食材新鮮/份量足/服務親切
D	台式日本料理老店/用料實在/服務生親切/用心/午餐399特餐/推
D	CP值高/份量多/要訂位/不接受現場
D	對學生而言沒有很平價/但是量非常的多/料很新鮮/超好吃/平時人有點多定位再去會比較好
D	請小心點餐/分量一不小心就會吃不完XD
C	代顧客黃小姐貼文/110年4月5日18時許至餐廳感受極差/1/廁所走道燈光昏暗/從餐廳走進通道根本看不見走道有高低落差/此外落差木板濕滑容易使人跌倒/3/客人/黃小姐本人/滑倒受傷不聞不問/向老闆反應/老闆不吭聲服務員還說是客人自己不小心/3/公共安全完全不理會/只為賺取消費者錢財/這樣的店家還能去嗎/4/用餐環境擁擠/沒有親身體會很難想像用餐桌椅竟然如此擁擠/
D	價格實惠/但會吃到怕/太多了/且沒有一道可以解膩/
C	無菜單料理的價格跟餐點不成正比
D	生魚片真的很多/散壽司套餐的生魚片也很多
D	份量超大/但喪失生魚片該有的口感跟鮮甜
D	雖然春日關門了/這裹一樣是CP很好的用餐
C	生魚片的新鮮度跟口感真的很不錯/我給四顆星/環境我只給兩顆星/燈光不明亮擁擠/吵雜/快快吃完請離開/不適合聚會聊天/最近電話預訂外帶生魚片與現場訂購/兩樣情/每次現場訂購外帶回家覺得很好吃/就會信任電話訂購結果回家又是失望了/
D	好吃/份量夠/物超所值/
C	說真的沒吃過這麼難吃的日料/一走進去就像菜市場一樣的氛圍/喝的第一口茶裡面就有頭髮/後來上的湯湯水水的餐/服務生手指及指甲都沾上湯/上來的碗盤多數都有破損/不知道是在吃路邊攤還是餐廳/食物部分蝦煲的味道吃一口就怕/就像把所有不知名的醬料全部混在一起/高麗菜捲則是口感軟爛/淋上的醬比超商的關東煮醬還難吃/日料套餐會有這兩個東西也是一個問號/生魚片跟味增湯是唯一覺得可以吃的東西/但是生魚片厚薄不一/邊吃還有魚鱗跟刺要注意/因此吃的感受很差/衛生跟味道讓人感覺店家面對料理的態度很隨便/絕對不會再訪且會極力勸阻身邊的人踏進來的店
C	看桌上是金蘭醬油就覺得不妙/果然/生魚片沒有它應有的鮮甜/新鮮度倒是不懷疑啦/畢竟人真的多/生魚片的份量的確很多/但如上述所說/並用重鹹的醬油掩蓋魚肉的不足/吃起來自然是膩到不行/第一次吃台式日料吃得這麼痛苦/唉/前菜不知是什麼魚燴豆腐/那道大概是整個set最好吃的一道/
D	台式日料老店/防疫期間生意還是很好/外帶訂單絡繹不絕/CP/值絕高/
C	0716吃午餐/茶壺上有蟑螂在跑/不會再來吃/生魚片軟爛
D	生魚片很大塊/天婦羅酥脆/螃蟹也很新鮮
D	平日午間套餐的份量之驚人/以下有圖為證/新鮮又好吃啦/
D	支付方式/現金/信用卡/Google/Pay/Apple/Pay/份量很大/CP值不錯
D	巷弄內評比非常高的日本料理店/採事先預約制/生意非常好/食材高級新鮮/份量十足到會讓您驚喜/料理及刀功精湛道地/保留了食材原汁原味的美食/用餐環境舒適靜宓/店方與顧客群也較偏向中老齡老饕型/價比合理實惠/讓您會想一來再來的好店/記得要事先預約/
D	生魚片超級新鮮且很大一份
D	商午不錯/CP值很高/但/我吃完拉肚子/呵
D	生魚片厚切/超級滿足
C	新鮮的食材/值得再去吃/吃完還可到隔壁喝咖啡/安靜/一下/
C	東西不錯吃/份量都很足夠/但是當天遇到的店員可能都心情不好/態度都很不好/極度不耐煩/食物給四顆星/服務一顆星都不想給/明明沒有點的菜/只是詢問服務生是否是我們的/就拿了點菜的單子給我們看/重點就是服務生點錯了/看pos機的點菜單有用嗎/最後上錯的菜我們也吸收了/並沒有要求要退/點了幾份茶碗蒸/服務生上菜的時候把抹布浸到茶碗蒸上面/一起來上菜的服務生也看到了/當下也反應了/不過服務生似乎想裝沒事帶過/只好直接跟他們說那份要退掉/沒多久點菜的人又來說/你們就點了八份呀/只好直接回應/菜都碰到抹布了是不能退嗎/總之服務態度令人不敢恭維/
D	好吃/份量很大/海鮮新鮮
C	這家外場服務人員/服務態度極差/給1星都還嫌多/以下給你們參考/希望你們別來白受氣/詢問服務人員餐點的綜合有什麼內容/服務員很不屑的回/綜合就是綜合/我不知道/那是師傅做的/向原本沒湯匙服務人員請求的時候/服務員口氣很差的說/你們8個人太多/餐廳沒辦法給你們/
D	平日午間特餐399/滿滿的日式特製魚料理/天龍國大安區最強
D	CP值超高以外/真的好吃/六七人以上來才能盡興吃
C	這次公司聚餐/吃無菜單料理1000/人/東西大份量又不錯吃/但龍蝦肉很有彈性可是不甜/另外/外面包廂有低消但冷氣不冷然後門開關不易所以服務生會保持敞開/導致蚊子很多/用餐環境有點不ok
D	食材新鮮度與精彩視覺感/可媲美三井/唯獨上菜節奏太快/享用得有些緊張/
D	食材新鮮美味/生魚片尤其給得大器/
C	非常不推薦無菜單料理/一家人7個去/服務生推薦我們無菜單料理/食材聽起來非常厲害/厚道不行的生魚片/大螃蟹炒冬粉/龍蝦等等/但是海鮮的料理不是新鮮的/我和家人都是生魚片愛好者/一端出來覺得也太佛了吧這麼大片/大家吃了一片後/根本都不是新鮮的/冰了很久的樣子/所有的海鮮料理都是用很重的香料去料理/龍蝦是用焗烤的/第一道還可以理解/後面的螃蟹用黑胡椒冬粉/最後的水果更讓人傻眼/七個人分兩顆橘子/只是橘子是撥好兩片兩片的/單點的料理應該比較用心/今天吃飯感覺很像被別人當盤子
D	便宜好吃cp值高/衛生待改進
D	超值划算的生魚丼飯/推薦豪華散壽司/
C	這一顆星給的是服務人員/一直催點菜一直催/就站在桌邊擺個臉色/點完後等了半小時主餐也沒有上桌/第一次詢問時連看都沒看就說炸物本來就比較久/後面又等了半小時/隔壁桌一摸一樣的菜都上了我們這桌的還沒/去詢問後發現服務人員根本沒點到/還是兩樣沒點到/那一開始是在催什麼/催魂嗎/真的疑惑/生魚片大塊沒錯/但這種態度還要加收10/實在不開心/喔主餐沒來上什麼甜點/這種上法我也是問號
D	份量大而且美味超值/適合公司或好友聚餐/環境比較吵雜擁擠/不是講究裝潢氣氛/浪漫約會或討論商務的地方/如果有喜歡到處亂跑的小孩子也最好不要去/端菜急促容易碰撞/除了每人價位外/人數也會影響到無菜單料理的菜色/建議超過8人點無菜單料理會比較精彩/
D	好吃實惠/豪華散壽司實在太澎湃了/魚片是一般的四倍大/適合兩人以上分享/
D	要吃一定要定位/生魚片新鮮又大碗/最好兩人用一份/味噌湯料多湯很鮮/其他手卷/海胆/各種不同料理都不錯/價錢也不錯/值得一吃/
D	份量很大/一般食量會吃到厭世
D	食材新鮮/物超所值/
D	CP值高/大碗滿意
D	壽司好吃/可惜場地不大/座位與座位間有點不夠寬敞
D	便宜實在/商業午餐399元超划算/服務生也會跟你話家常/有家的fu
C	感覺菜色偏粗糙/雖然號稱份量大
D	性價比太高了/東西也是很標準的台式日本料理/個人非常喜歡/
C	桌子未擦乾淨/造成女友白衣一坐下就沾到醬油污漬/影響用餐心情/結帳時櫃台人員臉超臭/口氣也不好/定位時也無限跳針/同樣的話重複問了三次/
D	商業午餐划算/性價比高/位子稍嫌擁擠
D	很新鮮/很好吃
D	份量多到男性成人都很難吃的了一碗/跟手指一樣長又厚的魚肉/ω/و
C	點豬排套餐/豬排厚的很硬/不好吃/味增湯很腥/點豪華套餐/生魚片還可以/其他像是家常菜/兩人12XX元/服務態度極差/多次被服務生撞到/環境吵雜/講話很難聽到/上餐快/收餐更快/地雷/
D	套餐和特餐的份量非常足夠/今天五個人一起吃三份還覺得非常有飽足感/生魚片超大塊又很新鮮/整個很滿足/
C	或許是因為公司大量訂購的緣故吧/菜色雖然豐富/但是雞腿和鯖魚的口感都稍嫌乾澀
D	生魚片厚實/真的驚豔/無菜單料理/前面四樣單品/口感味道真的蠻優/後面出的紅蟳冬粉煲/味道就/建議紅蟳用清蒸/才不會浪費紅蟳的鮮甜/味增魚湯/味道鮮甜/推一下/
D	春日日式料理38年老店/二代老闆延續春日料理精神/民國100年新成立/金魚日本料理/
C	疫情期間外帶的食物非常的粗糙/雖然價格便宜但是應該不會再訂了
D	厚到不行的生魚片跟好吃炙燒握壽司
C	台式日本料理/量可以粗飽/服務中下/適合3/4人聚餐/
D	還是一樣餐點很超值/不過位子擠了些
D	份量大/用料足/老闆給生魚片沒有在小氣的/吃到最後會怕的無敵大份量/
D	綜合生魚片甘甜新鮮有嚼勁/
D	金魚的食物美食真是無店能及/但是唯一且最大缺點是餐盤缺角太多/這次去吃/真的每個上來的食物餐盤/杯子/湯碗/小碟子邊緣的都有甚多缺角/真是覺得很可惜的一點/身為金魚的愛好支持者/真的忠心期盼美食能搭配完整的餐具/享用起來就更完美囉/
D	定食物超所值/食材新鮮/上菜速度快
D	價位適中/生魚片真的好吃/
D	Cp值非常高/兩個人點兩份套餐完全吃不完/生魚片超級厚超大塊/東西也很新鮮不錯吃/適合聚餐/但是很容易沒位子/巔峰時間最好還是訂一下位比較好/不然直接來的話很容易撲空
C	生魚片很厚又不塊
D	俗又大碗/生魚片大的誇張
D	生魚片大片到你會怕/看你多愛吃生魚片/來這裡/保證讓你不想在看到魚
D	份量十足的生魚片丼飯/配菜還是一整尾的魚/還有沙拉/湯和飲料/金魚的商業午餐真的非常超值/
D	是春日的廚師開的店/師承春日的誇張厚實大塊的生魚片/喜愛化算新鮮生魚片吃到怕的好場所/兩個禮拜前㸃了客豪華散壽司/吃得好滿足/好撐/抱看肚子離開/心想大概半年不會想念生魚片了/今天走了6000多步/有㸃餓/就打電話來問/剛好有空他/又㸃了客豪華散壽司/送上來隔座的小港仔/露出敬佩的神色/我覺得味噌湯料太多/太䶢/還有服務阿姨沒有學到春日的日式親切/
C	說真的/介紹的食物點多了/可以不在意/其實也都賓主盡歡/但/一份烤魚/只有半邊/要價2488/妳不先說就是不應該/這二顆星是專給這原因的/
D	Cp值高/火鍋好吃
D	新鮮好吃不在話下
D	說這麼多/有圖為證/生魚片大塊過癮
D	Cp值認真高也很新鮮/單片生魚片真的是要分三口才有辦法吃下/可以跟店家要求刀叉來切/推薦給想大口吃生魚片的人/
C	這店家真的是承續了當初/春日/店的優缺點/首先魚肉大塊份量多且新鮮是真的/CP值真的是高/但是/餐點擺盤與室內桌椅等等就可以不要計較/免得臉上三條線懸浮/我覺得用外帶的方式是最好/
D	生魚片的厚度是一種不怕你吃的態度/愛吃生魚片的人必去/花壽司也很必點/我常去外帶花壽司/炸蝦也是很威/超大隻/滿足口腹之慾來這就對了/
D	商業套餐好超值好飽啊/
D	新鮮又好吃/
D	喜歡生魚片的/千萬不能錯過這個/370元生魚片套餐/滿滿疊的跟101的生魚片丼飯/在台北市絕對是數一屬二的超值/Cp值又高/點套餐也不賴/699/799/899看個人口味喔/重點是新鮮/但服務不一定是最優/因為人太多了/難免會沒有這麼注重/但我可以接受/
D	份生魚片豐富好吃份量多/人很多/需要預約
D	生魚片份量大/套餐也吃得很飽
D	豪華散壽司/CP值高/好吃又吃得飽/
D	真材實料/
D	cp值很高/新鮮好吃/
C	服務態度非常不好/我是平日中午一點多到/已過尖峰期/點餐服務生非常沒耐心/只是詢問她套餐裡有什麼/只問一個套餐/擺出要點不點的臉/感覺我欠她錢似的/搞得我三分鐘點完餐/結帳才發現有收服務費/哪裡來的服務可言/茶也都是給一個保溫瓶自己倒/一樣都是家常式日本料理/別人沒收你這種服務還敢收/最可惡的是朋友結帳時沒給收據發票/我後來去要才給/想逃營業稅嗎/餐點一般/到處都可以吃到的等級/唯一可取就是便宜/
C	夠味跟以前的春日比差很多了
D	吃很飽/謝謝招待
D	烏龍麵是我吃過最好吃的/生魚片也給的大方/但如果你喜歡屬於高級安靜的日本料理餐廳/這裡不是/這裡是老人小孩都歡樂的/
D	什麼話都不必多說/猛/一字帶過
C	午餐生魚片多筯/其他還不錯/
D	食材新鮮CP值超高
D	料多味美/每次去都很滿足/有打算去的朋友別忘了提早訂位
C	會被多名店員態度很差地一直催點菜和提醒時間/老實說提醒一次就夠了/一直催給人感受很差/食物普普/
D	老闆給生魚片的份量十分慷慨/海鮮火鍋的蝦/牡蠣/令人滿意/尤其是牛肉片/鮮嫩多汁/
D	套餐超豐盛/最愛握壽司套餐/套餐有附沙拉跟鮭魚味噌湯
D	好吃/CP值高/要記得訂位
D	超CP質美食
C	連續2個禮拜六去吃/都拉2次肚子/食材衛生待改進/但真的是吃很飽/不是精緻型/而是大碗滿意型/魚片肉很大塊/馬糞海膽很讚/現場大媽服務生態度我覺得普通/沒有網路講得這麼差/但也不是親切態度/現場真的很忙/動線很亂/跟大媽要白開水喝/跟我說只能給我100度/是要燙死人嗎/好險師傅解釋/給吧檯前面的常溫水啦/才正常獲得一杯水/
D	食材超讚/價格親民/服務親切
D	生魚片份量真的是沒話說/喜歡吃的一定超愛/套餐給的小菜也是出乎意料的大小/整體是CP值很高的餐廳
C	食物好吃/份量足/那生魚片豪邁的很/清酒好順口/特好喝/但用餐環境吵雜/適合用餐的地方/
D	中午的商業午餐太划算了/生魚片多之外/其他副餐也很用心/
D	食材新鮮/給料也相當大方/適合多人聚餐
D	物超所值/份量十足/飽到不行
D	親切的老店/第一次來看到上菜時真的嚇了一大跳/也太大份了/生魚片是整條直接上不囉嗦/吃到嘴巴都累了/火鍋也是走澎湃路線/點牛肉鍋還送一盤海鮮
D	握壽司好大片/可惜不能沾真的山葵/湯頭好甜但比較膩一些/魚下巴好吃
D	生魚片真的有夠大塊有夠滿足的啦/但有些人不喜歡這麼肥厚的生魚片/建議可以點別的熟食/也是誠意滿滿/金魚日本料理比較像是結合了中式的辦桌料理/組合的和風特色餐館/平常/假日/人都很多/建議先訂位
D	這家店就是以前大安路公園上的春日/食材還是一樣的很好/但是就是服務像趕鴨子/四人以上不建議點千元套套/多人點餐建議點一組四人套餐加單人套餐/其他再加點喜愛項目
C	點了一個套餐/生魚片懷疑是急凍的/吃起來很冰很冰/吃下肚有點不舒服/太冰了/沙拉太亂/美觀不好/吃起來也是有點冰凍的感覺/壽司還行/以吃過其他店家來說但不太值這個價錢/有一份熱的蒸魚下巴/很鮮美/這個值一顆星/一份烤明蝦/蝦子肉很少/頭部有黑色的膏/應該是死了一段時間的蝦子/味噌湯料很豐富/這個再一顆星/水果是2塊蘋果/已發黃/我猜是當天切好放到晚上買完為止/所以整體2顆星吧/比他低價錢有更好的選擇/所以不會再去/服務水準也不過關/有3個人站著沒事做/兩個人在聊天/我揮手示意/3個人互相看了一下對方/示意一個人過去才有人理我/我覺得這不是很好的體驗
C	包箱低消8000坐10人非常擠/訂位沒告知要限時現場才説還怪客人遲到/訂1130/晩到10分鐘1155點餐/叫你1pm吃完/所以套餐一口氣上四道/整桌排滿完全沒吃飯的氣氛/從春日吃到金魚/這種感覺真的很心酸/整個餐廳排滿/客人與送菜搶道/地板油膩/廁所走道在食物儲存區/sorry真的不必再來/
C	服務態度很差/出菜一口氣全部都出滿/滿桌子都是菜/沒有顧慮到客人吃菜的速度/餐點也還好/感覺沒有網路評價那麼好
C	無菜單料理很雷/無菜單是吃粗飽的餐點/誇張的是一人頭計算但餐點份量並非同等人數/單點套餐我想是不錯的選擇/但絕對不要點無菜單/
D	物超所值的日式料理店/量覺得讓人滿意/價位很親民/還可以刷卡/就是桌距比較小一點/
D	生魚片愛好者的天堂/不過份量真的太大/點餐時如果店員能主動提醒一下就更好了/後來吃不完店員建議我們把魚炸起來再打包/不然會浪費很多食物/豪華散壽司/540/建議2/3人吃/魚肉切的很豪氣很大塊/天丼套餐/290/份量也不小/商業午餐的開胃菜居然是紅燒魚/附上沙拉/味噌湯/吃的非常飽
D	CP值高/新鮮好吃/但是吵又擠/
D	用餐服務生態度很好/食材新鮮
D	海鮮美味量足沒話說/就是能讓人滿足/用餐空間讓人有無距離他的溫暖/
D	超厚生魚片套餐/390/
C	每道料理的份量都非常多/但美味度普通/因為生魚片太厚吃到後來反而很膩/坐在吧檯位置有三隻小強在爬/餐廳的環境衛生不太佳/吃粗飽可以/但想要美味料理就不太適合
C	份量十足/價格確實不高/除此之外沒有任何優點/食材不算新鮮/散壽司期待的是切小丁的那種/結果不僅不是/還是那種超大塊跟手掌差不多大小的魚塊/小黃瓜直接對切一半給你兩大根/飯處理的真的很爛/很像擺很久的感覺/碗盤不乾淨又很多缺口/服務沒啥溫度/很意外人滿多的/或許大量低價還是可以吸引到很多人/但絕對不包括我/
D	海鮮非常新鮮/份量大品質也好/好店/
D	生魚片很新鮮/每一道菜我覺得好吃/喜歡吃海鮮的人可以去嚐鮮/但有一位服務生是一位大姐/講話有點不耐煩
C	豬肉鍋定食/端盤未煮的蛤竟然是打開的/未煮的蝦子是紅色的/這是半熟食材嗎/整鍋鍋內僅大白菜熬煮/食材這樣是新鮮嗎/1鍋390元另加1成服務費/這樣算便宜嗎/更扯的是鍋內的湯竟然有整隻蟑螂/請服務員過來看/竟然說換味增湯給我OK嗎/當然很不ok啊/服務員立馬來收走整鍋湯鍋及食材/這樣的服務態度及品質很誇張/非常噁心啊/當下都沒大叫及客訴廚師及服務員/沒想到結帳還裝傻的算餐費/服務費/這樣的餐飲衛生及處理態度怎能稱上好CP值/這1餐很失望/花錢找罪受/
D	無菜單料理令人驚艷
D	生魚片超級大片且新鮮/但烏龍麵卻讓我吹促三次還是沒回應沒上桌/火了我/過去唸了吧檯後才姍姍來遲送來/鍋內食材才是真正一般般/
D	巷弄裡的美食/竟然大客滿/翻桌率超過/可惜生魚片切太大塊/入口嚼咽不易容易吃很膩/
C	2月隔了幾年後第三次前往用餐/雖然對於吃粗飽的人來說CP值很高/但完全不會讓人覺得是間精緻的日本料理店/壽司很大/份量全部都很大/而且上餐速度快到讓人覺得很像在趕上菜/桌子都放滿了/還是繼續上餐/服務員態度也不是很好/跟前幾次用餐經驗變差了/希望能重回幾年前的素質/
D	料理美味好吃/總類多樣/套餐的配菜湯品甜點都十分美味/且生魚片的份量給的毫不手軟/吃完一份套餐可以抵三餐的量/
D	牛肉火鍋超推/隱藏版美食/
D	料很十足/以這種高級且分量足夠的日本料理餐廳/算是美味又划算啊/
D	台式日本料理店/可能不是最好吃的日本料理/但是漁獲新鮮/份量驚人/不用花費很多就能獲得滿足
D	豪爽/大方/美味/生魚片如果是套餐的/或是散壽司/部位有些不一定好/但是絕對大塊又有一定水準/火鍋湯頭非常棒/龍蝦強壯美味/服務人員十分親切/雖然很忙
C	素食套餐實在太差了/是生意太好了嗎/服務更差/建議別帶長輩去/不然食材會用且阿枝給長輩吃/長輩無法用餐時/服務人員會說至少有湯給喝/所以長輩的素食套餐只有湯吃得下哦/別去了/
C	東西還不錯/服務非常差/山瓜子一半沒有開硬辯說有開/還叫我們要用手撥/給他看硬撥肉都被撕爛了/還硬說有開/兩個大媽在我們桌前爭的好像我們的問題/一直重複你要用手撥啊/一盤還要800多/連海瓜子都炒不熟/東西才剛上完甜點馬上附上一副要趕人走的感覺/從進店裡開始每個大媽服務員都愛理不理的感覺/每個都好像來吃飯是我欠他們的/真的不敢恭維/不敢再來下一次了/
D	炙燒鮭魚個人覺得最好吃/其他的對我來說太厚了不那麼喜歡/但我想這部分是每個人見仁見智/另外副餐的鯊魚很好吃/三色豆則是有點多餘的感覺/整體而言是推的/不過下次來不敢再點散壽司套餐了/實在是太多了
D	新鮮/好吃/CP值高
D	生魚片實在太厚太棒
C	生意非常好/已訂位也吃不到/生日飯局吹了/
D	好吃/cp值很高/但第一次吃的時候單點生魚片330的竟然給了兩塊飛魚卵其他魚塊幾乎都切方形的/原本以為就是這樣/但今天又來吃/也另外單點了生魚片330的/但這次跟上次完全等級不同的感覺/不知道是上次太晚來了自動幫忙降等還是這次升等了/但cp值真的超高/只是服務生很不ok/好吃就好/不要太在意服務/雖然有另加一成服務費/少一星是服務的問題/
C	之前外帶過好多次和牛火鍋/都很不錯/但今天卻蠻失望的/和牛份量明顯減少/有幾片肥肉部分太多/沒有以前美味口感/
D	套餐份量很多又好的/炙燒壽司CP值高/人多要先訂位
D	散壽司套餐380/10/小菜/漬蘿蔔/涼拌菜/燉鮭魚頭/超好吃/散壽司內容/第一層鮭魚/炙燒鮭魚兩貫/第二層白魚/鮪魚/生菜包鮪魚泥/花壽司一個/玉子燒/小黃瓜/蘿蔔絲/第三層醋飯/偏酸偏硬/附上味噌魚湯/紅豆湯/雖然有吃到一片魚鱗/但鮮度/甜度很可以/根本就是生魚片蓋飯/建議可兩人分食一份比較不膩/若吃不完還能請店家打包/煮湯或炸魚排/不用加烹煮費用/下次想試試鍋燒烏龍/這間真的很推/PS/今天店員跟老闆態度都不錯/沒遇到服務差跟魚肉不好的問題/別跟老饕級的餐廳比/這間性價比算不錯的/
D	總評/只要你不是難搞的客人/金魚那承襲春日/物美價廉的風格/絕對讓你吃吃的滿意吃到撐死/然後散壽司的份量比一般人的食量要大/不是大肚漢請慎點/一般胃口的女生建議點一份兩人吃/接下來描述我的親身體驗過程/單點散壽司/附贈味增湯跟一小份紅豆花豆薏仁甜湯/加服務費一人385/我不知道他們怎麼算的/送上來的份量跟你在google搜尋/金魚日本料理/散壽司/看到的一樣恐怖/生魚片滿出壽司盒子一大半/恰當的比喻是/讓我找回十多年前初次造訪春日的感動/今天我點的散壽司上頭除了多到爆的紅甘/鮭魚/鮪魚生魚片之外/還放了一尾食指粗的撥殼生蝦/兩貫火烤鮭魚壽司/一塊鮭魚花壽司/一口份的生鮭魚泥佐鮭魚卵/吃到最後真的差點扶牆出店門/
C	份量很多/第一次吃的時候嚇到/之後過節請老闆配桌菜/可惜至少有1/3的菜色都是用炸的/有點膩啊/很吵很擠/
D	食材新鮮/平價消費物超所值
D	定食餐吃的很飽/2/4人來用餐/可以考慮/
C	份量充足/生魚片吃到後面會有點害怕的份量/新鮮/算是CP值很高的餐廳/但是精緻度/環境及服務都退步了/有待加強/吵雜環境及匆忙的服務都有海產店的錯覺/而且部分餐點感覺是提前大批製作出來再重新加熱/或許是為了追求翻桌率而犧牲了客戶的用餐體驗/
D	非常棒/CP值超高完勝III味/
D	餐點份量十足/味美價實
D	8/07父親節前夕和家人一同用餐/非常推薦握壽司商業午餐/全日供應/上主餐的時候魚肉太大塊太長/還掉出盤外/十分衝擊/一貫壽司無法用一口解決/一定要分兩口以上才能吃完/然後鮭魚的部分有些是做炙燒/入口即化/我後來其他貫鮭魚壽司也請店員幫忙拿回去做炙燒/畢竟真的太大塊/吃到會怕/因為店員說會以當天捕撈到的食材為主/大部分的套餐都沒有照片可參考/只會跟你說總共有幾道/不過大小絕對是超乎你的想像/CP值很高/誠摯建議兩人先單點一份商業午餐/還會餓再點/不要浪費了/家人用餐十分滿足/飽到喉嚨/近期之內都不會再去吃日本料理了/店內的環境有點不知該怎麼說/不是髒/就是有種黏膩感/可能是因為開放式廚房/多少都有油煙/不過連菜本都有點油油的/這點需要改進/圖為商業午餐的握壽司本人/沒錯就跟我的手臂一樣長/
D	便宜/新鮮/好吃/我沒想過在日本料理店可以花這麼少的錢吃得這麼滿足/提醒大家要酌量點餐才不會浪費
D	生魚片實在太巨大/所以吃太多會有點噁心/所以建議去之前先研究一下菜單才不會點過量
C	又厚又大的生魚片看起來很有份量/但食用起來卻不太方便/牛肉火鍋的肉質很不錯/但鐵鍋有點生鏽/炸天婦羅很不錯
D	握壽司的生魚片大到幾乎一般的三倍/五花牛肉火鍋也是多到滿出來/說真的怨自己真的食量有待訓練/
D	生魚片超級厚/套餐還有小菜/魚/很大塊/湯/料多/甜點/每次去都吃超級飽cp值極高/每到用餐時間都人很多/最好事先訂位/
D	生魚片料理食材新鮮美味/讓人下次想再去品嚐
D	帶兩老去補過母親節/一份綜合生魚片/鮪魚肚/份量多又大塊/兩老吃的很過癮/比目魚鰭邊肉握壽司是目前吃到品質最棒的/以CP值來說算中上/唯一是椅子可以換新的吧/坐起來搖搖晃晃很可怕/而且差點散掉/廁所走道前方的整潔和衛生可以再加強點/
D	魚肉大塊好吃/cp值爆棚/
D	料好實在/CP值高
D	生魚片超霸氣/看到都傻眼了
D	朋友介紹來吃/以前是春日/中午來/很多人/建議預先訂位/點了生魚片套餐/餐點份量足/生魚片有厚度/味噌湯料多味美/套餐還有烤香魚/甜點/CP/值高/值得推薦/下次品嚐不同套餐/
D	生魚片愛好者的幸福餐廳/好大一塊魚肉/滿足啊/
C	雖是厚切看起來俗擱大碗/但沒有處理過/口感極差/越吃越噁心/有事先訂位/到店前還再次電聯確認/但店員口氣很差/直接掛電話/其實台北市區有很多好吃的生魚片料理/如果喜歡吃粗飽可以來/但初訪就覺得很失望/料理扣分/服務也扣分/還不如吃藏壽司/肉質還比這家細緻/沒開完笑/總之不會再二訪
D	在台北算是CP值蠻高的日本料理/份量多/口味偏台式/整理來說還不錯
D	料多且新鮮/cp值高/座位有點擠/但可以接受/
D	豬排太乾/其他不錯
D	生魚片跟握壽司非常大需要有心裡準備/CP超高無誤/沒有很餓建議都但點/套餐有點厲害
C	午餐套餐的鮭魚頭超級好吃/握壽司份量非常大/不僅膩的快/且裡面魚刺沒有挑乾淨/以入口的合適度來說偏低/第一次吃日料沒有吃完/可以的話想嘗試別的看看
C	今天點了五份/1500的套餐/上菜速度快到沒在管你的/曾經試著提醒/其中一貫握壽司有鮭魚肉/咬下去被超粗的魚刺刺到嘴唇/好/可能我運氣不好/接著第二口又有大魚刺/打開裡面看看/那破碎的魚肉/想用下腳料做利用也把魚刺挑一挑吧/龍蝦粉絲的龍蝦口感詭異/粉粉的毫無彈性/在趕著上菜收拾打烊的節奏下/我們打包完想說怎麼沒有甜點/每桌客人都有/結帳時再問阿姐/她竟然回答送完了沒了/傻眼/這不是套餐該有的嗎/她接著回答/1500的套餐讓你們吃很好了/1500是我付的不就該吃到那些食材嗎/我是來吃套餐不是去shelter等你發送愛心餐等你告訴我限量供應好嗎/服務費照收/不會做生意/愛吃不吃隨便你的店/廁所緊鄰廚房/小小的洗手台很隱密/環境糟糕/CP值高的店家不止金魚/大家慎選/我想給0顆星/
C	太太擁擠/非常易感染/和噴到隔隣口水/招呼客人不像日本料理/可能比漢堡店差喔/
C	其中幾位歐巴桑服務態度爛透了/拿茶壺去加水講3次還不拿回/吃的1780的鍋只滾一次/什麼環境/
C	跟以前去吃的感覺差很多/套餐已經覺得不知道在吃什麼東西了/有個類似醬煮魚肉的料理/看人完全沒胃口/餐具沒有擦乾淨/可能大家都太忙了/服務上面沒有像之前這麼好
D	CP值相當高的料理/食材相當新鮮/
D	分量很大CP值頗高/雖然少了日式那種精緻的感覺/但大口吃生魚片的感覺也不錯/
D	很久的同事一起聚餐/難得的緣分/料理很澎湃實在/很好吃/只是坐位太擠了/廁所也太小/
C	其實已經來過很多次了/但是這次在桌上看到有一隻蟑螂爬過去/而且告知店員後/因為已經爬走了沒打到/店員一句話都沒說/因為已經爬走了/只是拿一張衛生紙在爬過的地方擦了下/結果不久後又在桌上看到一隻/第二次也是一句抱歉都沒說/蟑螂也是別桌的人打死的/我超無言/衛生差就算了態度也不好/
C	來這邊用餐過3/4次/這裡除了單點的生魚片CP值還可以/其他的餐點還沒有吃到好吃的/套餐的生魚片和單點的生魚片/品質有明顯的差別/而且就算是價格比較高的單點鮭魚生魚片/裡面偶爾有摻雜幾塊比較暗沉/放久的魚肉/算了吃粗飽的也沒什麼好要求的/單點白飯/服務生把手指插在碗裡面端上桌/平常用餐/我也不太要求服務品質/但是/拜託/你們是有收服務費的耶/還有白飯的品質/真的比路邊便當店還要差
C	服務態度真的是見仁見智/在電話預約/介紹餐點方面阿姨的回答也很厭世/套餐一個人可以吃很飽/建議可以幾個人share套餐再加點/但還要收服務費/
D	生魚片套餐/套餐附小菜/味噌湯/甜點/生魚片真的超厚/一塊要分成三口吃/吃的超撐
D	創意料理CP值很高/聚餐好去處/無菜單料理/大塊厚切生魚片吃很爽/
D	握壽司套餐超級飽/生魚片超厚超新鮮好吃/不定位吃不到
D	新鮮CP質高/吃粗飽
D	生魚片超大/大概吃個4個就飽了
C	食物品項一如大家所言/夠份量/口味見仁見智/CP值應該算高的/但是服務及衛生條件堪慮/如果相關單位來檢查應該不容易過關/人氣名店沒預約要排隊等一陣子/30分鐘左右是正常的等候時間/衛生方面最明顯的例子就是把一堆食材擺放在洗手間出入的動線上/客人進出來來去去非常不衛生/
C	CP值不算太高/包廂低消8000確沒格間/用餐環境太吵/每人1000元的無菜單料理/竟然不是一人一份/生魚片用一大盤盛出/確只裝一半/桌子沒轉盤/另一半人只能看那半盤冰塊乾瞪眼/且出菜超快/像是在趕客人/八個人吃了10000元/並沒有換來愉悅的心情/
C	套餐生魚片有分生跟炸物/喜歡吃生魚片的人覺得好吃/不太敢吃的人/會覺得太大片/炸魚就還好/魚頭很大/很鮮美/只是魚皮大多數的人都不敢吃/還被服務員說了一下/覺得我們浪費膠原蛋白/真的不敢吃/因為是吃尾牙/自己不會花錢特別去吃套餐/感覺沒那個CP值/
C	因為以前是春日老客人/所以念舊就決定來光顧金魚日本料理/結果誰知道服務態度不好/碗盤不乾不淨/盤子坑坑疤疤/難道是從春日時期就壞到現在嗎/食物變得很普通/整體來說並不優/奇怪為何客人還不少/大概就生魚片比較大片/其他菜色其實普普/價格也沒真的便宜到哪/炸蝦炸的又老/旁邊配的地瓜還沒炸熟/炸雞也很油/上菜速度過快感覺像是在催客人早點離開/真心覺得沒有必要因為生魚片比別家厚一點就來受那麼多氣/臺北多的是有在用心又實惠的日本料理店/再也不會光顧了/
C	從來沒有吃過重覆ㄧ半以上的綜合握壽司/也不事先告知/更何況都是鮭魚在重覆/五片以上/超級xxx
D	沒想到會在東區找到大份量又便宜的日本料理/CP值很高/生魚片新鮮/煮物十分精緻和美味/裝潢華麗又有風格/十分推薦/
C	桌邊跟地板都是醬油/白鞋跟白衣都沾到/結帳時店員態度超差/不會想再去
C	如果你想吃道地的日本料理的話/那就不用考慮這家了/這是一家吃粗飽的台式日本料理店/我完全無法理解他們將生魚片厚切的邏輯/我必須分三口才能吃完一片/而且吃到中間第二口你可以感覺到魚肉中間仍是冷凍的狀態/加上很多生魚片都有筋/顯示魚肉的處理很差/醋飯則更是不及格/而且他們的服務大姐多數態度非常差/不願意回答菜單的問題/只顧一直重覆要我們點黑鮪魚/即使如此你還是得付他們10/服務費/至於他們的餐具我就更不感恭維了/破損缺口的一堆/加上經年磨損的痕跡根本稱不上日本料理/我覺得吃爭鮮迴轉壽司的服務品質跟用餐整潔度都比金魚好上太多/
D	位於巷內/價廉物美/海產新鮮/饕客眾多/最好先電話訂位/如果不介意出菜很快/套餐不是一道吃完再送一道/而是把菜擺滿桌/看起來很壯觀的樣子/確實可以來吃/說不定一吃就變成主顧囉/
C	兒子今天跟同學來餐廳過生日/卻讓大家吃得很不開心/從點餐服務人員就口氣很差/送餐時更是惡劣/放餐盤聲也很大/十分不禮貌/加點東西也很不耐煩/讓兒子跟同學都感到很不被尊重/好好的生日宴卻因爲餐廳如次服務態度而掃興/是歧視青少年嗎/請店家能重視此ㄧ狀況/不要再讓這種不愉快的用餐經驗發生/
C	座位狹窄服務中下餐點中等/餐點算是強調cp值而非精緻/生魚片真的份量很大/不過新鮮美味的程度和吃到飽餐廳差不多/炸蝦不錯吃/其他炸茄子地瓜芋頭都不好吃/烤魚還可以/牛肉火鍋的肉和生魚片感覺一樣不差但也不精緻/五個人吃5300左右/火鍋幾乎都打包/住附近常吃OK/特別跑去真的就要再想想/
C	2018/3/25/1/服務員都是大媽/態度差做事又雷/明明有訂位也有通話紀錄/到現場說沒有/2/飲料叫了半小時沒來再催一次/被罵/妳要提醒我啊/哇靠不是提醒了嗎/3/幫餐點拍兩張照片被唸/趕快吃啦/到底/東西好吃但再也不會來第二次/只要碰到朋友想吃也都勸他不要去受氣/
D	生魚片是一定要點的/厚度跟份量是您意想不到的/
D	非常好吃/下次一定會來
D	生魚片真的超大塊的/用餐環境/並非很優雅的日本料理環境/但是東西很有飽足感
C	開心去過母親節/我們雖然人不多但點的都算是高級食材/印象最深的是問他們一個老店員生干貝怎麼賣結果他說我們這日本來的160/我們一次點三顆也強調我們要吃生的/結果上桌變成炙燒干貝握壽司/店員跟我們解釋師傅做錯下面的飯不吃就別吃/我說那生的為何變炙燒/她回我只是上面用火燒一下/下面還是生的啊/聽到傻眼就算了不計較/重點我媽一吃馬上說干貝有一股味道/我吃也是相同的感覺/干貝不新鮮/吃完整攤後離開不到一小時我和我媽的肚子接連絞痛/那天拉了2/3次/我只能說從踏出門口的第一步我就不打算再去吃第二次了/
D	算是品質不錯的平價日式料理
D	生魚片真的很大/綜合生魚片若是兩個人/請點一般的就好/豪華的應該吃不完/附近有停車場基本上停車不難/捷運剛好在信義安和站與大安站之間/走路大約就8/12分鐘/份量都是很大/CP值高
D	生魚片新鮮/並且份量超乎想像地多/十分滿意的飽足感/
D	春日金魚一家親系列味道傳承/喜歡春日的應該會喜歡金魚/可惜沒有春日的豬排丼飯/有蛋的那種便當/還是說菜單有我沒看到/下次去問清楚/
C	生魚片跟握壽司超級厚跟大片/很誇張/東西不錯吃/不過酒的種類跟菜單上差很多/環境清潔有待加強/前往洗手間的路上差點滑倒/座位略嫌擁擠/適合純粹吃粗飽的
D	環境跟服務實在普通/但台式日本料理的cp值頗高/生魚片有點太厚了不好咬
D	大塊好吃/用料實在
D	又見春日/超大份量的美食/
D	好吃/豪華散壽司cp值高/我們家每次上台北幾乎都會去吃/不過上次人少所以沒有點無菜單料理/但是之前吃過/期中的大明蝦跟手肘前段一樣長/也很好吃/不知道現在還有沒有/
C	如果是想要聚會大家一起吃飯的話/告訴各位在訂位時跟訂位人員強調不要坐吧臺/跟服務生說或是老闆也知道我們可以等但不要坐吧臺/可是他們卻忽略/但在食材方面真的很好吃/但是坐吧臺真的很不方便/服務生還會徒方便要你幫忙遞送菜/還要收服務費/
C	份量大得嚇人/但不精緻/鰻魚飯的鰻魚刺幾乎跟一般魚刺一樣硬根本無法吞嚥/炸蝦也很普通/就是一家吃粗飽的店/
D	新鮮/份量驚人的多/三人分豪華丼差不多/
D	超好吃/從之前春日吃到這邊的老顧客了
C	東西好吃/份量非常大/但是點菜的人沒有告知菜的份量/點了特生魚片/壽司/山藥/烤物炸物/魚味噌湯/阿姨推薦有魚膘跟午子魚/菜來了之後發現/一份魚膘看起來像是三大塊雞胸肉/一份煎午子魚/比手到手肘的距離還大/點菜阿姨本來還問午子魚要不要再多做一個魚湯/魚膘跟午子魚在市場買大約都手掌/大小/我們一家四人/兩個60幾歲一個80幾歲/實在吃不了這麽多/點菜時也有詢問這樣點四人吃可不可以/東西很好吃/但是吃到後面變酷刑/吃到很飽很想吐/最後打包三大袋回去/東西好吃/份量也多/算是CP值高/但是不會想再去了/用餐經驗不及格
C	午間套餐399很划算/份量非常足夠能吃飽/只是壽司部分/可能是沒有處理乾淨/壽司裡的熟鮭魚咬下去有好幾根刺/而且也不是短短的那種/如果小孩吃到滿危險的/請多多注意
D	CP值高/尤其好厚的生魚片/魚很讚/會想回訪的店
D	食材不錯/套餐有料/連最基本味增湯好好喝/竟然裡面有魚塊/吃好飽/下次會再來/
D	食材的味道真的很好/cp值高/少的那顆星其實是因為環境的關係/這邊的包廂只有三間/一間是玻璃窗/由外面可以看進來/在家族家族聚會是可能不是很適合/另外兩間包廂又太小/而當用餐時間人多時其實用餐環境有點太過吵雜到了會影響用餐感受的地步/不過如果是三五好友聚會的話就沒差/反正大家都很大聲/可以放聲的講話聊天/
C	份量大/cp值高/食材也都新鮮好吃/除了生魚片過厚/服務態度不敢恭維/一坐下就被告知/知道我們用餐時間齁/上菜都用摔的/非常用力/詢問餐點竟回答/雞腿沒看過膩/整桌都不知所措/讓人吃了一肚子氣
C	點了豪華散壽司/整碗堆滿大塊的生魚片/人生第一次吃生魚片感到痛苦/生魚片如果要給的滿滿的當然很好/但還是需要切到適口的大小才能讓人感到美味/
D	握壽司定食滿好吃的/魚份量很夠/
C	退步了/享有盛名/可是跟以前的春日是不能比/服務ㄧ點都不到位/ㄧ開始要求生魚片切小片ㄧ點/也沒交待/後來又反應/服務員拿到師傅那也沒拿到粘板上處裡/就直接在裝生魚片的盤子上揮幾/潦草處理/生魚片也未完全退凍/吃到口裡也都還有些冰/實在是太另人失望/
D	生魚片給的有夠大塊/建議不要隨便挑戰豪華散壽司/份量真的超多/第一次了解到原來生魚片會吃不完
C	五個月前的抱怨/現在外帶電話預訂/有改善/有改善/就應該上來留言/希望繼續保持/加油/食材水準沒有話說/態度真的是不敢恭維/中午要訂便當/不是太晚打/十點半前就賣完300個便當真的不是你們的問題/但是對方回覆說法令人不敢苟同/你太晚打/之前還會虧說你不會早點打嗎/還有一次我說電話打不通/對方回覆我都接得通啊/講話在機車一點沒關係/打電話訂中午便當完全是看在我家中長輩的關係我才訂的/說真的以前因為春日的印象我們才知道你們這地方/沒有春日之後/當時第一次帶一歲小孩去餐廳/因為不知道你們是要/提早預訂/否則後果等不到的狀態等/且小孩麻煩不要在現場等候/真正去過一次之後真的跟春日的態度差很多/小朋友雖然不會品嚐太多料理好歹也是會吃海苔壽司之類的/當然我們了解這不是親子餐廳不一定要很友善/但是/你們態度讓人感到跟春日差太多了/之後就沒有在現場用餐過/雖然春日服務人員素質普通/但這樣的價位是覺得可以接受的/這一次中午幫長輩訂便當態度雖然差/但也是跟前幾次累積下來怨氣/終究讓我在此留下抱怨/在重申一次/要不是為了長輩中的/印象/想要品嚐你們的料理/我真的不用跑這麼遠去買你們的便當/餐飲服務雖然真的很不好做/但是你們的態度實在太差勁了/
D	東西便宜好吃/豪華生魚片還有豪華生魚片散壽司/炸豬排便當等等很推薦/但生意很好不訂位很難有位子
D	Cp值高/份量高多/喜歡吃生魚片的人最愛/套餐也相當的好吃/
D	雖然說服務真的還好/吃完只是聊個天用餐時間還沒到/就直接塞過來說你們吃完了嗎我全部收掉哦/後面還有人在等位置/心裡os時間還沒到吧/上菜速度也是沒有在客氣/只要忙才剛上主食直接給你上到甜點/摁/但生魚片類的套餐CP值真的不錯/厚又大片且新鮮/還是推/
C	失望/點了4份/1500的/無菜單/料理/結果份量很多吃不完/上菜極快/菜色非常普通/果真是之前大家評價的吃粗飽的日本料理/總共付了/6600但是很失望的一餐/附加回到家4個人都拉肚子/全家人這麼剛好同時間腸胃不舒服/
D	以前春日日式料理/中午兩人套餐比較超值/一般套餐尚稱合嘴/內容中含小菜/一小豬排/湯/主食/綠豆湯/小水果/剛好夠食用/挺好/
D	台式日本料理/CP值很高/餐點份量很多/一不小心就容易點太多吃到撐/生魚片握壽司超大超厚/是魚肉塊不是片喔/比手掌還大/超滿足/人潮超多/要先訂位喔/
D	非常推/果然是好口碑盛傳的高性價比名店/日後必定會再光顧/當天899豪華套餐大致是/綜合生魚片/普級/鮭魚/旗魚/2/鮪魚/2/紅魽/2/還有一種魚忘了/鮑魚沙拉/整顆鮑/炙燒鮭魚肚握壽司/2/酥炸菊楊/魚頭煮物/明蝦冬粉/甜湯/水果/新鮮是必定的/份量也足夠/尤其魚頭/綜合生魚片的鮮甜跟份量讓人安心/以我這種北極熊等級的大食怪都可以是有飽足感而離開的/下次應該會嘗試1/088特上套餐跟1/388頂級套餐/
C	壽司魚肉很大片/但品質不好/握壽司也重飯的品質跟飯魚之間的比例/但這間的握壽司魚肉太厚太大/無法跟飯融合/客人夾取也困難/不如直接做生魚片就好/是平價實惠的選擇/但不夠精緻
C	食物份量大也不錯吃/但最大的特色還是那些態度跟臉色都有夠差的服務員
D	大致還蠻好/食物品質有時大小不同/有時沒有水果/服務人員可能是太忙/所以服務態度有時不甚理想/
C	定食個人覺得弱/點了下巴定食360元/一碗白飯/一小片下巴/一個配菜/一小碗紅豆湯/兩塊蘋果/環境因人數多/較為吵雜/換到玻璃屋/冷氣完全不涼/服務人員態度也沒多好/不舒服的用餐經驗/不會想再去/
C	小時候吃過春日/其實大概有心理準備/不是精緻道地的日本料理/而是台式的日本料理/兩者我都愛/不過這裡的出餐程序與整個感覺/總是有種在吃熱炒的混亂感/服務態度沒有特別差/但果然有道牛蒡忘記出菜了/值得一提的是/點了軟殼蟹壽司/但出來的是花壽司/花壽司如其名非常花/裡面什麼魚鬆馬鈴薯泥都有/讓你完全吃不出軟殼蟹的味道/加上壽司米粒極軟/軟殼蟹也軟過頭/是道很令人不解的料理/建議避開/完全地雷/不過蛤仔蒜頭湯很好喝/算是所有的點菜唯一可推薦/我不太確定該怎麼定位這間料理/如果當作是去吃個簡單台式日本料理/應該還算可以/但若常吃精緻懷石料理或是對日本料理較有研究的/看見出菜時大概會跌破眼鏡/
D	便宜大碗份量多/生魚片很厚/但店內空間有點擁擠/廁所很髒
D	生魚片定食超威/厚切又新鮮/
D	這裡的日本料理/錯過你就不是日本料理的饕客
C	滿滿的魚骨料與附上湯匙的味增湯/說明了這是家台式的日本料理店/非貶意/熟食的部分的確CP值爆表/但生魚片刀工實在不行/生魚片最好是一片一口/最多不要超過兩口/但這家的我要吃到四口/魚肉形狀已毀爛/若是遇到有筋的部位/吃相更狼狽/嗜吃生魚片的我/已覺得反胃/
D	份量超大/兩人吃一份套餐差不多
C	週末全家人來慶祝父親節/因為之前沒來過/家人分別來場勘至少三次/訂位時間6/30/5/30時店家還有打電話來確認是否會來用餐/即使多次的通話與確認/卻始終沒跟我們說/父親節餐/的價錢/不一樣/到了吃飯當下才跟我們說/硬是漲了兩百元/覺得誇張/另外我們被安排在門口的包廂/冷氣非常不冷/一頓飯吃完汗流浹背/包廂門是拉門而非電動門/所以服務員送菜時都要我們幫他拉開/食物是好吃的/但是不知道是哪道菜感覺加很多味精/吃完口乾舌燥/又有點膩口
C	點一人1000套餐/向店家表明有人不吃生魚片/整桌換牛肉沙拉/不說我以為是橡皮擦沙拉/那個筋度/我如果是鱷魚可能咬的下去/其他菜色都像台式合菜分裝一份一份/味道懶得想形容詞/不會再造訪/Never/come/again/
C	東西cp值很高沒有錯/但是是一間非常沒有效率的店/上菜上的亂七八糟/主餐都上完了/吃飽了/沙拉才來/一盤菜端錯端了三桌才送對/服務人員都自己忙自己的/一點流程都沒有/整間店亂成一團/我大不推/
D	生魚片切超厚/東西精緻/不可思議的價格
D	1/親民價格/幾乎完勝性價比/2/種類齊全/懐石料理到豬排定食/3/吧檯包廂/球隊公司聚餐個人簡餐
C	有訂位卻沒位置/感覺很像是沒預留好座位/個人覺得餐點很粗糙/可能是點錯產品/套餐內的生魚片是寫混合/但送來只有鮭魚/還是切邊帶皮/看起來很像不要的部位/自己也不是生魚片達人/只能說個人觀感/整體來說/不愉快的用餐經驗/不會再去/
C	俗大碗/但很沒質感/生魚片的刀工跟菜市場的一樣/很擁擠的用餐環境/吃粗飽可以啦/吃氣氛就免了/
C	小時候吃春日長大/自從春日收攤之後聞聽金魚的存在/說是同一家人開的/但說實在兩間的走向不太一樣/如果你是要吃粗飽/那來金魚點個套餐還可以/份量真的非常非常的多/但如果你是要慶生聚會之類的/這邊你可能要多考慮一下/環境不優/地板永遠黏黏的/桌椅潮濕/餐具感覺沒洗乾淨一樣/但家人喜歡大份量的我也沒啥好挑/註/圖為以前春日的菜/
D	散壽司套餐不到四百/內含超過20片不同種類的大片生魚片/豐富魚料的味增湯/兩道前菜/除了生魚片切很厚較難入口外無可挑剔/店內環境是大眾食堂風格/十分擁擠嘈雜但很親民不會有壓力/想吃生魚片吃到飽的饕客一定要來試試/
D	新鮮好吃/食量小吃精製這裡不適合/吃新鮮吃飽這邊絕對是一百二十分的好店家
D	份量很多/超超值/出餐速度也很快/推薦可以點火鍋/菜單寫3人份但食材超級多4/5個人吃不完/可以來慶生蠻熱鬧/
D	份量都超大的/風格比較偏台式料理/如果你期待的是精緻日本餐點/這間可能不是那麼適合
D	老闆很佛心/生魚片給的量很多/超棒的
C	點菜一直催催催/服務人員推薦1000元的無菜單料理/結果上桌以後跟喜酒菜差不多/要吃喜酒菜不會來這裡吃好嗎/
D	CP值很高的餐廳/上週末跟家人去吃一人NTD1500的無菜單套餐/有生魚片/吃到吃不完/每人半隻龍蝦/螃蟹/鮑魚/還有一隻大魚/霜降牛肉海鮮鍋/非常物超所值/但吃完後覺得下次點一人1000的就夠了/此外/那天吃完後打包超多回家/不管是份量或是味道都有到位/但小缺點是服務普通一定要定位/
D	老字號的台式日本料理/份量超多/點菜時要小心/很容易吃不完/
C	生魚片不新鮮/沒有魚肉鮮甜/只是大片而已/根本師傅懶的切/還有一堆魚刺/邊角料也根本沒有修掉/影響味道很嚴重/就是很台式的餐廳/沒味覺只想吃飽的可以來
D	食材新鮮/份量夠多/適合大食量的/胃口小的2人共食一份就好/客戶多用餐最好要先訂位
C	鰻魚太乾而且第一次吃到有腥味的/魚下巴400元還可以吃不過小份/青菜鹹/如果有人說他便宜或是cp值高那一定是/你們知道的
D	套餐CP值高且非常好吃/缺點就是東西太多了/吃很撐/
D	很大碗/很新鮮/cp值很高/但沒有很精緻就是了
D	生魚片厚度很夠意思/套餐就可以吃很飽/吃不完有提供打包服務/經常客滿/建議訂位
D	好吃/生魚片切的大方/但我點了握壽司結果悲劇/太多大塊生魚搞得我好想吐/
D	以價性比來說是很棒的選擇/不過我覺得更適合4人以上聚餐/比較能多點/海鮮炒烏龍/料多麵少/很推薦給兒童或不愛生食的喔/
D	男子漢也超級飽的份量
C	還不錯/
D	推薦生魚片套餐/新鮮份量多/還有配菜跟味噌湯飯後甜點/
D	澎湃的生魚片/痛快的/大口吞嚥/喜歡的滋味/在眼下/在鼻間/在口裡/迸發出喜樂
D	厚切生魚片大到離譜/滿嘴又新鮮/CP值超級高
D	豪華丼及煮白子很好吃/份量也很大/炒烏龍/焗烤馬鈴薯及蛤蜊干貝湯很普通/不推/適合朋友聚餐的地方/不過空間有點過於擁擠狹窄
D	分量十足的日本料理/如果不是特大食量的人建議不要點足人數的套餐/3/4人可以點2人套餐加1樣單點即可/否則過大的份量可能會讓你想忘記日本料理的美味/海鮮的品質中上/新鮮但不到非常好的水準/大概就是一家適合吃飽的日式餐廳/
D	春日結束後/第一次來金魚/爽快的魚肉/驚嚇程度相同/沒來過的請先看看別桌再點餐/以免吃過一次半年不吃生魚片
D	東西好吃分量充足/不過場地有點小/預約後也不一定能直接進去/另外廁所位置有點尷尬/而且天氣熱時非常悶
D	還是跟前餐廳一樣份量足夠/價位不高/
D	對於喜歡生魚片的朋友/新鮮/便宜又大碗是最適當的評語/不過肉類就略差/所以不建議喜歡吃肉的朋友來啦/
C	只急著一次把菜出完/告知了好幾次出慢點全當耳邊風/喝到湯時都已經涼了/生魚片的冰塊也融化了/非常糟糕的經驗
D	朋友點的綜合生魚片很多樣/而且每片都超厚/超大/CP值很高/隨餐的味噌湯有很多魚肉/熬的很入味/但微鹹了點/我的鮭魚生魚片大看不到底下的壽司飯糰/鮭魚的油花分佈剛好/但朋友卻覺得有點油/我則是比較在意底下已經冷掉的飯糰
C	事先完全沒告知有限用餐時間/接受我們12點的訂位/但是卻在不到一點就要趕人離開/只重複跳針一點有人訂位/那不是你讓他訂的嗎/用餐時間只有60分鐘/真是傻眼的短/不說以為是來吃路邊攤還是小吃店嗎/生魚片和烏龍麵沒吃完就急著收/還讓下組客人在12/50就站在我們旁邊等/真的覺得神扯/每個人花了700元吃不到一小時/完全不值得這個價值的一間店
C	服務人員態度都是太急/一直要先點餐/點了一個散握壽司套餐/食到一半/發現有頭髮在飯內/衛生不好的感覺/我說要取消/最後只打9折/他們好像沒有認為是他們的錯/
C	就是以前聞名的春日日本料理店改過來的/但口味有些變了/目前只有商業午餐的特餐值得吃/以前最愛的炸豬排飯變成定食/可惜了/牛肉火鍋吃起來還不錯/但要人多才划算/人少吃不完/生魚片還是吃粗飽的那種/超級大塊但品質普普/以前春日日本料理/最讓人詬病的服務人員和服務品質倒是原封不動地搬了過來/也算是特色有傳承啦/
C	Cp值很高/對於食量大的人/真是幸福的事/不過食量小的我/還是喜歡量少些/但食材更好會比較符合我/
D	食物跟以前春日時代一樣/好大一份/以綜合生魚片來說/一桌大人叫一份即可/如果自備小剪刀/就更加方便了/壽司的話/喜歡什麼口味用單點即可/三個豆皮壽司就是白飯一碗的飯量/
D	餐點多又大份/食材都很新鮮/CP值超高
C	吃粗飽的/建議自己帶刀子去切/無法接受一片生魚片/要咬斷三口/至少有做出特色/圈了一群顧客
C	標準的台式日本料理/強調大份量的食材而沒有精緻的擺飾/用餐空間狹窄需要併桌/雖然不難吃但在這邊用餐並不舒適/沒有再吃一次的必要/
C	送餐的速度非常的快/快到感覺有壓力/用餐感覺在趕你/非常差的體驗/至於東西內容覺得很粗/東西多可是很粗糟/客服的專業度也有問題/我不推薦
D	如果喜歡吃生魚片/這是一家非常推薦的店/CP值超高/360元的握壽司套餐/青菜/料多味道恰到好處的味增湯/富含膠原蛋白的紅甘魚頭/八貫握壽司/生魚片是飯的四倍長/甜點/水果/一個套餐一個人吃不完/而且生魚片超新鮮/肉質細膩/完全無腥味/
D	和同事來這吃桌菜聚餐/是滿和風的桌菜/愛吃生魚片的饕客可以來/生魚片新鮮又厚實/佐料也很夠味/但不知為什麼我無法上傳照片/
D	服務讓人有在家的感覺/生食新鮮份量多/生魚片很厚/分食cp值高/飯糰很推/口感很特別/調味口感好/
C	環境過於吵雜/口味明顯不如父親所開的春日
C	商業午餐280元/需另加服務費一成/有一條蒸魚/一塊炸豬排/青菜/魚湯/甜湯/白飯/份量很多/超出一個人的食量/豬排肉比較結實/不太容易咬/
C	台日式日本料理店/吃得到生魚/海鮮/炸烤煮燉及鍋物料理/著名的就是生魚片一片都切的跟一半手掌一樣大/非常誇張/新鮮度維持在一定水準/價格算來很平實便宜/適合想吃很飽的人或是招待長輩/
C	第一次光臨/剛坐下/點餐上菜之間換不同服務人員碎念同桌未到的朋友還不來我們只能吃到七點不下七八次/最後朋友才點完餐餐廳直接上水果甜點/我們準時五點到/朋友晚到點完餐才不到六點/餐點不難吃但服務靠背的差/最後老闆娘說發票已經打出來不給刷卡只能付現/完全不推這家吃粗飽的餐廳
D	餐點新鮮澎湃用料實在/服務人員態度既好又親切/看我們有兒童還建議我們不要點太多怕吃不完/由於我們是訂大包廂有12個人單獨一間/雖然說裝潢不是數豪華型/但是朋友相聚吃得彭湃又豐盛/CP值很高/建議家庭聚餐或朋友相聚很合適/並且上菜速度快/很值得推薦/
D	幾乎可以說是台北最推薦的日本料理了/東西很高級但價格很實惠/唯一的缺點是上菜上太快/常常還沒吃完就一直上/份量非常多/之前尾牙辦在這邊桌菜份量多到根本吃不完/不過很好吃還是一直盡量吃
D	生魚片真的超大一片/CP值超高/龍蝦涮涮鍋的料也是多到一上桌就想打包/多人共享挺划算的/
C	環境很嚇人/一坐到位子就看到小蟑螂/嚇死/東西雖然不錯/但衛生真的讓人堪憂/沒辦法好好的享用一餐
C	料理真的好吃/但店家人手不足/服務品質很可怕/辛苦店員了/但要看服務人員臉色
D	今天星期一休息/沒營業/白走一趟/以後有時間/再去品嚐午餐/套餐/
C	日本料理真新鮮/但是生魚片好大塊/價錢很公道就是地方很小/因為客人太多了/有些菜呢很粗/不好吃/G捲就太難吃了/海鮮食在新鮮/價錢也公道/
C	點了豪華套餐880還要加一成服務費/生魚片沒有很新鮮/重點是生魚片切成很厚的長方形立方體狀/完全影響到味道與咀嚼/碎魚肉壽司的魚肉碎到跟泥一樣/同樣沒有很新鮮/且搭配生菜與非常硬的米飯/酪梨蘋果跟烏魚子味道覺得完全不搭/烤蝦也烤太硬/重點是上菜幾乎一開始全部上來/服務生還突然自己走到餐桌旁說/你生魚片還有一片沒吃喔/感覺有要衝翻桌率/無論食材/煮法/服務都/
D	真的是很厚實的一盤/
C	就是高CP值/能吃很飽/服務還行/生意很好/魚湯腥味滿重的/蛤仔小且有沙/推炙燒鮭魚肚/飯後甜點水果/
D	食材新鮮/份量足夠/價格合理/整理來說是一間CP值很高的日式料理/p/s/推薦豪華生魚片散壽司/兩個人一起享用一份比較剛好/
C	雖說是舊春日日本料理店成員開設/但細節上仍和春日有差距/或許是生意好/對客人態度相對而言是待加強/不過/愛吃平價生魚片的人還是不錯的選擇/
C	生魚片很新鮮有大塊/但是他們的生魚片握壽司技術有待加強手拿起後飯就散開否則我會再給一顆星/另今日烤魚肉質並不新鮮哦/故此處用餐建議以生魚片餐點為主CP值較高
C	老公8/19生日/提前8/17/六/晚上18/00要帶二個小朋友提前慶生/早8/14/三/就先訂位2大2小/當天到餐廳居然沒有記錄到訂位/找不到訂位記錄/回覆不知到底有沒有打來訂位/聽了很火大/當天客滿/只說看18/00後有沒有人訂了不來/再給我們/這是什麼處理方式/爛透了/毀了我們安排好慶生計劃/也沒有做任何處理/服務非常差勁/不會再光顧/第一次遇到訂位沒記錄也沒任何事後處理/讓你自己想辦法/
C	生魚片失望/九孔吃起來像罐頭味/其他菜還不錯
C	兩隻蟑螂從火鍋的卡式爐跑出來/在桌上亂走/店員來後/打死之後/沒說任何一句話就走了/很像家常便飯/合理嗎/簡單來說/不喜歡這家店/
C	用餐不到半小時/櫃檯大嬸竟催促要趕快吃/因為外面有人在排隊/從頭到尾用餐時間只有一小時/結帳時還把發票丟在櫃檯桌上/有美食卻無好的服務品質/2016/12/23/我們很早以前就訂位/當日提早抵達/還很配合的用餐只有1小時/卻被不和善對待/老闆/你們連那組客人都搞錯/可見不是只有我們被如此對待/2016/12/24
D	超值味美/鮮魚肉大又甘甜/套餐都有副菜/我還曾吃到滷香魚/吳仔魚/每日更換/特別是握壽司套餐/380/八個全是魚腹部位/天丼/炸大蝦/三尾/加副菜/才/260/用餐時段必須等很久/所以要先預訂/雖供有各種名酒/但可自帶/不加開瓶費/
D	份量很大挺新鮮好吃的/cp值很高/點餐千萬要斟酌/不然會吃到吐出來
D	生魚片套餐/另外點的魚下巴/套餐也很好吃/去之前先定位
D	份量很多/新鮮又好吃/
D	生魚片很厚很新鮮/全家一人一套餐都很撐還打包/給的量都很足CP值超高
D	生魚片都切超厚/雖然不是特別好的部位/個人吃推薦700/1000元的套餐/因為每道湯/前菜/冷盤也都十分用心製作/相形之下250左右的定食就是吃粗飽/據說桌菜也很經濟實惠/
D	生魚片太有誠意了/新鮮又大塊/黑毛味鮮價親民/這家是我的喜愛台式日本料理/
C	吃餐點速度慢/店員會趕客人/催促客人吃快一點/很不愉快的用餐經驗/
C	點了4份1500元的無菜單料理/食材大都不高檔/給的生魚片大都是鮭魚和一些低檔魚類/竟然還給肉鬆壽司/天婦羅炸蝦裹的都是麵粉/蝦肉一點點/我們全家人傻眼/給的半隻醬油龍蝦肉質鬆垮/肉蟹炒飯的肉蟹有金屬臭腥味/老闆娘說都是新鮮的/鬼才相信/最後很不甘心的換別的食材給我們/我們也已經完全放棄接下來的餐點/只想趕緊吃吃離開/這家店服務差/食材差/給的東西量大/但是真的不好吃/不會再來/
D	套餐的份量都頗大的/生魚片套餐的生魚片很好吃/味增湯很滿意/其他附餐一般般/只是白飯真的很不OK/非常的乾又硬/
D	台式日本料理店/豪華生魚片散壽司可以2/3人吃/份量CP值高/很喜歡蛤蜊大蒜湯/會再回來/
D	價格偏高但食材跟服務完全配得上他的價位/如果是相同價位跟其他店比算是高品質的
D	無菜單料理非常澎湃/澎湃到我們最後三道只能打包/吃不完/食材味道都不錯/生魚片超級厚切/份量多到我短期內都不想再吃生魚片/來之前一定要空著肚子才行/CP值很高/
C	cp/值高/生魚片厚/但衛生跟態度真的不可恭維
D	CP值超高的日式料理/假日沒訂位/很難吃到/生魚片厚達2/3公分/套餐組合有小菜/白飯/關東煮/主餐/湯/水果/甜點/對女生來說份量有點太多/可兩人點一份/加其他單點就夠了
C	生魚片一點質感都沒有/不是大就好/口感很重要/吃到二塊後就覺得有些噁心/環境也不是挺乾淨/
C	吃不到一小時/阿姨服務生就開始趕人/告知/後面有客人再等/你們要吃快一點/唉/以前春日真的收掉了/再也回不去了/你們連幾點訂桌的客人都搞不清楚/還是這是貴店的用餐規定/
C	整個桌子放滿還硬要上菜/請客人幫忙拿其實只是店員自己也不知道菜要放哪
D	生魚片的分量很適合我的胃口/
D	食物新鮮好吃/在大安區一級戰區內的餐廳而言/套餐應該算物超所值吧/少一顆星是因為有1/2種比較不符味口/其實算還不錯的/
C	服務太度差/服務生口氣一副就想趕人走/上菜盤子還很用力用敲的/點的雖然沒別桌多但對客人態度至少也客氣一點吧/這種態度還敢收服務費/花錢來受苦/東西也沒多好吃/
C	同一天/同一桌/同樣套餐/先點了4套套餐/其中的壽司是兩個炙燒鮭魚壽司/後點/大概晚5分鐘/的1套是一個豆皮壽司跟一個花壽司/跟店家確認後只說鮭魚的沒了/而且他們套餐只寫壽司/沒說是什麼壽司/事前也沒說會不一樣/事後問也說就沒了/沒辦法/要求換差不多價位的也不行/也沒抱歉說給我們不同的東西/跟店員反應/說我們要體諒他/給人/就沒了/你就只能這樣/的感覺/非常失望/枉費一開始覺得東西還不錯/不會再來了/然後櫃子裡明明還有鮭魚/可能用途不同吧/但感受很差/失望/
D	每次高估自己的能力/全世界唯一可以讓我吃飽的壽司店/備註/本店可以外帶/
D	cp值很高/魚肉份量真的很棒/一百顆星/台北市最愛的日本料理/
D	食物的分量很大/上菜很快/味道還不錯/不過由於生意很好/適合快快吃完走人/不適合慢吃慢聊的團體/
C	點了豪華散壽司/海膽腥味非常重/生魚片太過厚實每塊幾乎都有筋/還吃到沒有處理乾淨的魚鱗/整體品質差不多就是夜市生魚片/說是料給得很大方不如說連切塊都省了
D	非常讚/生魚片有的切太大塊了/吃了感覺會膩建議份量一樣/切適當大小塊這樣感覺會較好些/真的好吃/
C	499的套餐/生魚片不是很優/花壽司米粒有點硬/炸物還不錯吃/應該不會再去/不過生意還很好/可能個有所好吧/
C	隨意點/上菜快/CP值高/第一次去可能因在巷弄內且招牌不明顯不容易找
C	服務態度超差/菜超久都沒上/去問服務生/居然被吼/花錢受罪/絕對不會再來了
C	生魚片有魚刺/上來的湯裡面一堆魚鱗/魚肉口感很不好/很大塊不好入口/而且修肉沒修好/肉裡面都是冰的/內外溫差大/鮪魚的油花不香/旗魚的口感不Q彈/鮭魚的外皮沒修
C	我的天啊/同樣糟糕的經歷/他們一直問我們要不要點這個/要不要點那個/也不管客人是不是吃的下/真的蠻差勁的/上菜也不分順序/熱炒先上/再上壽司和手卷/可以這樣用嗎/
C	每次去都會被櫃檯阿姨的各種行徑氣到/真的不會再去了/寧願去吃貴一點/至少不會還沒吃到飯就氣飽了/
D	今天點商業午餐牛肉壽喜燒定食/前菜/副菜就已經半飽了/主菜再上來看到漂亮的牛五花肉片/嗯/繼續努力吃光光/重點是/物超所值/好吃
D	台式日本料理店主打高Cp值大份量/人氣排隊名店/用餐時間需要等候半小時左右/
D	便宜除了便宜還是便宜/份量大/價格低/東西也很好吃/CP值極高的一家店/重視服務品質的人可能不適合造訪/另外點散壽司前要三思/吃一次大概會有很長一段時間不敢吃生魚片/因為太大碗了
D	用餐時間一位難求/要造訪需要先行訂位/口味還可以/但搭配他的價格算是實惠/份量很多/點套餐的話以女生胃口來說是吃不完一整份/店內有點吵雜擁擠/
C	店家不老實/趁我們酒醉結帳時多加了兩個人的錢/也不說付現可以少10/服務費/還好有清醒的人在已結完帳快離店時發現/要不然就被多坑了5000多元/誇張吧/別拗了/我們結帳時明明只剩1/2桌/那裡有在忙/還有當場明明就問算錯這麼多有沒有優惠/你們說沒有/但如果付現就可以免服務費的
C	服務生態度極差/除了生魚片還可以/其他不是特別好食/出餐一直出桌上放滿滿都冷了/像在趕人走一樣/不會再次光顧/
C	/晚餐過1個半小時開始施壓要你離開/付完錢不會跟你說謝謝/態度比熱炒店差
C	豪華散壽司是生魚塊不是生魚片/吃到一半有點噁心/鮭魚茶泡飯是一道很不用心的料理
C	給一顆星我都覺得太高/打電話過去要訂位/一個阿姨接電話/我問她可以訂七點嗎/她回我要八點後才有位置喔/就不聽我說話/急著掛我電話/我說那我就訂八點/她說好/連問我電話跟名字都沒有/就掛我電話了/後面我就回撥/又是她接的/我就問說我電話名字都沒留/這樣算訂位/她就說你過來我就知道你是誰了/我問號/最後她才意思意思問我貴姓/傻眼/無極致/很沒禮貌真的/你可以說在忙/八點以後/過來都有位置/但直接掛我電話是怎樣/
D	物價在台北相對便宜/東西新鮮充滿誠意/需要注意的是點生魚片可能要囑咐切小塊點/不然一口吃不完的話個人覺得不是很舒服/雖然台式確實是在比大塊就是了
C	服務態度與品質非常不怎樣還要收服務費/非常不推天丼很膩很膩裡面有個黑黑的東西/魚肉糰/味道很可怕/我平常很愛吃魚但這個真的很噁/整個套餐下來最好吃的是招待的泡菜跟蘋果/生魚片還不錯/很新鮮
C	雖然是因為沒有訂位吃不到/不過到場問的時候/服務態度非常差/回答完沒有訂位/就被不客氣的回答沒位子/問說能不能現場等/服務生就拿著疊在桌上的牌子敲/表示客人很多/感覺很沒禮貌/想念以前的春日來的/想不到服務態度已經讓我先大失所望了/不是想要服務的多畢恭畢敬/只是基本的客氣一點禮貌對話應該是不難吧/
D	東西新鮮又好吃
D	大份量/滿足飽足感/價格也算是實惠/尤其是生魚片握壽司定食/看到生魚片滿出來的樣子/就覺得CP值很高/還不錯/
D	份量超大/生魚片超級厚/那個握壽司根本超級回本
D	台式日本料理/走高CP值路線/散壽司比握壽司來的值得/多了一條鮮蝦及一片蛋捲/飯後還有水果與甜湯
D	份量超級多/肉超級大塊/生意很好/是聚餐的好地方
C	380生魚片套餐/生魚片冷凍不新鮮/咬下去有微微冰塊感/跟服務生/短髮/稍有年紀/女/反應/擺出一張臉/臉上寫著/年輕人不懂品嘗生魚片/還在抱怨東抱怨西/水準下降/善意提醒/結果換來的是這種態度/哎哎
D	CP值很高/一個人吃不完全部的餐點/生魚片很新鮮/味增湯是用魚/蝦熬煮很鮮/沙拉/水果也蠻多的/推薦/
D	食材新鮮/份量足
C	生魚片就是厚切/過癮/
C	食材新鮮/份量也十足/可惜廁所環境與老闆娘態度有待加強/已提前一週訂位/竟然安排與他人併桌/我們還被塞在最角落/出去得拜託旁邊陌生人/當下訂位並無事先通知/當天給人感覺/要不要坐下來隨便你/
D	CP值很高的日式料理/除了生食壽司外還有很多熱食的菜色/也都有一定的水準/會再去的/但夏天可能冷氣會不夠涼/
C	不知道吃什麼的話就吃399元套餐吧/還算實惠/有三式生魚片/味增湯/烤魚/牛肉蝦壽喜燒/生菜蝦手捲/日式沙拉/甜點/吃的超級粗飽的/距離精緻好吃大概有點距離就是了/結帳最後要加一成服務費/今天店員忘記給我擦手紙/把/10/當成餐飲內含的費用/心裡比較過得去就是了XD
C	超大的握壽司/上面的魚料幾乎抵得上爭鮮壽司3盤的份量/雖然價格稍高/但這算下來cp值很高/千萬別點太多/會吃到很撐/
C	七月份去的/當時店內蚊子不少/內室的空調下很多死蚊子希望環境已經有所改善/平價且份量驚人/給料大方的同時推薦點不同的品項跟朋友分享不然可能會有些膩/
C	這裡的鮮魚片超級厚/但是口感不舒服/不太好吃/很浪費大自然的資源/這裡的料理完全不一樣日式料理
C	商業午餐399可參考
D	還行/高朋滿座
C	食材大方/非常享受/唯餐廳位置擁擠/候位過久/想用餐要有等/的心理準備
C	雖然服務態度不是很好/用餐環境很吵雜/但是餐點誠意十足/份量超足/
C	買了55個便當/9350元須自取/店內有刷卡機卻不能刷卡需付現/向店家反應老闆卻回答/以後別來買
C	食材大份/但味道和質感都超爛/夜市都比較好吃/動線差/冷氣超熱/更別提大媽服務生的水準/超級不推
D	吃粗飽的/想吃生魚片吃到吐的好選擇/便宜又好吃/至於吃精緻的可以去隔壁
C	生魚片太大塊/吃了兩片就膩了/其他再美味的食物也沒有胃口再吃了/
C	非常不推無菜單料理/cp值非常低/而且這家根本不是日本料理/是台式日本料理/多給一顆星是蒸魚還不錯/膠原蛋白多魚皮又不會噁心/生魚片普通又切的太大塊/芥末是用化學芥末/整體料理用了很多味精/每個人花了一千多塊/這種精緻度真的不行/以後不會再來這家消費
C	同行五人點同樣價位套餐/先送來四盤炙燒鮭魚握壽司/過了一陣子/用餐近尾聲時默默在桌邊放一個豆皮壽司/一個花壽司便離開/我們以為還有菜詢問怎麼只上一份/才有一位店員很不耐地走過來說鮭魚握壽司沒了/當下才知道被更換菜色/我們詢問店家若握壽司沒了改以其他東西替代/是否應兌換等值菜色/店家不想也不處理事情/叫不到人來問/跑去櫃檯問店家一次語氣非常兇的說/就是這樣/一次轉身就走不等我們把話說完/同桌友人氣不過上網評論後我們無奈只好接受繼續用餐/在尾聲準備要離開時/剛剛罵我們兇我們不甩我們的/同一個人/和顏悅色的跑過來說要請我們喝咖啡/我說/不要/她不斷說/哎唷/阿姨請你們喝咖啡啦/喝完結帳完走出店外/立刻看到店家在評論底下留言/已招待咖啡/真的很噁心做作的店家/仗著網路上小有名氣/菜色中上但服務三流四流五流/奉勸大家不要被網路邀約文給迷惑了/
D	今天只是為了回憶/春日/日本料理的生魚片/自從春日收了以後/再也找不到一樣的/但果真是春日血統/甚至超越春日的/超大分量/的生魚片/就點一份外帶而已/兩個人吃到撐/下次要在去試別的
D	好吃又新鮮/家人的最愛/唯一可惜生意太好/有時候現場要等比較久
C	菜很好吃/量很多/但是晚上只到21/30/吃起飯很趕/希望客人到時先說明一下幾點結束休息/而不是請客人趕快吃完/
C	點了父親節千元以上套餐/本想好好享用/沒想到上次速度超快/菜已經擺滿桌子了請服務人員暫緩上菜/沒想到還是一再把菜硬擠到桌上/講了第三次發火了請他不要把菜擺上桌/才悻悻然地端走/幾乎一個小時就把8成的菜給上完/讓整個用餐非常的急促/是之後不會再去的餐廳/千元套餐中生魚片及菜色擺盤還不錯/但烤魚/鮑魚並沒有很新鮮處理得沒有很好
C	在服務人員解說下以為無菜單料理是像個人套餐式/但確像一般海鮮餐廳的合菜/桌下有廚師鞋子很不衛生/很失望的一次/
D	食物份量非常大/大到會嚇到的那種大/的確也是不錯吃/食材新鮮/座位設計蠻怪的/有點擠/
D	生魚片切的很豪爽/建議先不要點太多/味噌裡頭的料也不錯/套餐的副餐每天不一定一樣/ω/ノ老饕客大推
C	說好是鮭魚下巴/來了個白肉/茶要共桌用叫我去隔壁桌拿來拿去/明明就還有茶壺/太不可思義/是覺得客人多就隨意了吧
D	C/P/值超高的日式料理店/那個鮪魚生魚片的厚度不科學喔/
D	如果不要求裝璜/氣氛與非常精致的話/這裡是吃生魚片/烤魚等日式料理的好地方/尤其是商業午餐的CP值很高/
C	比起以前的春日/服務差太多了/就連請服務生幫忙拍張全家福/竟然還被冷眼拒絕/只說句我不會拍/你去找別人/然後就轉頭了/東西不算平價/服務絕對不值這個價
D	份量超大/CP值高/生魚片切的非常厚/吃到後來甚至有點小膩
D	真的太好吃了/停車方便/老闆很親切/
D	價格實在/像是在吃到飽/超級豐盛/不過午餐期間吃飯如同作戰/
D	豪邁風格的日本料理/一人份套餐大概要兩個人才能吃完/食材很新鮮/
D	份量超多/我最常吃的是散壽司套餐/生魚片量多/通常生魚片吃完就吃不下醋飯了/但真的是十分划算/
D	很值得/很大片/很飽/很佛心/
C	美食最重要的是品質/豪華散壽司料很多沒錯/但整體新鮮度普通/醋飯很酸且偏硬/服務則是令人卻步/
C	東西真的非常好吃/生魚片很新鮮/然而服務態度非常差/都已經電話訂位/到了現場明明還有很多空位卻被要求併桌/雖然事後也有給予換位子/但之後用餐時/主餐都還沒吃完就急著送上甜點/類似趕人的事情之前也發生過/已經無法忍受/不會再來/
C	服務態度很差/店裡超空都訂位的/也沒有遲到取消機制/要等1個小時/爛
C	11/12中午用餐/人很多/點了一魚三吃及其他菜/所有菜都上完吃完/就是魚頭湯一直沒來/催了三四次後/終於來了/但裡面根本沒有所謂的魚頭/只有一些肉塊/魚眼部分也只剩半邊/跟店家反應一直說沒問題/但卻又說要補我們一盤生魚片/當時我們根本吃不下也氣飽了/東西普通/店家服務也普通/最重要的是若真的東西有錯誤可以直接告知/沒必要三催四請後/老闆娘在跟店員交頭接耳/最後出來一道大雜燴
C	上菜亂上/服務態度不好/反應問題服務生還會逃避/或是去廚房問了之後就沒有再回來告知/點菜時服務員也沒有知會客人套餐餐點會更換/以至於今天點的499套餐/上的菜幾乎都跟菜單上不一樣/如果菜單有寫/隨季節更換菜色/店員也應該事先告知有哪些會更換/換了什麼/不是等上菜後客人反應才說/重點是問了還沒有下文/或是一問三不知/山藥細麵/壽喜燒/鹽烤豬串燒/主食可以全部更換掉/也是很厲害/總而言之/沒有用過那麼不愉快的一餐/結帳時說打折/也只是折扣/50/這樣的服務態度/只能說不願意再消費/請慎重參考
C	點了魚下巴/等了一陣子/最後沒餐/到此為止都還可以接受/但沒問過我的意願直接換別的餐要我接受是什麼情形/服務態度我真的覺得給一星都太抬舉他了/時間還沒到就板著一張臉說要吃快點是/
D	生魚片很豪邁/超級大塊/壽司不錯吃/
D	食物的量跟價格比起來十分便宜/生魚片的非常大片/適合喜歡大份量的人/不建議喜歡精緻高級日本料理的客人
D	生魚片厚/好吃/需滿一千才可刷卡/但若沒馬上點菜有位阿姨會在旁催促
C	味道到位的蝦湯
C	生魚片/甜蝦/烏尼/完全沒有鮮甜美味的料理/而且壽司飯居然是冰的/也太外行/真是大地雷/服務態度不佳/拒絕/
D	無菜單料理食材新鮮/CP值超高/服務人員雖是歐巴桑但很親切/真的很滿意/老闆說不滿意不要錢/哈哈哈/
D	店家生意很好/最好先訂位/吃鯖魚套餐250/CP值很高/送來的炸蝦/魚塊/還以為送錯/麵皮不夠蘇脆/出餐速度很快/吃的很緊張/吃完還聊天聊了滿久的/沒趕人/值得推薦去吃/
D	春日日本料理完全轉移/美味cp值超高/滿滿的生魚片/還有專屬包廂
C	大安CP值很高的日本料理/如果位子中間能更寬點會更舒適
D	生魚片非常新鮮跟厚/份量很足夠/但是位置很擁擠/不適合帶寶寶去
C	食材就是大而已/很粗糙/最可怕的是不衛生/小姐上菜/上甜點/都是把手指頭泡在碗裡/噁心/
D	吃到有點怕/
C	品質跟以前比起來下降很多/食材也沒以前新鮮/吃完回家還拉肚子/以後不會再訪/
C	一樣菜的份量太多了/都無法多品嚐幾樣菜色/除了生魚片好吃外/其他菜色都很一般/沒有很好吃
D	雖然生魚片丼價錢可能有點貴不過老闆真的很敢給/每片都好厚/套餐又付很多東西/所以cp值真的頗高
D	份量很多/建議若是兩人可以合點一份主餐套餐和一些單點小食/魚肉算新鮮/套餐的副食份量也蠻大的/
D	食材新鲜/供餐效率佳/物超所值/建議先訂位/
D	生魚片超厚切/牛肉鍋肉盤也很大/菜都份量大/小心叫太多/
C	牛肉/豬肉火鍋份量頗多/肉質還不錯/特級生魚片單片體積驚人/新鮮度尚可/就是吃飯環境擁擠/廁所地板濕滑/老人家要特別小心/
D	每次都點豪華散壽司不加飯/因為光生魚片吃完就快吐了XD/想大口吃厚厚生魚片的好選擇/
C	東西還不錯吃/但服務人員態度很隨便/還收服務費
C	很糟糕的經驗/網路上寫中午營業到2/30/當天一點多快兩點的時候到店裡/店門口的牌子也寫營業中/服務人員卻說廚師已經休息了/根本還沒兩點就休息了/
D	來過2次/好吃/份量大又新鮮
D	食物新鮮味美/量够/惟用餐環境擁擠/吵雜/
C	龍蝦火鍋的龍蝦有苦味湯頭不鮮甜配料也很粗糙只是份量足價格便宜/不懂去吃的人是只要粗飽嗎/
D	好吃/不二評價/而且份量很夠/我一個人還吃不完一個套餐/湯完全沒動過打包帶走
D	食材新鮮/CP值高
D	食材優/但是用餐環境稍嫌擁擠/假日/先預約比較好/服務態度佳
D	中午定食分量很多/飯可續/推薦鍋燒烏龍/料多到誇張/建議先訂位/不然中午時段幾乎沒位置/
D	套餐划算且夠份量
D	新鮮/cp值高
C	不新鮮/店員徒手抓魚/衛生條件不佳
D	份量價格非常合理
C	好吵雜的用餐環境/空間排的很密/餐食覺得點普通的就好/很夠吃的份量/但不會想去第二次
C	這家店的前身就是/春日/CP值高的中價位日本料理/假日生意很夯喔/出餐速度快/以便提高翻桌率/
C	服務態度很不好/上菜都亂上/收東西很快/生魚片定食大大縮水/不過烏龍麵還不錯/可是沒有味噌湯/也沒有先說/先預訂的外帶便當倒是感覺很好吃/收服務費很沒道理/但是食物的份量還不錯
C	糟糕透頂/態度非常差/訂7/00還沒到就把位子給別人/事後完全沒有想要補救/還沒吃就先打一顆星/這種服務態度開便當店就好別開餐廳/
D	跟好友一起聚餐/生魚片很新鮮/很大份/讚讚讚/
C	吃了那麼多次/3/5最後去的這次服務態度真是讓人失望/我抱著一個嬰兒牽著女兒揹著兩個包包被告知事先訂位人沒到齊不給入座要我站著等/跟服務人員說要餐具/倒茶/餐點遲未上桌/每個人員都是撲克臉一點回應也沒有/海鮮先給我放在桌上退冰/火鍋就是不來/催餐沒有人要理/餐點美味但服務實在讓人感受不到人情味/應該不會再去了/
D	高CP值日式料理餐廳
C	生魚片套餐/很新鮮好吃但有點太厚的
D	必來老店/服務員都是老面孔/阿姨們的服務就是直率/請不要用高規格比較/獨特人情味/重點是餐點很霸氣/
D	來金魚不要以為自己食量大就亂點/不是精緻的日料/但是口味還是可以的/食材新鮮沒問題/
D	味道不錯/新鮮/有特色的料理/小聚中聚大聚皆不錯喜歡烏魚子/牛肉鍋/烤魚系列和海鮮
D	好吃又不貴/強推這家店
D	生魚片超大很滿足
D	好吃的日本料理/價格平價且東西給很多/只有點過套餐/每次幾乎都吃到很撐/另外還有合菜部分/多人朋友聚餐可以嘗試看看
D	食物新鮮價位合理/但空間稍為狹窄/連帶用餐時非常吵雜/
C	不好吃的台式日本料理/就是吃粗飽的/生魚片不新鮮/吃一次完全不考慮再來/
D	大蒜蛤蜊湯必點/單點的握壽司比較好吃/但價格比套餐貴/
D	散壽司大推/火鍋類沒什麼特色/朋友生魚片吃到魚鱗/
D	食材新鮮/1399套餐/份量多/龍蝦/鮮鮑魚/黑鮪魚/什麼都有/物有所值/值得推薦給想大吃一頓的饕客
D	Cp值高/配菜有驚喜/東西好吃/要記得訂位唷/
C	未看評價初次到訪/用了商業午餐/平日中午人潮相當多/服務生上每道東西都用摔的/點了八貫的生魚片/可惜吃到了魚鱗兩片/向服務生反應也沒得到回應/失望了/
C	打電話過去預約除夕晚餐也預約成功了/結果當天過去居然沒有營業/會不會太誇張/
D	阿姨服務特別好
D	份量大/吃得很滿足/餐點也都非常美味
D	哇/我點握壽司套餐/魚肉多/超大塊/才3百多又含小菜/湯品/甜品/很好吃哦/
C	有夠難吃/生魚片不好吃就算了/還超大塊/吃到很想吐
D	豪華散壽司分量很大/吃完後一個月都不想碰生魚片了
D	就日本料理而言/味道及料理都算不錯/可惜可能是因為生意太好/出菜速度太快/失去了日本料理店應有的悠閒感/滿桌子雜亂的菜/讓人失去了吃飯的應有的優雅感覺/
C	五百多元的散壽司居然沒有山葵可用/加價也沒有/這叫日本料理/泡的化學染色芥末真是浪費食材了
D	喜歡套餐/餐點豐富好吃/價格也很合理/讓人想要一去再去/大推黃金泡菜/
D	綜合生魚片新鮮份量超大/花壽司內餡料多好吃/超級厚炸豬排讚/
C	曾有網友發文/吃399套餐到離開才發現有漏單少菜的情形/用餐時請多注意/
C	0分/配菜給的魚/魚鱗完全沒刮乾淨/吃一口滿嘴魚鱗/非常噁心/服務很隨便/根本台式料理店好嗎
D	豪華生魚片洞的份量應該是全國最大/非常實在/還有海膽跟鮭魚子/很好吃
C	生意太好/桌面都是柴魚湯的味道/服務的大姐可能習慣了
D	份量十足/上菜速度飛快/限時用餐/有些壓力/
D	好吃生魚片更大片吃起來超爽
D	高質量的日式海鮮餐廳/每上一道菜/總是要讓大家驚艷一下
D	食物份量足夠而且好吃/店內氣氛也不錯/可是紅豆湯有點淡/希望可以改進
D	份量極大/食物很新鮮/完全吃不完啊/
D	CP真的高/生魚片會建議再切薄一點/比較好分食
D	手藝真的不錯/環境吵雜位子較擠/上菜超快/食材新鮮/價位合理/值得一訪喔/
C	空間狹小擁擠/菜色普普/整體用餐心情糟透了
D	食材新鮮/價格適中/
D	份量超多/也很新鮮/家族聚餐的首選/而且店內阿姨們都很親切喔/
D	誇張好吃/誇張新鮮
C	服物態度真的很差/打包給你盒子丟在那/可以自己裝oK/請服務人員過來都裝作沒看到一直聚在吧檯前/食物還好/但服務令人卻步/不會再去
D	日本料理老店/生魚片特大片/幾乎都是老顧客/
C	吃套餐的魚肉一大堆的魚鱗/生魚片的皮沒處理乾淨/真的大片而已/吃到好想吐/
D	CP值蠻高
C	份量很夠/但還是帶著點台味/生魚片下方的碎冰裡有果蠅/相當可惜/
D	俗閣大碗/生魚片超大片/CP質很高
D	日式料理/衝著大方及新鮮生魚片去的顧客很多/上菜也快/但是沒有停車位很不方便/
D	以質跟量來說/是便宜又大碗的日本料理餐廳/至於其他的細節就不必太計較了/
C	食材新鮮料理不錯/但吃飯環境很差/很像是在路邊攤吃日本料理/
D	慶祝母親節/全家八大七小/年紀都國小以上/大家吃的相當滿意/大推/
D	日系餐廳/商業午餐物超所值/數年不敢吃生魚片居然又開吃了/可見夠新鮮啊ˇ
D	今年度二訪/生魚片美味依舊/
C	個人口味啦/無法接受super/大塊的生魚片/吃一片就膩了/
D	物超所值/新鮮/
D	食材新鮮/物超所值
D	還不錯/但炒菜一定要先問價錢
D	全台北CP值最高的日本料理店/材料新鮮且很敢給/雖然天天爆滿但服務態度仍保持親切/
D	份量絕對吃的飽/食材新鮮度極高/以此價位在台北要找到同質感/新鮮/份量實屬困難/
C	將吃粗飽的概念融入原本精緻日本料理中/完全破壞我對日本料理的理解/
D	平價新鮮豪邁/CP值高的台式日本料理/好不好吃見仁見智
D	生魚片很新鮮/
D	生魚片很豪邁/但鮮度普通/吃cp值的
D	服務親切/食物好味/鬧哄哄的開心氣氛/懷念的餐廳
C	食物CP值高/生意很好/用餐時間人很多/想吃建議最好先訂位/
D	超值的台式日料餐廳
C	鰻魚套餐物超所值/鰻魚份量亦較其他知名日本料理店多/但因為生意太好了/雖然料理不錯/但用餐環境吵雜混亂/
C	精緻套餐CP值不錯/生魚片新鮮度和份量都很足/但平價套餐就普普了
D	生魚片新鮮厚實
C	餐點份量很多/吃的很飽/但可能人太多了員工服務就比較沒那麼優/
C	就是以前的春日/口味上沒什麼改變/但/用餐環境不如春日好/服務人員也沒那麼親切
D	生魚片超厚的/蝦頭味增湯好好喝/套餐很划算/好吃/
C	服務態度很差/原本剛進去就問可不可先進去等人/結果不久就開始催點餐/然後又在客人背後murmur說座在那很久了
C	服務散漫不佳/東西只是便宜/沒有到好吃/沒吃過可以吃一次看看/不建議再訪
D	CP/值很高/生魚片單人份套餐/生魚片足以兩人份/覺得很物超所值
C	座位太壅擠/生魚片/花壽司新鮮美味/服務有待加強
D	CP值很高的店/份量夠又好吃/但座位稍擠不太舒服/
C	上菜速度飛快/食物新鮮/份量大/用餐環境/服務態度普通/總體而言cp值不低/
D	鮭生很大塊也好吃/價位也並不高/
D	CP值超高/2人吃等位子很快/人數再多建議要訂位
D	份量超大的日式餐廳/
D	霜降牛肉/好吃/生魚片好大塊/瑕不掩瑜/
D	菜色好吃/食材新鮮/價位不貴/只是停車不方便/要停到國父紀念館的停車場/
D	春日的印象/食材消費CP值高/環境清潔有進步空間/可以想吃再來的餐廳/
D	餐點分量都超大/建議不要點太多/價格也不算貴/適合多人聚餐
D	CP值超高的店家/生魚片蓋飯的生魚片多到吃不完/也很新鮮/強力推薦/
C	老闆不老實/一魚三吃三吃這麼大顆魚頭都被換掉/隨便放些魚肉了事/跟老闆講還一臉不爽/拒不承認/
D	新鮮食材/超值料理/服務親切/絕對好吃/
C	不論食材新鮮/料理用心度/服務態度/完全不符合價位的水準/超級不推薦
D	超級讚/好吃/CP值高/服務人員年紀長/但是很親切
D	昨天晚上帶爸爸去吃套餐/服務很好/上菜迅速/菜色也算豐盛/我和爸爸都吃得很開心
D	生魚片超大/新鮮/美味/牛肉煱/牛肉嫩/有油質/口感很棒/
D	平價美味的日本料理
C	服務待加強/魚片厚並不代表好吃/適合吃粗飽的期待
D	東西好吃/新鮮
C	便宜日式平價料理/店內都是資深員工/但態度不敢恭維
D	食材新鮮/份量足價位合理讚
C	爛/送錯生菜給我們/還把我們原有的熟菜收走/沒看過服務這麼差的
D	老字號日式料理店/食物品質非常好/都是當季食材/點菜可以聽聽服務員的建議/最好中午蒞臨/商業午餐非常超值/
D	春日老闆娘的老店新開的金魚料理/份量足的台日料理/
D	CP值超高/食材新鲜/適合團體聚餐/
D	第一次吃生魚片飽到不要不要的/光商業套餐就超級彭湃/
D	全台灣的餐廳CP值100/肯定是最高的/但客人素質低/講話快要比中國人大聲了/
D	餐點好吃/但是感覺定食為主力/油炸類品質待加強
C	服務人員的態度也太差了/接起來時還在跟旁邊聊天/我等了三秒才有回應/結果只是問一句晚上有沒有位置/服務人員說句沒有就把電話掛掉/真的是超沒水準
D	平價/料多實在/生魚片很厚又新鮮
D	想給五顆星/但生魚片真的切太大塊/吃到有點噁心
C	食物份量多/價格也不貴/位子很擠/有時可能因為客人多/服務人員的態度/很急
D	新鮮/好吃/量多/價格漂亮
D	這裡餐點蠻有特色/海鮮類的魚蝦蟹等或是套餐鍋物等都蠻好的/
D	餐點美味好吃/價錢不貴CP值高/平價日式餐廳
D	食材一般但價格算便宜且份量很大
C	大魚大肉/高cp值/吃粗飽/上菜速度太快/氣氛服務環境有很大進步空間/
D	如果對食量沒有一定的自信/不要一人挑戰豪華散壽司
D	生魚片很新鮮/份量很大/如果食量不是很大/建議點一般份量就好
D	本週來兩次晚餐及午餐/分別與同學及家人/用料大方/服務得體
C	師父手藝似乎太粗/只能說學藝不精/
D	實在是顛覆日料所有既定印象/真正適合台灣人吃粗飽的節約/超級推薦剛開始學習吃日料的大眾/
D	新鮮/美味/料多實在/價格合宜/要提早訂位/
D	食材新鮮/豪華散壽司建議兩人點一個/不然飽到想吐
C	東西是真的好吃/但態度真的有待加強/問店員問題一副不耐煩的樣子/
C	對於愛吞厚生魚片的食客/金魚是個好所在/我個人覺得不太行/
D	美味台日料理/商業午餐CP值高
D	原先是春日日本料理前身/改到這邊更名/東西一樣新鮮好吃/值得推薦
D	店沒以前大/cp值沒以前高/但還算可以以及親切本土的態度仍在/
D	台式日本料理/收桌很快/店裡非常熱鬧喧囂/吃過幾次/覺得花的錢跟吃到的料理相比覺得很划算/
C	絕對不要點握壽司之類的菜色/魚材和壽司飯完全不均衡/魚肉大而無當/魚肉筋太多/
D	生魚片份量大小超級優/值得推薦
D	食物是五顆星/可惜地方有點小/廁所的位置不太好
D	好吃/給料超充實/好像生魚片不要錢的感覺/
D	超大份生魚片/好吃cp值高
C	第一次吃飯/全程皺眉吃完/已經不是生魚片/是生魚塊了/超級噁心/不舒服
C	用餐環境超吵/服務生是在找人吵架嗎
D	性價比超高/食物也很新鮮
C	食材用料相當不錯/只是常在日本吃日本料理的我/覺得太有台味的日本料理了/
D	我覺得吧/什麼都不用說/我只知道店家切魚肉切爆
C	便當菜色多/有嫌多感覺/實際上物超所值/
D	便當菜色豐富/價位合理/牛肉壽喜鍋內容物太少/推/
D	CP值高/好吃/價格平實/量多/
D	食材新鮮份量多/牛肉和海鮮都很美味/適合食量大的團體聚餐/
C	便當超值/客人來往頻繁/最好先訂位/
D	散壽司份量不錯
D	魚貨新鮮/分量大/上菜很快/坐位較受限制
D	前春日老闆經營/大塊夠份量/除了壽司還有鍋類/好吃
D	東西太多了/吃不完/超高CP值/慎點/
C	熱鬧的日料餐廳/沒訂位要等很久/便宜大碗/品質中間
D	巷弄中的日本料理店/一份套餐/生魚片種類多樣/又大又厚物超所值/
C	很好吃/但還沒吃完就開始拉個不行/
D	食材新鮮/料理精緻/室內空間不大/需要預約訂位/都是老客人居多/
D	尾牙吃這家/10人一桌一萬/分量多到吃不完/而且也很好吃
C	東西好吃份量大/上菜速度超級慢
C	吧檯座位有點擠/CP值算高/但品質就還好
D	很好吃/物超所值/有聚餐的話/用餐環境比較吵
D	CP值超高/份量無敵大/女生甚至可以2個人share一份
D	座位差點/但價格很平價/生意很好/最好預約/
D	非常多饕客聚集之處/是喜歡海產/日式料理的人可以來吃吃看的地方/
C	Delicious/food/but/terrible/service/Very/disappointed/東西很好吃但是服務態度實在是太差/不值得/
D	豪邁的份量/用料真是毫不手軟啊/最大的缺點就是/粉難訂得到/Orz
D	承接春日料實量足的優點/又加入創意/不失為聚餐的好場所/唯需預約/以免排隊等候
D	價格合理/好吃
D	生魚片新鮮且量大/價格合理/
C	服務態度/急著出餐的速度/有收服務費的餐廳以上需要加強
D	份量大與實在/服務總是很親切/一吃成主顧
D	CP值很高/點的要吃完才對的起好食材喔
D	烤烏魚子和生菜沙拉中的烤九孔/特別香/很好吃
C	生魚片太大塊/一樣份量/切小塊點比較精緻/
D	量巨無霸多而且價格實惠/阿姨人很親切也很好/
D	如果是生魚片控的話/來這就對了
D	好吃/經濟實惠/俗各大碗
D	超推薦/CP值超高的外帶日式餐盒/
D	商業午餐CP值很高/要先訂位/有包廂
C	這家店的前身就是/春日/CP值高的中價位日本料理/假日生意很夯喔/出餐速度快/以便提高翻桌率/
D	每次都點豪華散壽司不加飯/因為光生魚片吃完就快吐了XD/想大口吃厚厚生魚片的好選擇/
C	店家不老實/趁我們酒醉結帳時多加了兩個人的錢/也不說付現可以少10/服務費/還好有清醒的人在已結完帳快離店時發現/要不然就被多坑了5000多元/誇張吧/別拗了/我們結帳時明明只剩1/2桌/那裡有在忙/還有當場明明就問算錯這麼多有沒有優惠/你們說沒有/但如果付現就可以免服務費的
C	在服務人員解說下以為無菜單料理是像個人套餐式/但確像一般海鮮餐廳的合菜/桌下有廚師鞋子很不衛生/很失望的一次/
D	便當菜色豐富/價位合理/牛肉壽喜鍋內容物太少/推/
D	味道不錯/新鮮/有特色的料理/小聚中聚大聚皆不錯喜歡烏魚子/牛肉鍋/烤魚系列和海鮮
D	食物份量足夠而且好吃/店內氣氛也不錯/可是紅豆湯有點淡/希望可以改進
C	食物CP值高/生意很好/用餐時間人很多/想吃建議最好先訂位/
D	CP算高的餐廳/但是環境稍微擁擠
D	好吃/價格實惠/
D	生魚片份量超大而且很新鮮
C	定位一點/竟然讓後來沒訂位的先入位/白白等了半小時/心情只有差
D	生魚片好大塊/份量大/請酌量點餐/
D	套餐真的太厲害了/讓人非常感動的料理/
D	份量很大/生魚片甜度普通/視覺效果驚人
D	建議訂位/東西好吃/便宜/
D	海鮮料理好吃/中午用餐不用擔心時間/因為上菜很快
D	高cp/值的餐廳/唯人多音雜擁擠空間稍嫌不足
D	食材新鮮/有物超所值/
D	生魚片新鮮實在/但是太大塊了/口感有點不好/
D	分量大超實在不錯好吃的但最近改菜單稍微退步
D	料理好吃/上菜速度快/適合多人聚餐/CP值高
D	火鍋份量大/只是價格提高了
D	真心覺得cp值高/價格不貴/東西好吃/
C	午間/170
D	生魚片十分新鮮好吃/光看到口水都狂流了
C	超級差評/餐具沒有洗乾淨就送上來
D	無菜單料理普普/其他定食或懷石系列都不錯
D	吃過非常多次/目前沒有吃過比金魚更高cp值的日本料理了
C	這家是黑店要小心/老闆會隨便亂點亂算錢要小心/千萬不要被騙/
D	最喜歡吃金魚的花壽司/是一家CP值很高的一家店/
C	食材新鮮料理都還不錯吃/特色略顯少
D	食材新鮮/價位親民/料理好吃/贊/
D	CP值很高/生魚片很厚很新鮮/推
D	餐點份量足/價格實惠
D	壽喜燒味道怪怪/但生魚片跟附餐都超讚
D	需前訂位/生猛海鮮/便宜又大碗/生魚片與炸蝦/好吃
D	食材很新鮮/超高的CP值
D	好吃又大碗/不過座位很擠/也比較吵雜
D	生魚片是我見過切割成最大一塊的
D	生魚片新鮮/份量足/價格划算/CP值極高
D	老闆每天親自在廚房/店員親切/食物CP值爆高/
C	上菜速度很快/不到九點就請客人結帳
D	食材新鮮好吃/內部裝潢也算有些日本味
D	生魚片類很新鮮好吃/特別推薦握壽司套餐
D	好吃/豐富/新鮮/真的很棒
D	CP值很高/但客人太多/吃飯環境感覺很吵鬧
D	15000桌菜海鮮超足/份量超大/CP值爆表/
D	CP算高的餐廳/但是環境稍微擁擠
C	我只能說/服務生的態度有夠差/服務業的專業在那/蕩然無存/
D	料理超美味/強力推薦/記得先預約喔/
D	很喜歡來這裡吃飯/用料實在/很新鮮
D	不錯吃
D	散壽司定食套餐全天供應/料多味美/分量十足/價錢合理公道/生魚片更是厚片新鮮/用料豪爽/愛吃生魚片人首選名店/
D	東西便宜又美味/無菜單料理豐盛美味/
D	這家料理非常棒又好吃CP值超級高
C	料理可說是值回票價/實在好吃/
D	Cp值高所以生意太好/點太多桌子太小放不下
D	漁獲新鮮/價格實在/交通方便/維持先前春日風格大塊文化/
C	排隊被插隊不說/訂的東西還被拿走/無言
D	東西份量大/火鍋也是份量超大/壽司肉質普通
D	食材新鮮/烹調多樣好吃/但位子很擠/
D	菜色精緻/價格平實/用料實在量又多
D	CP值高/好吃且服務人員都很親切/
C	好吃但沒特別好吃/cp值算高/
D	餐盒好好吃/
D	東西很好吃/大宴小酌皆可/
D	再一次說/青/CP值高/帶朋友來/沒有打槍過/
D	高cp值的日本式餐廳/壽司必須好好品嚐
D	東西很多很新鮮/但是不太合我的口味
C	與朋友聚餐隔天集體出現嚴重上吐下瀉之情況
D	好吃/食材新鮮/量很多/會吃到撐
C	鮮度不是很穩定/生意好/有時菜隔很久上
D	CP值超高/生魚片多到吃不下想吐
D	菜讚量足/可惜座位有一點小/
C	2/7食用晚餐/6人集體食物中毒皆上吐下瀉
D	適合喜歡便宜又大碗的朋友/
D	非常好吃/老闆非常親切/幾家分店都吃過/有質感
D	以前喜歡春日/現在喜歡金魚/食材新鮮/份量十足/值得推薦/
D	cp值高/大男生也可以吃飽飽的份量
C	吃起來像喜宴餐/往廁所路上環境需改進
D	中午去/中間區域燈光昏暗/感覺家庭老式經營/魚肉給很多量
D	價格合理/食物好吃/
D	讚/不過廁所到餐廳地上鋪的墊子蠻滑的
C	一般家庭及聚會還是會議可以來這裡聚餐
D	生魚片新鮮/但不好訂位/且座位擁擠
D	生魚片超新鮮非常的新鮮
C	服務態度太差/一點親和力也沒/花錢受氣/櫃臺服務更差/受一肚子氣
D	要先訂位/東西好吃又新鮮
C	吃粗飽的台式日料/新鮮度可/美味度一般
D	CP值相當高的餐廳/新鮮又好吃
D	樣樣驚喜/道道精彩/每一口都令人回味/
D	CP值高/生魚片可以切薄一些更好
C	春日式服務
D	平價好吃/事先預約不用等
D	菜色豐富/分量十足/常常客滿/
D	肉大到/吃起來有點恐怖/整體吃起來好吃
D	好吃/CP值很高/吃超飽
D	食材新鮮份量大/東西好吃
D	物超所值的海鮮料理/但生意太好服務變差了
D	標準的俗又大碗價格實在日式料理
D	用餐環境好/餐點價格合理
D	餐點美味/份量十足/連甜點都不馬虎
D	餐點的食材新鮮/CP值超高
C	鰻魚飯跟春日無法相比/寧遠吃超市真空包
D	1/29/可訂中午10人桌餐嗎/
D	超值/夠大
D	cp高/東西份量頗多/還不錯
D	食材份量大/新鮮/螃蟹好吃/服務好/
D	250元午餐便當便宜好吃/贊/
C	只剩下份量大而已/春日的好印象蕩然無存
D	無可挑剔的美食/不過現場很吵雜/沒預定很難現場排
D	CP值超高的生魚片料理
D	非常道地的日式料理/高貴不貴
C	商業午餐量不多/但價錢實在不便宜
C	魚材新鮮但是手法普通/吃粗飽的
D	物美價廉味道也不錯
D	CP/值非常高/食材新鮮味道好吃
D	合菜份量夠/食材也算新鮮
C	人多/油煙多/很擠/服務粗糙/只是便宜新鮮
D	CP值高/份量很足夠的一家店/
D	不是精緻懷石型的/屬物美價廉/生意很好/
D	餐實在/客人多/沒預定很難有位置
D	餐點份量大服務人員親切師傅專業/
D	服務很好/價錢中等/很好吃/有機會會再去
D	量足新鮮價格合理可以再來
D	懷石料理吃到太飽
D	俗又大碗丶又好吃/春日日本料理的相關之店
D	沒什麼好說的/超值
D	壽司的體積都好大/吃的好撐
D	與春日是同老闆/過幾天去品嚐/春日不營業了真可惜
D	料好實在/唯一的缺點就是量真的太多/
D	便宜又大碗/握壽司的生魚片非常大
D	台式日本料理/食材新鮮/用料大方/很值得推薦
D	便宜份量又多/不算精緻但還不錯
D	價廉物美/超新鮮的/愛吃日本料理的老饕天堂/台北市必吃的日本料理店
D	食材新鮮/擺盤美/服務差一點
D	食材新鮮/份量足/可惜空間太擠
D	海鮮很新鮮/點套餐很划算
D	新鮮/份量足/料理保留原味/服務好
D	他們家的菜很新鮮
D	生魚片切很厚/很好吃
D	料多實在
D	生魚片切很大片/價格實在/
D	好吃/生魚片超級厚實
D	食品新鮮啦
D	東西新鮮好吃/價格實在
D	份量超多/一人套餐兩人吃
D	生魚片真的很厚/超值好吃/
D	物有所質/吃的飽/吃的過癮
D	食材很新鮮/份量很厲害/
D	新鮮大份量/從學生吃到現在
D	料理美味/價格實惠/服務優質
D	好吃/新鮮/平價/
D	肉很大塊/很實在/
D	炙燒鮭魚很厲害/生魚片很新鮮
D	食材實在/價格合理/服務親切/好店
D	空間悠閒/食材新鮮/價格實在/
D	內行人才知道的好吃便宜日本料理店/特別推薦烏龍麵
D	物超所值的消費價位/新鮮又好吃
D	平價好吃/大推茶泡飯/
D	東西好吃
D	台灣式日本菜/味道不錯/可以一試/
D	老闆料很捨得給CP值很高
D	份量很大/食材什麼的也很用心
D	大推/CP值超高/握壽司上面的生魚片不是誇張的大/飯量跟一般的差不多大/但我面舖的生魚片是一般的4倍大/比生魚片餐CP值還高哦/套餐包含了一整條好好吃又肥嫩的烤香魚/25公分長耶/跟一個正餐的魚一樣大/一碗味噌湯用鮪魚骨熬的/還可以吃到鮪魚/而且又大碗/還有一碗灑著柴魚的秋葵/大約7條吧/另外/飯後還有薏仁甜湯/天丼的炸蝦好吃而且有三大條/還有其他好吃的炸物/茶泡鮪魚飯團也很特色/牛蒡好大一盤/好吃/但偏甜/牛肉壽喜燒牛肉片好好吃/豬肉壽喜燒肉也不錯/相較於牛肉份量比較多/但如點不愛甜食的人/不建議選擇壽喜燒/蠻甜的/
D	真的很大碗又很大塊/超值/
D	想要一來再來的好地方/大推豬肉火鍋/
D	不是吃到飽但是也飽到吐了
D	食材新鮮/價格實惠/份量頗足/
C	服務差/烤鯖魚是吃過最難吃的/很鹹/
D	CP值很高/小心蛋白質攝取爆表
D	餐點精緻/魚生新鮮大塊
C	餐點份量很多/生魚片也是
D	食材新鮮/服務不錯
D	用料實在
D	有種餓/叫做廚師覺得你很餓/
D	用料實在且豐富/食物好吃
D	必點宇宙無敵超高CP值的/豪華散壽司
C	這間店用料實在/但只純推/生食料理/值得大推豪華散壽司/CP值極高/視覺驚人/份量十足/吃爽不吃巧/建議兩人合吃一碗即可/龍蝦涮涮鍋/鰻魚飯是地雷/極不推薦/龍蝦是半尾/即使煮熟了仍有明顯的阿摩尼亞混雜腥臭味/跟店家反應後/老闆表示是學徒處理不佳造成/儘管立即為我們更換/但口中殘留的噁心感久久未能散去/鰻魚飯魚肉不夠細緻/口感粉粉/醬汁味道鹹甜失衡/非常之失敗/
C	餐飲不錯吃但像丕菜市場用餐
C	別被上面的評分騙了/菜色跟屎一樣
C	餐飲不錯/服務生有點/
D	食材新鮮/價格合理/值得推薦/
C	套餐貴又不好吃/不值得
D	強推/新鮮好吃又飽足/
C	容我鄭重警告/老鼠/老鼠/老鼠/老鼠/老鼠/店家態度毫不在乎/瞎/
D	人間美味/此生必吃
D	實惠且餐點美味/坐位舒適
D	新鮮/豐富/好吃/
D	用料豐富/CP值蠻高的
C	物美價廉/但環境可以再改善些
D	餐點精緻/絕對會飽
C	服務很棒/但/食物有點太鹹/
D	服務好/速度快/
D	老闆給料毫不手軟/cp值很高
D	好多人/還不錯/吃好飽
D	生魚片Cp值非常高
D	餐點好吃/回味春日時光
D	有以前春日的味道但價格貴
D	很鮮的生魚片
C	吃到會動的小黑蟲/真可惜影片不能上傳
C	食材新鮮/缺點是空間狹隘/
D	生魚片很實在/且厚實
D	吃粗飽的豐富日式便當
D	CP值很高的日本料理/會再回訪
D	東西很多/大盤/澎拜/口味台式
D	海鮮料理新鮮/料多實在/
D	價格親切/餐點物超所值
C	懶得細說/總之是一個很不好的體驗
D	料多實在/維持一定品質
D	量多新鮮價廉
C	生意不錯生魚片蓋飯超多
D	商業午餐的份量很足/cp高
D	新鮮/生魚片超大盆/也超大片/
D	生漁片大塊朵頤/物超所值
D	座位擁擠/東西cp值很高/
D	生魚片份量給的很大方的店家
C	商業套餐的鮮魚不錯/可再訪
D	還不錯吃/便宜又大碗/
D	好吃/but/座位有點擠/
D	還不錯/東西滿多/新鮮
D	愛吃生魚片的不能錯過/鮮甜/
D	食材新鮮好吃/大推/
D	材料新鮮/服務人員/很親切
D	食材新鮮/美味好吃/超澎湃
C	生魚片夠大又鮮
D	生魚片/壽司/其它料理/會讓人大開眼界
D	食材新鮮/建議事先訂位
D	料理好吃/份量很夠/
C	味噌湯太鹼/工作人員態度不佳
C	點餐態度很急/面露不悅
D	份量很多/適合想撐死自己的人/
D	配菜很讓人驚豔
D	物超所值/生意好須預約
D	分量大/價位不錯
D	份量很豪邁/缺點是/一位難求啊
D	大眾化/cp值超高
C	分量過大/不太符合正常標準量
C	位置很擁擠/感覺很髒/
D	以前的春日/讚/料多吃的開心
D	台式日本料理/好吃大份又不太貴
D	料多實在吃很飽
D	價格親民/物超所值
D	很好/很優/cp值高
D	生魚片好大/吃粗飽
C	沒熟又沒品質/很失望/
D	食材新鮮/價格還可接受
D	用料新鮮豐富/價格實惠
D	料好價錢公道/附近有停車場
D	料好實在又新鮮/
D	東西超好吃/分類超多
D	除了生魚片/其他的CP值都不高
D	價廉物美/絕對值得再來一次
D	每一份都很有誠意
C	份量夠/但可以再細膩些
D	到了那邊/找小吳就對了/
D	物超所值/新鮮美味/
D	鮮/鮮/份量多/CP/值高
D	過去的春日日本料理/水準依舊/甚至更甚
D	Cp值高/環境普通/服務普通
D	好吃/價格實惠/
D	生魚片好吃/要先訂位
D	老闆人客氣/東西好吃/
D	食物好吃/價格公道
D	用料實在
D	份量大/食材用心的好餐廳
C	環境不錯/但廁所需要在加強
C	魚肉超大塊/聚餐合適
D	東西新鮮豐盛/高CP值
D	CP值超高/推薦
D	豪華散壽司真的讚
D	料理好/材料新鮮/味道好/
D	非常好吃/價格超實惠
D	份量足夠又好吃的店家/
D	食材新鮮/CP值高
D	材料很新鮮價格實在
D	CP/值很高/份量不錯/
D	料多滿足/服務動線可以更好
D	生魚片料多/讚
C	份量足但口味偏鹹
D	驚訝/厚實的生魚片/
C	服務態度很差的一家餐廳/
D	新鮮味美CP值高
C	服務態度不佳/問什麼都不知道
D	C/P值不得了棒棒會繼續光顧
D	生魚片好/牛肉火鍋佳
C	外面包廂冷氣不涼
D	試試龍蝦火鍋套餐/棒/
D	量多/質佳/蠻超值
D	C/P超高/好吃/但請記得先預約
D	平價又好吃
D	服務可以再好一點點
D	餐點好吃/價格合理/
D	新鮮食才/價格合理
D	好吃/下次還會再來
D	提供大份量精緻美食
D	好吃記得訂位
D	平平/感覺有點粗/撐死人/
D	好吃大塊便宜
D	喜歡吃生魚片的好地方/
D	生魚片非常大片/全台灣只有這裡吃的到/
D	品質與價格兼具的好餐廳
C	阿姨不要那麼兇啦
D	新鮮/CP值高/
D	超值/值得來品嚐
D	人氣很旺的日式餐廳
D	性價比高/值得推薦/
D	空間大/中高品質/價格合理/
D	新鮮/CP值高
D	生魚片很好吃/
D	食材不錯/份量超大
D	生魚片套餐/澎湃/
D	生魚片也太大塊了吧
D	料好價美食物新鮮值得
D	菜色好吃價格合理
D	份量大/吃超飽/
D	cp值高/還會再來
D	大胃王的應許之地
C	食材不錯/但客滿時用餐環境稍嫌擁擠/洗手間和洗手台可改善/
D	真材實料味道好/
D	肚子快爆炸/生魚片厲害
C	痾/服務員心情不太好/
D	好吃/料多實在
D	物美/價廉/美味/新鮮
D	餐點cp值高
D	價格優惠/餐點豐富
D	份量超級大/很划算
D	商業午餐物超所值
D	東西便宜大碗又好吃
D	價格超值/食材相當新鮮
D	物美價廉值得再才光臨
C	服務的人手不太夠
C	覺得不太好吃
C	生生魚片很棒
D	握壽司實在是份量實足呀
C	可以飽食滿足
C	平價美食/但是硬傷是環境衛生/在意的人真的要注意/
D	食材新鮮/份量十足
D	份量足/頂級便當
C	員工態度有夠/
D	非常實在的一間日本料理
D	WiFi帳號是kengyu
D	金氏世界紀錄的生魚片大盤
D	生魚片讚喔
D	很厲害的生魚片
D	生魚片新鮮好吃
D	食材新鮮/份量滿意
D	超讚/非常值得推薦
D	價格便宜又大碗
D	外帶看看/還不錯
D	好吃的料理/價格又合理
D	飽/
C	份量多但不精緻
D	散壽司超棒的
D	價格實在份量大
D	經濟又實惠/高CP
D	少部分商品不夠新鮮
C	生魚片用料不好
D	新鮮好吃又大碗
D	料理新鮮量多味美/
D	推薦生魚片定食
D	高/CP/值的日本料理餐廳
D	好吃/選擇多/
D	超讚
D	平價好吃
D	份量多價格親民
D	最大的印象就是十分粗飽
D	生魚片新鮮划算
D	好吃不貴份量足
D	Cp值讚讚
C	超爛的無菜單料理
D	生魚片令人感到滿足
D	物超所值/空間狹小了點
D	商業午餐CP值高
D	cp值真的高到破表/生魚片都切得超厚/連生蠔都超大份der/喜歡日料的朋友們一定不要錯過喔/
D	食材新鮮量多
D	東西好吃/出餐很快/
D	份量真的沒在開玩笑的
D	生魚片份量超大塊
D	傳統好味道的台式日本料理
D	豪華海鮮丼/每次必點/再加半份鮭魚生魚片/兩個人吃到撐/
D	生魚片份量大
D	份量很豪邁
D	新鮮美味價格平實
D	豐盛澎拜
D	生魚片多多/
D	生魚片超大份量
D	好魚生不食嗎/
D	好吃不算太貴
D	大分量/大滿足
D	還不錯小貴
D	包廂略顯擁擠
D	份量很多很滿足
D	生魚片很大一片/
D	食物新鮮好吃/
D	海鮮類不錯
D	同春日/老店新開
D	還真不錯吃
D	嘗試/399/還不錯
C	份量很有誠意
C	還算可以
D	真的超大份/又鮮/很划算的一家店/
D	物超所值竟出現在東區
C	份量大的日本料理/生意好/較台式
D	分量很大/食物新鮮
D	新鮮好吃
D	食物新鮮好吃
C	不錯/份量很大
D	定食經濟實惠
D	生魚片/讚/
C	俗又大碗類型
D	料理美味/服務普通
D	好吃新鮮
D	實惠/美味/鮮/
C	BJ4/不會再去了
D	會議便當滿分
D	食材新鮮/物超所值
D	適合多人聚餐
D	新鮮好吃
C	食材新鮮份量足
C	東西很好吃/但店員感覺都是做很久了/服務態度很差/
C	態度不是很好
D	新鮮/創意/好吃
D	生魚片新鮮大碗
D	外帶餐盒不錯哦
D	超新鮮
D	食材新鮮/量足/
C	生菜發現菜蟲
D	食材豐富/物超所值/
D	份量大/新鮮
D	吃好飽/
D	魚生片超大/
D	值得推薦
D	味道不錯
D	有點好吃/都是日式料理/尤其是魚/鮭魚等/不過有點小小貴
D	好吃經濟實惠
C	新鮮大份量
D	新鮮的海鮮/出餐快
D	好吃/很貴
D	便宜又好吃/用餐時間人很多/要先訂位/
C	員工可以在靠北一點/1000元無菜單料理根本超級大地雷/這輩子下輩子下下輩子絕對不可能再關顧/
C	服務態度極差勁/
C	服務態度有待改進
D	份量很夠
D	豐盛細緻的餐飲
D	經濟實惠
D	份量十足/人聲鼎沸
D	座位空間太窄
D	假錢實惠/
D	新鮮/好吃/
D	可外帶/
D	生魚片好吃
D	非常精緻的日本料理
D	商業午餐物超所值
D	超讚
D	CP值無限/
D	超贊/
D	超大生魚片
D	豐盛料理
D	讚/新鮮/
D	料好實在
D	Cp值高/品質不錯/量很多
D	超大生魚片
D	新鮮好吃
D	超大生魚片/
D	適合家庭聚餐
D	海鮮新鮮好吃
C	還可吃
D	平價料多
D	材質新鮮/棒
D	好吃新鮮/
C	停車/方便
D	料理實在/好吃
C	傲慢的服務
D	新鮮好吃
D	物超所值/回味無窮
D	新鮮好吃/
D	不錯
D	蠻好吃的/價格中上
C	普普通通/不錯
D	性價比很高
D	不錯的餐廳
D	料理好魚新鮮
D	價美物廉
D	好吃/經濟
D	物美價廉/
D	生魚片新鮮/
D	大碗滿意
D	讚
C	外帶便當/份量很足
D	不錯吃
D	新鮮/美味
D	巨無霸台式日本料理
C	食物油膩
D	經濟美味
C	出菜極慢
D	性價比高
D	值得再次品嘗
D	生魚片很大片
D	魚超大/
D	無敵的Cp值
D	新鮮好吃
D	極鮮美味
C	待訪
D	新鮮
D	海鮮好吃
D	豪邁
D	服務熟練
D	新鮮/新鮮/新鮮/
D	菜鮮美
D	正點
D	讃/物美價廉
C	服務態度差
D	東西好吃
D	料實在
D	與春日一樣
D	很新鮮
D	食材新鮮
D	東西很多
D	讚/讚/讚/讚/讚/
D	食物物美價廉
D	驚人的份量
D	名不虛傳
D	食物鮮美
C	物美價廉
D	物美價廉
D	價廉物美
D	物美價廉
D	物美價廉
D	物美價廉
D	我很開心可以選用無菜單料理/除了貨真價實之外/有的是驚喜而沒有驚嚇/
D	很適合一群人聚餐/很多大桌子/有生魚片/火鍋/炸物/烤物/多種選擇/炙燒鮭魚非常的推薦很好吃又很肥美/散壽司就比較普通/裡面的鮭魚也普通/煎鯖魚裡面的刺很多/點三樣/1090/吃飯環境有待加強/吃飯的時候有一隻小蟑螂在桌上爬/廁所也有點不乾淨
D	生魚片厚到根本是魚排的程度/魚本身是新鮮好吃的/但過厚的切法會難以入口/除了膩之外生食的味道也會堆積在喉嚨/好不容易吃到只剩三片魚/但已經飽到不行了/只能外帶回家煎/單以分量來說/580/10/真的算很便宜/只是單人很難吃完/建議還是多人分食比較好/
D	CP/值超高/生魚片給的超大份超大方
D	CP值很高/胃口大的人來這邊吃一份Set也可以吃飽/生魚片超厚超大/重點蠻新鮮的/
C	吧檯師父講話很吵鬧/生魚片大到有點噁心/筋多/套餐的日式燒鮪魚很好吃
C	份量很大/午餐套餐價格合理/質量和口味平庸/工作人員粗魯/尤其是收銀員/明智的地方是它有點小和局促/但/喜怒無常/的燈光並不會讓人不舒服/總之/沒什麼可寫的/除了非常美味的味噌湯/沒有什麼特別的/對於它的價格/我只想去那些/iPad/自助點壽司店/
D	味道好/分量大/價格合理/女服務員很友好讓你感覺像在家裡吃飯/大拇指/
D	驚人的美味/我們每人訂了/nt1800/絕對物有所值/不能吃完所有的菜/
D	一周中的午餐時間到這裡來/您可以享受特價的午餐/對於很大一部分來說/這是一筆很大的交易/套餐包括沙拉/米飯/烤豬肉和味mis湯/我們點了3套不同的菜/牛肉火鍋/烏冬面/上面放著烤鰻魚/還有生魚片/對我們來說這足夠了3/食物的味道還可以/這並不令人驚訝/但就價格而言/這是一個很好的價值/
D	正宗的家庭式日本料理/位於台北市東部/每次我走進台北都來這裡/小巷裡的一家小餐館/但是烹飪風格和食物都很棒/價格合理/份量巨大/如果您喜歡真正的日本料理/這是您的地方/
D	該部分是巨大的/魚真新鮮/而且價格是完全可以負擔的/
D	價格便宜/食物很棒/非常新鮮/該部分是巨大的/我點了250新台幣的天婦羅蓋飯/裡面有味mis湯/烤魚和甜點/絕對是值得回頭的餐廳/確保您進行預訂/我不給五星級的唯一原因是因為他們的服務不夠好/並且生魚片/生魚片/太大了/有些人可能喜歡他們給您的大片/但我個人更喜歡小片/
D	豪華散壽司/天丼套餐/散壽司的生魚片種類有紅紺/鮭魚/鮪魚/旗魚/幹貝/海膽/生鮮蝦加上兩個炙燒鮭魚壽司和鮭魚末壽司捲佐鮭魚卵/重點是生魚片新鮮而且超大片/每片厚度約1公分多/長度將近10公分/目視/就算嘴巴再大的人也不太可能一口吃下/對吃愛吃生魚片的人來說/爽感十足/對不敢吃生食或不特別愛好者/還是點熟食吧或是點一份大家分食/不然勢必會無法接受/天丼顧名思義就是炸蝦飯/炸蝦目視約15公分/3支/咬下去外酥內嫩/配上醬汁爽口不油膩/其他還有炸什錦/野菜等等/有其他評論提到魚肉糰子/用餐我們有問店家/它是魚肉加上洋蔥做成糰狀之後進行油炸/我個人其實覺得蠻好吃的/配上套餐的開胃菜和前菜以及味增湯/一個正常男生應該也會非常有飽足感/價格的部分個人覺得以餐點的分量跟質量來說/非常的親民/豪華散壽司570元/天丼套餐280元/另加一成服務費/至於看到其他留言服務態度不佳/店內服務員風格都是從舊店/春日日本料理/所承襲下來/大部分服務員皆為嗓門較大的大哥大姐/其實你有什麼需求他們都會盡量滿足/但如果消費者是覺得應該顧客至上的話/我個人建議還是謝謝再聯絡XD/
D	這個地方很好吃/我從未見過壽司切成這麼大/我會在心跳中推薦它/
D	一行人點了豪華料理888/精緻料理688/單點天丼套餐/炒海鮮烏龍/明太子蕃薯燒/烤靖魚/嗯/套餐的/下巴油蔥蒸/好吃/生魚片好厚好長/炒海鮮烏龍味道很好/麵條有嚼勁/蝦子好吃/明太子蕃薯燒好吃/外皮酥/咬下去還有一點點甜甜的醬汁/烤靖魚沒有刺/不用在那邊傷腦筋/還有吃到一個芋頭感覺又有牛蒡混一起的/味道很豐富/好吃/附熱茶/飯後甜點和水果/附近雖然有停車格和停車場/但有點滿/服務人員上菜速度蠻快的/總結/精緻料理真的很精緻/因為一行人有7位/有些還真的是不知道怎麼分食/比如說兩片大壽司/或是一條茭白筍/一隻酥炸大明蝦/因為味道都很濃/所以我個人吃完很渴/
D	當地的日本餐廳/有大量的食物/生魚片新鮮又大/但由於很難食用/因此個人更喜歡傳統的切塊/火鍋很大/牛肉很新鮮/總體來說很棒的經驗/
D	豪華散壽司超讚/份量很多/自己弄成握壽司也不錯喔/兩人點一份就很夠了/吃到會怕/價格非常實惠/另外點了炸蚵/但配料相對無聊/但內餡是蠻飽滿的小蚵/很多人都有訂位/建議如果不想坐檯/還是訂個位喔/
C	生意非常好/但我極度失望/凡事並非數大便是美/不過/鮪魚泥和手捲還不錯吃就是了/
D	CP值超高/
D	美味的日本料理/分量很大/我和另一個人一起去了/我們要訂購一個生魚片/壽司和天婦羅/服務員建議我們不要拿這頓/因為我們無法完成它/很高興我們接受了她的建議/
D	平日中午的399套餐/美味且份量多/非常超值/
D	價格真的很便宜/提供食物和飲料/但是味道還可以/總體而言/它仍然對訪問有益/
D	食材新鮮/鰻魚卷很好吃/cp值高/用餐環境和氣氛都舒適/良朋相聚的好地方/
D	這家餐廳為您提供物超所值的價格/我們所有的海鮮都非常新鮮/但是/他們提供的服務水平與其食物質量有些矛盾/儘管提前兩天進行了預訂/並在午餐前的早晨致電確認我們的位置/但我們還是被告知我們抵達時沒有預訂/我們最終坐在一起/點了兩頓套餐/但是當把菜拿給我們看時/它們隨意地擺在我們的桌子上/這家餐廳以可承受的價格提供美味的食物/但不要指望其他任何風吹草動/
D	料多味美/cp值高/
D	價格非常大的生魚片/絕對讓你立刻吃飽/
C	點了2份特價午餐/天婦羅和薩巴魚/天婦羅很辛苦/一點也不鬆脆/沙巴很好/切片檸檬檸檬太乾了/問了一些檸檬/被告知他們只能給我兩片/任何其他都得付錢/此外/除非您的帳單超過新台幣1/000元/否則不接受任何信用卡/顯示的照片只是天婦羅/太懶了/無法發布我的saba/
D	去吃午飯/拿到了生魚片/那簡直就是食物/來了8/9塊切成薄片的生魚片/湯/米飯/魚頭和甜點/請把我們從這裡塞滿/
D	太棒了/又大份/又好吃/
D	好吃/物超所值/
D	曾經去他們的另一個不再開放的春日餐廳/但這是日本料理的下一個最佳去處/
D	超高性價比/熱愛日料的吃貨必拔/
D	台式刀工日本料理/份量十足/
D	很大的一部分/質量好/價格好/唯一的缺點是它的洗手間/
D	該部分仍然是驚人的/一如既往的台灣風格日本料理的好地方/
D	好吃丫/
D	真的是cp值超高的日料店/
D	好吃/份量大/
D	非常好吃/量狠大/
D	食物和比例都是現象/警告/這個地方很小/所以要預約/
D	CP值很高/大推/
C	套餐價格合理/味道也不錯/尤其是鮭魚生魚片份量很足/喜歡吃生魚片的人可來此大快朵頤/本餐廳最大的敗筆是/許多已破損的碗盤捨不得丟棄而仍然繼續使用/實在匪/夷所思/讓人對它的好印像大打折扣/實屬不智/亦不值得/
C	鮭魚炒飯都是刺/真的覺得吃到很崩潰/雖然味道不錯/生意太好廚房太忙/出菜有待加強/吃一半了才來手捲/一開始就點的湯/到最後吃飽結帳了才來/希望忘了做就直接大方說/不要一直跟我講有有有/
D	價格實惠的驚人課程/
C	味道不錯但精緻度越來越差/食材尤其炸物/湯中用的魚肉都很差腥味十足/尤其便當中的魚肉簡直讓人不敢吃/價格平實生意很好比其母店日春生意更好/可惜沒守住新鮮樸實的日春精神/
C	每頓晚餐280美元/食物太多/強烈推薦/如果你可以吃很多/但質量實際上只是平均水平/用餐環境有點嘈雜和擁擠/認為它對普通客戶的高cp很受歡迎/但如果您正在尋找高質量的餐點/不確定它是否適合您/
C	有史以來最差的服務/工作人員不喜歡老人/兩個星期前/我們預訂了一張桌子/把我們和三個老人放在門附近/他們優先考慮另一位是我們醫生的客戶/再也不會回來了/
C	料理很重出菜間隔以保每道菜都能在入口時在最佳狀態/今晚點了沙拉/生魚片/壽司/湯品/炸物/上第2道菜後已要求後面上菜速度/結果還是快速全部上桌/最後入口時/湯是冷的/炸物是冷的/所有東西都是冷的/再新鮮好吃的食物入口時也只是變成一堆廚餘/這只是一家虛有其名/不入流的餐廳/
D	份量非常大/他們切的生魚片是大塊的大塊/這是一家日式餐廳/有很多菜/這個地方通常擠滿了等待/所以最好提前預訂/物有所值是最好的之一/
D	新鮮的生魚片和絕妙的日式料理/而且價格實惠/巨大的價值/但是由於沒有太多的空間並且總是擠滿了人/所以食客不得不與環境妥協/
C	這家餐廳以生魚/新鮮而厚如牛排和壽司而聞名/因此就食品水平而言/標準較高/但是就服務而言/打包餐廳時女服務員有點粗糙/味o湯很美味/但是要避免將魚骨放在碗底/關於放在廚房附近的廁所的最後一句話是乾淨的/但男女之間沒有區別/
C	699套餐/生魚片夠大片/師傅用心/只是吃到有點反胃/因為/太大片/手捲/尚可/味噌湯/不錯用料實在/生菜沙拉/沒吃本身不太愛吃生菜/甜湯/普通/
C	當心他們加價銷售您/我們為兩個人點了很多菜後/女服務員走了/問你怎麼不點生魚片/我們說的很好/問/您有什麼特別的嗎/服務生說/是的/您應該嘗試我們的魚腸/我們以為我們點了一個生魚片/半個小時後/當我們快要吃飽了時/一大碗gui東西進來了/我們問那是什麼/他們告訴我們這是魚的雄性器官/不好吃我們爭論並抗議說它應該是生魚片/他們說是事實/我們向收銀員/所有者投訴/她說你應該知道我們的食物量總是很大/他們的壞建議並沒有動搖她/無論如何/我們必須為巨型魚的雄性器官支付1/000美元/因此/我們為記憶拍照/
C	媽媽生日/一堆人去吃/1200/人/的無菜單料理/出了ㄧ大盤花壽司和ㄧ堆吃粗飽的東西/沒有牛肉/沒有乾貝/更不用說/海膽或甜蝦/真的不推/以後不會去了/
D	日本餐廳/提供壽司/sha鍋和一些油炸食品/海鮮總體質量不錯/警告/生魚片切得很厚/因此您可能要訂購的比預期少一點/然後在以後補充您的訂單/
D	春日的股東開的店/春日熄燈後的替代選項/生魚片超大片/但是油花不及春日/2018/1/6/再訪/鮭魚生魚片的油花有進步/很多人詬病的服務其實還好啦/和春日一樣/服務的阿桑們都有年紀了/點太多食物會建議吃完再點/要求加醃薑也會來確認/算是合格的啦/店內座位很擁擠/幾乎都要併桌/人聲嘈雜/用餐環境不佳/生魚片類的食物/單點生魚片或是握壽司丶散壽司/是首選/其他食物就沒必要跟大家擠了/以前春日一年去個四五次/金魚一年去一次解解饞就行了/主要還是因為用餐環境不佳/沒法放輕鬆飽餐一頓/
D	好吃/
C	這就是台灣人所說的高CP/便宜的和很大的一部分/但這並不意味著它們可以提供優質的日本料理/對於像我父親這樣的平庸人來說/這可能真是太棒了/但我完全不喜歡它/有時服務不是很好/
D	CP值高/食材新鮮/稱不上非常精緻/不過以有用心/缺點是用餐環境較擁擠/服務沒那麼週詳/但絕對對得起他的價格/
D	份量很大/生魚片品質好/套餐的味噌湯味道濃鬱/建議食量不大的人先評估大份的生魚片是否會太多/
C	質量與數量/一家本地化的日本餐廳/可提供大部分食物/但其質量最好的地方一般/我們點了生魚片拼盤/鰻魚套餐和海鮮炒烏冬面/生魚片更像一條魚排/在一兩片之後/我感覺就像在作嘔/對我來說太厚了/烏冬面缺少味道和麵條/他們用了很多納帕白菜來炒/鰻魚飯配的天婦羅沒有那麼酥脆/如果您喜歡大部分食物/那麼這是一個去的地方/
C	台灣風味的日本料理/食物還可以/但餐廳的氣氛有點令人失望/像魚市一樣嘈雜/我們被指示在不問我們意願的情況下分享桌子/總的來說/相比之下略有高估/服務一般般/
D	以價格來看/生鮮食材/生意好每天進貨自然會較新鮮/用較高級部位/份量老闆很敢給/在台灣我像找不到第二家/我朋友住中瀝常開車到這家吃/這家我是很喜歡去的店/
C	我根本不推薦這家餐廳/更不用說我們到達後突然的採購價格/糟糕的服務/我的第13個人一家在這家餐廳慶祝父親節/我們擠在一個又小又熱的房間裡/滿頭是汗/無論如何/我們最終度過了一個非常不愉快的夜晚/
C	一直以來都算是金魚的常客/因為覺得他們家的海鮮新鮮分量多價格也很公道/但因為食量不大所以通常都會和一位朋友合吃一個生魚片套餐/前幾次吃用餐都很愉快/還推薦其他朋友來吃/但後來可能生意越來越好/態度變得很差餐點品質也變得很不穩定/點一份餐會被半強迫的點其他東西/是真的吃不完/而且通常只會停留40/60mins根本不客意佔用位子/如果不加點服務態度就很差每次點餐都超有壓力/重點有一次/我們一樣點生魚片壽司套餐/結果裡面竟然出現花壽司/本想跟店家反應但朋友說可能店家魚料不足沒關係/結果隔壁桌馬上端來完完整整的生魚片壽司種累還很豐富/嚴重懷疑隔壁桌的桌單價比較高才會有這樣反差/只能說短期內不會再去吃/後面吃的幾次都很失望/
D	這裡的食物非常好吃/
D	非凡的壽司愛好者/我們享受的數量/特別是魚的新鮮度/沒什麼可說的/菜的部分是巨大的/難以吃的簡單的菜單組成/
D	生魚片的粗大切面/大約是其他餐館可以買到的四倍/生魚片很新鮮/質地也很堅硬/扣除是針對擁擠的用餐空間/
D	老店/CO值超高/
D	部分是巨大的/他們的生魚片拼盤是巨大的塊的吸引力/可以提供4/6pax容易/服務質量也很好/
D	CP值太高了/
D	但也歌劇和現代聲和評論都是很不錯的/當然良好的停車環境jupeon良好的組織等良好的可達性/
D	瘋狂的大部分以合理的價格出售/肯定會再次訪問/
C	蟑螂警報/餓死了/外出嘔吐/這就像在吃快餐/巨大而細膩的魚塊一樣/不愉快/意味著純粹是要快速填飽肚子/
D	好吃/
D	太棒了/許多價格合理的美味優質食品/一定會再來的/可能是我在這個地區最喜歡的新日式餐廳/
D	主人每天都會新鮮挑選食物/而且食物所佔的比例也很大/我們喜歡這家餐廳/很快就會開始營業/
D	份量多/好吃/
D	便宜cp值高/
D	料理很好新鮮/坐位小一點/其它都滿好的/
D	Very/nice/物超所值/
D	日本餐館的性價比很高/而且味道很好/強烈推薦/
D	質量和價格都很棒/但是用餐空間真的太擁擠了/
D	部分很大/菜餚很美味/設置菜單是最佳建議/
D	澎湃/
D	可能是我見過的生魚片中最大的部分/
D	這家店的室內設計很好/食品也是很好吃/很有日本的風味我很喜歡/給個贊/
D	C/P值很高且好吃的店/
D	超值的桌菜/
D	需電話預約/有套餐有散叫/刺身比較厚和大件/必定滿足你/
D	美味的/很棒的氛圍/很棒的價格/如果您在該地區/必須這樣做/
D	超級新鮮和美味/廚師在推薦和烹飪方面經驗豐富/價格也很合理/
D	份量非常多/
D	好吃/肉多道吃不完/台式的日本料理/
D	物超所值大推/
D	Cp值超高/
