F	親切且迅速的店員/供貨充足的酒飲/好吃的炸點/皮超難剝的香吉士/連警察都會來光顧的一家好店/這麼好的店值得多給一點小費/請各位不要吝嗇
F	唱歌/食物價格沒有很貴/而且食物味道也還不錯/只可惜包廂內煙味真的有點重/而且設備略為老舊
F	錢櫃吃的東西都不錯/有確實做好防疫工作/服務親切/包廂乾淨舒適/沒有煙味/很棒/
F	上次進來竟已是兩年前/包廂舒適乾淨/食物一如既往的美味
F	哈哈哈/不就是滿滿的煙味跟酒味的熟悉的環境嗎
F	四個人唱四小時/只要/499再加上服務費/超值/不過就是小包廂只有兩支麥克風/但空間大/廁所也乾淨/餐點偏貴就正常嘛/喉糖蠻好吃的哈哈/
E	我第一次覺得台北很可怕就是在這裡/多年前從台中上台北跨完年跑來這邊唱歌順便休息/要搭電梯離開的時候/電梯門打開是個喝到爛醉的人/旁邊站著一個凶神惡煞/幹是想嚇屎誰/之後只好走樓梯下樓/難怪電視新聞常在報KTV酒後鬧事/
F	很不錯其實/被KTV耽誤的辦桌外匯餐廳/食物其實都蠻好吃的/環境舒適/歌曲也都還行/有些抖音流行樂也可以找到/雖然沒有很對/地點方便/小圓椅子可以備至少兩張在一間/這樣點歌比較方便可以坐在椅子上面對點歌銀幕面板
E	包廂內的煙味真的非常非常重/按KTV螢幕和遙控器的清潔按鍵按到天荒地老都不會有人來服務/用包廂內電話詢問才得知/清潔按鍵要逐漸淘汰掉了/要找服務生只能用電話/那為什麼一開始不先跟客人說明或直接把按鍵塗掉/
E	來此消費請務必請同行其中一個人在清醒下去結帳/大夜的收款人員會有故意算錯錢/意圖讓人多付錢並中飽私囊的狀況/本人一行七人於2022/01/25凌晨結帳時親身經歷/若錢櫃管理人員看到此留言/也可調11樓02/00/02/30結帳櫃檯攝影機/本人願負起法律責任/
E	你們海薛客人一筆的樣子跟墾丁滷味很像耶/_/東區不差你們這間ktv/你們也不差我們一組客人吧ㄏㄏ/你們就繼續薛錢吧
F	終於解封了/立刻來錢櫃大唱/這邊麥克風音質超棒ㄉ
F	東西很好吃/只是需要一點時間製作/整體來說不貴也不便宜/CP/值適中
E	很多人在包廂抽煙/一到樓層/不用進包廂就聞到煙味/服務人員也說對/有人抽煙/傻眼耶/
F	早上8/50去/發現有個9/00開始的4小時399方案/超級便宜/就在旁邊的711買了一些零食就進去了/很不錯/只可惜煙味還是有點重QQ
F	想念了錢櫃/希望疫情趕快結束/出門在外記得做好防護措施/保護自己/也是愛護台灣/台灣加油/
E	煙味超重/東西有點不乾淨/食物餐盤/杯子/等/希望外語歌多一點
E	煙味超級重/一路從五樓走道到包廂都是/包廂內更是令人窒息
F	平日真便宜/炸物青椒好好吃/薯條也好吃/番茄醬不夠用呀/炸洋蔥我個人覺得還好
F	環境乾淨/空氣新鮮/東西很好吃/不會像樂華錢櫃/滿間的噴奇怪濃香水
E	防疫期間的進場動線完全搞不清楚自己該往哪排又該往哪裡去/只有排到櫃檯然後才知道自己原來排錯邊了/哈哈哈/這種場景超像20/30年前的戶政事務所/其實個人不是很會唱歌/但是錢櫃放出來的幾乎都是唱片公司的MV拿來直接改成伴唱曲/一是很難跟上專業歌手音調與速度/二是字幕根本無法看到下一句/除非很熟悉這首歌/否則一定斷句/硬體設備/自有其優點/唱歌嘛/有嗨就80分囉/補充一點/SOGO錢櫃/客人的外在素質真的比錢櫃的內在素質高級許多許多許多喔/哈哈哈哈/歡迎看倌們常常光顧喔/如果認同以上/請不吝給個/讚/吧/謝謝囉
F	巔峰換場時間電梯會等很久/服務效率蠻快的/食物還不錯/算是價位比較高一點的店/燈光效果都有點low
E	想說剛解封來唱歌結果唱歌唱了4小時反應了3次麥克風不是沒電而是一直斷斷續續的好像壞掉/結果只是換電池而已/主管來後才幫我們換新的/之後就好/覺得是把消費者當傻瓜們
F	/ㅂ/乾淨/奶茶好喝
F	我覺得除了鼎泰豐/我如果在台北不知道晚餐吃什麼/來sogo錢櫃就對了/放下水餃跟牛肉麵吧/麻辣魚片還有花雕雞麵才是正確的打開方式啊
F	包廂內有獨立廁所/食物都很好吃/最喜歡跟朋友來sogo錢櫃/把這裡當第二個家/
F	Sogo/錢櫃的員工都很不錯/也很願意為客人爭取權益/颱風來臨前的夜晚感謝你們/硬體設備很需要改進/特別是音響設備/太破了耶/303包廂就算是小音量的音樂與小聲量的麥克風都有破破的聲音/Room/303/s/audio/system/isn/t/great/The/staff/are/always/friendly/and/nice/
F	防疫期間檢查實名制跟量體溫都很確實/到包廂還會再掃一次QR/CODE
E	開洋葷/裝年輕/哈哈哈/不過來了/對於大廳佈置裝潢設計有花心思/但配置的座椅在其中則low/到了閣樓套房內/小小的/充滿/蟲蟲及潮濕濕含著臭臭的菸味/對於常混戶外的我/唉唉啊/下不為例/
E	疫情剛開放/規定不能帶外食/不能飲酒/既然依照人頭低消/已經被迫點非酒精性飲料/店家卻不提供冰塊/非常不合理/如果會有任何顧忌/就僅提供瓶裝水/非酒精飲料也請勿販售/取消人頭飲料低消/讓大家單純的喝水唱歌最好/
F	麥克風給不少/附的食物還可以/缺點是煙味很重
E	煙味不能改進一下嗎/還是那是錢櫃特色不能改/點歌系統也不夠方便/時代在進步了/加油
F	誤我年輕時光到老/該死的牛肉麵/可惡的排骨飯/現在還搞了/超好吃披薩
F	忠孝東路SOGO對面/台北旗艦店/有時會遇到明星
F	這裡很適合多人下班聚會慶生/娛樂十足/價格雖然較其他地區的高/但是時間一到晚上各式各樣的帥哥美女都會出現讓人一保眼福/比較可惜的是歌曲沒有太多現在耳熟能詳的中國歌曲/食物上大推以下/泡菜臭豆腐/美式拼盤/牛肉乾拌麵/牛肉麵/雞湯/甜點也做的不錯吃
F	/伊莉特生物科技/今天尾牙設置SOGO錢櫃/防疫SOP作的很好/音響效果粉不錯/伊莉特_內湖民權店/
F	這間煙味沒那麼重/優惠時段來算便宜/而且發現他們的牛肉乾拌麵蠻好吃的/
F	牛肉麵必點/半筋半肉嫩到不行/兩人唱歌給的包廂頗大也有廁所/點歌系統好操作/但外國歌太少有點可惜/冷氣稍強且開送風還是覺得冷
F	喝點小酒唱唱歌/下班聚會的好地方/
F	點餐速度快/歌曲多/隔音效果差了點
F	交通方便/排班的計程車也相當多/不用擔心喝完酒的交通問題/
F	環境一般般/包廂內裝潢有多處發霉損壞
E	環境設備維護的還不錯/菸味酒味有時較重/泡菜豆腐好吃/可以試試/價格略高/
E	忠孝東路四段SOGO百貨對面的錢櫃SOGO店/是所有錢櫃之中最貴的一家/從環境/音效/服務到整體/並沒有比別家錢櫃好/可能是因為地段的關係吧/錢櫃SOGO店的收費比其他家錢櫃貴了非常多/包廂內的裝潢和可以點用的餐飲/與其他家錢櫃的裝潢並無不同/也沒有特別漂亮/舒適/但包廂費用貴得驚人/建議去別家錢櫃/沒事千萬別去錢櫃SOGO店/很多間包廂的音效以及燈光都已經壞了/喇叭有破掉的/燈有打不開的和關不起來的/你們應該要整理整理了/每一家錢櫃的服務人員品質都有一定水準/錢櫃SOGO店的服務水平並沒有比其他家錢櫃好/甚至工作人員不足/比其他家錢櫃的服務還差/收費卻比其他家錢櫃都貴/SOGO錢櫃應該要檢討了/
E	點了一瓶膨大海/一直不來/結過一來來三瓶/
E	食物還不錯/但是音響設備真的很需要更新一下/
F	錢櫃除了親朋好友相聚的好地方之外/這裏的美食才是真正的王道/大部分顧客會選擇牛肉麵及水餃/但其實這裡的麻辣燙才是真正老饕的必點之選/不止令人垂涎欲滴以外/他的香麻才是最令人回味無窮的/
E	之前有訂位還等超級久/而且牛肉麵比別家都難吃/
F	周六透早都還有人來唱歌/
F	餐點再次升級/不得不佩服這家企業的進步/
E	一堆不入流的/很愛來這唱歌/
F	不知道什麼時候才能唱ktv/但希望有人可以堅持下去/西門星據點是我的青春回憶
F	餐點好吃音響好歌多燈光好/聚餐的好地方
E	煙味非常重/麥克風故障斷斷續續收音
F	在緊要關頭居然可以訂到位值得給五顆星/
F	音響還好/牛肉麵還是好吃/紅酒很難喝/
F	防疫做的蠻好的/可以的話多些人手把關會比較快/等著排隊量額溫的顧客
F	牛肉麵跟水餃之外/最近熱炒菜也是前來/吃飯/的食客可以選用之物/唱歌部分私心還是星聚點
F	跟以前一樣/不錯/牛肉麵還是好吃/
F	星期五晚上9點進入/4人小包箱/真的是台北市最貴的KTV/唱兩小時快2500最好11點進入比較划算/包廂裡有廁所很方便/但是麥克風差了點/
F	久沒唱歌了/服務態度都很好/
E	我們是星期日下午/16/00消費的/感覺/當樓層員工感覺不足/常常出來服務間與樓層櫃檯都是空的/炸雞類的東西裹粉很厚/感覺根本沒有雞/吃不到雞肉/我們浪費很多/沒吃/感覺有一些失落/廁所沒有真的清理/只是表面整理/噴很多芳香劑/很噁心/整個店除了大廳勉強光鮮亮麗以外/裡面真的需要至少大整理一下/但是歌還算多/地點方便/
F	店員好促咪/
F	燈光美/氣氛佳/音響器材都很棒/牛肉麵及水餃好吃/只是當天下午14/00進包廂後發現濕氣很重/地板/桌面都很潮濕差點滑倒/讓客人進包廂前應該檢查若有狀況應先處理好會更棒/
F	整體而言還不錯/乾淨/服務態度好/點歌設備也很ok/而且歌很新/不過直立式麥克風收音不太好/要對到正確角度/然後可能因為是大包廂/感覺特別聽不到自己的聲音/
E	旗艦店/可惜廁所設備都有點老舊了/廣東粥還是以前好吃
F	最近人好多喔/因為疫情關係需要實名/排隊登錄的人排到外面去
F	下午時段很便宜/點歌有點不方便
F	平日下午時段去唱歌/結果兩個人被升級到超大包廂/唱得很開心/環境也乾淨整潔/服務態度優良/個人認為音效比星聚點好/
F	最愛來這唱歌/了/這邊有一道菜是只有sogo限定的/
F	生意好時/電梯都要等好久
E	本身是會員/今天使用集時樂/一開始人數10位左右/後來因為人數變多詢問服務生能不能改大包廂/一開始服務生說問一下/之後進來再次詢問問我們是否確定換/而且感覺就是有包廂讓我們換/服務生不知道我們使用集時樂我們跟他說之後他說詢問一下/問回來馬上改口說沒有大一點的包廂了/如果一開始馬上說沒有我也覺得沒關係是我們自己加人/這樣前前後後讓人覺得我們使用優惠就沒辦法跟一般來唱歌的人一樣嗎/這樣大家應該都不用辦會員吧/本身之前也在錢櫃上過班/錢櫃也是唱歌的首選/不知道服務怎麼越來越差了
F	最大包廂看起來蠻美的
F	外面常有舉辦夜間擂台賽
F	歌還蠻新的/酒自備開瓶費五百
E	星期六去/4小時/低消/服務費大約一個人500元/個人覺得中文歌沒有很多/英文歌/韓文和日文歌/真的很少/4小時還是選得到自己可以唱的歌/只是不一定都是你想唱的歌/建議更新更多的歌/新的中文歌曲也沒有特別多/
F	疫情實名制/防疫做的好/
F	包廂菸味多少還是會有/不過音響和麥客風的品質好像比其他幾間好/覺得唱起來比較不費力/氣音收比較到/
F	太平洋泰山五股經營團隊推薦/房仲業壓力大抒壓好去處/一切等疫情過後/衝一波
F	交通便利/但有些大包廂音質不是很好/餐點好吃/送餐送酒服務快
E	食物很好吃/服務人員態度也很好/但是為什麼整層樓都還是煙味/發生過事故應該更嚴謹對待/太不專業了
F	因為是平日去/點菜服務速度還算可以
E	錢櫃新服務代訂生日蛋糕/和圖片落差太大了還特價/898的/不便宜/半夜找不到蛋糕的代價
E	昨天去了忠孝錢櫃/發現服務品質下降/包廂整潔度也下滑/真的有點/傻眼/進包廂已30分鐘後很久了但連水都沒有/感覺是個被遺忘的包廂/傻眼
F	營業許久內裝有些一成不變的感覺/不過仍是三五好友聚會唱歌的好去處/自己帶酒需要開瓶費/牛肉麵跟水餃仍然是最佳的美食選擇/另外炸物拼盤一定要點/
F	牛肉麵依舊好吃早上唱歌還比星聚點便宜呢/
E	208包廂煙味真的無敵無敵無敵無敵無敵無敵無敵重/根本是二手菸直送室/包廂裡沒人抽菸/回到家衣服頭髮上的味道洗兩次還是揮之不去/煙霧偵測器是否又失靈/
E	進去包廂的時候沒什麼怪味覺得不錯/但很多食物在菜單上沒有特別註明會辣/詢問服務人員也說不會辣/點了之後吃了至少三樣會辣/
E	兩次都在時間還沒到就沒歌了/兩次都有問清楚幾點結束結果都早一分鐘結束/不是空口說白話/兩次都這樣/如果會有這個情形/請說少一分鐘/食物好吃所以不給一星/忘記提醒低消沒用完
E	東西叫了半個多小時還不送來/打去催了兩三次/一直到後面講到不爽才馬上送來/我就想知道/一碗皮蛋瘦肉粥怎麼煮到半個小時的/結帳也是講了兩次才來結/到底/可以不要在我們給完評價之後服務馬上爛掉嗎/
F	讚/
F	服務到位/外國歌曲選擇偏少
F	餐點沒話說/就是精緻用心/早鳥來唱四小時很划算/
E	交通方便/環境還不錯/基本費用尚可/適合小群朋友歡聚之處/光線太暗/入廁處有台階門檻/對中老年人的安全有慮/茶飲口味差/食物尚可/可自備食品是一大優勢/基本上不需什麼服務/所以多收一成小費不太合理/
E	廁所很髒/但地理位置好
E	入口大門蠻漂亮/不過裡面就一般般/設備偏舊
F	台北最經典的KTV/儼然像一個大型夜店/24小時不打烊讓大家歡樂不停/餐點很棒也是用餐的好地方
F	平日白天團唱價非常優惠/所在處交通便利/容易抵達/包廂清潔以及櫃檯服務態度有待改善/
F	很好的消費環境/雖然部分客人素質有待加強/但服務人員都很親切/服務速度也很快/
F	隱藏料理吃完飛天/非常好吃/只有忠孝錢櫃有喔
E	10/18下午使用集時樂/301大包廂/包廂內及廁所地板濕滑/不知道是濕氣太重還是地板清潔沒拖乾/總之進包廂前注意腳步/小心滑倒/也許是集時樂高峰時段/進包廂當下要不到酒杯/過了一段時間之後就補上了/雖然是大包/但是電視螢幕只有一個
F	牛肉麵有水準/酒類超便宜/環境也好/就是去包廂前先看清楚逃生路線就對了/
F	只要人對什麼都開心/
F	整體服務不錯/但包廂煙味有點重/
F	服務優良/設備新穎/但餐點不符合預期/魯味拼盤鹹到爆/有改進空間/
F	有賣鹹酥雞和碳烤雞排/碳烤雞排好吃/只是等待的時間會稍微久一點
F	夜間客服人員好親切
E	樓上只有包廂有廁所/非常不方便/希望能在包廂外多弄幾個廁所/另外音響設備不太好/不太優/
F	層層管制/面面聚到/民眾很配合
E	雖然在中心地段/但包廂裡的煙味也太重了/根本沒辦法好好享受
F	歌曲多服務好食物好吃
F	歌曲的種類跟音響/都屬上乘/最重要的足服員還蠻親切的/隨傳隨到面帶微笑/大/門口扒車的大哥也很熱情的幫我們拍一個團體照/我們元旦成立法拍品保協會的辛勞/有個美好的回憶/
E	掉東西找不回就算了還有扒手會偷財務/沒有監視器很造成消費者的困擾/以後再也不會去/大怒/芭樂屁孩非常多而且包廂又很臭/
F	燈光美/氣氛佳/一定要跟對的人來才能high
F	可以開心唱歌的餐廳/不過年紀大了都是在吃東西跟喝酒/牛肉麵/排骨飯跟水餃好吃/
F	應該住台北的人/很少沒來過這裡唱歌的吧/一樓高機率等電梯會等很久/也很有可能會遇到朋友/除非你戴面具去唱歌/
E	什麼態度/我叫麒麟/bar/不行/問個可不可以換中包/在那邊的態度差/說會排就會排/當我們塑膠/
E	訂9點半結果10點45才有包廂/到底訂位的意義是/
F	如果臨時要來的話/他們一般都沒有位子/可是早訂位的話/就有位子了/歌單沒有更新到最新的/可是也蠻多了
F	音效好/東西好吃
E	第一間冷氣一直跳掉/第二間正常/可能時間久了/設備比較老舊
F	歡聚的好地方呦/
F	有酒/有美食/有故事/又有愛恨情仇的地方/
E	包廂菸味重/設備有種老舊感/唱完歌即使沒有人抽煙/衣服上依然有菸味/
E	此館是我最愛來的地方/服務很好消費公道/可惜包廂內的香煙味太重/據了解是他們無法阻止客人在包廂內抽煙/那些目無法紀在包廂內抽煙的人實在太可惡了
F	除了貴其他沒什麼問題
F	花雕雞麵很好吃
E	沒有自助吧/這點其實還好/一進包廂滿滿菸臭味/包廂服務生態度非常差/對我們翻白眼/結束唱歌走去電梯時/服務生罵我們高中生一下課就來唱歌/我們是畢業慶祝/他們不知道我們的身份沒關係/但是對待客人怎麼可以用這種態度/這次的體驗/讓我不會再去錢櫃了
F	10月2日消費/晚11點臨櫃買單/在無任何告知的情況下多買半小時包房費/後發現消費異常才致電客服/店家答應退款/
E	非常無言/投文書工作職缺/正式面試才問是不是來應徵外場人員/完全浪費時間/給其他人參考/接到電話請再三確認
F	每間有洗手間/方便/
F	還算是不錯的MTV/麥克風音質很好/廁所小了一點/那天我們是定了8人坐廂/可是來了9人所以顯得有點小/餐點還好吃/飲料竟然有養生茶/真特別/消費合理/
E	包廂內潮濕的黴味有點明顯/相較之下還是喜歡去星聚點/地點很好/方便/服務電話接通速度快/音量也可以
F	環境比預想的好/滷味好吃/中午去唱算人頭加完/價錢也還算可以
F	東西好吃/包廂沒有煙味/大推/
F	平日下午去/價位還算蠻便宜的/去之前有看過評論說會有煙味異味/進到包廂後沒想像中嚴重/歌曲種類眾多/雖然外觀看似稍顯老舊/但是內裏還蠻不錯的/食物味道普普通通/原本唱三小還多送了一小/還算蠻不錯的/
E	星期六晚上跟朋友兩人唱四小時花了4400/嗯/想吃個水餃代價還真大/
F	以這麼多年在K歌界的努力貢獻和參與/我基本上可以入股了/除了煙味之外/服務和餐點都是日漸進步/平日價格便宜/適合練歌/大流感季節就不推薦了/
E	覺得以前的錢櫃的工作人員有熱情跟活力/現在完全感受不到像是去殯儀館冷冷冰冰
E	價格是所有KTV最貴的/唱到一半還有會服務生突然進來/也沒有按服務鈴/服務生就開門進來/覺得被打擾/價格又這麼貴/要唱歌可以選錢櫃但不要sogo店/唱三個小時一個人就快2000/
F	這次用餐經驗/大概是我來錢櫃的經驗中/最失落的一次/炸物炸的好乾啊/水餃意外的好吃/豬腳外皮很酥脆/沒吃過的人可以嚐試看看/近幾年發現來錢櫃主要是吃飯/唱歌變成順便了/哈哈哈
E	地點很好餐點不錯但很久沒有出新菜色/我很難理解為何裝潢好陳舊從上海錢櫃回來台北錢櫃/晃如搭上時光機倒退N年/全棟建物有一股說不出的怪味道/這家生意很好/真心建議老闆應該要花錢大改造整修一下/
F	牛肉麵必點/日文歌不多/想唱新一點的歌曲可能會失望/
E	說不出的怪味道/唱到一半進來要收錢/可能時間到了給你多唱一兩首是優點吧
F	國泰跟電話預約服務蠻好的/只是服務生有些還好/問說有甚麼酒杯可以選的時候他有點無奈/餐點好吃/環境乾淨舒服/
F	當天到現場/大廳動線蠻混亂的/環境/餐點/設備都很不錯
E	煙味實在太重/是我去過所有錢櫃中最扯的/能否請店家多多取締抽煙的顧客/
F	乾淨的環境/快速的服務/就是膾炙人口的經典好歌少了點/整體算不錯的好地方/
F	最大總統級包廂/還有專人服務/果然很/
F	SOGO旗艦店/現在進入裡面會講基本的消防之外/進入包廂還會有一些小叮嚀/覺得有貼心到/下次會再來消費/
F	還不錯/服務人員很親切/寵物也可一起去/但要小心不要破壞桌椅/要賠錢
E	包廂偏舊偏小/殘留煙味還挺重
E	週年慶的人爆多
F	小小一間/無自助吧點個炸物拼盤/週日下午四個人唱4/5h/一人五百塊
E	今天去的這間包廂/大包廂/雖然知道KTV菸味重/很正常/有請服務人員噴芳香劑/唱了3小時/還沒處理/有点誇張/
E	預約5個人去唱/包廂很小很舊/廁所不衛生/地上有積水/服務生態度也很差/要一個杯子提醒了3次才給/重點唱到一半有醉漢踹開我們的包廂門鬧事/打電話通知服務台/只回應/我們知道/然後就再也沒處理/最後是醉漢自己離開/可怕的環境和服務品質/奉勸想去歡唱的人三思/
E	實在是因為晚了沒甚麼選擇才進來這間店/基本上包廂味道很重/也很自助式的讓人進來/可是進包廂的時候竟然沒有服務生給個水什麼的/這是我第一次唱KTV遇到這件事/還是錢櫃都是這樣我不知道/加分的原因可能就是過了十二點警察會一直在外面守候/
F	牛肉麵還是一樣好吃
F	下班休息娛樂的地方XD
E	太扯了/跟店員說想趕三點以前團唱優惠/店員說人要到/好我也遵守/人也趕到了/非常趕/好不容易到了/跟我說目前沒包廂/一開始為何不直接跟我說/就不用讓我趕了不是嗎/還說你們要先訂位啊/一開始打電話不是很明顯我們就是沒訂位嗎/沒位置是不是可以先告知/讓我們趕/趕到了才說那種話/態度可以再差一點/
F	Sogo錢櫃必備套餐/牛肉乾拌麵/雞湯/
F	平日早餐時段去很便宜/但有些新歌沒有/披薩及牛肉麵好吃/滷味太鹹/彭大海太甜
E	靠角落的包廂霉味很重/隔音也差/且上週消費時兩支麥克風跟遙控器都電力不足/
F	人多到炸/還以為是來圍事的XD
F	歌單很新/包廂沒有異味/牛肉麵蠻好吃的/房間內的服務鈴按了好幾次都沒人來/直接打電話才有人來/門口小姐會一直推銷會員卡/常來的話就辦一張蠻划算的/
F	雖然已經是老店/但是整體維護仍然夠水準/交通又方便/地點是最棒的特點了/
E	整體服務都還可以/只是煙味太重/店家應有更快速清理的方式吧/
F	24hr營業很適合夜店結束後續攤/但是抱歉/麻辣燙可以放鴨血嗎
F	與40多年前大學社團好友一起歡唱k歌/今天包廂音響控制出狀況/開唱沒多久發現後/通知改到其他樓層的包廂歡唱/
E	訂位21/00到現場說要21/30/櫃檯態度還很差
E	從大廳到包廂/全都好濃好濃的裝潢三手煙味/我回家後/連內褲中央都滿滿臭煙味/天啊/我沒在那裡脫褲子啊啊啊/
F	平日下午四點前去有優惠方案/讚/還滿大間的
E	來之前已經訂位8/45/沒想到到現場之後沒有包廂/還需要等/原本告知等到9點/沒想到9點還是沒有包廂/去櫃檯詢問發現原來客人9點才買單/於是繼續等/等到9/20時詢問/竟然說客人買到9/39/完全沒有告知/詢問不是說買到9點/卻跳針一直重複是包廂第一順位/咦/那請問我定位是來當第一順位的/來錢櫃消費不是第一次/其他間從來沒有這麼差以及櫃檯人員面不改色說謊的體驗
E	菸味重到爆/跟在毒氣室裡面唱歌沒兩樣/每次我去唱歌的朋友裡面都有菸友但他們都會去外面吸菸/在包廂裡吸菸的人真的非常沒有道德/錢櫃這邊放任的態度更是變相鼓勵大家在包廂裡吸菸/這樣公然違法的行為錢櫃居然長期都毫無作為令人相當失望/如果怕得罪客人/那乾脆直接分吸菸樓層跟不吸菸樓層/讓真的只想好好唱歌的人可以好好的唱歌
F	超常來唱/品質超好
F	包廂有點老舊/夜晚人員出入比較混雜/
F	牛肉麵水準一流/跟外面一些牛肉麵專賣店有得比/雖然因為包廂冷氣很強所以冷得快就不太好吃了
E	菸味重/廁所髒/環境不整潔/音響設備也老舊/服務人員態度好/東西算好吃/
F	人非常多的一家錢櫃/要記得提前幾天定包廂/服務品質不錯/但畢竟開業滿久了/設備不是非常新/如果廁所再乾淨一點會更好
E	包廂沒依人數給/明明訂15位/卻給12位的/最後我們人數多到20位/根本沒辦法坐/訂位時也沒特別告知要看現場實際狀況/人數多到在包廂內只能站著蹲著/服務人員態度也很差
F	以我在那的經驗是/牛肉麵水準是臺灣錢櫃之首/入口咸辣鮮香/面體彈牙/可惜麥克風有時有干擾問題/
E	霉味真的太重了/包廂裝潢感覺蠻舊的/牆紙也因為潮濕都發霉翹起來
F	麥克風音質還不錯/餐點也都很好吃/尤其每次必點牛肉麵跟水餃/只可惜價格真的錢/貴/
F	比起林森店應該是房間很多/完全不用等/一到就有房間/全家歡唱四個小時/地點也很方便/捷運忠孝復興站2號出口/過復興南路馬路/走沒幾步就到/讚/
F	剛剛打過去服務太棒了/超級禮貌3/10/下午5點57的通話人員讚讚讚
F	捷運忠孝復興站三號出口/地點超方便的/很適合台北桃園的朋友約唱/雖然沒有歡樂吧/不過低消也差不多可以微飽/捷運附近有很多餐飲名店/大家可以歡唱後在好好逛逛吃吃/
E	吃/喝/唱都方便/停車不方便又貴/
F	場地很乾淨/不管來幾次還是很喜歡
F	週末不喝酒/人生路白走/一隻穿雲箭/各位酒鬼來相見
F	燈光美氣氛佳
E	平日晚間超貴
F	一如既往地人潮多/但音響與服務仍是ktv裡最好的/只是希望如果無法禁煙/那麼就要處理一下空調/空調煙味實在太濃了/
F	位置頗方便的錢櫃/設備還算不差/只是包廂還是會有點煙味
E	服務人員態度都不是很友善/唱到一半自動卡歌/有一位結帳臉超臭/應該是生意太好/老闆應該檢試一下/不推/可憐的是台灣又沒有其他太多選擇/
F	服務不用說/就是好/沒拖歌/進包廂如果只顧吃/記得多加件外套
F	服務好/送餐快/唯一遺憾是竟然沒有AKB48的歌
E	舒適的KTV/但價位太高了
E	來吃飯的
F	餐點好好吃/服務很好/唱得很盡興
E	杯子都沒洗乾淨黏黏的超噁/冰塊都是生水的味道/啤酒居然還是上常溫的
E	煙味很重/服務人員幫我們換了一間/過了一陣子又瀰漫煙味/服務人員堅持附近都沒有抽煙/調低溫度後改善/但是超級冷/食物非常貴/有要求抵銷一人69/點不了什麼/感覺cp值不高也不太舒適/但整潔稍微比星聚點好
F	地點方便/很好集合/大廳也夠大/只是包廂的陳年菸味/要有心理準備/
F	唱歌/慶生吃東西的好地方
F	歡唱vip有優惠/有停車場/離捷運站也近/交通便利/服務不錯/只是包廂外煙味稍重/
F	若使用會員各種優惠價位還算不錯/英文歌單似乎刪到只剩幾頁/當然要買合法版權對錢櫃一定是不划算/但在中國唱盜版西洋當紅MTV版好有Fu啊/最後結帳時要注意/感覺若付錢的人要是喝ㄎㄧㄤ了/費用就會被多算/我差一點被多算了2千多/They/took/at/least/50/of/the/English/songs/off/who/knows/when/Also/be/very/careful/when/paying/seems/like/they/ll/rip/drunk/guests/off/which/is/most/likely/They/almost/over/charged/me/2000/Other/then/like/everything/else/is/pretty/awesome
E	被坑/感覺很差/也很莫名/員工訓練請做好可以嗎
E	沒有沙鈴跟搖鈴/一個四人包廂只有二隻麥克風/還是經過提醒後才記得送樂器/倒是收錢收的飛快
E	現代都市娛樂文化不可缺的地點/聚餐/同學會/續攤/意由味盡的前往/一樓大廳待房號/電梯間的等待/這就是台北枯燥夜生活
F	服務好/排骨便當好好吃/
F	餐點好吃/音響不錯/氣氛夠嗨
F	台北人唱歌好去處
F	服務生態度還可以但空間很棒
F	包廂很新
F	還不錯/有專屬停車場/
F	喝有點高
E	很多歌都沒有
E	只會催促你趕快進包廂消費/說後面有人在等/進包廂之後沒有什麼服務/連顆喉糖都要按服務鈴要/
E	包箱沒廁所/有次星期日晚上接近凌晨/老婆喝酒吵要唱歌/結果2個人以包箱計費而沒有讓我們算人頭/三小時要2000多/
E	設備有點舊了/不推/但地點還是個朋友之間的最大公約數
E	台北市忠孝錢櫃一直是台北市人想唱歌的首選/早期忠孝錢櫃客滿/就轉去松江店/實在都沒房才會去林森店/忠孝錢櫃不只是酒客/一般上班族也很愛/重點是以KTV來說台灣錢櫃算是第一品牌吧/台北市錢櫃除了提供上述3點還有西門/三重/忠孝店一直是整個台北市第一門市/錢櫃會是喜愛去的重點是歌新/東西也好吃/服務也算不算/只是消費算是中高/提供給大家看看/
E	禮拜六/只能唱四小/前半小時就開始趕客人
F	尾牙後的歡唱/水餃/膨大海/還是老味道/第一次深夜遇到警察臨檢/為了安全/暫停歡唱/應該是值得啦/東區/東區/東區
E	預約好了到現場卻被告知還要再等一個小時/雖然是老字號/地點也方便但每次都人滿為患且等待區位子很少/
E	服務人員進來都不關門的/服務禮貌差/一口價也硬是以入包廂時間起算/那一樓櫃台放假的嗎/
F	1/東西滿好吃的2/送飲料/酒/速度滿快3/上菜速度沒有那麼快5/人多的時候電梯要等很久
F	吃熱炒順便唱歌
F	平日早上超便宜的/覺得可以再來安排/哈哈
E	現在沒有點歌簿/而且app很難用/歌也很少/很多歌都找不到/還是喜歡翻點歌簿的感覺
F	歡樂好地方
E	跟其他錢櫃一樣/錢很貴/吃的超少/前後幾次明明付一樣錢/大包廂或小包廂/兩隻麥或三隻麥卻看他們高興亂給/唱過三家台北的分店都差不多爛跟浪費錢/一定要改去星據點/兩者簡直天堂地獄/錢貴品質價錢都輸太多了
F	提前預約可以比較快入場/包廂內菸味跟別的KTV一樣都很重/
F	消費過程整體體驗不錯/只有在點餐上菜的時候/可能太忙所以送錯酒/還好消費帳單沒有記錯/
E	音響有點怪怪的/但也沒太影響我們唱歌的了趣/重點/這裡3點前進場歡唱費也太便宜
E	很久沒來錢櫃/食物口味還是不錯/但是歌單就差多了/選項沒幾首歌/尤其是新歌/更少
E	牛肉麵/水餃/經典
F	交通方便/歌曲多元/餐點也是美味/推薦牛肉麵/好好吃啊/拼盤也是棒棒/啊/歡唱開心/
E	包廂煙味很重/門口有貼禁菸標示/但店員似乎都不會告誡在包廂抽煙的顧客
F	假日晚上很熱鬧/辣妹多/8/9也很多/常常可以看到打架/門口常有警察待命
F	還行啦/
E	每次來錢櫃都點牛肉麵或水餃/實在好膩/於是想說這次來點個味噌叉燒拉麵試試/不試還好/一試下去簡直差點沒吐出來/什麼叉燒/根本是滿滿的肥肉/筍絲還鹹到一個爆炸/湯頭一點都不日式/台到一個完美啊/應該改叫做台式肥肉鹹湯麵/
F	平日超便宜/晚上6點以前3/1小時399後來加時間只要100包廂費/最多加2小時
E	滷味拼盤尚可/服務員很棒
E	服務不錯/通道讓人有安全顧慮之疑/
E	唱四個小時都在吸前一組人留下的包廂煙味/整個很不舒服/然後收費還超高/下次不來了
E	錢櫃集團真的要多花點心思在硬體設備與安檢落實上/不要再只做表面功夫而已
F	交通便利訂位服務尚佳/因為是熱門地點如想要消費需要儘早訂位安排/
F	從新裝潢後更便利了/有USB可以用還有霓虹燈喔/菜色都很好吃
F	大火後/消防安全維護的很好/當天還遇到他們員工在演習/超讚
E	熟客都不用訂位排隊直接入包廂/在大門外的人員直接拿房間給客人不公平/
F	服務親切/環境乾淨/無煙味/歌曲選擇性較多樣且流行/
E	鹿晗的歌太少了/只有十首/只能一直重複/希望增加/南部都有30幾首/北部只有十首/加油/
F	其他店有火災後這家店人變少很多/品質也較好
F	雖然包廂較其他稍貴/但地點音響空間都是最喜歡的
F	服務員態度好/點餐按服務鈴都很快回應/歌ㄧ直都很新/水餃及綜合炸盤好吃/
F	餐點好吃/尤其是水餃/包廂環境算乾淨/煙味不會非常重
F	東西都還不錯/落地式麥克風接觸不良/送餐有時不收空盤/需特別要求/
F	服務態度可以再更加強一點/包廂隔音的效果不是很好/
F	煙味有點太濃/服務很好
E	煙味酒味好重/這點星聚點比較好/而且電梯門一開還看到服務生在抽煙/
F	設備老舊/但歌唱系統還算ok/用手機App點歌系統蠻有趣也很省時/食物還算可以/
F	服務品質好/少一顆星是因為老闆
F	服務生態度和服務都很優良/餐點好吃/可櫃檯人員服務態度有待加強而且臉臭/
F	出入方便/樓層夠多/重要的是喝掛還有輪椅可以使用/真的貼心/
F	感覺服務很好/捷運出站後很快可走到/可能我年紀大了/以前唱的老歌現在找不到了
F	在這裡唱歌很舒服/員工還不錯/不要一直進來打擾就好
E	服務不錯/但烏龍茶比較淡/音效中上
E	沒有自助吧有點可惜/但是是個適合歡唱的地點/周邊交通方便
E	週五晚上開始很難訂位/要提早訂位/不然會等很久/假日人超多
E	服務生態度非常糟糕/要去消費請三思/
E	服務超級差
F	氣氛歡樂/音響設備好/餐點好吃/服務也不錯
F	後面有停車場唱歌可抵免/空間大服務不錯/音響設備普通/開車族唱歌的好選擇
E	水餃好吃/吃的很貴/煙味重/個人覺得台北KTV還是星據點最讚
F	好久沒開趴歡唱/夜夜笙歌的日子暫時不再/以後會再回味/還有中壢的大閘蟹餐廳/老友喝嗨唱唱跳跳/
F	環境很整潔/食物調味沒毛病/員工親切/空間寬敞/但麥克風音質很普通/無線麥克風感應奇怪
F	價錢便宜/餐點超好吃/可盡情唱歌/休閒的好所在/
F	服務生熱心/包廂都蠻乾淨的
F	我覺得錢櫃根本就是餐廳/餐點都很好吃/音響設備挺不錯/而且可以免費停車
F	很不錯/大廳妹仔很多/但我還是最愛我老婆
E	地點交通方便/不過整棟建築物及內裝已老舊
F	都是帥哥美女來唱歌/偶爾/長長/會有大明星來/不期而遇/
F	朋友很喜歡點這裡的排骨飯套餐/壽星當月消費/還送生日餐點/
F	水餃跟牛肉麵好吃/音響設備優良/往地下一樓包廂的樓梯格局設計奇特/上上下下的/
F	燈光美氣氛佳/最重要的是身邊的伴
F	上禮拜去/平日下午包廂四小時才499超級便宜
E	跟以前真的差很多/服務已經越來越不好/
E	越來越差/設備老舊/歌單老舊/房間髒亂
E	樓上樓層沒有廁所/包廂內如果有人使用就要跑去一樓上
F	11樓201大包廂讚/寬敞音響好/只可惜外文歌曲過少/不夠盡興
F	包廂很小
F	不錯/歌唱出來/音響品質讓人感覺像是很會唱歌似的
F	吃飽喝滿唱爽吼足/姐妹們開心聚會的好地方/今晚沒預約就能訂到包箱Lucky
F	疫情期間/入場需戴口罩/並採實名制/
F	還不錯/附近夜生活很多選擇/
F	場地/軟硬體設備/飲食均佳/交通方便/也有附設室內停車場/是親友同樂的優良選擇/
E	連假唱歌一個人花到九百多/有點傻眼
E	服務態度OK/包廂煙味很重/歌曲有限
F	服務還不錯
E	環境乾淨/人員親切/歌單不夠完整
E	裝潢有些老舊了/畢竟是老店/不過還是唱的很開心/
F	包廂內有廁所/比敦南好/但包廂比較小一點
E	房間裡總是有煙味/非常不喜歡/什麼衣服都會沾上煙味回來都必須處理
E	第一次去就看到女生喝醉鬧事/警察覺得煩
F	下午唱歌/人潮少/唱得過癮
E	服務很好/不過硬體開始舊了/包廂的味道很重/總有一股煙味
F	服務生態度有待加強/但音響設備真的很不錯/燈光會音樂自動調變/
F	最令人滿意的一點/沒有煙味/就這點值得五顆星
F	錢櫃本身維護不錯/如果在酒的費用嚐試不同的消費思考/或者營收會提高/大家消費額會更提高/
F	位於忠孝復興捷運站附近/交通便捷的地點/很適合朋友相約唱歌/錢櫃設備/服務皆有口碑/
E	煙味好重/麥克風套跟水一開使也都忘記給我們
F	錢櫃是我車停在那裡/車停好後/用走到對面SOGO百貨地下一樓跟客戶用餐談生意
E	各年級的練歌場/24小時不打烊/尤其深夜是年輕人的最愛/
E	平日包廂便宜/但殘留菸味很重/唱完全身都是菸味
F	環境舒適/但是空氣中還是有去不掉的煙味/需要一點時間適應/
E	屁孩與滋事者的集散地/單純喝酒唱歌回家洗洗睡/很難嗎/
E	整體服務還行/就是有點煙味
F	非常適合一家大小來這裡高歌一曲/大廳裝潢非常棒/
F	晚餐後的好地點/交通便利/但時常需候位/來之前建議先訂位
E	沒管制/可任意穿走包廂/點歌機只有一部
E	不錯/但有煙味
E	老舊的裝修/cp質實在不高/沒甚麼競爭對手/才能活這麼久
F	娛樂業界數一數二的龍頭/餐點又變得更多元化/音質效果真的一分錢一分貨
E	你家炸物吃到後面滿口焦味和我說是花椰菜/飲用水有漂白水味
E	難得出來唱歌/唱歌兩個人唱花了兩千/都不知道現在唱歌好像變貴了
F	設備不錯/品質很好/我好愛唱歌
E	地點好/設備好/餐點也不錯/服務可再加強
F	服務生超級體貼/餐點也很有特色/除了價位以外無懈可擊
F	上下樓都要搭電梯/而且電梯只有兩部/
F	聽說好像是台北市唯一消防合格的錢櫃/不知道是不是真的
F	裝潢不好/可是服務生效率很高
E	唱起來麥克風的感應不太靈敏/而且時間到了無法續唱/
F	永遠的好朋友/永遠最適合喝酒吃飯發洩的場所/有廁所好方便
F	姊妹淘相聚吃吃唱唱的好地方/平日來唱歌/超級划算/
F	舒壓的好地方/而且這間店發生社會案件的機率也較小/門口就是捷運站交通方便/
E	地點很好/但是地板超髒/需要強加清掃人員
F	預定包廂/入場時間很準時不用等/
F	沒什麼煙味/很久沒有呼吸到這麼好的空氣了/音效也好/
F	冷氣很冷外/菸味依然有之外/請他還不錯
F	牛肉麵瘦肉粥吃飽吃滿/歡唱元氣滿滿/
E	包廂噴了大量的芳香劑/加上散不去的煙味非常可怕/
F	牛肉麵好吃/但好像越來越貴了/
F	食物整體點起來有點貴/但歌曲種類多/適合優惠時段來
F	春酒辦這裡/讚讚/沒啥煙味/音響設備都棒棒
F	跟好友同事聚會的好地方/在這裡一面用餐一面歌唱/真是愜意/
E	酥炸豆腐170份量足/蔬菜麵110味道不錯/服務態度不錯/但設備稍嫌老舊/
E	人太多/太雜/包廂不乾淨
F	App壞很久了/是不是該修一下/
F	吃好/唱好/喝到飽/
F	餐點美味
E	跟朋友同事家人小聚的好選擇/但感覺已經老舊了/可以再整理好一點/
F	出入人員簡單/防疫落實執行/設備略顯老舊/
E	裝潢很髒很舊/消費很高cp值超低
F	禮拜天唱超級便宜呀/續唱一個小時才50/
E	站著唱4小/沒板凳/要我們做地上/
F	地點很棒/晚一點回家門口還有滿滿的計程車
E	地方真的該裝修一下了/地板黏黏的/沙發椅也破了/也不知道有沒有清潔/
F	價格較高/但新歌都有/適合大團朋友
F	包廂還可以/麥克風4支能讓大家/盡情歌唱
E	假日人太多/預約來店還要等一個小時/オ有包箱
F	CP值算高但包廂很容易有煙味
F	東西很好吃/不過新歌很少/尤其是有版權的歌曲/
E	真的是錢貴/環境也很普通/餐點等超級久
F	音效好/東西非常好吃/人頭計費時段很便宜/
F	/捷運忠孝復興站3號出口/交通方便/唱歌的好地方/
E	量體溫及登記身分證動線差服務差
F	辣子雞丁/泡菜煎餅/泡菜豆腐/超級好吃/隱藏版美食/
F	包廂太髒了/但整體還算尚可
F	24小時歡唱/年輕人的好去處
F	好久沒來了/很棒的聚會歡樂場所/
F	一到週末就會爆滿/很多人要訂位
F	入場實名制/記得帶手機
F	設備齊全/餐點口味佳/但越來越貴/
F	年輕人唱歌喝酒的地方/消費不算便宜
F	服務好/氣氛佳/餐飲讚/會忘了唱歌
E	交通便利/可惜包廂內空氣循環不好/霉味較重/
F	廁所環境乾淨/服務人員還滿迅速的/
F	音響佳/又没煙味/好/
F	喜歡這裡的服務與環境/音效好/餐點好吃
E	總統包廂有點貴/空間沒有西門錢櫃/或林森錢櫃的空間大/不是很優
F	人生美好的回憶/東西都超好吃哦/服務好
F	好吃好玩又好唱/可以喝酒玩樂/24小時不打洋/
E	交通方便/有捷運文湖線和/藍線的板南線/在忠孝復興站下車就到/
E	乾淨程度還可以
E	經過而已/
F	唱歌停車就免費/記得要給泊車小費/
F	服務生再多一點笑容會更好/不過服務很好/
E	只可惜假日的價錢很貴
E	環境不ok啊/還好牛肉麵好吃/
F	同學或是同事唱歌的好地方/炸物不錯吃
F	聚會唱歌的好地方/沒什麼好嫌的
F	總是生意很好/建議一定要定位/不然有得等的
F	東西好吃/但包廂的味道有點不舒服/
F	常有妹妹半夜喝醉了打架/有次還看到連奶罩都拉掉了
F	地點位於交通便利的捷運忠孝復興站旁/館內服務員態度親切/
F	超好唱/東西超好吃
F	台北指標性的ok店/很難訂位
F	假日利用六點前進場/比較優惠/四點前更棒/
F	雖然價格偏高/但是環境不錯/錢也不是我出/
F	抒發壓力的好地方/大包廂比較舒服
F	音響效果好/水餃/滷味好吃/歌曲很多選擇/
F	環境舒適/服務人員態度良好
F	唱歌系統裡的評分系統似乎比其他店容易高
E	煙味實在是太重
F	又來吃牛肉麵/喝啤酒/唱通宵/爽呀/
F	每次來唱歌的好所在/
F	牛肉麵好吃/但這家真的比較貴
E	燈光不能按照亮度微調是很不親民的設計
F	服務員態度非常好/餐點也不錯吃
F	離捷運站進/不過包廂卻有三手菸味道/
E	還可以
E	很多歌都點不太到/
F	錢櫃KTV點歌唱歌真的很好點歌也有飲料喝
E	熱門地區/煙味頗重的/半夜很多計程車接送
F	點歌界面清楚/食物都不雷
E	交通方便/餐點多樣化/但設備有些老舊了/
E	我在這邊上個禮拜/被警察開1張罰單
F	平日早上來唱歌/超級無敵划算/
E	朋友聚會好去處/
F	離峰時間消費/實在非常划算
F	服務好/點餐食物依舊保持水準
F	屹立不搖的錢櫃忠孝復興店/依然是年輕人續攤的最愛之一/
E	菸味超重/隔音差/
E	設備已經輸給星聚點/不新穎了/但服務還是挺週到的/
F	優惠很多的一間錢櫃/給推
F	這裡居然有可以容納30人的包廂
F	唱歌/跳舞/包場/樣樣來/不錯哦/
E	設備老舊/價格偏高/如果可以/盡量選松江店或是林森/
E	只有一個USB/孔/
F	只是唱歌喝酒/沒意見
F	唱歌舒壓好地方/水餃牛肉麵首選
E	超臭/說不能吸煙/結果一進包廂/煙味超重
F	合菜類蠻好吃的/最近流行的大陸歌點不到
F	歌很新/環境氣氛都很好
F	錢櫃最好的一間/熱炒好吃/環境乾淨/設備新/裝潢舒服/交通便利
F	總統包廂拿來辦尾牙抽獎也是不錯的
E	包廂有奇怪的味道/還有很多蚊子/
F	裝潢有陳舊感/來賓帥哥美女多
F	離家最近的KTV/地點好/但隔壁的子彈可能會穿牆射過來/
E	菜色OK/但個人覺得廁所不足/
F	小包廂內沒有廁所/有點不方便
F	休閒好去處/但是臨檢比較多
E	費用較高/歌單或設備僅一般水準
F	音效佳/食物好吃/推薦水餃跟炸雞翅
F	生意永遠很好/都要事先定/年輕人的聚會場所
F	聚會的好場所/可惜餐標太高貴
E	實在是舊了/包廂的消毒藥水味很重/
E	天下武鬥擂台
F	浪費人生的好去處/與朋友當廢物軟爛人/嗨起來
F	比西門錢櫃好一點/但沒錢的話可以去星聚點
F	早場超便宜的/可以多去唱唱歌/
E	價錢亂算/服務態度差
F	音響還OK/服務也算快
F	服務態度佳/包廂空間大
F	交通便利/適合朋友同學聚會的好地方
F	聚餐唱歌舒壓的好地方
F	一樓大包廂空間適合聚會活動/
F	讚/場地/服務人員都很讚
E	音響設備老舊/衛生應該可以再加強
E	主管/待加強/松江比較好
E	太久沒裝潢了/煙味都已經永遠都去不掉了/
F	喜愛錢櫃的餐點呦/順便唱個歌
F	全台北市最容易遇到明星的錢櫃/服務也相當不錯
F	下班後/放鬆的好地方/位於鬧區/正妹多/
F	數十年未改過裝潢也是一種懷舊
F	很乾淨沒煙味
F	服務好
F	交通方便/但價格就是貴/很貴/
E	包箱煙味太重/有帶小孩去要注意
F	唱歌一定要來這
E	唱歌音響不錯我能跟音響唱到比較高音
F	休閒好去處
F	服務好的沒話說/餐飲也好吃
F	大都會載客可惜喝酒不開車開車不喝酒
F	服務很好/東西好吃
F	空氣清淨做的非常好/無菸味
F	音響不錯/裝潢有點老舊
F	品質還不錯/燈光稍微陽春一點
F	阿就唱歌地方/跟什麼人來才是重點
F	包廂有廁所/不用跑到外面
E	平價歌唱好地方/牛肉麵好吃
F	舊了點設備/但其他都還不錯
F	都看別人來/我沒來過
F	煙味有點重但服務態度好
E	空氣不好是因煙味很重
F	包廂很大音響不錯/很適合聚會
F	沒有我想唱的歌/反而推薦永和的星光大道
E	除了地點方便/CP值實在不高
E	包箱有煙味/有噴除臭劑但不太夠
F	聚會好地方
F	一個人也可以歡唱/棒
E	價格不貴/但是設備老舊/服務不是很好的感覺/
E	環境設備不差/但仍有抽煙的味道
E	松江店好多了/服務有夠爛/
F	消費便宜/停車方便
F	整體非常不錯
E	沒有自助吧的服務/都要單點菜色
E	很貴/還有點霉味
F	燈光依照不同歌曲風格自動變換蠻好的
F	生日慶生唱歌聚會的好選擇
F	位於市中心的中心/相約團唱再方便不過了/
F	歌單豐富/交通十分方便
F	服務人員很NICE/需要的物品/很快送達/
F	雖舊/仍是台灣最佳KTV/
F	優秀的音響設施/親切熱心的服務人員/
F	環境好/燈光美/氣氛佳
E	某幾個服務生臉很臭
F	牛肉麵真的夠水準/
E	包廂老舊消費又比同業貴
F	氣氛好/服務態度不錯/設備新
F	目前去過環境最佳的一間
F	交通方便/時尚潮流/音樂流行/叫車方便
F	服務人員態度良好/環境衛生不錯
E	歡唱搖擺好聚點/但裝磺有點舊
F	內裝很棒/餐點也很好吃
F	有些時候有點煙味
F	乾淨/價位合理/服務人員親切/
F	唱歌好所在/不過感覺開始舊了
E	音響設備明顯老舊/該汰換了/
F	交通很方便/就在忠孝復興出口隔壁
F	台北偏貴的錢櫃/服務跟設備都還不錯/
E	我只是來面試的/面試完感覺很差
F	朋友相聚歡場的好地方/要提前預約
F	平日早上團唱好去處
E	包廂內菸味很重
F	這個不用說/台北晚上朋友不小心會遇到的地方
F	價格高/但是牛肉麵以及水餃好吃
F	喜歡唱新歌必來/但中國歌曲少
F	設備跟環境還不錯/維持錢櫃水平
F	台北夜生活的終點/一個禮拜的開始與結束都是在這
F	深夜不要在門口逗留/常常有人在店門口彎家/
E	菜不錯/但整體有些老舊了
F	裡面有個味道
F	食物好吃/歡唱聚會超開心
E	裝潢有點老舊了/異味重/遺憾
E	可以的話選擇別家唱吧
F	好友重逢/開懷歡唱
F	假日人超多/建議訂位
F	聚餐歡唱拼酒的好地方/
F	包箱都有獨立廁所/歡唱好去處/
F	晚上1700以後有熱炒/超棒
F	在台北有停車場就足夠給星了
F	價格合理/服務很好
F	服務很好/裝潢有點復古
F	吃的不錯但小貴
F	服務好很尊/貴呀
E	隔音很差/但服務還不錯
E	歡唱好地方/有2條捷運到達/
F	唱歌就是要來這呀/不然要去哪裡
F	包廂的位子有點讓人意外/哈哈
E	空調壞掉怎麼調都還是超冷/
F	還不錯/週末太多人
F	適合大人歡聚唱歌好所在
F	服務生服務態度很好很積極
F	下班後/放假前/放鬆身心的好地方
F	環境好/設備不錯/交通方便
F	空間大/服務好/看有沒有辦法接受價格就是
F	晚上常客滿需要等上一段時間
F	大台北地區夜生活熱門景點之一/
F	錢櫃就是好啊/這間又是妹最多的/不推說的過去嗎/
E	一般的KTV/包廂有一點點菸味
F	設備不錯的KTV/值得一來再來
F	好唱好吃環境優的地方
F	服務人員態度良好
F	還行/但包箱味挺重的
F	設備不錯/環境可再更好
E	有點舊/包廂霉味異味很重/
F	有點煙味/其他還不錯
F	小菜好吃/服務態度不錯
F	歡唱好據點/好吃的美食/
F	服務生貼心服務/很親切
F	設備越來越好了/pizza不好吃
F	服務好
F	東西好吃到爆/酒也便宜
E	包廂有點舊/802觸控怪怪的
E	停車場晚上的員工請好好再教育/
F	跟好友約好來這唱歌/
E	服務很好但是貴到靠北
F	服務好餐點好吃
F	在鬧區交通方便/假日一定記得要訂位
F	包廂整潔環境舒適/音響很棒
F	確認有公主號可供搭乘/
F	生意非常好/要事先預定哦
F	酒足飯飽
F	每間錢櫃都有好多回憶/
F	佛手無敵呀/老司機專屬美食
E	人潮眾多/訂位未能準時入場
F	台北熱鬧唱歌約會的地方/而且天天客滿/
F	包廂音效還是SOGO店比較好/
F	非常適合跟朋友聚會的地方
F	空間設計舒適/服務尚可
F	比西門店親切多了
F	交通便利/跟朋友聚會的好地方
E	比較星聚點/食物偏貴/
E	週末假日人很多/需要排隊
F	這邊巷子裡比較好停機車噢
F	服務親切/白天計費很便宜/
E	聚會好去處/電梯等候費時
F	交通方便/像迷宮
F	地點適中/服務態度佳
E	還不錯/不過停車不方便
F	錢櫃就是我家
F	很方便/東西好吃
F	舒壓唱唱歌的好去處
F	價格偏高/又常常爆滿/松江好一點
E	離捷運站近/交通狠便利
F	地點方便/我的食堂/
F	我有故事/你有酒嗎/
F	服務環境不錯
F	包廂乾淨/餐飲服務佳
F	好樂迪的好/不用多說
F	服務我們的服務員很熱心講解的也很清楚
F	服務週到/餐點不錯
F	服務態度佳/謝謝您們/辛苦了
F	聚會好場所/24小時營業
F	讚
F	交通方便/朋友聚會的好去處
F	服務態度有進步
F	平日較優惠/餐點不錯
E	放鬆的好地方/雞腿餐好吃
F	服務好/唱歌唯一選擇
F	台北唱歌旗艦店牛肉麵必點
F	放鬆/打發時間/嘶吼吶喊好去處
E	煙味很重/服務不太好
F	我在這5g訊號很好
F	釋放壓力的好地方
F	廁所在包廂裡就是舒服
F	服務不錯/牛肉麵好吃
F	週末會遇到朋友的地方
F	好貴/服務普通
F	服務親切/價格便宜
F	位於東區精華商圈/附近美食店林立
F	環境優美氣氛佳
F	音響好/餐點可口
E	人多/位子規劃有待加強
F	很有禮貌/保持微笑/不辭辛勞
F	餐聚歡唱好地方
F	跟朋友們相聚的好地方
E	設備有點舊/價格普通
E	就是唱歌喝酒玩樂的地方
E	許久沒去/已老舊
F	音響效果不錯
F	就是時下年輕人愛去的夜店
F	颱風天/好多人喔
F	去不膩的地方/
E	老店了/還在就很感動了
E	包廂味道真的很可怕/
F	服務親切/優於其他分店/
F	冷氣很冷要帶外套
F	就是KTV了/包廂選擇較多
F	服務人員很親切又細心
F	跟一般的ktv訂差不多
F	總統廳不錯/披薩很好吃
E	設備都蠻差了/只有地點好
F	還不錯
F	不錯
F	就是個唱歌的好地方/
F	平日唱歌/價錢蠻優惠的
E	三五好友唱歌娛樂聚會的場所
E	包廂又臭又舊/
E	全台唯一可以常常巧遇明星的錢櫃
F	門口都是警車/很安全
F	很好的氣氛跟價格
F	雞湯好喝
F	地點方便/有代客泊車
E	很複雜/深夜問題多/
F	房間格局有點小/
E	煙臭味太濃了
E	包廂煙味很重阿
F	服務人員動作頗慢
F	價格食物都還可以
F	讚啦/唱就對了
E	樓梯動線有點奇怪/
F	舒適/朋友聚會好地點
F	交通方便/聚會好去處
F	服務餐飲還不錯
E	有的包廂音質不好
E	交通方便/消費價位高
F	牛肉麵湯頭很濃郁
E	無奈/
F	服務很好包廂超大
F	交通方便/提供方便的餐飲/有酒/
E	包廂很貴/環境不錯
F	娛樂百分百的好地方
E	叫好幾次永遠不來的熱水
F	昂貴但地點好的/KTV
F	地方舒適/價位偏高
F	防疫工作有在執行/
F	設施不錯/好唱好玩
F	隱藏版食物可以試試看
F	開心歡樂聚會好地方
F	適合生日聚會/朋友相聚
F	舒適/牛肉麵很棒
F	很不錯的場所
F	沒有廁所跟立麥的錢櫃
F	唱歌消費的好場所/
F	除了貴/其他什麼都好/
F	服務人員很好
E	貴/但沒得選
F	唱歌聚會喝酒不開車
F	舒壓的好地方/_/
F	服務還ok
F	這個應該不用說明了吧/
F	下午唱還算划算
F	停車很方便免費代客泊車
F	唱的很開心
F	交通便利/就是SOGO店貴了點/哈
F	餐點好吃/
F	環境舒適/冷氣強
F	大包廂/真的棒
F	服務員很親切
F	唱歌開趴好地方
F	懷舊/聚會的好場地/
F	聚餐後第一選擇
F	滷味拼盤非常美味
F	唱歌朋友聚會的好地方
F	空間寬敞/服務佳/
F	喝酒好去處
F	很棒的聚會地方
F	沒什麼好說了/東區夜生活的大地標
F	還不錯的唱歌點
E	很多醉酒的人/治安要顧
F	價格便宜/適合聚會
F	硬體可以朋友才是重點
F	音響還不錯
F	不會很貴/價格划算
F	可以聚來一下
E	房間內沒喉糖/
E	裝潢舊了/有點髒
F	續攤唱歌的第一優選
E	歌還蠻多的/
F	人很多/排隊動線不佳
E	滿滿的人潮/服務ok
F	消費貴了点
E	隔音設備要改進/
F	停車方便/設備普通
F	好啊/音質不錯
E	其實牛肉麵還好
F	開心的地方
F	簡單小聚會的場所/
F	在台北一定要來一次的ＫＴＶ
F	還算可以的KTV
F	有妹就是滿分
E	有吃有喝還有唱
F	台北人舒壓的方法之一
F	唱歌休閒的好場所
F	貴/但服務好
F	台北人聚會的好地方
E	有點貴還好而已
E	爛態度櫃檯的
F	三五好友聚會的好地方
F	放鬆
F	交通便利/水準一致性/
F	歡唱得好地方/
F	酒後不開車/開車不喝酒
F	喝起來
F	電梯要等很久
F	裝潢及服務ok
F	年輕人的天地/交通便利
E	麥克風故障率真高啊
F	舒適價格也ok
F	跟姐妹唱歌/最開心
F	熱鬧的歡樂場所
F	乾淨/空間夠大/
E	音響不加
E	包箱煙味太重/
F	很多回憶的地方/歷久彌新
F	交通便利/服務不錯
F	食物和服務都不錯
F	辣雞翅讚/
E	只是來唱歌/
F	讚/價位高/
F	/
F	服務生很正
F	地點佳/交通方便
E	我還是比較喜歡林森錢櫃
F	歌新/音響好
F	舒壓的好地方
F	還是牛肉麵好吃
E	服務差/很跩
F	有隱藏料理的錢櫃/
E	貴/設備普通
F	交通便利/消費愉快
F	聚會唱歌的好地方
F	東區唱歌好選擇/
E	歡樂喝酒的好去處
F	開心唱歌歡唱愉快
F	包廂乾淨衛生
F	愉悅的休閒環境/
F	貴了點但服務不錯
E	來這裡口袋都很深
F	空間舒適服務好
F	音效好/地點方便
F	公司聚會必來
F	休閒交友的好地方
E	等侯時間尚可接受
F	豪華大房/有專人服務/
F	重溫年輕的心
F	煙味太重須改善
F	唱歌好去處
F	歡唱的好地方
F	餐點不錯/
F	沒人好唱
F	服務迅速/態度不錯
E	態度差/服務不好
F	台北夜生活必造訪的場所
F	很讚
F	煙味好重
F	忙裡偷閒的好地方/
F	為了牛肉麵去的
E	台北重地嘛/龍蛇雜處
F	廁所很臭
E	包廂煙味很重
F	跟大夥狠開心
F	不必多說的地點
E	一樣有煙味
F	唱唱跳跳真舒壓
F	服務好/乾淨
F	唱歌環境舒適
E	包廂煙味很重
F	全台最高檔錢櫃
E	煙味超重
F	舒壓好地方
F	牛肉麵還ok
E	房間有點窄啊/
F	還行
E	飆歌/狂歡的場所/
E	兩部梯等到天荒地老
F	從小唱到大
E	兩部梯等到天荒地老
F	服務員服務態度佳
E	空間很大歌很多
F	服務品質很好
F	還不錯的引效
F	還不錯的環境
F	沒什麼好說的/讚
E	包廂煙味扯重
F	煙味不舒服
F	包廂有廁所
F	服務ok/週到
F	很棒的唱歌地點
F	戴口罩量體溫實名制/辛苦店員了/服務生態度親切有禮
F	夜唱最佳選擇
E	假日非常擠
F	聚會聊天好地方
F	昂下/放鬆的好地點
F	只有三隻mic
F	餐點好吃
F	很舒服的空間
F	聚會忘憂的好去處
F	一訪再訪
F	環境服務皆宜
E	設備老舊了
E	今天麥克風很爛
E	設備有點老舊了
E	有煙味
E	假日都是客滿的
F	集時樂好朋友
E	設備比較老了
E	人多/吵雜
E	價格偏高些
E	包廂的味道不好
E	設備有待更新
F	唱歌把妹首選
F	不錯/
F	人潮多/對面又有百貨商場/附近交通也方便
F	唱歌的最好選擇
F	服務品質佳
F	聚會好地方
F	牛肉麵好吃
E	普通/人口有點複雜
F	食物不錯吃
E	香煙味太重
F	牛肉麵好吃
F	錢櫃的東西很好吃
F	最常來唱的錢櫃
E	經過沒去過
E	煙味好嗆
F	錢櫃好棒棒
F	來吃飯的/
F	唱歌的好去處
F	歡唱聚會BJ4
E	服務不太好
F	牛肉麵好吃
F	超級好/
E	服務蠻快
E	八大出沒聖地
F	地點很方面
E	人多混雜
F	包廂不錯
F	餐點好吃
F	東區熱鬧的晚上去處
E	內部設施老舊
E	可以吃喝玩樂
E	音質變差
F	一些天秤座慶生
E	包廂霉味很重
F	放鬆的好地方
E	一直拖延客時間
E	就是錢貴
F	唱歌首選sogo錢櫃
E	一般/還好
F	服務品質蠻好的
F	還行
F	音效不錯/
F	喝酒聚會
F	歡唱時刻
F	ㄏ勝
F	高服務高消費
E	西門比較好
F	記得先預訂
F	服務好
F	服務快速又周到/慶生聚會釋放負能量各種嘶吼的好地方/
F	服務品質/
F	不多說
F	牛肉麵好吃
F	高中到現在都長得一樣/原汁原味/希望可以快點改裝
F	不錯
E	機器故障高
F	聚會/喝酒/唱歌
F	好歡樂的地方
F	聚會的好地方/
F	服務迅速親切
F	讚
F	價格略貴
F	還行
F	就是愛唱歌
F	很讚
F	地點便利
F	包廂很大
E	超難停車
E	超難停車
F	很大包廂數量多適合台北市地區東區續攤
F	感覺非常棒/應為服務好/餐點佳/由其18/00又有現抄的熱炒/有很多美好回憶在那發生
F	最方便的地點
F	普通錢櫃/沒什麼特別
F	聚會好所在
F	瘋狂的好所在
E	滿貴的
E	越來越貴了/
F	舒壓好場所
E	越來越髒了
F	設備讚
F	放鬆好去處
E	風景不錯
F	歡唱
F	就是那個錢櫃
F	餐點好吃
F	牛肉麵/
E	台北最貴的錢櫃/
F	蠻高級的
F	聲音不錯
F	包廂大
F	場地好
E	跟一般一樣
F	滿滿的回憶啊
E	設備老舊
E	有些煙味
F	還可以
F	環境不錯
F	好棒的音響
E	音響不錯
F	服務員親切
E	裝設有老態
F	讚
E	煙味很重/
F	東西變多了
F	24hr營業的地方
E	明亮整潔/
F	舒壓
F	聚會的好場所
F	壞境很棒
F	服務親切/
F	優質KTV
E	設備老舊
F	聚會的好地方
E	服務蠻好的
F	學生優惠
F	音響不行
E	很難訂到
F	難得放鬆
E	煙味重
F	服務不錯
F	台北老字號
E	有點髒
E	你知道的/錢櫃/
F	還可以
E	音響不好
E	服務差
E	服務員良好
E	還好
F	很花錢
F	/
E	麥克風很爛
E	貴貴ㄉ
E	還興
E	還可以
F	服務不錯
F	有點小
E	還ok
F	服務優良
F	好貴
F	不錯/
F	/
F	感覺氣派
F	環境優
E	還可以
F	讚
F	貴死人了
F	超讚的
F	越夜越美麗
E	偏貴
F	就/錢櫃啊/
F	高貴不貴
E	蠻亂的
F	經典
F	遇到藝人
F	老回憶
F	永遠的好朋友
F	有點舊了
F	鬧事的好多
F	音響很棒
E	複雜
F	童樂趣
E	高消費
F	就錢櫃嘛/
F	不錯哦
E	好貴
F	不錯
F	太貴了
F	不錯
F	很亂
F	整潔
F	來這邊就是要唱歌/
F	乾淨
F	唱歌很開心啊不然咧
F	浪流連/
F	永遠的錢櫃
F	讚讚
E	老舊
F	正點
F	霸氣
F	不錯
F	最貴的錢櫃
E	上新聞的第一場所
F	熱鬧哦
E	收費相對於其他店較高
F	懷念的地方
E	就是錢櫃呀
F	就是錢櫃
E	煙味濃
E	就是錢櫃
F	24/7
E	娛樂場所/
E	烏煙瘴氣
F	快樂的地方
F	旗艦店
F	平日用即時券超划算/能想像在sogo錢櫃唱6小時喝爆一人400嗎/請洽服務專線
F	不太吵/我們度過了愉快的時光/食物也很好/
F	好唱/酒好好喝喔/
F	解封第一唱/
F	如果您尚未參加partyworld/請不要說您去過台北/大聲笑/夜間娛樂的好地方/牛肉湯麵和臭豆腐好吃/
F	特地來點了網路傳說的隱藏版美食/黃金秘製泡菜豆腐/仙大海/臭豆腐還不錯/仙大海ㄧ般般/沒有特別/不曉得錢櫃的泡菜外面哪裡有賣/口感和味道都很特別/不會偏酸/只是不辣/對愛吃辣的人可能稍嫌美中不足/現在還可以使用app點歌非常方便/只是操作的介面還可以在進步些/比如把點歌的螢幕介面直接搬到app中/這裏是錢櫃所有門市中唯一在包廂中就有廁所的/這樣的包廂現在在大台北地區是越來越少/有獨立的廁所是非常方便的/以前沒有禁煙的時候都會在小廁所中抽/當然現在是禁煙的/現在的KTV不多/熱門時段限唱四個小時/
E	有許多改進可以做/一個好的開始將是歌曲的多樣性/特別是他們的語言種類/更多的英文歌曲將是一個很大的優點/食物是平均的/與任何其他ktv地方幾乎相同的品嚐/系統可以升級/聲音幾乎不能令人滿意/
F	牛肉麵和餃子真的很棒/唱歌和喝酒的好地方/
F	有趣的地方tu與朋友一起享受/
F	大概所有台北人都有來過這間KTV吧/空間寬敞舒適但包廂煙味比較重/歌曲大部分都是正版只有少數非正版/國語/台語/英文/日語/甚至客家歌曲都有/新歌的更新程度非常快/點歌系統也非常好上手/各種分類讓人更快找到想要的歌曲/除了導唱外還有各種有趣音效/評分制度可以讓氣氛更歡樂/包廂內的音響設備也有水準/當然隔音效果也有註意/不會聽到隔壁其它包廂的聲音/錢櫃的餐點一直是強項之一/幾乎每樣餐點都算是能吃/尤其是水餃/牛肉麵/熱炒都不錯/茶飲酒水的選擇也多樣/讓沒有唱歌的人也能有事做/服務的部分算是快速/只要按了服務鈴沒多久服務員就會出現/包廂內的廁所維護的也是蠻乾淨/就是這裡的出入分子較複雜/又因為喝酒後鬧事多/這裡的出事率也很高/常常都有互相叫囂甚至打架的狀況/
F	牛肉麵和餃子真的很棒/唱歌和喝酒的好地方/然而/由於有些人在房間裡吸煙/它仍然需要改善房間的氣味/
F	與台北員工共進晚餐後參觀/隔音設施/好員工/訂購獼猴桃汁而不喝新鮮美味/鮮茶鮮美/感覺像一頓飯/
F	體面的食物/體面的歌曲選擇/缺少很多英語歌曲和許多大陸歌曲/
F	出色的音響系統/乾淨通風良好的環境/良好的氛圍/我沒有點菜/所以無法評論食物/不錯的美國歌曲選擇/儘管自2003年以來沒有更新/
F	唱歌的好地方/飯菜也很好吃/
E	非常擁擠/每個人只有2部電梯/即使預訂也不得不等待一個小時/2星級的優秀員工和食物/設備很舊/歌曲選擇是平均的/
E	麥克風和聲音系統的質量差異很大/我已經去過那裡多次了/但是你永遠不知道會發生什麼/它可能仍然是台北最好的KTV/
F	這是一個與朋友聚會的舒適場所/他們的服務很好/但是這些歌曲對千禧一代來說太老了/
F	Ktvs和MTV非常好/許多學齡前兒童每晚都有小朋友聚會/唯一的問題是這裡的選擇和librties的dj工作/到2000年只有60s/這些ktvs不是現在的音樂/
F	好朋友相聚/
E	外國人的音樂種類不多/房間空氣陳舊/給人一種香煙氣味/這真的很不愉快/如果前面提到的可以改善/那麼這個地方會好得多/
F	進去肯定感覺很罪惡/不會誤會我的意思/每次去都爆炸/服務非常樂意為您提供幫助/我唯一希望看到的是我們是音樂選擇中的現代英語選擇/
F	很棒/
F	因此/如果您熟悉KTV的概念/就會知道會發生什麼/作為一個連鎖店/Partyworld通常會在大多數位置為您提供相同的服務/私人房間/裡面有您自己的卡拉OK套裝/送到您房間的啤酒和小吃/需要額外付費/工作人員很少講英語/但通常很高興為您提供中式英語的服務/價格根據工作日/小組人數以及一天中的什麼時間而有所不同/如果您想在星期五或星期六去那裡/請提前預訂一個房間/
F	這裡的食物非常好/服務禮貌而高效/總體而言是一個很棒的卡拉OK場所/
F	在台北體驗卡拉OK的最佳地點/美食/牛肉麵/餃子/雞湯/優越的地理位置/從地鐵站步行1分鐘/免費停車/
F	客房設有私人浴室/食物很好吃/提醒自己/停止訂購美式炸薯條/不好/
F	假日人超多/
E	便宜但沒有標準/
F	台北的Ktv很棒/Cashbox/partyworld是最受歡迎的KTV連鎖店/我想這個位置每個房間都有一間浴室/如果您希望在繁忙時段來到/請提前預約/如果您沒有在線預訂台灣身份證/最好的辦法是停留/英文歌曲的選擇有點陳舊/只有少數韓國歌曲/
E	好好玩/但沒有那麼一點點過時20年發生太大變化/服務仍然是一流的/
F	好吃/
E	房間很舊/如果你是遊客/這不是一個好地方/因為界面很難選擇歌曲/選擇有限的歌曲來唱歌/
E	食物很美味/白酒價格便宜/房間裡有點髒又臭/
F	這裡的食物非常好/配有良好的音響設備/商店本身有點舊/但我肯定會推薦給朋友/
E	不錯/東西好吃/服務很親切/價錢也是在我負擔的起/
F	平均質量/但很有趣/
E	崇光是一個很棒的購物中心/有時/銷售宣傳可能會很強勁/當有很多人或沒有人時避免去/
E	停車不容易/乘出租車或超級/室內還可以/不是那麼愉快的經歷/
F	好玩/但英語歌曲選擇不多/
F	可惜他們只有兩個麥克風/仍然喜歡它/
F	卡拉OK粉絲雖然不多/台北最好的KTV/但沒有韓國歌曲/
F	唱歌的好地方/但似乎丟失了一些老歌/
F	皮蛋瘦肉粥好吃/
F	活潑/當沒有人準備回家時/與朋友一起唱卡拉OK/
F	取歺/大廳很大/舒適/服務人員很客氣/
E	低檔卡拉OK室/配有低檔音響系統/但食物很好吃/
E	服務態度極差/
E	很棒的設施/但英文歌曲非常有限/
F	良好的氛圍和位置/牛肉麵是必須的/
E	這是一間不錯的卡拉OK室/但因為只有很少的韓語歌曲而成為一顆星/
F	如果你要在午夜之後和朋友一起唱歌/這就是它的全部意義/美食也是/
F	好玩方便/酒也好喝/
F	人/真的是很多/
F	有點舊/但對KTV來說是個好地方/
F	好/
F	美味的牛肉麵和朋友雞肉/音響系統和良好的氛圍/
E	老n臭/牛肉麵很好吃/
E	價格貴/又收開瓶費/劃不來/
F	棒棒/
F	英語歌曲的收集非常有限/並且音樂的鍵很難調整/
F	您擁有自己的卡拉OK酒店房間/
F	跟家人朋友聚餐的好地方/
F	價格優惠/優質的服務/真的很好的選擇/去玩吧/
F	在後面的機械停車和慢速電梯/準備在高峰時間爬一些樓梯/
F	好玩/但不便宜/
F	今天真好吃/
F	好/但人太多/
F	星期六晚上/人爆多/
E	強烈地聞到香煙/很少選擇英文歌曲/
F	其中一個比較受歡迎的PartyWorld/KTV/漂亮的大堂/良好的房間/美好的時光/
F	唱歌喝酒聊天的好地方/
F	聚餐唱歌好地方/
F	SOGO店裡麵包廂費算是貴的/
F	週五和周六晚上去的地方/出色的音響系統和服務/
F	有吃有喝又有得玩/一定要去/
E	太擁擠的方式/即使我們保留也要等30分鐘/
F	很棒/
F	很棒/
F	假日需訂位/歌新/
F	每次都喝到爆掉/
E	需要更好的酒精選擇和更多的英語歌曲/
F	我還能說什麼/唱歌喝酒/
