B	良好/親切/簡單明瞭/迅速的洽詢服務/價位合宜/馥華大觀商旅正好是離家近/提供恰好需求的防疫旅館/去年還沒訂機票前的第一個口袋名單/後來也訂到房了/可惜因應防疫流程和自己的旅程安排/必須提前回台灣/最後沒有入住/從11月初洽詢到訂房至12月底取消之間/對於我分別幾次的詢問/回覆人員一慣的給予簡單快速的回應/保持友善/很感謝/已提前回台/可惜沒住到馥華/已將近兩個月的聯繫經歷/給予正面評價/
B	答應過他們要給評價/因為他們真的用心/任何問題都及時回覆/有耐心/進步空間只能說網路要再快一點/除此之外/2500/值了
B	在11月5日跟女兒一起入住/防疫旅館/馥華商旅/1/浴室乾淨/且有對外窗/浴缸也是白白亮亮/天氣冷時/可以洗個水很大熱水澡/非常享受/2/三餐準時收到/且沒有重複/每天都有水果/入住時收到歡樂包/各式餅乾/還有一袋盥洗包/環保餐具/洗碗精/3/床跟枕頭及棉被也非常乾淨/4/因隔離期間女兒須線上上課/網路連線優質/5/旅館幫付機場到旅館的計程車資/6/防疫期間閒來無事上網購物/家人也輪留送各式物品/感恩旅館人員不辭勞苦/7/老公12月中回台/也訂定入住馥華/8/空調溫度可以自行調整非常方便/9/房內有熱水壺/可自行泡茶/10/因女兒習慣吃西式食物/鄰近各個外送服務/給馥華商旅滿分/
B	我是防疫期間入住/服務很好/餐點多有變化/小火鍋/便當/鍋燒麵/水煮餐/樂坡/小吃/熱炒/炒飯炒米粉/熱壓吐司/燒餅豬排蛋/等等等/補給品/礦泉水/茶包/盥洗品/只要有需求馬上就補齊/家人送來物品也都馬上上來/感謝/馥華大觀商旅/讓我有家的感覺
B	防疫旅館住宿體驗/1/餐點豐富/早餐蛋餅或漢堡/午餐麵水餃火鍋水果/晚餐比較固定便當/用心選餐/2/備品/需要更換可以跟工作人員說/準備速度快/3/房間/不大但乾淨/網路速度尚可/感謝工作人員/
B	你好/我是做維修保養安裝的/靜電機/除味桶/水洗機/煙罩/風車/冷氣/水電代客安裝/拆除/更新設備買賣保養維修/簽約客戶保養維修/24小時內/處理完畢/服務電話0922237047/魏師傅/謝謝
A	現在變成/防疫旅館/個人是不會再去消費了/當天到的時候/天氣是下豪雨很大的那種/在外面跟裡面的人問是否有傘/回答的是/我借你就拿不回來了/把確診者講的無藥可醫嗎/請問連鎖旅館的教育訓練是這樣嗎/房價也漲價以前沒有浴缸方型不到兩千/現在政府補助1000/間/房價還要2500/含餐/另外房間內一天只提供兩瓶礦泉水/若需要另外付錢/政府一直勸導確診者要多喝水/結果需要是要付錢那很想請問政府補助去哪了/另外附圖三餐食物/若不需要可扣200/早餐60/午餐70/晚餐70/以下就是所提供的餐品/以上供大家參考/謝謝/
A	今天來這裡臨時休息兩小時/兩小時雙人房590元/還算可以/房間大小還行/但雙人床是兩個單人床拼湊起來的/但是床的舒適度還是有的/不過最不太行的應該是隔音的部分/完全可以聽到走廊上的聲音/以及樓上的沖水聲/我們在二樓/若是要住宿隔夜的話/怕吵的人可能就要衡量一下是否適合了/但是其他的設備應該有的都有/櫃台人員的態度也是優良的/整體來說/扣除隔音不佳的部分之外剩下來說都還算是一家可以接受的商務旅館/3星推薦一下/
B	防疫旅館/馥華商旅/價格實惠/餐點好吃/有任何問題都會即時回覆
B	房間不大但該有的都有了/乾淨/明亮還算舒適/就是冷氣機的聲音有點吵/早餐雖簡便還算可以/房價有浴缸的多一百元價格尚可/離新莊捷運站很近交通方便/是可以放心來住一晚的旅館/
B	乾淨/床軟的很舒服/因為有顆燈會不暗/造成無法入睡/客服櫃檯馬上換一間/覺得處理能力很棒/推薦喔
B	防疫旅館做得很棒/員工們都非常熱心助人/
A	浴室地板永遠不會乾/入住時櫃檯人員不會主動詢問車號/退房時詢問停車費問題還怪我們入住時不主動跟她報車號登記/還說電梯裡都有張貼/因為是第一次去也不懂馥華的規矩/讓人感覺很差
A	阿姨們整理工作的聲音真的太吵了/感覺就在門外講話好大聲/根本沒辦法好好睡覺/房間外器具碰撞的聲響一堆/一直傳來/
A	一分錢一分貨/要省錢絕對CP值高/隔音/隔壁打噴嚏或是走道的音樂/房客開關門絕對讓你影像深刻/至於停車需走路五分鐘/下雨去牽車會很E04/總結/早餐餐廳讓你餓不死/別再挑/隔壁洗澡你會知道/重點我睡的是沒有煙味/好險/商務賓館倒是很符合去休息
A	整體來說很好/就算只是從新拉皮的裝潢不錯了/只是現在旅館業生意那麼差/櫃檯的臉是怎麼了嗎/撿到槍嘛/我要不是因為家裡的浴室整修我才去洗澡/我是今天大約15/00時間進去的/請問一下整體而言不錯難道要因為這種員工壞了整家店的感覺嘛/不管什麼地方好/我只要一想到那個櫃檯我整心情差沒fu
B	待人親切/尊重每個來消費的人/環境尚可/
A	之前入住的房間隔局整潔等品質都很好/但今天下午使用218房/房間很小之外/煙味很重/廁所燈會忽明忽滅/枕頭有悶味/氣氛非常差/同樣的價格卻是完全不同的體驗/希望能改善各個房間差異過大的問題/
A	喜歡它的風格簡單/色調單純/雖然地毯已經老舊/但整體還算不錯/尤其自助式早餐的CP值非常高/環境也很舒適/唯一可惜的是電影更新速度太慢了/相隔幾個月來/電影都沒變/可惜啊/
A	價格普通/房間舒適/就是床上有些微毛屑/交通位子離捷運站很近/早餐關東煮/我知道沒什麼人吃/應該回鍋過幾次/或是沒人檢查/魚包蛋咬下去/臭的/實在有點可怕
B	床鋪很大很舒服/有空氣清淨機/很棒/整體住起來都很舒適/只可惜/電視看起來會有點lag
A	這品牌店曾經不歡迎新住民工作/
B	床很大很軟/我跟我的下屬也常常來這裡通姦/但我不是阿基師/我坦蕩蕩承認我不是滑進去ㄉ
A	房間整潔可/雖然有Panasonic空氣清淨機不斷循環/但全室仍煙味不斷/有提供早餐很貼心/但/如果隨便弄/或用罐頭來代替/那乾脆不要提供算了/一晚2080的房價/可以找更好的
A	床單感覺沒更換過/上面有水漬/服務態度一般/重點是廁所馬桶裡竟然有大便沒沖/整個傻眼/
A	停車設計規劃很差/還沒有代客趴車/服務品質管理很差/入住前已告知叫床時間/卻沒在指定時間叫床/卻只會叫退房/搞什麼東西/幹什麼吃的/
A	打電話詢問空房的價格跟到現場的不同/詢問跟相差時間不到半小時/入住2房/2間都是冷氣吵雜/燈光還會閃閃閃/509房癢到讓人無法入睡/希望能改善/
A	我是去休息的/當初朋友介紹說去這家我還蠻驚訝的/印象中這家的房型比照其它較有規模/連鎖的知名旅館/竟然這時候休息3小時只要460/結果/要560也算了/加時一小時要200/超出預算/液晶電視也不是很便民的/但我知道是為了不讓客人自己亂動的緣故/總還是讓我感到不方便/
B	在地的朋友推薦/CP值很高/旅遊補助又可以折抵一千元/選擇的房型才1800/扣除補助後很便宜/浴室還有浴缸/電視也有電影跟YouTube可以選擇/早餐簡單但想吃的都有/缺點就是枕頭太扁了/但是我們依舊一覺到天亮/這邊有公車站跟捷運站很便利
A	停車沒有很方便/雖然有合作的停車場/但要走一段路/停車時要記入場時間/旅館會跟你確認時間/到時要跟停車場核銷的/環境還算乾淨舒服/有附早餐喔/離新莊廟街很近/走路會到/
A	在網路上訂的房間/依照約定的時間還晚到了一個小時/竟然還可以告訴我們/要再等一個小時/可以先去停車場停車/結果/找尋停車場就用了快半小時/因為入口標示實在太難找了/而且一過頭需要廻轉一大圈/最後入住感覺/房間有點小/沒有窗戶/其他設施一般/最佳看點就是/離新莊夜市很近/步行大概七八分鐘就可以到了/
A	服務人員說話態度不是很好/一開始休息兩小時收費650/要改成住宿卻不能扣費/要另外再收住宿費2280/奉勸一開始就要決定休息或住宿
B	離捷運站很近/旁邊就是新莊夜市/裡面設施還算可以/櫃檯人員也很熱心/早餐還不錯吃/不過/唯一缺點是/停車的地方在新莊國中/在門口要上下行李會很趕/把車停好走過去真的需要一點時間/如果碰到天氣很冷/甚至下雨的話/會很不方便/這也是為什麼我只能給四顆星
A	飯店內設施還算可以/早餐吧雖然選擇不多但也都在可接受範圍內/唯一請飯店代叫計程車/櫃台人員並無告知是哪家車行/司機先生工作態度極差/車內骯髒/建議自行去外面攔車還比較快又乾淨/
B	性價比很高/是透天厝改裝的酒店/天台環境一流早餐非常不錯/但最好選擇有窗門的房間/非常近捷運站/員工也有禮/
B	價格便宜/設備算新/整潔度佳/但隔音較差/介意者三思
B	停車處很遠大約1公里/停車下行李有點難度/住一樓不知樓高/房間大但床小/建議有帶小人家庭考量3/4人房/但上下床墊可利用/浴室大經典雙人房還有浴缸/過年期間收3千初可以接受/吃早餐的6樓令人為之驚艷/捷運站在100公尺處好方便/步行500公尺就是夜市/
A	服務整潔都還行/只是冷氣不太冷/房間裡又很悶/晚上睡不太好
B	距離/棒球場很近/然後因為旁邊就是捷運站/所以又有腳踏車/可以租借/附近也有特約停車場/不用為了找車位/而煩惱/放好行李/停好車子/直接騎腳踏車/去新莊棒球場/這也未免太方便了吧/重點/看完球賽/回飯店/簡單沖洗一下/洗掉滿身的汗臭味/出了飯店走兩個紅綠燈/的路口就是新莊夜市/有夠方便/飯店環境整體還不錯/早上還有自助早餐可以吃/下次如果還有機會到新莊棒球場看球賽/這間商旅肯定會是我的首選/
A	先說優點/離捷運站很近/附近吃東西還算方便/房間乾淨/缺點/停車場有段距離/隔音非常之爛/聽了整晚隔壁房的聲音就算了/受不了想說去隔壁反應/才發現原來中間還隔了一間房還可以這麼吵/
A	房間算小間有裝潢/比較簡單/不會/感覺很髒/可以泡澡但是不是按摩浴缸喔/比一般的/旅館來說是有一點點小但是裝潢來講算是還ok囉/小了一點點價錢可以在便宜一點
B	很乾淨哩/只是停車場有點遠/
A	加錢選有浴缸的房間/浴缸沒清乾淨/有幾滴咖啡色液體/完全不敢泡/浴巾一條破洞一條沒清乾淨/廁所衛生紙的量/應該沒更換新的一卷/地板清潔度/清潔現場已向櫃檯反應/有道歉和補衛生紙/早餐區十點不到就開始收/十點整會馬上把吃飯的餐廳關燈/一關燈我就笑了/第一次遇到這種/請入住這間的朋友早點去吃早點/優點是離捷運站和老街夜市很近/有vod/洗衣間等/更新/退房時櫃檯有贈送小禮物致歉/櫃檯服務好/希望清潔能加強
B	在捷運新莊站旁/鄰近新莊廟街夜市/精緻套房空間尚可/床鋪舒適/wifi速度快/頂樓有飲水機/有電視頻道也可看電影及Youtube/自助早餐菜色不多可以填飽肚子/但單價略高雙人房1980/
B	房間整潔/早餐中規中矩/交通便利/緊臨捷運站/晚上無聊還能逛逛/新莊老街夜市/
A	房間與浴室空間狹小/隔音效果很不好/早餐太單薄/停車場實在太遠了/雖然業者很用心在經營/可是環境條件就是如此/
A	5分鐘前和5分鐘後講的話都不一樣/這種事發生/3次以上/了/每次都會用不同理由來堂塞客人/像是他們的電腦系統的時間已經超過時間/等等有客人訂房所以你們少一小時的使用時間/諸如此類/說休息三小時都會用/任何藉口/減少至兩小時/服務態度也很不誠懇/和櫃檯人員講話都一直在看著電腦
B	方便整潔/房間內空間超大/但我當次消費詢問時只能給價格區間/而非直接告知正確價格/表示價格方面不透明且浮動
A	一進房/充滿著菸味/房內桌上卻擺著禁止吸菸的告示/可見管理很差/且男服務員說話方式很差/沒有待客禮儀/浴室內大浴巾都脫線的/是怎麼回事/可見管理真的很差/again/
B	平常日1500住一晚差不多/設施算新/商務旅館/隔音普通/優點離新莊捷運站很近/附近熱鬧方便
A	服務人員態度不錯/房間還算乾淨寬敞/缺點就是煙味太重了/只好把冷氣關掉開窗戶/好險有窗戶/不然真的會被煙味燻死/再來就隔音極差/隔壁講話聲/樓上清掃聲聽的ㄧ清二楚/所幸晚上的時候比較少干擾/但早上六點開始就瘋狂被吵被嚇醒/
A	停車場很難找/隔音效果非常差/冷氣聲音嗡嗡嗡的很大聲/擾的人睡不著外加聽了頭痛/櫃檯人員沒笑臉/重重點還是空調聲音太大聲/讓人非常難入眠/
B	將藝術時尚化身為居住空間的ㄧ份子/大量留白的空間/造就出空間本質上的開闊大器/讓俐落的空間線條成/為美學的座標/這是馥華大觀商旅所營造的空間魅力
B	覺得整體的感覺都非常好/只不過冷氣的設備可以再更好/而且距離新莊棒球場真的很方便/週邊商店圈也很多/有機會會再造訪的/
A	距捷運新莊站步行1分鐘/服務人員態度親切有禮/但很可惜房間煙味很重/讓人睡不好/
A	實際房間跟訂房網上的照片不一樣/訂的房間是大雙人床/兩個枕頭放上去還有很多空間/可是實際上拿到的房間/兩個枕頭放上去就滿了/特約停車場離住宿有段距離/要先去櫃檯確認住房訂單/才會告知特約停車場在哪/旅館門口又不能停車/服務員動作又很慢/應該要先說停車場在哪/對商務旅客來說沒那麼方便/
B	離捷運站很近/客房跟早餐都中規中矩/除了馬桶水箱一直滴水/房務人員開關房務室的聲音之外/其他都可以/
A	門口是蠻大的路/而且是紅線/臨停不是很方便/且房務人員幫我們通馬桶的時候沒有用其他容器接通馬桶工具所滴下的水/就任由馬桶水一路從浴室滴到門口/而且都是地毯/感覺不是很好/早餐在頂樓/還有戶外區/選擇多樣/好吃/可以一早就看見不錯的藍天邊吃早餐/心情很愉悅/
A	本來一切都很好的一個颱風夜/就因為一個一開始就搞不清楚狀況/最後也搞不清楚狀況的同一個態度差的櫃檯搞砸了/來了不下20次/衛浴設備退化也沒關係/現在阿桑會在打掃間討論/櫃檯還請了一些以前不會有的拐瓜劣棗/APP訂房半夜下班去訂明明就住滿12個小時莫名其妙的說只能到12點/事後才發現口誤說到13/52/結果我14/01下去退房說要收逾時費/因為只到50分/到底搞屁啊/後來查查查終於查到是52分/早就已經2/3分鐘後的事情了/吃相不要太難看好嗎/自己的腦殘員工自己管理好
A	房間的冷氣真的不夠涼/怎麼調都一樣/連續住2晚/白天有交房卡打掃/結果房間小冰箱被調成近乎關了/裡面還有冰礦泉水/第2天晚上放新買的牛奶/沒有確認/然後隔天早上要喝才發現牛奶壞了/有必要節省電力成這樣嗎/
B	已經住兩次以上了/環境乾淨/舒適/廁所大間/乾淨/服務親切/唯一美中不足/枕頭套有污漬/希望改進
A	冷氣低頻噪音好吵/真的不舒服/房間打掃乾淨度有加強空間/
A	本來要使用GOMAJI休息券/櫃台人員表示因無房/先前打電話詢問也沒提到沒房/可另外付費使用現場比較貴的房間/但並且可折抵停車費3H/當場即給櫃台停車代幣折抵/但離開去取車時仍然被收取停車費/感受上相當差
B	目前沒有感受到旅館一星評論上的感覺/只是廁所門是透明沒鎖的/雖然被嗆沒人要看/不過還是覺得怪怪的
A	我昨晚入住213房以告知要到了/夜櫃人員說要等15分要拆成兩小床/我說好/那我先付錢加停車/停車我們花了30左右/回來要拿房卡時/竟跟我說我還沒check/in/付了錢不是要入住叫什麼/而且還說我不是跟你說要來現場等嗎/那我付錢去停車的時間你們在幹嘛/我也是同行遇到這種服務態度老實說房間再好也不會想再度光臨
A	明明網路訂房憑證可以現場退一千元/到了櫃檯人員卻說網路訂房無補助/現場訂房才有補助/沒聽過住宿有人在現場訂的/真的是權益詐欺/不推不推
B	價格便宜/房間乾淨/早餐ok/車停新莊國中/車高過高要停河提停車場/服務親切/房間小了點/廁所玻璃門無鎖/隔音差較差/
B	如果/一定要給/我會給五顆星/但只針對早餐的部分/菜色豐富/比我去台南高雄的大飯店吃的好多了
B	1/頂樓有供早餐/明亮視野不錯/粥/幾個熟食菜/2/乾淨/3/住了幾次套房/廁所是玻璃門/雖然有貼霧面/但不鏽鋼窗框的折射感覺還是可以讓外面看到裡面/朋友行比較尷尬/4/這個價位這種裝潢覺得還算不錯/
A	房間比較貴卻無故被換成較便宜的房型/特地要加大雙人床變成一般雙人床/而且停車場要走5/10分鐘好遠/感覺很差/
B	乾淨/舒適/雖然大樓外觀老舊/但是內部翻新/房間小不建議有大行李/隔音不是很好/但是/不常有雜音/適合商務情侶者
A	床套清洗有點不完全躺沒多久身體癢癢的/希望貴店多倡導床罩枕頭套及棉被的清潔/
A	我朋友從大陸來/他們間外地來的好欺負/說地上有瓜子殼/要收/500的清潔費/沒照片也沒證據/不給/500就不給房卡/我覺得這種不是長期經營的心態/丟台灣人的臉/就是傳說中最美麗的風景了
B	以休息的旅館來說/價格品質不差/團購網沒有比較便宜/建議直接到現場詢價就好/地點還算方便/距離新莊老街夜市走路約5到10分鐘/唯一缺點就是特約停車場距離旅館稍遠/走路需要10分鐘/
B	鄰新莊廟口菜市場/商圈/優質商旅/來北部出差可參考/
B	整體裝潢設計很舒適睡的很放鬆沒有壓迫感的空間很棒
A	服務態度超級差/餐廳公設也沒標明/可以用/但是沒燈沒冷氣/照片全是參考用/也沒多便宜/每個櫃臺像是公務員/一點都沒有服務業的精神/差/差/差
B	房間乾淨/還有附早餐/停車方便只不過停車場到旅館有一段距離
A	房間有很重的霉味/蚊子很多/一整晚都再打蚊子/房間清潔待加強/冷氣不冷/很糟糕的體驗
B	早餐好吃/餐廳服務人員親切/很棒/早上退房櫃檯小姐口氣不悅/電話提醒退房時間/態度讓人不舒服/
A	7/6下午2點接近進去該旅館/一個櫃檯最裡面的女店員態度很差/可以不要人家問問題就說你到底在說什麼嗎/客人問問題不是應該要回答嗎/還擺臭臉/這就是服務業該有的態度嗎/
A	櫃檯臉有夠臭好像欠他幾百萬一樣/2/小時620根本吸血鬼/每次都是新貴派不能換一個嗎
A	入住三人房/房間雖乾淨/但空間超小/有些許壓迫感/浴室也沒有讓人放鬆泡澡的浴缸很失望/所以感到價格頗貴
B	台灣叫小姐服務/外送台北住家旅館line/4p36d/生客優惠500到2000/第一次約送一張半價優惠卷/熟客約兩次免費送一小時/vip客人可免費參加姊妹趴/不出酒水/門票費用/多多驚喜等你來挑戰/line/4p36d/line/4p36d/line/4p36d/line/4p36d/line/4p36d/line/4p36d/line/4p36d/line/4p36d
B	房間隔音差/浴巾有點黏黏的/除此之外都還可以/待客不錯/對想簡單休閒的旅客是個不錯的選擇
B	舒適的以白底淺色系為主的佈置主題/讓人們休息時能有清爽輕鬆的感覺
B	我住3人房/房間整潔度90分/櫃台服務90分/早餐80分/地點90分/整體cp值高/
B	只是過夜1700這個價格並不貴/畢竟離捷運站跟夜市非常近/房間整體來說都不錯/乾淨且舒適/早餐也不錯吃
B	乾淨舒適/而且床超好睡的/裝潢很美/有星級酒店的感覺/櫃檯小姐很有禮貌/滿意到不行/
B	經濟實惠附早餐/整體算乾淨整潔/電視有免費電影很加分/浴室熱水超熱/但機車不好停車
A	房內乾淨/但房間小隔音差/衛浴室無置物架較不方便
A	打電話問有沒有停車場人員說有/到了才說要停公有停車場/那我先問你幹嘛/
B	房間乾淨整潔/睡眠舒服品質不錯/
A	服務態度極差/櫃檯臉很臭/櫃檯糖果有夠像感冒糖漿臭死了/啊床墊又很不乾淨
A	詢問時中午十二時退房的/卻九點半就急著趕人/反應了/還說我們寫時間退房什麼的/還不耐煩的臉
A	要冷氣沒冷氣/要水沒水/要服務沒服務/要態度沒態度/半顆星都嫌多/停車也是問題
A	不知道為何一大床是用兩小床並的/房間常常客滿很難訂/早餐還可以/停車場有點距離
A	沒有窗戶/房間有潮濕的霉味/感覺小氣/更換乾淨的浴巾需要多付錢
B	過年除夕去住宿/飯店人員很親切/環境非常乾淨/房間讓我非常驚艷/非常的大/浴室也超大/床也超大/我的小孩還很開心的在床上滾來滾去/可惜早上爬不起來沒吃到早餐/覺的cp值超高/而且價格便宜/下次會再來/
B	服務人員都非常友善/親切/態度非常好/房間乾淨整齊又舒服/浴室沒有浴缸/但整體感覺不錯
B	來過幾次/環境舒適/床好躺/衛浴功能完善
A	昨天去休息不小心把兩個玉的鑰匙圈掉在房間/結果打去請櫃檯留下/今天卻說打掃人員沒看到/
B	風景好/價格親民/位於捷運站附近/旅館工作人員服務態度親切/而且早餐吃到飽哦/
B	CP值高/房價非常便宜/櫃台服務人員超級親切/房間整齊乾淨舒適/超推/
A	我等等就打算入住/問個房價而已/卻被認為只是問問/回答完連拜拜都沒說/也不等人把話說完就啪的一聲掛電話/別這麼看人沒有行不/
A	未盡到告知義務/為特約停車場/且需現場候位/當初打電話詢問說有停車位/卻要排很久/就像等百貨公司停車場一樣/
B	房間乾淨舒適/浴室OK/早餐簡單好吃/服務人員親切
B	乾淨/而且整體來說價格很符合內部擺設
A	櫃檯服務人員差/臉很臭/隔音差/床墊有污漬/頭髮/燈光不佳很暗
A	房間有點暗/還算乾淨/但有煙味較重/早餐算不錯/
A	電話裡沒說逾時一分鐘10元/下來櫃檯突然說要收錢/又爛又貴大家千萬不要來一定後悔
A	房間有菸味且化學香水味太重/而且房價兩千多無窗/
A	這麼多年的旅館了/今天的服務人員態度不佳/打電話詢問就很不耐煩/
B	房間佈置很清爽櫃台工作人員很親切/主要是衛生不錯/歡迎值得一來
A	櫃台的服務真的很差勁/微笑是最基本的服務態度吧/再也不想去了/
A	很糟糕/發生狀況/卻跟訂房網站互踢皮球/所有的責任/由顧客承受/解決的方式很多種/貴旅館卻選擇最糟糕的/對你們來說顧客的感受不是最重要的/錢才是最重要的
B	乾淨/價格不貴/供早餐/距離輔大一站/很適合探望小孩住宿
B	便宜舒適的好選擇/交通也方便/鄰近捷運新莊站二號出口/一旁還有新莊老街可以晃晃/買個鹹光餅/媽祖廟拜拜祈福
A	價格不貴/離捷運近/但是房間霉味重/隔音不是很好/停車場也遠/
A	隔音非常差/晚上聽到隔壁說話/一早就被外面的陸客吵起/還有人亂按電鈴/沒辦法好好休息
A	電視台數少太多/比上次住的好ㄧ些/上次被安排到身障房/
B	經濟實惠附早餐/整體算乾淨整潔/電視有免費電影很加分/浴室熱水超熱/但機車不好停車
A	門口是蠻大的路/而且是紅線/臨停不是很方便/且房務人員幫我們通馬桶的時候沒有用其他容器接通馬桶工具所滴下的水/就任由馬桶水一路從浴室滴到門口/而且都是地毯/感覺不是很好/早餐在頂樓/還有戶外區/選擇多樣/好吃/可以一早就看見不錯的藍天邊吃早餐/心情很愉悅/
A	房間算小間有裝潢/比較簡單/不會/感覺很髒/可以泡澡但是不是按摩浴缸喔/比一般的/旅館來說是有一點點小但是裝潢來講算是還ok囉/小了一點點價錢可以在便宜一點
A	房內乾淨/但房間小隔音差/衛浴室無置物架較不方便
B	CP值高/房價非常便宜/櫃台服務人員超級親切/房間整齊乾淨舒適/超推/
B	乾淨簡約風/早餐很不錯/停車稍遠一點點
B	服務佳
B	這邊的人員服務都很親切/主廚換人/早餐口味變化/很不錯吃
A	一路從門口到房間都是濃郁的芳香劑味/
A	房間的桌子發現很多垃圾/桌子黏黏的/吹風機無法使用/整體感覺不佳
B	只有兩個店面寬/進去以後才發現/很深/離捷運站近/地點方便/服務人員也親切
B	完善制度/獨家售後服務/只有用心讓您舒服MM屬性Line/Wachat/hao922557
B	飯店整體不錯/餐廳乾淨整齊/唯停車場距離遠
A	電視台數少太多/比上次住的好ㄧ些/上次被安排到身障房/
B	麻崔隨小/五臟俱全/乾淨舒適/近捷運站/提供商務人士安穩的休息地方/缺點是隔壁房半夜進出影響睡眠/除此之外都很棒
B	乾淨簡約風/早餐很不錯/停車稍遠一點點
B	乾淨舒適/床好睡/早餐還不錯/
B	建築較為老舊/偶爾會有煙味殘留/櫃檯服務親切/價位便宜
A	有提早訂/確給了我們一間超小的角間房間/房間裡面都很難移動
A	近捷運方便/但房間地板不是很乾淨/窗簾破舊/早餐很普通
A	窗戶連窗簾都沒有/隔壁棟都能直接看到房客/這是旅館/不是動物園/
A	房間煙味超重/快吐了/早餐很少
B	房間乾淨/早餐還不錯/就是停車不方便
B	房間很小/不過地點很方便/5分鐘內就有捷運站/
A	停車未提醒使用悠遊卡進場無法折扣/停車費得全部自行吸收
B	價格經濟/商務1780/環境ok/就差沒窗戶/特約停車場遠了點
B	休息/560/3hrs/機車停新莊夜市裡面/房間裝潢乾淨舒適/還不錯
B	乾淨/舒適/床很好睡
A	服務可以早餐不用餐券房間不大
A	已經失去老街的感覺/娃娃機店佔了一半
B	價錢便宜/房間乾淨/裝潢還不錯/離捷運站近/
B	有特約停車場/離捷運站也近/房間雖不大但我喜歡
A	一路從門口到房間都是濃郁的芳香劑味/
B	住宿衛生乾淨/停車場要走一段路有點可惜
B	服務非常周到/平民價位/星級服務/值得一住
B	服務不錯/價格合理/停車在隔壁學校地下停車場
B	服務很好/住宿品質高
B	冰冰外送茶賴ID/s098114/讓你在身心疲憊的時候/可以隨時約到妹妹/來安撫工作上/家庭上/帶給你的壓力
A	整房間菸味/向櫃臺反應確無法改善/
B	服務親切/不過房型的空間/很有差
B	Line/xd972/寂寞寂寞就找小姐陪愛/主頁正妹裸照/影片選妃/應有盡有/論壇/www/exo5205/com
B	乾淨/交通方便/有豐富早餐及洗衣服務
B	想要休息時/是個好地方/適合旅人/
B	很舒服/很乾淨/櫃台小姐也很有禮貌
B	有家的感覺/舒適度調整/好睡覺/歐溪啦/
B	櫃檯親切有禮/地點便利/乾淨舒適/物超所值
A	不好/外面寫1280收費住宿1780
B	服務人員都很親切/早餐好吃
A	麻雀雖小五臟俱全/還OK
B	價格實在/就是停車不方便/衛生整潔
A	特約停車場太遠/又在單行道內/很不方便/
B	還不錯/唯停車稍遠/
B	環境乾淨/房間會有點菸味
A	小沙發等清潔覺得不是太好/
B	房間滿乾淨的/價錢也合理
A	電話客服口氣很差/我欠你們的嗎/拿錢給你們賺還要看你們臉色啊
B	乾淨/隔音還OK/服務親切/
B	服務很好/房間乾淨/還不錯的選擇
B	經濟/實惠/早餐還不錯/
A	冷氣涼爽/設定在23度/這樣就對了
B	還不錯/房間質感還行
A	離捷運站近/價格算中上/
B	該是中上等級的旅館/就這樣
B	房間乾淨典雅舒適
B	房間很乾淨隔音也很好
B	餐點/房價/房間cp值好
B	清爽潔淨/附加豐盛早餐/商旅推薦
B	環境整潔乾淨/價位親民
A	乾淨/新莊捷運站口/步行3分/很近
A	服務/早餐不錯/價格假日太高
B	唯一美中不足/就是停車太遠
A	服務人員態度很差/櫃台的
B	整體環境來說還可以
B	經濟實惠/頂樓吸煙區/
B	房間品質好/服務不錯/
B	乾淨/免費停車/附早餐/價格合理/
B	停車不方便喔/
A	休息的話/加時的費用還是過高
A	朋友住後覺得不錯
B	馬桶有頭髮/窗戶外沒景色
B	乾淨舒適/值得入住
B	乾淨便宜/偷情好地方/隱密
B	開車有特約停車場
A	休息房間有煙味/
B	環境不錯/早餐好
B	經濟又時尚/簡約大方的好商旅
B	隔音有點差之外都不錯
B	乾淨舒服/人員有禮貌
B	交通方便/居住環境舒適
B	外約兼職正妹/請加/S0938973
A	煙味很重/停車不便/
A	因為我是在旁邊上班/跟商旅無關/
B	環境清潔/服務態度嘉
B	房間乾淨/近廟口夜市
B	一夜情/line/w78956/買二送二
A	煙味/霉味滿濃的
B	服務品質很好
B	服務佳
A	很舒適早餐很豐盛
B	消費體驗極佳
A	還可以/沒地方的選擇
B	近新埔市場跟新埔捷運出口
B	近新莊捷運站/乾淨舒適/
B	舒服/隔音較不佳
B	乾淨舒適隔音不錯
B	新莊常停水/常來這裡梳洗
B	住宿舒適/價錢平價
B	服務人員服務不錯
B	離輔大很近/還算可以
B	睡覺的好地方
B	停車場太遠/
B	商務旅館該有的都有/
B	乾淨/食物普通
B	好旅社乾淨
B	服務親切/美味餐點
A	服務態度沒有很好/
A	還不錯的飯店
B	服務人員很親切
A	早餐不錯吃
A	櫃台服務極差
A	遇到單身女子/自行進入
B	乾淨又舒適
B	服務很棒的旅館
A	地方與費用不成正比
A	睡覺休息的地方
B	很強手的飯店/
B	便宜又乾淨
B	方便又舒適
A	隔音差/缺衣櫥
B	乾淨又便宜
B	乾淨方便划算
B	還不錯吧
A	不錯
B	頂樓有奶茶
B	舒適
B	請問價位怎麼算
B	看起來素素
B	方便/舒適
A	離捷運站近
A	菸味超級重
B	必推商務旅館
A	離捷運站近
A	簡單明亮
B	還不錯
A	停車場遠
B	讚
B	乾淨整潔
B	離捷運近
B	乾淨整潔
B	服務不錯
B	不錯
B	簡單乾淨
B	乾淨平價
B	乾淨便宜
A	有煙味
B	還不錯
B	地點方便
B	靜謐
B	不錯的旅館
A	停車困難
B	舒適
B	舒適
B	地點好
B	時尚/舒適
B	平價優質
B	很乾靜
A	不錯的商旅
B	睡覺
B	不錯
B	超豪華
B	乾淨
B	服務親切
B	便宜舒適
A	乾淨也安靜
B	旅館
B	飯
B	該地區最好的酒店/乾淨而現代/房間有以太網插孔/用於互聯網和/wifi/速度又快又穩定/這對於/WFH/15/天來說是一個很大的優勢/沒有問題/工作人員非常友善和友好/酒店餐很棒沒有15/天的同一道菜非常滿意/位置很方便/靠近主要的輕軌/強烈推薦/
A	我過著生活/但現在我是一個僕人/彭姐的態度/超強的差異/完全不道德的搬遷/我住了很多次/但是今天回應的前台服務人員的態度太糟糕了/所以我不想再住了/
B	房間乾淨整潔/與台灣其他地方一樣/辦理入住手續快捷高效/早餐味道很好/有足夠的選擇開始新的一天/我這裡第一次吃了龍眼茶/太棒了/你應該試一試/
B	乾淨的房間/走廊裡有些香煙煙霧/有時可以聽到夫妻發出的聲音/漂亮的早餐區和免費洗衣機/地理位置優越/毗鄰地鐵站/即使是長期住宿也要堅挺的價格/嚴格的退房時間/或者他們會很好/
B	緊湊的大小房間/乾淨的浴室餐廳位於屋頂/您可以一邊享用早餐/一邊欣賞美景/一邊享受清新的空氣/工作人員非常樂於助人和禮貌/
B	整體還不錯/員工很有禮貌/還有免費洗衣機乾衣機服務/可惜沒有衣櫃/只有吊架掛衣服/衣物稍為太重就可能不行啊/
A	這家酒店非常有前途/因為管理層隸屬於Forward/Group/但是/酒店需要在以下方面進行重大改進/1/酒店設施/酒店很老而且很臭/房間不是隔音的/因此您可以聽到外面的所有聲音/窗戶壞了/這就是為什麼大蚊子也佔據了我們房間的一些空間的原因/即使是他們晚上的廚房/氣味也很可笑/我想知道他們是如何準備早餐的食物的/這實際上是一家汽車旅館/2/早餐/並不是很好的早餐/3/位置/可能在地鐵站附近/但是離便利店超級遠/如果您的步伐緩慢/則需要步行30分鐘或一個小時/4/接待/安排一個會說甚至會說一點英語的人/否則/請注意/該酒店僅適用於中文或台灣人/總的來說/這個地方與台北的一切都相去甚遠/甚至不建議預算有限的旅行者/以他們的價格/您可以得到更清潔且更靠近市中心的地方/
A	有點失敗/也許我是一個傻瓜/但我實際上希望在床上找到蠟燭和鮮花/如圖所示/窗戶打開到混凝土牆上/Wi/Fi不起作用/牆壁上的小裂縫/牆壁與地板接觸處的磨損/空氣清新劑臭/看起來這個地方可能正經歷艱難時期/在台北找到類似價位的酒店/舒適度極高/
A	它被設置為更像預算品牌的東西/例如旅行旅館/制動器是獅子的選擇/因此質量受到影響/房間往往陰沉/地毯很深/氣味很潮濕/浴室設計是用戶不友好的/淋浴屏無法阻止水通過底部的間隙/因為它不是橡膠運行帶/馬桶座或碗太小或太大/洗碗是圓形的/看起來不合適/
B	當商務旅行到台灣時/大部分住在這裡/房間很乾淨/特別是屋頂餐廳很舒適/吃早餐時感覺很放鬆/
A	房間很漂亮/但它很窄/早餐很美味/如果我只是去睡覺/我很有成就感/
B	步行3分鐘即可到達新莊地鐵站/Hotel/Purity酒店是一家小而舒適的酒店/房間乾淨舒適/
A	房間聞起來不對/因為沒有窗戶/胖接待員非常不靈活/清潔服務非常差/
B	第一次自己到台灣旅遊/由當地友人介紹/本來只想説離捷運站很近/沒想到服務及房間都很好/
B	小酒店但在一邊非常乾淨/近夜市場和捷運/很好/
B	我在這裡住了2天/非常乾淨又漂亮的地方/
A	我不能去前台的接待台態度/
B	乾淨友好的工作人員早餐很棒/
A	網站與現實之間的感覺不同/CP低/
A	糟糕的服務/失望/
B	精緻小巧/符合我的習慣/
B	可以/交通方便/
B	男人的天堂line/game882/
A	隔音效果差/
A	精細/
B	隔音稍差/
B	這樣還可以/
A	隔音差/
B	隔音不好/
A	CP算可以/
B	好又便宜/
A	便宜/方便/
B	行/
A	便宜/
B	好的/
B	方便/
A	一般/
B	來上班/
B	魴魚/
A	可以/
B	Cp值/
B	乾淨的地方/
A	普通旅店/
B	棒棒的/
A	一般般/
A	一般般/
